edition,version,valid_from,stock_type,building_type,design_category,breakout_room,fire_sprinklers,ooa,gst,amount
2026-27,1.0,2026-07-01,New build (post-2023),"Apartment, 1 bedroom, 1 resident",Improved Liveability,No,No,No,"Not paid, or paid and credits claimed",81414
2026-27,1.0,2026-07-01,New build (post-2023),"Apartment, 1 bedroom, 1 resident",Improved Liveability,No,No,No,"Paid, credits not claimed",87469
2026-27,1.0,2026-07-01,New build (post-2023),"Apartment, 1 bedroom, 1 resident",Improved Liveability,No,No,Yes,"Not paid, or paid and credits claimed",94983
2026-27,1.0,2026-07-01,New build (post-2023),"Apartment, 1 bedroom, 1 resident",Improved Liveability,No,No,Yes,"Paid, credits not claimed",102048
2026-27,1.0,2026-07-01,New build (post-2023),"Apartment, 1 bedroom, 1 resident",Improved Liveability,No,Yes,No,"Not paid, or paid and credits claimed",83059
2026-27,1.0,2026-07-01,New build (post-2023),"Apartment, 1 bedroom, 1 resident",Improved Liveability,No,Yes,No,"Paid, credits not claimed",89177
2026-27,1.0,2026-07-01,New build (post-2023),"Apartment, 1 bedroom, 1 resident",Improved Liveability,No,Yes,Yes,"Not paid, or paid and credits claimed",96901
2026-27,1.0,2026-07-01,New build (post-2023),"Apartment, 1 bedroom, 1 resident",Improved Liveability,No,Yes,Yes,"Paid, credits not claimed",104039
2026-27,1.0,2026-07-01,New build (post-2023),"Apartment, 1 bedroom, 1 resident",Fully Accessible,No,No,No,"Not paid, or paid and credits claimed",83954
2026-27,1.0,2026-07-01,New build (post-2023),"Apartment, 1 bedroom, 1 resident",Fully Accessible,No,No,No,"Paid, credits not claimed",90255
2026-27,1.0,2026-07-01,New build (post-2023),"Apartment, 1 bedroom, 1 resident",Fully Accessible,No,No,Yes,"Not paid, or paid and credits claimed",97523
2026-27,1.0,2026-07-01,New build (post-2023),"Apartment, 1 bedroom, 1 resident",Fully Accessible,No,No,Yes,"Paid, credits not claimed",104833
2026-27,1.0,2026-07-01,New build (post-2023),"Apartment, 1 bedroom, 1 resident",Fully Accessible,No,Yes,No,"Not paid, or paid and credits claimed",85617
2026-27,1.0,2026-07-01,New build (post-2023),"Apartment, 1 bedroom, 1 resident",Fully Accessible,No,Yes,No,"Paid, credits not claimed",91986
2026-27,1.0,2026-07-01,New build (post-2023),"Apartment, 1 bedroom, 1 resident",Fully Accessible,No,Yes,Yes,"Not paid, or paid and credits claimed",99461
2026-27,1.0,2026-07-01,New build (post-2023),"Apartment, 1 bedroom, 1 resident",Fully Accessible,No,Yes,Yes,"Paid, credits not claimed",106849
2026-27,1.0,2026-07-01,New build (post-2023),"Apartment, 1 bedroom, 1 resident",High Physical Support,No,No,No,"Not paid, or paid and credits claimed",91248
2026-27,1.0,2026-07-01,New build (post-2023),"Apartment, 1 bedroom, 1 resident",High Physical Support,No,No,No,"Paid, credits not claimed",98278
2026-27,1.0,2026-07-01,New build (post-2023),"Apartment, 1 bedroom, 1 resident",High Physical Support,No,No,Yes,"Not paid, or paid and credits claimed",104817
2026-27,1.0,2026-07-01,New build (post-2023),"Apartment, 1 bedroom, 1 resident",High Physical Support,No,No,Yes,"Paid, credits not claimed",112856
2026-27,1.0,2026-07-01,New build (post-2023),"Apartment, 1 bedroom, 1 resident",High Physical Support,No,Yes,No,"Not paid, or paid and credits claimed",92928
2026-27,1.0,2026-07-01,New build (post-2023),"Apartment, 1 bedroom, 1 resident",High Physical Support,No,Yes,No,"Paid, credits not claimed",100028
2026-27,1.0,2026-07-01,New build (post-2023),"Apartment, 1 bedroom, 1 resident",High Physical Support,No,Yes,Yes,"Not paid, or paid and credits claimed",106770
2026-27,1.0,2026-07-01,New build (post-2023),"Apartment, 1 bedroom, 1 resident",High Physical Support,No,Yes,Yes,"Paid, credits not claimed",114891
2026-27,1.0,2026-07-01,New build (post-2023),"Apartment, 2 bedrooms, 1 resident",Improved Liveability,No,No,No,"Not paid, or paid and credits claimed",85732
2026-27,1.0,2026-07-01,New build (post-2023),"Apartment, 2 bedrooms, 1 resident",Improved Liveability,No,No,No,"Paid, credits not claimed",92162
2026-27,1.0,2026-07-01,New build (post-2023),"Apartment, 2 bedrooms, 1 resident",Improved Liveability,No,No,Yes,"Not paid, or paid and credits claimed",99302
2026-27,1.0,2026-07-01,New build (post-2023),"Apartment, 2 bedrooms, 1 resident",Improved Liveability,No,No,Yes,"Paid, credits not claimed",106741
2026-27,1.0,2026-07-01,New build (post-2023),"Apartment, 2 bedrooms, 1 resident",Improved Liveability,No,Yes,No,"Not paid, or paid and credits claimed",87584
2026-27,1.0,2026-07-01,New build (post-2023),"Apartment, 2 bedrooms, 1 resident",Improved Liveability,No,Yes,No,"Paid, credits not claimed",94100
2026-27,1.0,2026-07-01,New build (post-2023),"Apartment, 2 bedrooms, 1 resident",Improved Liveability,No,Yes,Yes,"Not paid, or paid and credits claimed",101429
2026-27,1.0,2026-07-01,New build (post-2023),"Apartment, 2 bedrooms, 1 resident",Improved Liveability,No,Yes,Yes,"Paid, credits not claimed",108964
2026-27,1.0,2026-07-01,New build (post-2023),"Apartment, 2 bedrooms, 1 resident",Fully Accessible,No,No,No,"Not paid, or paid and credits claimed",87618
2026-27,1.0,2026-07-01,New build (post-2023),"Apartment, 2 bedrooms, 1 resident",Fully Accessible,No,No,No,"Paid, credits not claimed",94225
2026-27,1.0,2026-07-01,New build (post-2023),"Apartment, 2 bedrooms, 1 resident",Fully Accessible,No,No,Yes,"Not paid, or paid and credits claimed",101187
2026-27,1.0,2026-07-01,New build (post-2023),"Apartment, 2 bedrooms, 1 resident",Fully Accessible,No,No,Yes,"Paid, credits not claimed",108803
2026-27,1.0,2026-07-01,New build (post-2023),"Apartment, 2 bedrooms, 1 resident",Fully Accessible,No,Yes,No,"Not paid, or paid and credits claimed",89511
2026-27,1.0,2026-07-01,New build (post-2023),"Apartment, 2 bedrooms, 1 resident",Fully Accessible,No,Yes,No,"Paid, credits not claimed",96209
2026-27,1.0,2026-07-01,New build (post-2023),"Apartment, 2 bedrooms, 1 resident",Fully Accessible,No,Yes,Yes,"Not paid, or paid and credits claimed",103354
2026-27,1.0,2026-07-01,New build (post-2023),"Apartment, 2 bedrooms, 1 resident",Fully Accessible,No,Yes,Yes,"Paid, credits not claimed",111072
2026-27,1.0,2026-07-01,New build (post-2023),"Apartment, 2 bedrooms, 1 resident",High Physical Support,No,No,No,"Not paid, or paid and credits claimed",95163
2026-27,1.0,2026-07-01,New build (post-2023),"Apartment, 2 bedrooms, 1 resident",High Physical Support,No,No,No,"Paid, credits not claimed",102525
2026-27,1.0,2026-07-01,New build (post-2023),"Apartment, 2 bedrooms, 1 resident",High Physical Support,No,No,Yes,"Not paid, or paid and credits claimed",108733
2026-27,1.0,2026-07-01,New build (post-2023),"Apartment, 2 bedrooms, 1 resident",High Physical Support,No,No,Yes,"Paid, credits not claimed",117103
2026-27,1.0,2026-07-01,New build (post-2023),"Apartment, 2 bedrooms, 1 resident",High Physical Support,No,Yes,No,"Not paid, or paid and credits claimed",97078
2026-27,1.0,2026-07-01,New build (post-2023),"Apartment, 2 bedrooms, 1 resident",High Physical Support,No,Yes,No,"Paid, credits not claimed",104533
2026-27,1.0,2026-07-01,New build (post-2023),"Apartment, 2 bedrooms, 1 resident",High Physical Support,No,Yes,Yes,"Not paid, or paid and credits claimed",110922
2026-27,1.0,2026-07-01,New build (post-2023),"Apartment, 2 bedrooms, 1 resident",High Physical Support,No,Yes,Yes,"Paid, credits not claimed",119396
2026-27,1.0,2026-07-01,New build (post-2023),"Apartment, 2 bedrooms, 2 residents",Improved Liveability,No,No,No,"Not paid, or paid and credits claimed",36768
2026-27,1.0,2026-07-01,New build (post-2023),"Apartment, 2 bedrooms, 2 residents",Improved Liveability,No,No,No,"Paid, credits not claimed",39992
2026-27,1.0,2026-07-01,New build (post-2023),"Apartment, 2 bedrooms, 2 residents",Improved Liveability,No,No,Yes,"Not paid, or paid and credits claimed",43552
2026-27,1.0,2026-07-01,New build (post-2023),"Apartment, 2 bedrooms, 2 residents",Improved Liveability,No,No,Yes,"Paid, credits not claimed",47281
2026-27,1.0,2026-07-01,New build (post-2023),"Apartment, 2 bedrooms, 2 residents",Improved Liveability,No,Yes,No,"Not paid, or paid and credits claimed",37704
2026-27,1.0,2026-07-01,New build (post-2023),"Apartment, 2 bedrooms, 2 residents",Improved Liveability,No,Yes,No,"Paid, credits not claimed",40973
2026-27,1.0,2026-07-01,New build (post-2023),"Apartment, 2 bedrooms, 2 residents",Improved Liveability,No,Yes,Yes,"Not paid, or paid and credits claimed",44625
2026-27,1.0,2026-07-01,New build (post-2023),"Apartment, 2 bedrooms, 2 residents",Improved Liveability,No,Yes,Yes,"Paid, credits not claimed",48405
2026-27,1.0,2026-07-01,New build (post-2023),"Apartment, 2 bedrooms, 2 residents",Fully Accessible,No,No,No,"Not paid, or paid and credits claimed",37663
2026-27,1.0,2026-07-01,New build (post-2023),"Apartment, 2 bedrooms, 2 residents",Fully Accessible,No,No,No,"Paid, credits not claimed",40971
2026-27,1.0,2026-07-01,New build (post-2023),"Apartment, 2 bedrooms, 2 residents",Fully Accessible,No,No,Yes,"Not paid, or paid and credits claimed",44448
2026-27,1.0,2026-07-01,New build (post-2023),"Apartment, 2 bedrooms, 2 residents",Fully Accessible,No,No,Yes,"Paid, credits not claimed",48260
2026-27,1.0,2026-07-01,New build (post-2023),"Apartment, 2 bedrooms, 2 residents",Fully Accessible,No,Yes,No,"Not paid, or paid and credits claimed",38625
2026-27,1.0,2026-07-01,New build (post-2023),"Apartment, 2 bedrooms, 2 residents",Fully Accessible,No,Yes,No,"Paid, credits not claimed",41981
2026-27,1.0,2026-07-01,New build (post-2023),"Apartment, 2 bedrooms, 2 residents",Fully Accessible,No,Yes,Yes,"Not paid, or paid and credits claimed",45547
2026-27,1.0,2026-07-01,New build (post-2023),"Apartment, 2 bedrooms, 2 residents",Fully Accessible,No,Yes,Yes,"Paid, credits not claimed",49412
2026-27,1.0,2026-07-01,New build (post-2023),"Apartment, 2 bedrooms, 2 residents",High Physical Support,No,No,No,"Not paid, or paid and credits claimed",41478
2026-27,1.0,2026-07-01,New build (post-2023),"Apartment, 2 bedrooms, 2 residents",High Physical Support,No,No,No,"Paid, credits not claimed",45167
2026-27,1.0,2026-07-01,New build (post-2023),"Apartment, 2 bedrooms, 2 residents",High Physical Support,No,No,Yes,"Not paid, or paid and credits claimed",48262
2026-27,1.0,2026-07-01,New build (post-2023),"Apartment, 2 bedrooms, 2 residents",High Physical Support,No,No,Yes,"Paid, credits not claimed",52457
2026-27,1.0,2026-07-01,New build (post-2023),"Apartment, 2 bedrooms, 2 residents",High Physical Support,No,Yes,No,"Not paid, or paid and credits claimed",42452
2026-27,1.0,2026-07-01,New build (post-2023),"Apartment, 2 bedrooms, 2 residents",High Physical Support,No,Yes,No,"Paid, credits not claimed",46190
2026-27,1.0,2026-07-01,New build (post-2023),"Apartment, 2 bedrooms, 2 residents",High Physical Support,No,Yes,Yes,"Not paid, or paid and credits claimed",49373
2026-27,1.0,2026-07-01,New build (post-2023),"Apartment, 2 bedrooms, 2 residents",High Physical Support,No,Yes,Yes,"Paid, credits not claimed",53621
2026-27,1.0,2026-07-01,New build (post-2023),"Apartment, 3 bedrooms, 2 residents",Improved Liveability,No,No,No,"Not paid, or paid and credits claimed",45760
2026-27,1.0,2026-07-01,New build (post-2023),"Apartment, 3 bedrooms, 2 residents",Improved Liveability,No,No,No,"Paid, credits not claimed",49313
2026-27,1.0,2026-07-01,New build (post-2023),"Apartment, 3 bedrooms, 2 residents",Improved Liveability,No,No,Yes,"Not paid, or paid and credits claimed",52545
2026-27,1.0,2026-07-01,New build (post-2023),"Apartment, 3 bedrooms, 2 residents",Improved Liveability,No,No,Yes,"Paid, credits not claimed",56601
2026-27,1.0,2026-07-01,New build (post-2023),"Apartment, 3 bedrooms, 2 residents",Improved Liveability,No,Yes,No,"Not paid, or paid and credits claimed",46874
2026-27,1.0,2026-07-01,New build (post-2023),"Apartment, 3 bedrooms, 2 residents",Improved Liveability,No,Yes,No,"Paid, credits not claimed",50487
2026-27,1.0,2026-07-01,New build (post-2023),"Apartment, 3 bedrooms, 2 residents",Improved Liveability,No,Yes,Yes,"Not paid, or paid and credits claimed",53795
2026-27,1.0,2026-07-01,New build (post-2023),"Apartment, 3 bedrooms, 2 residents",Improved Liveability,No,Yes,Yes,"Paid, credits not claimed",57919
2026-27,1.0,2026-07-01,New build (post-2023),"Apartment, 3 bedrooms, 2 residents",Fully Accessible,No,No,No,"Not paid, or paid and credits claimed",47070
2026-27,1.0,2026-07-01,New build (post-2023),"Apartment, 3 bedrooms, 2 residents",Fully Accessible,No,No,No,"Paid, credits not claimed",50749
2026-27,1.0,2026-07-01,New build (post-2023),"Apartment, 3 bedrooms, 2 residents",Fully Accessible,No,No,Yes,"Not paid, or paid and credits claimed",53854
2026-27,1.0,2026-07-01,New build (post-2023),"Apartment, 3 bedrooms, 2 residents",Fully Accessible,No,No,Yes,"Paid, credits not claimed",58038
2026-27,1.0,2026-07-01,New build (post-2023),"Apartment, 3 bedrooms, 2 residents",Fully Accessible,No,Yes,No,"Not paid, or paid and credits claimed",48194
2026-27,1.0,2026-07-01,New build (post-2023),"Apartment, 3 bedrooms, 2 residents",Fully Accessible,No,Yes,No,"Paid, credits not claimed",51937
2026-27,1.0,2026-07-01,New build (post-2023),"Apartment, 3 bedrooms, 2 residents",Fully Accessible,No,Yes,Yes,"Not paid, or paid and credits claimed",55115
2026-27,1.0,2026-07-01,New build (post-2023),"Apartment, 3 bedrooms, 2 residents",Fully Accessible,No,Yes,Yes,"Paid, credits not claimed",59368
2026-27,1.0,2026-07-01,New build (post-2023),"Apartment, 3 bedrooms, 2 residents",High Physical Support,No,No,No,"Not paid, or paid and credits claimed",51232
2026-27,1.0,2026-07-01,New build (post-2023),"Apartment, 3 bedrooms, 2 residents",High Physical Support,No,No,No,"Paid, credits not claimed",55329
2026-27,1.0,2026-07-01,New build (post-2023),"Apartment, 3 bedrooms, 2 residents",High Physical Support,No,No,Yes,"Not paid, or paid and credits claimed",58017
2026-27,1.0,2026-07-01,New build (post-2023),"Apartment, 3 bedrooms, 2 residents",High Physical Support,No,No,Yes,"Paid, credits not claimed",62617
2026-27,1.0,2026-07-01,New build (post-2023),"Apartment, 3 bedrooms, 2 residents",High Physical Support,No,Yes,No,"Not paid, or paid and credits claimed",52377
2026-27,1.0,2026-07-01,New build (post-2023),"Apartment, 3 bedrooms, 2 residents",High Physical Support,No,Yes,No,"Paid, credits not claimed",56538
2026-27,1.0,2026-07-01,New build (post-2023),"Apartment, 3 bedrooms, 2 residents",High Physical Support,No,Yes,Yes,"Not paid, or paid and credits claimed",59299
2026-27,1.0,2026-07-01,New build (post-2023),"Apartment, 3 bedrooms, 2 residents",High Physical Support,No,Yes,Yes,"Paid, credits not claimed",63969
2026-27,1.0,2026-07-01,New build (post-2023),"Villa/Duplex/Townhouse, 1 resident",Improved Liveability,No,No,No,"Not paid, or paid and credits claimed",58894
2026-27,1.0,2026-07-01,New build (post-2023),"Villa/Duplex/Townhouse, 1 resident",Improved Liveability,No,No,No,"Paid, credits not claimed",62161
2026-27,1.0,2026-07-01,New build (post-2023),"Villa/Duplex/Townhouse, 1 resident",Improved Liveability,No,No,Yes,"Not paid, or paid and credits claimed",61445
2026-27,1.0,2026-07-01,New build (post-2023),"Villa/Duplex/Townhouse, 1 resident",Improved Liveability,No,No,Yes,"Paid, credits not claimed",64913
2026-27,1.0,2026-07-01,New build (post-2023),"Villa/Duplex/Townhouse, 1 resident",Improved Liveability,No,Yes,No,"Not paid, or paid and credits claimed",63942
2026-27,1.0,2026-07-01,New build (post-2023),"Villa/Duplex/Townhouse, 1 resident",Improved Liveability,No,Yes,No,"Paid, credits not claimed",67370
2026-27,1.0,2026-07-01,New build (post-2023),"Villa/Duplex/Townhouse, 1 resident",Improved Liveability,No,Yes,Yes,"Not paid, or paid and credits claimed",66799
2026-27,1.0,2026-07-01,New build (post-2023),"Villa/Duplex/Townhouse, 1 resident",Improved Liveability,No,Yes,Yes,"Paid, credits not claimed",70456
2026-27,1.0,2026-07-01,New build (post-2023),"Villa/Duplex/Townhouse, 1 resident",Fully Accessible,No,No,No,"Not paid, or paid and credits claimed",61708
2026-27,1.0,2026-07-01,New build (post-2023),"Villa/Duplex/Townhouse, 1 resident",Fully Accessible,No,No,No,"Paid, credits not claimed",65256
2026-27,1.0,2026-07-01,New build (post-2023),"Villa/Duplex/Townhouse, 1 resident",Fully Accessible,No,No,Yes,"Not paid, or paid and credits claimed",64432
2026-27,1.0,2026-07-01,New build (post-2023),"Villa/Duplex/Townhouse, 1 resident",Fully Accessible,No,No,Yes,"Paid, credits not claimed",68197
2026-27,1.0,2026-07-01,New build (post-2023),"Villa/Duplex/Townhouse, 1 resident",Fully Accessible,No,Yes,No,"Not paid, or paid and credits claimed",66757
2026-27,1.0,2026-07-01,New build (post-2023),"Villa/Duplex/Townhouse, 1 resident",Fully Accessible,No,Yes,No,"Paid, credits not claimed",70465
2026-27,1.0,2026-07-01,New build (post-2023),"Villa/Duplex/Townhouse, 1 resident",Fully Accessible,No,Yes,Yes,"Not paid, or paid and credits claimed",69785
2026-27,1.0,2026-07-01,New build (post-2023),"Villa/Duplex/Townhouse, 1 resident",Fully Accessible,No,Yes,Yes,"Paid, credits not claimed",73740
2026-27,1.0,2026-07-01,New build (post-2023),"Villa/Duplex/Townhouse, 1 resident",Robust,No,No,No,"Not paid, or paid and credits claimed",62992
2026-27,1.0,2026-07-01,New build (post-2023),"Villa/Duplex/Townhouse, 1 resident",Robust,No,No,No,"Paid, credits not claimed",66836
2026-27,1.0,2026-07-01,New build (post-2023),"Villa/Duplex/Townhouse, 1 resident",Robust,No,No,Yes,"Not paid, or paid and credits claimed",67712
2026-27,1.0,2026-07-01,New build (post-2023),"Villa/Duplex/Townhouse, 1 resident",Robust,No,No,Yes,"Paid, credits not claimed",71983
2026-27,1.0,2026-07-01,New build (post-2023),"Villa/Duplex/Townhouse, 1 resident",Robust,No,Yes,No,"Not paid, or paid and credits claimed",68157
2026-27,1.0,2026-07-01,New build (post-2023),"Villa/Duplex/Townhouse, 1 resident",Robust,No,Yes,No,"Paid, credits not claimed",72172
2026-27,1.0,2026-07-01,New build (post-2023),"Villa/Duplex/Townhouse, 1 resident",Robust,No,Yes,Yes,"Not paid, or paid and credits claimed",73202
2026-27,1.0,2026-07-01,New build (post-2023),"Villa/Duplex/Townhouse, 1 resident",Robust,No,Yes,Yes,"Paid, credits not claimed",77678
2026-27,1.0,2026-07-01,New build (post-2023),"Villa/Duplex/Townhouse, 1 resident",High Physical Support,No,No,No,"Not paid, or paid and credits claimed",69208
2026-27,1.0,2026-07-01,New build (post-2023),"Villa/Duplex/Townhouse, 1 resident",High Physical Support,No,No,No,"Paid, credits not claimed",73507
2026-27,1.0,2026-07-01,New build (post-2023),"Villa/Duplex/Townhouse, 1 resident",High Physical Support,No,No,Yes,"Not paid, or paid and credits claimed",72392
2026-27,1.0,2026-07-01,New build (post-2023),"Villa/Duplex/Townhouse, 1 resident",High Physical Support,No,No,Yes,"Paid, credits not claimed",76953
2026-27,1.0,2026-07-01,New build (post-2023),"Villa/Duplex/Townhouse, 1 resident",High Physical Support,No,Yes,No,"Not paid, or paid and credits claimed",74335
2026-27,1.0,2026-07-01,New build (post-2023),"Villa/Duplex/Townhouse, 1 resident",High Physical Support,No,Yes,No,"Paid, credits not claimed",78800
2026-27,1.0,2026-07-01,New build (post-2023),"Villa/Duplex/Townhouse, 1 resident",High Physical Support,No,Yes,Yes,"Not paid, or paid and credits claimed",77836
2026-27,1.0,2026-07-01,New build (post-2023),"Villa/Duplex/Townhouse, 1 resident",High Physical Support,No,Yes,Yes,"Paid, credits not claimed",82597
2026-27,1.0,2026-07-01,New build (post-2023),"Villa/Duplex/Townhouse, 2 residents",Improved Liveability,No,No,No,"Not paid, or paid and credits claimed",34099
2026-27,1.0,2026-07-01,New build (post-2023),"Villa/Duplex/Townhouse, 2 residents",Improved Liveability,No,No,No,"Paid, credits not claimed",36028
2026-27,1.0,2026-07-01,New build (post-2023),"Villa/Duplex/Townhouse, 2 residents",Improved Liveability,No,No,Yes,"Not paid, or paid and credits claimed",37005
2026-27,1.0,2026-07-01,New build (post-2023),"Villa/Duplex/Townhouse, 2 residents",Improved Liveability,No,No,Yes,"Paid, credits not claimed",39185
2026-27,1.0,2026-07-01,New build (post-2023),"Villa/Duplex/Townhouse, 2 residents",Improved Liveability,No,Yes,No,"Not paid, or paid and credits claimed",36951
2026-27,1.0,2026-07-01,New build (post-2023),"Villa/Duplex/Townhouse, 2 residents",Improved Liveability,No,Yes,No,"Paid, credits not claimed",38990
2026-27,1.0,2026-07-01,New build (post-2023),"Villa/Duplex/Townhouse, 2 residents",Improved Liveability,No,Yes,Yes,"Not paid, or paid and credits claimed",40013
2026-27,1.0,2026-07-01,New build (post-2023),"Villa/Duplex/Townhouse, 2 residents",Improved Liveability,No,Yes,Yes,"Paid, credits not claimed",42317
2026-27,1.0,2026-07-01,New build (post-2023),"Villa/Duplex/Townhouse, 2 residents",Fully Accessible,No,No,No,"Not paid, or paid and credits claimed",36143
2026-27,1.0,2026-07-01,New build (post-2023),"Villa/Duplex/Townhouse, 2 residents",Fully Accessible,No,No,No,"Paid, credits not claimed",38278
2026-27,1.0,2026-07-01,New build (post-2023),"Villa/Duplex/Townhouse, 2 residents",Fully Accessible,No,No,Yes,"Not paid, or paid and credits claimed",39315
2026-27,1.0,2026-07-01,New build (post-2023),"Villa/Duplex/Townhouse, 2 residents",Fully Accessible,No,No,Yes,"Paid, credits not claimed",41727
2026-27,1.0,2026-07-01,New build (post-2023),"Villa/Duplex/Townhouse, 2 residents",Fully Accessible,No,Yes,No,"Not paid, or paid and credits claimed",38995
2026-27,1.0,2026-07-01,New build (post-2023),"Villa/Duplex/Townhouse, 2 residents",Fully Accessible,No,Yes,No,"Paid, credits not claimed",41238
2026-27,1.0,2026-07-01,New build (post-2023),"Villa/Duplex/Townhouse, 2 residents",Fully Accessible,No,Yes,Yes,"Not paid, or paid and credits claimed",42321
2026-27,1.0,2026-07-01,New build (post-2023),"Villa/Duplex/Townhouse, 2 residents",Fully Accessible,No,Yes,Yes,"Paid, credits not claimed",44858
2026-27,1.0,2026-07-01,New build (post-2023),"Villa/Duplex/Townhouse, 2 residents",Robust,No,No,No,"Not paid, or paid and credits claimed",39511
2026-27,1.0,2026-07-01,New build (post-2023),"Villa/Duplex/Townhouse, 2 residents",Robust,No,No,No,"Paid, credits not claimed",41982
2026-27,1.0,2026-07-01,New build (post-2023),"Villa/Duplex/Townhouse, 2 residents",Robust,No,No,Yes,"Not paid, or paid and credits claimed",42247
2026-27,1.0,2026-07-01,New build (post-2023),"Villa/Duplex/Townhouse, 2 residents",Robust,No,No,Yes,"Paid, credits not claimed",44951
2026-27,1.0,2026-07-01,New build (post-2023),"Villa/Duplex/Townhouse, 2 residents",Robust,No,Yes,No,"Not paid, or paid and credits claimed",42441
2026-27,1.0,2026-07-01,New build (post-2023),"Villa/Duplex/Townhouse, 2 residents",Robust,No,Yes,No,"Paid, credits not claimed",45029
2026-27,1.0,2026-07-01,New build (post-2023),"Villa/Duplex/Townhouse, 2 residents",Robust,No,Yes,Yes,"Not paid, or paid and credits claimed",45344
2026-27,1.0,2026-07-01,New build (post-2023),"Villa/Duplex/Townhouse, 2 residents",Robust,No,Yes,Yes,"Paid, credits not claimed",48182
2026-27,1.0,2026-07-01,New build (post-2023),"Villa/Duplex/Townhouse, 2 residents",Robust,Yes,No,No,"Not paid, or paid and credits claimed",41815
2026-27,1.0,2026-07-01,New build (post-2023),"Villa/Duplex/Townhouse, 2 residents",Robust,Yes,No,No,"Paid, credits not claimed",44484
2026-27,1.0,2026-07-01,New build (post-2023),"Villa/Duplex/Townhouse, 2 residents",Robust,Yes,No,Yes,"Not paid, or paid and credits claimed",44550
2026-27,1.0,2026-07-01,New build (post-2023),"Villa/Duplex/Townhouse, 2 residents",Robust,Yes,No,Yes,"Paid, credits not claimed",47453
2026-27,1.0,2026-07-01,New build (post-2023),"Villa/Duplex/Townhouse, 2 residents",Robust,Yes,Yes,No,"Not paid, or paid and credits claimed",44746
2026-27,1.0,2026-07-01,New build (post-2023),"Villa/Duplex/Townhouse, 2 residents",Robust,Yes,Yes,No,"Paid, credits not claimed",47531
2026-27,1.0,2026-07-01,New build (post-2023),"Villa/Duplex/Townhouse, 2 residents",Robust,Yes,Yes,Yes,"Not paid, or paid and credits claimed",47649
2026-27,1.0,2026-07-01,New build (post-2023),"Villa/Duplex/Townhouse, 2 residents",Robust,Yes,Yes,Yes,"Paid, credits not claimed",50684
2026-27,1.0,2026-07-01,New build (post-2023),"Villa/Duplex/Townhouse, 2 residents",High Physical Support,No,No,No,"Not paid, or paid and credits claimed",40075
2026-27,1.0,2026-07-01,New build (post-2023),"Villa/Duplex/Townhouse, 2 residents",High Physical Support,No,No,No,"Paid, credits not claimed",42603
2026-27,1.0,2026-07-01,New build (post-2023),"Villa/Duplex/Townhouse, 2 residents",High Physical Support,No,No,Yes,"Not paid, or paid and credits claimed",43758
2026-27,1.0,2026-07-01,New build (post-2023),"Villa/Duplex/Townhouse, 2 residents",High Physical Support,No,No,Yes,"Paid, credits not claimed",46613
2026-27,1.0,2026-07-01,New build (post-2023),"Villa/Duplex/Townhouse, 2 residents",High Physical Support,No,Yes,No,"Not paid, or paid and credits claimed",42979
2026-27,1.0,2026-07-01,New build (post-2023),"Villa/Duplex/Townhouse, 2 residents",High Physical Support,No,Yes,No,"Paid, credits not claimed",45620
2026-27,1.0,2026-07-01,New build (post-2023),"Villa/Duplex/Townhouse, 2 residents",High Physical Support,No,Yes,Yes,"Not paid, or paid and credits claimed",46825
2026-27,1.0,2026-07-01,New build (post-2023),"Villa/Duplex/Townhouse, 2 residents",High Physical Support,No,Yes,Yes,"Paid, credits not claimed",49812
2026-27,1.0,2026-07-01,New build (post-2023),"Villa/Duplex/Townhouse, 3 residents",Improved Liveability,No,No,No,"Not paid, or paid and credits claimed",27878
2026-27,1.0,2026-07-01,New build (post-2023),"Villa/Duplex/Townhouse, 3 residents",Improved Liveability,No,No,No,"Paid, credits not claimed",29525
2026-27,1.0,2026-07-01,New build (post-2023),"Villa/Duplex/Townhouse, 3 residents",Improved Liveability,No,No,Yes,"Not paid, or paid and credits claimed",30425
2026-27,1.0,2026-07-01,New build (post-2023),"Villa/Duplex/Townhouse, 3 residents",Improved Liveability,No,No,Yes,"Paid, credits not claimed",32285
2026-27,1.0,2026-07-01,New build (post-2023),"Villa/Duplex/Townhouse, 3 residents",Improved Liveability,No,Yes,No,"Not paid, or paid and credits claimed",29995
2026-27,1.0,2026-07-01,New build (post-2023),"Villa/Duplex/Townhouse, 3 residents",Improved Liveability,No,Yes,No,"Paid, credits not claimed",31735
2026-27,1.0,2026-07-01,New build (post-2023),"Villa/Duplex/Townhouse, 3 residents",Improved Liveability,No,Yes,Yes,"Not paid, or paid and credits claimed",32648
2026-27,1.0,2026-07-01,New build (post-2023),"Villa/Duplex/Townhouse, 3 residents",Improved Liveability,No,Yes,Yes,"Paid, credits not claimed",34611
2026-27,1.0,2026-07-01,New build (post-2023),"Villa/Duplex/Townhouse, 3 residents",Fully Accessible,No,No,No,"Not paid, or paid and credits claimed",30201
2026-27,1.0,2026-07-01,New build (post-2023),"Villa/Duplex/Townhouse, 3 residents",Fully Accessible,No,No,No,"Paid, credits not claimed",32080
2026-27,1.0,2026-07-01,New build (post-2023),"Villa/Duplex/Townhouse, 3 residents",Fully Accessible,No,No,Yes,"Not paid, or paid and credits claimed",33049
2026-27,1.0,2026-07-01,New build (post-2023),"Villa/Duplex/Townhouse, 3 residents",Fully Accessible,No,No,Yes,"Paid, credits not claimed",35172
2026-27,1.0,2026-07-01,New build (post-2023),"Villa/Duplex/Townhouse, 3 residents",Fully Accessible,No,Yes,No,"Not paid, or paid and credits claimed",32316
2026-27,1.0,2026-07-01,New build (post-2023),"Villa/Duplex/Townhouse, 3 residents",Fully Accessible,No,Yes,No,"Paid, credits not claimed",34287
2026-27,1.0,2026-07-01,New build (post-2023),"Villa/Duplex/Townhouse, 3 residents",Fully Accessible,No,Yes,Yes,"Not paid, or paid and credits claimed",35270
2026-27,1.0,2026-07-01,New build (post-2023),"Villa/Duplex/Townhouse, 3 residents",Fully Accessible,No,Yes,Yes,"Paid, credits not claimed",37496
2026-27,1.0,2026-07-01,New build (post-2023),"Villa/Duplex/Townhouse, 3 residents",Robust,No,No,No,"Not paid, or paid and credits claimed",32779
2026-27,1.0,2026-07-01,New build (post-2023),"Villa/Duplex/Townhouse, 3 residents",Robust,No,No,No,"Paid, credits not claimed",34917
2026-27,1.0,2026-07-01,New build (post-2023),"Villa/Duplex/Townhouse, 3 residents",Robust,No,No,Yes,"Not paid, or paid and credits claimed",35562
2026-27,1.0,2026-07-01,New build (post-2023),"Villa/Duplex/Townhouse, 3 residents",Robust,No,No,Yes,"Paid, credits not claimed",37936
2026-27,1.0,2026-07-01,New build (post-2023),"Villa/Duplex/Townhouse, 3 residents",Robust,No,Yes,No,"Not paid, or paid and credits claimed",34963
2026-27,1.0,2026-07-01,New build (post-2023),"Villa/Duplex/Townhouse, 3 residents",Robust,No,Yes,No,"Paid, credits not claimed",37200
2026-27,1.0,2026-07-01,New build (post-2023),"Villa/Duplex/Townhouse, 3 residents",Robust,No,Yes,Yes,"Not paid, or paid and credits claimed",37858
2026-27,1.0,2026-07-01,New build (post-2023),"Villa/Duplex/Townhouse, 3 residents",Robust,No,Yes,Yes,"Paid, credits not claimed",40343
2026-27,1.0,2026-07-01,New build (post-2023),"Villa/Duplex/Townhouse, 3 residents",Robust,Yes,No,No,"Not paid, or paid and credits claimed",35124
2026-27,1.0,2026-07-01,New build (post-2023),"Villa/Duplex/Townhouse, 3 residents",Robust,Yes,No,No,"Paid, credits not claimed",37460
2026-27,1.0,2026-07-01,New build (post-2023),"Villa/Duplex/Townhouse, 3 residents",Robust,Yes,No,Yes,"Not paid, or paid and credits claimed",37905
2026-27,1.0,2026-07-01,New build (post-2023),"Villa/Duplex/Townhouse, 3 residents",Robust,Yes,No,Yes,"Paid, credits not claimed",40480
2026-27,1.0,2026-07-01,New build (post-2023),"Villa/Duplex/Townhouse, 3 residents",Robust,Yes,Yes,No,"Not paid, or paid and credits claimed",37307
2026-27,1.0,2026-07-01,New build (post-2023),"Villa/Duplex/Townhouse, 3 residents",Robust,Yes,Yes,No,"Paid, credits not claimed",39744
2026-27,1.0,2026-07-01,New build (post-2023),"Villa/Duplex/Townhouse, 3 residents",Robust,Yes,Yes,Yes,"Not paid, or paid and credits claimed",40202
2026-27,1.0,2026-07-01,New build (post-2023),"Villa/Duplex/Townhouse, 3 residents",Robust,Yes,Yes,Yes,"Paid, credits not claimed",42887
2026-27,1.0,2026-07-01,New build (post-2023),"Villa/Duplex/Townhouse, 3 residents",High Physical Support,No,No,No,"Not paid, or paid and credits claimed",33621
2026-27,1.0,2026-07-01,New build (post-2023),"Villa/Duplex/Townhouse, 3 residents",High Physical Support,No,No,No,"Paid, credits not claimed",35841
2026-27,1.0,2026-07-01,New build (post-2023),"Villa/Duplex/Townhouse, 3 residents",High Physical Support,No,No,Yes,"Not paid, or paid and credits claimed",36469
2026-27,1.0,2026-07-01,New build (post-2023),"Villa/Duplex/Townhouse, 3 residents",High Physical Support,No,No,Yes,"Paid, credits not claimed",38934
2026-27,1.0,2026-07-01,New build (post-2023),"Villa/Duplex/Townhouse, 3 residents",High Physical Support,No,Yes,No,"Not paid, or paid and credits claimed",35783
2026-27,1.0,2026-07-01,New build (post-2023),"Villa/Duplex/Townhouse, 3 residents",High Physical Support,No,Yes,No,"Paid, credits not claimed",38100
2026-27,1.0,2026-07-01,New build (post-2023),"Villa/Duplex/Townhouse, 3 residents",High Physical Support,No,Yes,Yes,"Not paid, or paid and credits claimed",38742
2026-27,1.0,2026-07-01,New build (post-2023),"Villa/Duplex/Townhouse, 3 residents",High Physical Support,No,Yes,Yes,"Paid, credits not claimed",41314
2026-27,1.0,2026-07-01,New build (post-2023),"House, 2 residents",Improved Liveability,No,No,No,"Not paid, or paid and credits claimed",67791
2026-27,1.0,2026-07-01,New build (post-2023),"House, 2 residents",Improved Liveability,No,No,No,"Paid, credits not claimed",71719
2026-27,1.0,2026-07-01,New build (post-2023),"House, 2 residents",Improved Liveability,No,No,Yes,"Not paid, or paid and credits claimed",74288
2026-27,1.0,2026-07-01,New build (post-2023),"House, 2 residents",Improved Liveability,No,No,Yes,"Paid, credits not claimed",78781
2026-27,1.0,2026-07-01,New build (post-2023),"House, 2 residents",Improved Liveability,No,Yes,No,"Not paid, or paid and credits claimed",71663
2026-27,1.0,2026-07-01,New build (post-2023),"House, 2 residents",Improved Liveability,No,Yes,No,"Paid, credits not claimed",75798
2026-27,1.0,2026-07-01,New build (post-2023),"House, 2 residents",Improved Liveability,No,Yes,Yes,"Not paid, or paid and credits claimed",78421
2026-27,1.0,2026-07-01,New build (post-2023),"House, 2 residents",Improved Liveability,No,Yes,Yes,"Paid, credits not claimed",83151
2026-27,1.0,2026-07-01,New build (post-2023),"House, 2 residents",Fully Accessible,No,No,No,"Not paid, or paid and credits claimed",69574
2026-27,1.0,2026-07-01,New build (post-2023),"House, 2 residents",Fully Accessible,No,No,No,"Paid, credits not claimed",73604
2026-27,1.0,2026-07-01,New build (post-2023),"House, 2 residents",Fully Accessible,No,No,Yes,"Not paid, or paid and credits claimed",75830
2026-27,1.0,2026-07-01,New build (post-2023),"House, 2 residents",Fully Accessible,No,No,Yes,"Paid, credits not claimed",80402
2026-27,1.0,2026-07-01,New build (post-2023),"House, 2 residents",Fully Accessible,No,Yes,No,"Not paid, or paid and credits claimed",73445
2026-27,1.0,2026-07-01,New build (post-2023),"House, 2 residents",Fully Accessible,No,Yes,No,"Paid, credits not claimed",77685
2026-27,1.0,2026-07-01,New build (post-2023),"House, 2 residents",Fully Accessible,No,Yes,Yes,"Not paid, or paid and credits claimed",79964
2026-27,1.0,2026-07-01,New build (post-2023),"House, 2 residents",Fully Accessible,No,Yes,Yes,"Paid, credits not claimed",84772
2026-27,1.0,2026-07-01,New build (post-2023),"House, 2 residents",Robust,No,No,No,"Not paid, or paid and credits claimed",77083
2026-27,1.0,2026-07-01,New build (post-2023),"House, 2 residents",Robust,No,No,No,"Paid, credits not claimed",81938
2026-27,1.0,2026-07-01,New build (post-2023),"House, 2 residents",Robust,No,No,Yes,"Not paid, or paid and credits claimed",83589
2026-27,1.0,2026-07-01,New build (post-2023),"House, 2 residents",Robust,No,No,Yes,"Paid, credits not claimed",89011
2026-27,1.0,2026-07-01,New build (post-2023),"House, 2 residents",Robust,No,Yes,No,"Not paid, or paid and credits claimed",81106
2026-27,1.0,2026-07-01,New build (post-2023),"House, 2 residents",Robust,No,Yes,No,"Paid, credits not claimed",86187
2026-27,1.0,2026-07-01,New build (post-2023),"House, 2 residents",Robust,No,Yes,Yes,"Not paid, or paid and credits claimed",87893
2026-27,1.0,2026-07-01,New build (post-2023),"House, 2 residents",Robust,No,Yes,Yes,"Paid, credits not claimed",93573
2026-27,1.0,2026-07-01,New build (post-2023),"House, 2 residents",Robust,Yes,No,No,"Not paid, or paid and credits claimed",82564
2026-27,1.0,2026-07-01,New build (post-2023),"House, 2 residents",Robust,Yes,No,No,"Paid, credits not claimed",87899
2026-27,1.0,2026-07-01,New build (post-2023),"House, 2 residents",Robust,Yes,No,Yes,"Not paid, or paid and credits claimed",89070
2026-27,1.0,2026-07-01,New build (post-2023),"House, 2 residents",Robust,Yes,No,Yes,"Paid, credits not claimed",94971
2026-27,1.0,2026-07-01,New build (post-2023),"House, 2 residents",Robust,Yes,Yes,No,"Not paid, or paid and credits claimed",86588
2026-27,1.0,2026-07-01,New build (post-2023),"House, 2 residents",Robust,Yes,Yes,No,"Paid, credits not claimed",92147
2026-27,1.0,2026-07-01,New build (post-2023),"House, 2 residents",Robust,Yes,Yes,Yes,"Not paid, or paid and credits claimed",93375
2026-27,1.0,2026-07-01,New build (post-2023),"House, 2 residents",Robust,Yes,Yes,Yes,"Paid, credits not claimed",99531
2026-27,1.0,2026-07-01,New build (post-2023),"House, 2 residents",High Physical Support,No,No,No,"Not paid, or paid and credits claimed",81767
2026-27,1.0,2026-07-01,New build (post-2023),"House, 2 residents",High Physical Support,No,No,No,"Paid, credits not claimed",87008
2026-27,1.0,2026-07-01,New build (post-2023),"House, 2 residents",High Physical Support,No,No,Yes,"Not paid, or paid and credits claimed",88821
2026-27,1.0,2026-07-01,New build (post-2023),"House, 2 residents",High Physical Support,No,No,Yes,"Paid, credits not claimed",94684
2026-27,1.0,2026-07-01,New build (post-2023),"House, 2 residents",High Physical Support,No,Yes,No,"Not paid, or paid and credits claimed",85740
2026-27,1.0,2026-07-01,New build (post-2023),"House, 2 residents",High Physical Support,No,Yes,No,"Paid, credits not claimed",91202
2026-27,1.0,2026-07-01,New build (post-2023),"House, 2 residents",High Physical Support,No,Yes,Yes,"Not paid, or paid and credits claimed",93068
2026-27,1.0,2026-07-01,New build (post-2023),"House, 2 residents",High Physical Support,No,Yes,Yes,"Paid, credits not claimed",99180
2026-27,1.0,2026-07-01,New build (post-2023),"House, 3 residents",Improved Liveability,No,No,No,"Not paid, or paid and credits claimed",47551
2026-27,1.0,2026-07-01,New build (post-2023),"House, 3 residents",Improved Liveability,No,No,No,"Paid, credits not claimed",50514
2026-27,1.0,2026-07-01,New build (post-2023),"House, 3 residents",Improved Liveability,No,No,Yes,"Not paid, or paid and credits claimed",51205
2026-27,1.0,2026-07-01,New build (post-2023),"House, 3 residents",Improved Liveability,No,No,Yes,"Paid, credits not claimed",54436
2026-27,1.0,2026-07-01,New build (post-2023),"House, 3 residents",Improved Liveability,No,Yes,No,"Not paid, or paid and credits claimed",50354
2026-27,1.0,2026-07-01,New build (post-2023),"House, 3 residents",Improved Liveability,No,Yes,No,"Paid, credits not claimed",53477
2026-27,1.0,2026-07-01,New build (post-2023),"House, 3 residents",Improved Liveability,No,Yes,Yes,"Not paid, or paid and credits claimed",54186
2026-27,1.0,2026-07-01,New build (post-2023),"House, 3 residents",Improved Liveability,No,Yes,Yes,"Paid, credits not claimed",57596
2026-27,1.0,2026-07-01,New build (post-2023),"House, 3 residents",Fully Accessible,No,No,No,"Not paid, or paid and credits claimed",48881
2026-27,1.0,2026-07-01,New build (post-2023),"House, 3 residents",Fully Accessible,No,No,No,"Paid, credits not claimed",51899
2026-27,1.0,2026-07-01,New build (post-2023),"House, 3 residents",Fully Accessible,No,No,Yes,"Not paid, or paid and credits claimed",52463
2026-27,1.0,2026-07-01,New build (post-2023),"House, 3 residents",Fully Accessible,No,No,Yes,"Paid, credits not claimed",55781
2026-27,1.0,2026-07-01,New build (post-2023),"House, 3 residents",Fully Accessible,No,Yes,No,"Not paid, or paid and credits claimed",51684
2026-27,1.0,2026-07-01,New build (post-2023),"House, 3 residents",Fully Accessible,No,Yes,No,"Paid, credits not claimed",54862
2026-27,1.0,2026-07-01,New build (post-2023),"House, 3 residents",Fully Accessible,No,Yes,Yes,"Not paid, or paid and credits claimed",55443
2026-27,1.0,2026-07-01,New build (post-2023),"House, 3 residents",Fully Accessible,No,Yes,Yes,"Paid, credits not claimed",58940
2026-27,1.0,2026-07-01,New build (post-2023),"House, 3 residents",Robust,No,No,No,"Not paid, or paid and credits claimed",52828
2026-27,1.0,2026-07-01,New build (post-2023),"House, 3 residents",Robust,No,No,No,"Paid, credits not claimed",56319
2026-27,1.0,2026-07-01,New build (post-2023),"House, 3 residents",Robust,No,No,Yes,"Not paid, or paid and credits claimed",57624
2026-27,1.0,2026-07-01,New build (post-2023),"House, 3 residents",Robust,No,No,Yes,"Paid, credits not claimed",61497
2026-27,1.0,2026-07-01,New build (post-2023),"House, 3 residents",Robust,No,Yes,No,"Not paid, or paid and credits claimed",55748
2026-27,1.0,2026-07-01,New build (post-2023),"House, 3 residents",Robust,No,Yes,No,"Paid, credits not claimed",59410
2026-27,1.0,2026-07-01,New build (post-2023),"House, 3 residents",Robust,No,Yes,Yes,"Not paid, or paid and credits claimed",60736
2026-27,1.0,2026-07-01,New build (post-2023),"House, 3 residents",Robust,No,Yes,Yes,"Paid, credits not claimed",64800
2026-27,1.0,2026-07-01,New build (post-2023),"House, 3 residents",Robust,Yes,No,No,"Not paid, or paid and credits claimed",56869
2026-27,1.0,2026-07-01,New build (post-2023),"House, 3 residents",Robust,Yes,No,No,"Paid, credits not claimed",60683
2026-27,1.0,2026-07-01,New build (post-2023),"House, 3 residents",Robust,Yes,No,Yes,"Not paid, or paid and credits claimed",61667
2026-27,1.0,2026-07-01,New build (post-2023),"House, 3 residents",Robust,Yes,No,Yes,"Paid, credits not claimed",65861
2026-27,1.0,2026-07-01,New build (post-2023),"House, 3 residents",Robust,Yes,Yes,No,"Not paid, or paid and credits claimed",59789
2026-27,1.0,2026-07-01,New build (post-2023),"House, 3 residents",Robust,Yes,Yes,No,"Paid, credits not claimed",63774
2026-27,1.0,2026-07-01,New build (post-2023),"House, 3 residents",Robust,Yes,Yes,Yes,"Not paid, or paid and credits claimed",64778
2026-27,1.0,2026-07-01,New build (post-2023),"House, 3 residents",Robust,Yes,Yes,Yes,"Paid, credits not claimed",69164
2026-27,1.0,2026-07-01,New build (post-2023),"House, 3 residents",High Physical Support,No,No,No,"Not paid, or paid and credits claimed",57685
2026-27,1.0,2026-07-01,New build (post-2023),"House, 3 residents",High Physical Support,No,No,No,"Paid, credits not claimed",61577
2026-27,1.0,2026-07-01,New build (post-2023),"House, 3 residents",High Physical Support,No,No,Yes,"Not paid, or paid and credits claimed",61539
2026-27,1.0,2026-07-01,New build (post-2023),"House, 3 residents",High Physical Support,No,No,Yes,"Paid, credits not claimed",65759
2026-27,1.0,2026-07-01,New build (post-2023),"House, 3 residents",High Physical Support,No,Yes,No,"Not paid, or paid and credits claimed",60564
2026-27,1.0,2026-07-01,New build (post-2023),"House, 3 residents",High Physical Support,No,Yes,No,"Paid, credits not claimed",64626
2026-27,1.0,2026-07-01,New build (post-2023),"House, 3 residents",High Physical Support,No,Yes,Yes,"Not paid, or paid and credits claimed",64608
2026-27,1.0,2026-07-01,New build (post-2023),"House, 3 residents",High Physical Support,No,Yes,Yes,"Paid, credits not claimed",69014
2026-27,1.0,2026-07-01,New build (post-2023),"Group home, 4 residents",Improved Liveability,No,No,No,"Not paid, or paid and credits claimed",39310
2026-27,1.0,2026-07-01,New build (post-2023),"Group home, 4 residents",Improved Liveability,No,No,No,"Paid, credits not claimed",41907
2026-27,1.0,2026-07-01,New build (post-2023),"Group home, 4 residents",Improved Liveability,No,No,Yes,"Not paid, or paid and credits claimed",41919
2026-27,1.0,2026-07-01,New build (post-2023),"Group home, 4 residents",Improved Liveability,No,No,Yes,"Paid, credits not claimed",44711
2026-27,1.0,2026-07-01,New build (post-2023),"Group home, 4 residents",Improved Liveability,No,Yes,No,"Not paid, or paid and credits claimed",41590
2026-27,1.0,2026-07-01,New build (post-2023),"Group home, 4 residents",Improved Liveability,No,Yes,No,"Paid, credits not claimed",44323
2026-27,1.0,2026-07-01,New build (post-2023),"Group home, 4 residents",Improved Liveability,No,Yes,Yes,"Not paid, or paid and credits claimed",44269
2026-27,1.0,2026-07-01,New build (post-2023),"Group home, 4 residents",Improved Liveability,No,Yes,Yes,"Paid, credits not claimed",47203
2026-27,1.0,2026-07-01,New build (post-2023),"Group home, 4 residents",Fully Accessible,No,No,No,"Not paid, or paid and credits claimed",40789
2026-27,1.0,2026-07-01,New build (post-2023),"Group home, 4 residents",Fully Accessible,No,No,No,"Paid, credits not claimed",43459
2026-27,1.0,2026-07-01,New build (post-2023),"Group home, 4 residents",Fully Accessible,No,No,Yes,"Not paid, or paid and credits claimed",43120
2026-27,1.0,2026-07-01,New build (post-2023),"Group home, 4 residents",Fully Accessible,No,No,Yes,"Paid, credits not claimed",45981
2026-27,1.0,2026-07-01,New build (post-2023),"Group home, 4 residents",Fully Accessible,No,Yes,No,"Not paid, or paid and credits claimed",43069
2026-27,1.0,2026-07-01,New build (post-2023),"Group home, 4 residents",Fully Accessible,No,Yes,No,"Paid, credits not claimed",45875
2026-27,1.0,2026-07-01,New build (post-2023),"Group home, 4 residents",Fully Accessible,No,Yes,Yes,"Not paid, or paid and credits claimed",45470
2026-27,1.0,2026-07-01,New build (post-2023),"Group home, 4 residents",Fully Accessible,No,Yes,Yes,"Paid, credits not claimed",48473
2026-27,1.0,2026-07-01,New build (post-2023),"Group home, 4 residents",Robust,No,No,No,"Not paid, or paid and credits claimed",44336
2026-27,1.0,2026-07-01,New build (post-2023),"Group home, 4 residents",Robust,No,No,No,"Paid, credits not claimed",47435
2026-27,1.0,2026-07-01,New build (post-2023),"Group home, 4 residents",Robust,No,No,Yes,"Not paid, or paid and credits claimed",47531
2026-27,1.0,2026-07-01,New build (post-2023),"Group home, 4 residents",Robust,No,No,Yes,"Paid, credits not claimed",50884
2026-27,1.0,2026-07-01,New build (post-2023),"Group home, 4 residents",Robust,No,Yes,No,"Not paid, or paid and credits claimed",46716
2026-27,1.0,2026-07-01,New build (post-2023),"Group home, 4 residents",Robust,No,Yes,No,"Paid, credits not claimed",49961
2026-27,1.0,2026-07-01,New build (post-2023),"Group home, 4 residents",Robust,No,Yes,Yes,"Not paid, or paid and credits claimed",49985
2026-27,1.0,2026-07-01,New build (post-2023),"Group home, 4 residents",Robust,No,Yes,Yes,"Paid, credits not claimed",53490
2026-27,1.0,2026-07-01,New build (post-2023),"Group home, 4 residents",Robust,Yes,No,No,"Not paid, or paid and credits claimed",47028
2026-27,1.0,2026-07-01,New build (post-2023),"Group home, 4 residents",Robust,Yes,No,No,"Paid, credits not claimed",50341
2026-27,1.0,2026-07-01,New build (post-2023),"Group home, 4 residents",Robust,Yes,No,Yes,"Not paid, or paid and credits claimed",50223
2026-27,1.0,2026-07-01,New build (post-2023),"Group home, 4 residents",Robust,Yes,No,Yes,"Paid, credits not claimed",53790
2026-27,1.0,2026-07-01,New build (post-2023),"Group home, 4 residents",Robust,Yes,Yes,No,"Not paid, or paid and credits claimed",49407
2026-27,1.0,2026-07-01,New build (post-2023),"Group home, 4 residents",Robust,Yes,Yes,No,"Paid, credits not claimed",52868
2026-27,1.0,2026-07-01,New build (post-2023),"Group home, 4 residents",Robust,Yes,Yes,Yes,"Not paid, or paid and credits claimed",52676
2026-27,1.0,2026-07-01,New build (post-2023),"Group home, 4 residents",Robust,Yes,Yes,Yes,"Paid, credits not claimed",56396
2026-27,1.0,2026-07-01,New build (post-2023),"Group home, 4 residents",High Physical Support,No,No,No,"Not paid, or paid and credits claimed",47689
2026-27,1.0,2026-07-01,New build (post-2023),"Group home, 4 residents",High Physical Support,No,No,No,"Paid, credits not claimed",51045
2026-27,1.0,2026-07-01,New build (post-2023),"Group home, 4 residents",High Physical Support,No,No,Yes,"Not paid, or paid and credits claimed",50585
2026-27,1.0,2026-07-01,New build (post-2023),"Group home, 4 residents",High Physical Support,No,No,Yes,"Paid, credits not claimed",54188
2026-27,1.0,2026-07-01,New build (post-2023),"Group home, 4 residents",High Physical Support,No,Yes,No,"Not paid, or paid and credits claimed",50035
2026-27,1.0,2026-07-01,New build (post-2023),"Group home, 4 residents",High Physical Support,No,Yes,No,"Paid, credits not claimed",53535
2026-27,1.0,2026-07-01,New build (post-2023),"Group home, 4 residents",High Physical Support,No,Yes,Yes,"Not paid, or paid and credits claimed",53005
2026-27,1.0,2026-07-01,New build (post-2023),"Group home, 4 residents",High Physical Support,No,Yes,Yes,"Paid, credits not claimed",56757
2026-27,1.0,2026-07-01,New build (post-2023),"Group home, 5 residents",Improved Liveability,No,No,No,"Not paid, or paid and credits claimed",32783
2026-27,1.0,2026-07-01,New build (post-2023),"Group home, 5 residents",Improved Liveability,No,No,No,"Paid, credits not claimed",35061
2026-27,1.0,2026-07-01,New build (post-2023),"Group home, 5 residents",Improved Liveability,No,No,Yes,"Not paid, or paid and credits claimed",34499
2026-27,1.0,2026-07-01,New build (post-2023),"Group home, 5 residents",Improved Liveability,No,No,Yes,"Paid, credits not claimed",36916
2026-27,1.0,2026-07-01,New build (post-2023),"Group home, 5 residents",Improved Liveability,No,Yes,No,"Not paid, or paid and credits claimed",34660
2026-27,1.0,2026-07-01,New build (post-2023),"Group home, 5 residents",Improved Liveability,No,Yes,No,"Paid, credits not claimed",37055
2026-27,1.0,2026-07-01,New build (post-2023),"Group home, 5 residents",Improved Liveability,No,Yes,Yes,"Not paid, or paid and credits claimed",36433
2026-27,1.0,2026-07-01,New build (post-2023),"Group home, 5 residents",Improved Liveability,No,Yes,Yes,"Paid, credits not claimed",38970
2026-27,1.0,2026-07-01,New build (post-2023),"Group home, 5 residents",Fully Accessible,No,No,No,"Not paid, or paid and credits claimed",34123
2026-27,1.0,2026-07-01,New build (post-2023),"Group home, 5 residents",Fully Accessible,No,No,No,"Paid, credits not claimed",36496
2026-27,1.0,2026-07-01,New build (post-2023),"Group home, 5 residents",Fully Accessible,No,No,Yes,"Not paid, or paid and credits claimed",36808
2026-27,1.0,2026-07-01,New build (post-2023),"Group home, 5 residents",Fully Accessible,No,No,Yes,"Paid, credits not claimed",39393
2026-27,1.0,2026-07-01,New build (post-2023),"Group home, 5 residents",Fully Accessible,No,Yes,No,"Not paid, or paid and credits claimed",36001
2026-27,1.0,2026-07-01,New build (post-2023),"Group home, 5 residents",Fully Accessible,No,Yes,No,"Paid, credits not claimed",38489
2026-27,1.0,2026-07-01,New build (post-2023),"Group home, 5 residents",Fully Accessible,No,Yes,Yes,"Not paid, or paid and credits claimed",38741
2026-27,1.0,2026-07-01,New build (post-2023),"Group home, 5 residents",Fully Accessible,No,Yes,Yes,"Paid, credits not claimed",41447
2026-27,1.0,2026-07-01,New build (post-2023),"Group home, 5 residents",Robust,No,No,No,"Not paid, or paid and credits claimed",37702
2026-27,1.0,2026-07-01,New build (post-2023),"Group home, 5 residents",Robust,No,No,No,"Paid, credits not claimed",40474
2026-27,1.0,2026-07-01,New build (post-2023),"Group home, 5 residents",Robust,No,No,Yes,"Not paid, or paid and credits claimed",38955
2026-27,1.0,2026-07-01,New build (post-2023),"Group home, 5 residents",Robust,No,No,Yes,"Paid, credits not claimed",41818
2026-27,1.0,2026-07-01,New build (post-2023),"Group home, 5 residents",Robust,No,Yes,No,"Not paid, or paid and credits claimed",39665
2026-27,1.0,2026-07-01,New build (post-2023),"Group home, 5 residents",Robust,No,Yes,No,"Paid, credits not claimed",42561
2026-27,1.0,2026-07-01,New build (post-2023),"Group home, 5 residents",Robust,No,Yes,Yes,"Not paid, or paid and credits claimed",40975
2026-27,1.0,2026-07-01,New build (post-2023),"Group home, 5 residents",Robust,No,Yes,Yes,"Paid, credits not claimed",43967
2026-27,1.0,2026-07-01,New build (post-2023),"Group home, 5 residents",Robust,Yes,No,No,"Not paid, or paid and credits claimed",38757
2026-27,1.0,2026-07-01,New build (post-2023),"Group home, 5 residents",Robust,Yes,No,No,"Paid, credits not claimed",41606
2026-27,1.0,2026-07-01,New build (post-2023),"Group home, 5 residents",Robust,Yes,No,Yes,"Not paid, or paid and credits claimed",40010
2026-27,1.0,2026-07-01,New build (post-2023),"Group home, 5 residents",Robust,Yes,No,Yes,"Paid, credits not claimed",42950
2026-27,1.0,2026-07-01,New build (post-2023),"Group home, 5 residents",Robust,Yes,Yes,No,"Not paid, or paid and credits claimed",40720
2026-27,1.0,2026-07-01,New build (post-2023),"Group home, 5 residents",Robust,Yes,Yes,No,"Paid, credits not claimed",43692
2026-27,1.0,2026-07-01,New build (post-2023),"Group home, 5 residents",Robust,Yes,Yes,Yes,"Not paid, or paid and credits claimed",42031
2026-27,1.0,2026-07-01,New build (post-2023),"Group home, 5 residents",Robust,Yes,Yes,Yes,"Paid, credits not claimed",45099
2026-27,1.0,2026-07-01,New build (post-2023),"Group home, 5 residents",High Physical Support,No,No,No,"Not paid, or paid and credits claimed",39886
2026-27,1.0,2026-07-01,New build (post-2023),"Group home, 5 residents",High Physical Support,No,No,No,"Paid, credits not claimed",42836
2026-27,1.0,2026-07-01,New build (post-2023),"Group home, 5 residents",High Physical Support,No,No,Yes,"Not paid, or paid and credits claimed",42164
2026-27,1.0,2026-07-01,New build (post-2023),"Group home, 5 residents",High Physical Support,No,No,Yes,"Paid, credits not claimed",45286
2026-27,1.0,2026-07-01,New build (post-2023),"Group home, 5 residents",High Physical Support,No,Yes,No,"Not paid, or paid and credits claimed",41820
2026-27,1.0,2026-07-01,New build (post-2023),"Group home, 5 residents",High Physical Support,No,Yes,No,"Paid, credits not claimed",44890
2026-27,1.0,2026-07-01,New build (post-2023),"Group home, 5 residents",High Physical Support,No,Yes,Yes,"Not paid, or paid and credits claimed",44156
2026-27,1.0,2026-07-01,New build (post-2023),"Group home, 5 residents",High Physical Support,No,Yes,Yes,"Paid, credits not claimed",47404
2026-27,1.0,2026-07-01,Existing,"Apartment, 1 bedroom, 1 resident",Basic,No,No,No,,25598
2026-27,1.0,2026-07-01,Existing,"Apartment, 1 bedroom, 1 resident",Basic,No,Yes,No,,25904
2026-27,1.0,2026-07-01,New build (pre-2023),"Apartment, 1 bedroom, 1 resident",Improved Liveability,No,No,No,,81414
2026-27,1.0,2026-07-01,Existing,"Apartment, 1 bedroom, 1 resident",Improved Liveability,No,No,No,,26165
2026-27,1.0,2026-07-01,New build (pre-2023),"Apartment, 1 bedroom, 1 resident",Improved Liveability,No,No,Yes,,94983
2026-27,1.0,2026-07-01,Existing,"Apartment, 1 bedroom, 1 resident",Improved Liveability,No,No,Yes,,30528
2026-27,1.0,2026-07-01,New build (pre-2023),"Apartment, 1 bedroom, 1 resident",Improved Liveability,No,Yes,No,,83059
2026-27,1.0,2026-07-01,Existing,"Apartment, 1 bedroom, 1 resident",Improved Liveability,No,Yes,No,,26478
2026-27,1.0,2026-07-01,New build (pre-2023),"Apartment, 1 bedroom, 1 resident",Improved Liveability,No,Yes,Yes,,96901
2026-27,1.0,2026-07-01,Existing,"Apartment, 1 bedroom, 1 resident",Improved Liveability,No,Yes,Yes,,30894
2026-27,1.0,2026-07-01,New build (pre-2023),"Apartment, 1 bedroom, 1 resident",Fully Accessible,No,No,No,,83954
2026-27,1.0,2026-07-01,Existing,"Apartment, 1 bedroom, 1 resident",Fully Accessible,No,No,No,,44418
2026-27,1.0,2026-07-01,New build (pre-2023),"Apartment, 1 bedroom, 1 resident",Fully Accessible,No,No,Yes,,97523
2026-27,1.0,2026-07-01,Existing,"Apartment, 1 bedroom, 1 resident",Fully Accessible,No,No,Yes,,51823
2026-27,1.0,2026-07-01,New build (pre-2023),"Apartment, 1 bedroom, 1 resident",Fully Accessible,No,Yes,No,,85617
2026-27,1.0,2026-07-01,Existing,"Apartment, 1 bedroom, 1 resident",Fully Accessible,No,Yes,No,,44951
2026-27,1.0,2026-07-01,New build (pre-2023),"Apartment, 1 bedroom, 1 resident",Fully Accessible,No,Yes,Yes,,99461
2026-27,1.0,2026-07-01,Existing,"Apartment, 1 bedroom, 1 resident",Fully Accessible,No,Yes,Yes,,52444
2026-27,1.0,2026-07-01,New build (pre-2023),"Apartment, 1 bedroom, 1 resident",High Physical Support,No,No,No,,91248
2026-27,1.0,2026-07-01,Existing,"Apartment, 1 bedroom, 1 resident",High Physical Support,No,No,No,,69158
2026-27,1.0,2026-07-01,New build (pre-2023),"Apartment, 1 bedroom, 1 resident",High Physical Support,No,No,Yes,,104817
2026-27,1.0,2026-07-01,Existing,"Apartment, 1 bedroom, 1 resident",High Physical Support,No,No,Yes,,80686
2026-27,1.0,2026-07-01,New build (pre-2023),"Apartment, 1 bedroom, 1 resident",High Physical Support,No,Yes,No,,92928
2026-27,1.0,2026-07-01,Existing,"Apartment, 1 bedroom, 1 resident",High Physical Support,No,Yes,No,,69988
2026-27,1.0,2026-07-01,New build (pre-2023),"Apartment, 1 bedroom, 1 resident",High Physical Support,No,Yes,Yes,,106770
2026-27,1.0,2026-07-01,Existing,"Apartment, 1 bedroom, 1 resident",High Physical Support,No,Yes,Yes,,81655
2026-27,1.0,2026-07-01,Existing,"Apartment, 2 bedrooms, 1 resident",Basic,No,No,No,,33808
2026-27,1.0,2026-07-01,Existing,"Apartment, 2 bedrooms, 1 resident",Basic,No,Yes,No,,34214
2026-27,1.0,2026-07-01,New build (pre-2023),"Apartment, 2 bedrooms, 1 resident",Improved Liveability,No,No,No,,85732
2026-27,1.0,2026-07-01,Existing,"Apartment, 2 bedrooms, 1 resident",Improved Liveability,No,No,No,,34501
2026-27,1.0,2026-07-01,New build (pre-2023),"Apartment, 2 bedrooms, 1 resident",Improved Liveability,No,No,Yes,,99302
2026-27,1.0,2026-07-01,Existing,"Apartment, 2 bedrooms, 1 resident",Improved Liveability,No,No,Yes,,40252
2026-27,1.0,2026-07-01,New build (pre-2023),"Apartment, 2 bedrooms, 1 resident",Improved Liveability,No,Yes,No,,87584
2026-27,1.0,2026-07-01,Existing,"Apartment, 2 bedrooms, 1 resident",Improved Liveability,No,Yes,No,,34915
2026-27,1.0,2026-07-01,New build (pre-2023),"Apartment, 2 bedrooms, 1 resident",Improved Liveability,No,Yes,Yes,,101429
2026-27,1.0,2026-07-01,Existing,"Apartment, 2 bedrooms, 1 resident",Improved Liveability,No,Yes,Yes,,40735
2026-27,1.0,2026-07-01,New build (pre-2023),"Apartment, 2 bedrooms, 1 resident",Fully Accessible,No,No,No,,87618
2026-27,1.0,2026-07-01,Existing,"Apartment, 2 bedrooms, 1 resident",Fully Accessible,No,No,No,,57698
2026-27,1.0,2026-07-01,New build (pre-2023),"Apartment, 2 bedrooms, 1 resident",Fully Accessible,No,No,Yes,,101187
2026-27,1.0,2026-07-01,Existing,"Apartment, 2 bedrooms, 1 resident",Fully Accessible,No,No,Yes,,67315
2026-27,1.0,2026-07-01,New build (pre-2023),"Apartment, 2 bedrooms, 1 resident",Fully Accessible,No,Yes,No,,89511
2026-27,1.0,2026-07-01,Existing,"Apartment, 2 bedrooms, 1 resident",Fully Accessible,No,Yes,No,,58390
2026-27,1.0,2026-07-01,New build (pre-2023),"Apartment, 2 bedrooms, 1 resident",Fully Accessible,No,Yes,Yes,,103354
2026-27,1.0,2026-07-01,Existing,"Apartment, 2 bedrooms, 1 resident",Fully Accessible,No,Yes,Yes,,68123
2026-27,1.0,2026-07-01,New build (pre-2023),"Apartment, 2 bedrooms, 1 resident",High Physical Support,No,No,No,,95163
2026-27,1.0,2026-07-01,Existing,"Apartment, 2 bedrooms, 1 resident",High Physical Support,No,No,No,,89936
2026-27,1.0,2026-07-01,New build (pre-2023),"Apartment, 2 bedrooms, 1 resident",High Physical Support,No,No,Yes,,108733
2026-27,1.0,2026-07-01,Existing,"Apartment, 2 bedrooms, 1 resident",High Physical Support,No,No,Yes,,104924
2026-27,1.0,2026-07-01,New build (pre-2023),"Apartment, 2 bedrooms, 1 resident",High Physical Support,No,Yes,No,,97078
2026-27,1.0,2026-07-01,Existing,"Apartment, 2 bedrooms, 1 resident",High Physical Support,No,Yes,No,,91016
2026-27,1.0,2026-07-01,New build (pre-2023),"Apartment, 2 bedrooms, 1 resident",High Physical Support,No,Yes,Yes,,110922
2026-27,1.0,2026-07-01,Existing,"Apartment, 2 bedrooms, 1 resident",High Physical Support,No,Yes,Yes,,106184
2026-27,1.0,2026-07-01,Existing,"Apartment, 2 bedrooms, 2 residents",Basic,No,No,No,,10891
2026-27,1.0,2026-07-01,Existing,"Apartment, 2 bedrooms, 2 residents",Basic,No,Yes,No,,11023
2026-27,1.0,2026-07-01,New build (pre-2023),"Apartment, 2 bedrooms, 2 residents",Improved Liveability,No,No,No,,36768
2026-27,1.0,2026-07-01,Existing,"Apartment, 2 bedrooms, 2 residents",Improved Liveability,No,No,No,,11241
2026-27,1.0,2026-07-01,New build (pre-2023),"Apartment, 2 bedrooms, 2 residents",Improved Liveability,No,No,Yes,,43552
2026-27,1.0,2026-07-01,Existing,"Apartment, 2 bedrooms, 2 residents",Improved Liveability,No,No,Yes,,13114
2026-27,1.0,2026-07-01,New build (pre-2023),"Apartment, 2 bedrooms, 2 residents",Improved Liveability,No,Yes,No,,37704
2026-27,1.0,2026-07-01,Existing,"Apartment, 2 bedrooms, 2 residents",Improved Liveability,No,Yes,No,,11376
2026-27,1.0,2026-07-01,New build (pre-2023),"Apartment, 2 bedrooms, 2 residents",Improved Liveability,No,Yes,Yes,,44625
2026-27,1.0,2026-07-01,Existing,"Apartment, 2 bedrooms, 2 residents",Improved Liveability,No,Yes,Yes,,13272
2026-27,1.0,2026-07-01,New build (pre-2023),"Apartment, 2 bedrooms, 2 residents",Fully Accessible,No,No,No,,37663
2026-27,1.0,2026-07-01,Existing,"Apartment, 2 bedrooms, 2 residents",Fully Accessible,No,No,No,,22838
2026-27,1.0,2026-07-01,New build (pre-2023),"Apartment, 2 bedrooms, 2 residents",Fully Accessible,No,No,Yes,,44448
2026-27,1.0,2026-07-01,Existing,"Apartment, 2 bedrooms, 2 residents",Fully Accessible,No,No,Yes,,26645
2026-27,1.0,2026-07-01,New build (pre-2023),"Apartment, 2 bedrooms, 2 residents",Fully Accessible,No,Yes,No,,38625
2026-27,1.0,2026-07-01,Existing,"Apartment, 2 bedrooms, 2 residents",Fully Accessible,No,Yes,No,,23112
2026-27,1.0,2026-07-01,New build (pre-2023),"Apartment, 2 bedrooms, 2 residents",Fully Accessible,No,Yes,Yes,,45547
2026-27,1.0,2026-07-01,Existing,"Apartment, 2 bedrooms, 2 residents",Fully Accessible,No,Yes,Yes,,26965
2026-27,1.0,2026-07-01,New build (pre-2023),"Apartment, 2 bedrooms, 2 residents",High Physical Support,No,No,No,,41478
2026-27,1.0,2026-07-01,Existing,"Apartment, 2 bedrooms, 2 residents",High Physical Support,No,No,No,,38959
2026-27,1.0,2026-07-01,New build (pre-2023),"Apartment, 2 bedrooms, 2 residents",High Physical Support,No,No,Yes,,48262
2026-27,1.0,2026-07-01,Existing,"Apartment, 2 bedrooms, 2 residents",High Physical Support,No,No,Yes,,45452
2026-27,1.0,2026-07-01,New build (pre-2023),"Apartment, 2 bedrooms, 2 residents",High Physical Support,No,Yes,No,,42452
2026-27,1.0,2026-07-01,Existing,"Apartment, 2 bedrooms, 2 residents",High Physical Support,No,Yes,No,,39426
2026-27,1.0,2026-07-01,New build (pre-2023),"Apartment, 2 bedrooms, 2 residents",High Physical Support,No,Yes,Yes,,49373
2026-27,1.0,2026-07-01,Existing,"Apartment, 2 bedrooms, 2 residents",High Physical Support,No,Yes,Yes,,45998
2026-27,1.0,2026-07-01,Existing,"Apartment, 3 bedrooms, 2 residents",Basic,No,No,No,,16947
2026-27,1.0,2026-07-01,Existing,"Apartment, 3 bedrooms, 2 residents",Basic,No,Yes,No,,17149
2026-27,1.0,2026-07-01,New build (pre-2023),"Apartment, 3 bedrooms, 2 residents",Improved Liveability,No,No,No,,45760
2026-27,1.0,2026-07-01,Existing,"Apartment, 3 bedrooms, 2 residents",Improved Liveability,No,No,No,,17396
2026-27,1.0,2026-07-01,New build (pre-2023),"Apartment, 3 bedrooms, 2 residents",Improved Liveability,No,No,Yes,,52545
2026-27,1.0,2026-07-01,Existing,"Apartment, 3 bedrooms, 2 residents",Improved Liveability,No,No,Yes,,20296
2026-27,1.0,2026-07-01,New build (pre-2023),"Apartment, 3 bedrooms, 2 residents",Improved Liveability,No,Yes,No,,46874
2026-27,1.0,2026-07-01,Existing,"Apartment, 3 bedrooms, 2 residents",Improved Liveability,No,Yes,No,,17604
2026-27,1.0,2026-07-01,New build (pre-2023),"Apartment, 3 bedrooms, 2 residents",Improved Liveability,No,Yes,Yes,,53795
2026-27,1.0,2026-07-01,Existing,"Apartment, 3 bedrooms, 2 residents",Improved Liveability,No,Yes,Yes,,20538
2026-27,1.0,2026-07-01,New build (pre-2023),"Apartment, 3 bedrooms, 2 residents",Fully Accessible,No,No,No,,47070
2026-27,1.0,2026-07-01,Existing,"Apartment, 3 bedrooms, 2 residents",Fully Accessible,No,No,No,,32785
2026-27,1.0,2026-07-01,New build (pre-2023),"Apartment, 3 bedrooms, 2 residents",Fully Accessible,No,No,Yes,,53854
2026-27,1.0,2026-07-01,Existing,"Apartment, 3 bedrooms, 2 residents",Fully Accessible,No,No,Yes,,38248
2026-27,1.0,2026-07-01,New build (pre-2023),"Apartment, 3 bedrooms, 2 residents",Fully Accessible,No,Yes,No,,48194
2026-27,1.0,2026-07-01,Existing,"Apartment, 3 bedrooms, 2 residents",Fully Accessible,No,Yes,No,,33177
2026-27,1.0,2026-07-01,New build (pre-2023),"Apartment, 3 bedrooms, 2 residents",Fully Accessible,No,Yes,Yes,,55115
2026-27,1.0,2026-07-01,Existing,"Apartment, 3 bedrooms, 2 residents",Fully Accessible,No,Yes,Yes,,38707
2026-27,1.0,2026-07-01,New build (pre-2023),"Apartment, 3 bedrooms, 2 residents",High Physical Support,No,No,No,,51232
2026-27,1.0,2026-07-01,Existing,"Apartment, 3 bedrooms, 2 residents",High Physical Support,No,No,No,,55196
2026-27,1.0,2026-07-01,New build (pre-2023),"Apartment, 3 bedrooms, 2 residents",High Physical Support,No,No,Yes,,58017
2026-27,1.0,2026-07-01,Existing,"Apartment, 3 bedrooms, 2 residents",High Physical Support,No,No,Yes,,64394
2026-27,1.0,2026-07-01,New build (pre-2023),"Apartment, 3 bedrooms, 2 residents",High Physical Support,No,Yes,No,,52377
2026-27,1.0,2026-07-01,Existing,"Apartment, 3 bedrooms, 2 residents",High Physical Support,No,Yes,No,,55858
2026-27,1.0,2026-07-01,New build (pre-2023),"Apartment, 3 bedrooms, 2 residents",High Physical Support,No,Yes,Yes,,59299
2026-27,1.0,2026-07-01,Existing,"Apartment, 3 bedrooms, 2 residents",High Physical Support,No,Yes,Yes,,65166
2026-27,1.0,2026-07-01,Existing,"Villa/Duplex/Townhouse, 1 resident",Basic,No,No,No,,12942
2026-27,1.0,2026-07-01,Existing,"Villa/Duplex/Townhouse, 1 resident",Basic,No,Yes,No,,13189
2026-27,1.0,2026-07-01,New build (pre-2023),"Villa/Duplex/Townhouse, 1 resident",Improved Liveability,No,No,No,,58894
2026-27,1.0,2026-07-01,Existing,"Villa/Duplex/Townhouse, 1 resident",Improved Liveability,No,No,No,,13284
2026-27,1.0,2026-07-01,New build (pre-2023),"Villa/Duplex/Townhouse, 1 resident",Improved Liveability,No,No,Yes,,61445
2026-27,1.0,2026-07-01,Existing,"Villa/Duplex/Townhouse, 1 resident",Improved Liveability,No,No,Yes,,15864
2026-27,1.0,2026-07-01,New build (pre-2023),"Villa/Duplex/Townhouse, 1 resident",Improved Liveability,No,Yes,No,,63942
2026-27,1.0,2026-07-01,Existing,"Villa/Duplex/Townhouse, 1 resident",Improved Liveability,No,Yes,No,,13535
2026-27,1.0,2026-07-01,New build (pre-2023),"Villa/Duplex/Townhouse, 1 resident",Improved Liveability,No,Yes,Yes,,66799
2026-27,1.0,2026-07-01,Existing,"Villa/Duplex/Townhouse, 1 resident",Improved Liveability,No,Yes,Yes,,16165
2026-27,1.0,2026-07-01,New build (pre-2023),"Villa/Duplex/Townhouse, 1 resident",Fully Accessible,No,No,No,,61708
2026-27,1.0,2026-07-01,Existing,"Villa/Duplex/Townhouse, 1 resident",Fully Accessible,No,No,No,,22218
2026-27,1.0,2026-07-01,New build (pre-2023),"Villa/Duplex/Townhouse, 1 resident",Fully Accessible,No,No,Yes,,64432
2026-27,1.0,2026-07-01,Existing,"Villa/Duplex/Townhouse, 1 resident",Fully Accessible,No,No,Yes,,24935
2026-27,1.0,2026-07-01,New build (pre-2023),"Villa/Duplex/Townhouse, 1 resident",Fully Accessible,No,Yes,No,,66757
2026-27,1.0,2026-07-01,Existing,"Villa/Duplex/Townhouse, 1 resident",Fully Accessible,No,Yes,No,,22639
2026-27,1.0,2026-07-01,New build (pre-2023),"Villa/Duplex/Townhouse, 1 resident",Fully Accessible,No,Yes,Yes,,69785
2026-27,1.0,2026-07-01,Existing,"Villa/Duplex/Townhouse, 1 resident",Fully Accessible,No,Yes,Yes,,25407
2026-27,1.0,2026-07-01,New build (pre-2023),"Villa/Duplex/Townhouse, 1 resident",Robust,No,No,No,,62992
2026-27,1.0,2026-07-01,Existing,"Villa/Duplex/Townhouse, 1 resident",Robust,No,No,No,,27593
2026-27,1.0,2026-07-01,New build (pre-2023),"Villa/Duplex/Townhouse, 1 resident",Robust,No,No,Yes,,67712
2026-27,1.0,2026-07-01,Existing,"Villa/Duplex/Townhouse, 1 resident",Robust,No,No,Yes,,30973
2026-27,1.0,2026-07-01,New build (pre-2023),"Villa/Duplex/Townhouse, 1 resident",Robust,No,Yes,No,,68157
2026-27,1.0,2026-07-01,Existing,"Villa/Duplex/Townhouse, 1 resident",Robust,No,Yes,No,,28118
2026-27,1.0,2026-07-01,New build (pre-2023),"Villa/Duplex/Townhouse, 1 resident",Robust,No,Yes,Yes,,73202
2026-27,1.0,2026-07-01,Existing,"Villa/Duplex/Townhouse, 1 resident",Robust,No,Yes,Yes,,31561
2026-27,1.0,2026-07-01,New build (pre-2023),"Villa/Duplex/Townhouse, 1 resident",High Physical Support,No,No,No,,69208
2026-27,1.0,2026-07-01,Existing,"Villa/Duplex/Townhouse, 1 resident",High Physical Support,No,No,No,,36878
2026-27,1.0,2026-07-01,New build (pre-2023),"Villa/Duplex/Townhouse, 1 resident",High Physical Support,No,No,Yes,,72392
2026-27,1.0,2026-07-01,Existing,"Villa/Duplex/Townhouse, 1 resident",High Physical Support,No,No,Yes,,40455
2026-27,1.0,2026-07-01,New build (pre-2023),"Villa/Duplex/Townhouse, 1 resident",High Physical Support,No,Yes,No,,74335
2026-27,1.0,2026-07-01,Existing,"Villa/Duplex/Townhouse, 1 resident",High Physical Support,No,Yes,No,,37579
2026-27,1.0,2026-07-01,New build (pre-2023),"Villa/Duplex/Townhouse, 1 resident",High Physical Support,No,Yes,Yes,,77836
2026-27,1.0,2026-07-01,Existing,"Villa/Duplex/Townhouse, 1 resident",High Physical Support,No,Yes,Yes,,41225
2026-27,1.0,2026-07-01,Existing,"Villa/Duplex/Townhouse, 2 residents",Basic,No,No,No,,6845
2026-27,1.0,2026-07-01,Existing,"Villa/Duplex/Townhouse, 2 residents",Basic,No,Yes,No,,6975
2026-27,1.0,2026-07-01,New build (pre-2023),"Villa/Duplex/Townhouse, 2 residents",Improved Liveability,No,No,No,,34099
2026-27,1.0,2026-07-01,Existing,"Villa/Duplex/Townhouse, 2 residents",Improved Liveability,No,No,No,,7071
2026-27,1.0,2026-07-01,New build (pre-2023),"Villa/Duplex/Townhouse, 2 residents",Improved Liveability,No,No,Yes,,37005
2026-27,1.0,2026-07-01,Existing,"Villa/Duplex/Townhouse, 2 residents",Improved Liveability,No,No,Yes,,8326
2026-27,1.0,2026-07-01,New build (pre-2023),"Villa/Duplex/Townhouse, 2 residents",Improved Liveability,No,Yes,No,,36951
2026-27,1.0,2026-07-01,Existing,"Villa/Duplex/Townhouse, 2 residents",Improved Liveability,No,Yes,No,,7206
2026-27,1.0,2026-07-01,New build (pre-2023),"Villa/Duplex/Townhouse, 2 residents",Improved Liveability,No,Yes,Yes,,40013
2026-27,1.0,2026-07-01,Existing,"Villa/Duplex/Townhouse, 2 residents",Improved Liveability,No,Yes,Yes,,8484
2026-27,1.0,2026-07-01,New build (pre-2023),"Villa/Duplex/Townhouse, 2 residents",Fully Accessible,No,No,No,,36143
2026-27,1.0,2026-07-01,Existing,"Villa/Duplex/Townhouse, 2 residents",Fully Accessible,No,No,No,,12600
2026-27,1.0,2026-07-01,New build (pre-2023),"Villa/Duplex/Townhouse, 2 residents",Fully Accessible,No,No,Yes,,39315
2026-27,1.0,2026-07-01,Existing,"Villa/Duplex/Townhouse, 2 residents",Fully Accessible,No,No,Yes,,13921
2026-27,1.0,2026-07-01,New build (pre-2023),"Villa/Duplex/Townhouse, 2 residents",Fully Accessible,No,Yes,No,,38995
2026-27,1.0,2026-07-01,Existing,"Villa/Duplex/Townhouse, 2 residents",Fully Accessible,No,Yes,No,,12841
2026-27,1.0,2026-07-01,New build (pre-2023),"Villa/Duplex/Townhouse, 2 residents",Fully Accessible,No,Yes,Yes,,42321
2026-27,1.0,2026-07-01,Existing,"Villa/Duplex/Townhouse, 2 residents",Fully Accessible,No,Yes,Yes,,14185
2026-27,1.0,2026-07-01,New build (pre-2023),"Villa/Duplex/Townhouse, 2 residents",Robust,No,No,No,,39511
2026-27,1.0,2026-07-01,Existing,"Villa/Duplex/Townhouse, 2 residents",Robust,No,No,No,,16193
2026-27,1.0,2026-07-01,New build (pre-2023),"Villa/Duplex/Townhouse, 2 residents",Robust,No,No,Yes,,42247
2026-27,1.0,2026-07-01,Existing,"Villa/Duplex/Townhouse, 2 residents",Robust,No,No,Yes,,17821
2026-27,1.0,2026-07-01,New build (pre-2023),"Villa/Duplex/Townhouse, 2 residents",Robust,No,Yes,No,,42441
2026-27,1.0,2026-07-01,Existing,"Villa/Duplex/Townhouse, 2 residents",Robust,No,Yes,No,,16501
2026-27,1.0,2026-07-01,New build (pre-2023),"Villa/Duplex/Townhouse, 2 residents",Robust,No,Yes,Yes,,45344
2026-27,1.0,2026-07-01,Existing,"Villa/Duplex/Townhouse, 2 residents",Robust,No,Yes,Yes,,18160
2026-27,1.0,2026-07-01,New build (pre-2023),"Villa/Duplex/Townhouse, 2 residents",Robust,Yes,No,No,,41815
2026-27,1.0,2026-07-01,Existing,"Villa/Duplex/Townhouse, 2 residents",Robust,Yes,No,No,,17565
2026-27,1.0,2026-07-01,New build (pre-2023),"Villa/Duplex/Townhouse, 2 residents",Robust,Yes,No,Yes,,44550
2026-27,1.0,2026-07-01,Existing,"Villa/Duplex/Townhouse, 2 residents",Robust,Yes,No,Yes,,19192
2026-27,1.0,2026-07-01,New build (pre-2023),"Villa/Duplex/Townhouse, 2 residents",Robust,Yes,Yes,No,,44746
2026-27,1.0,2026-07-01,Existing,"Villa/Duplex/Townhouse, 2 residents",Robust,Yes,Yes,No,,17899
2026-27,1.0,2026-07-01,New build (pre-2023),"Villa/Duplex/Townhouse, 2 residents",Robust,Yes,Yes,Yes,,47649
2026-27,1.0,2026-07-01,Existing,"Villa/Duplex/Townhouse, 2 residents",Robust,Yes,Yes,Yes,,19556
2026-27,1.0,2026-07-01,New build (pre-2023),"Villa/Duplex/Townhouse, 2 residents",High Physical Support,No,No,No,,40075
2026-27,1.0,2026-07-01,Existing,"Villa/Duplex/Townhouse, 2 residents",High Physical Support,No,No,No,,22633
2026-27,1.0,2026-07-01,New build (pre-2023),"Villa/Duplex/Townhouse, 2 residents",High Physical Support,No,No,Yes,,43758
2026-27,1.0,2026-07-01,Existing,"Villa/Duplex/Townhouse, 2 residents",High Physical Support,No,No,Yes,,24355
2026-27,1.0,2026-07-01,New build (pre-2023),"Villa/Duplex/Townhouse, 2 residents",High Physical Support,No,Yes,No,,42979
2026-27,1.0,2026-07-01,Existing,"Villa/Duplex/Townhouse, 2 residents",High Physical Support,No,Yes,No,,23064
2026-27,1.0,2026-07-01,New build (pre-2023),"Villa/Duplex/Townhouse, 2 residents",High Physical Support,No,Yes,Yes,,46825
2026-27,1.0,2026-07-01,Existing,"Villa/Duplex/Townhouse, 2 residents",High Physical Support,No,Yes,Yes,,24817
2026-27,1.0,2026-07-01,Existing,"Villa/Duplex/Townhouse, 3 residents",Basic,No,No,No,,5540
2026-27,1.0,2026-07-01,Existing,"Villa/Duplex/Townhouse, 3 residents",Basic,No,Yes,No,,5644
2026-27,1.0,2026-07-01,New build (pre-2023),"Villa/Duplex/Townhouse, 3 residents",Improved Liveability,No,No,No,,27878
2026-27,1.0,2026-07-01,Existing,"Villa/Duplex/Townhouse, 3 residents",Improved Liveability,No,No,No,,5737
2026-27,1.0,2026-07-01,New build (pre-2023),"Villa/Duplex/Townhouse, 3 residents",Improved Liveability,No,No,Yes,,30425
2026-27,1.0,2026-07-01,Existing,"Villa/Duplex/Townhouse, 3 residents",Improved Liveability,No,No,Yes,,6575
2026-27,1.0,2026-07-01,New build (pre-2023),"Villa/Duplex/Townhouse, 3 residents",Improved Liveability,No,Yes,No,,29995
2026-27,1.0,2026-07-01,Existing,"Villa/Duplex/Townhouse, 3 residents",Improved Liveability,No,Yes,No,,5846
2026-27,1.0,2026-07-01,New build (pre-2023),"Villa/Duplex/Townhouse, 3 residents",Improved Liveability,No,Yes,Yes,,32648
2026-27,1.0,2026-07-01,Existing,"Villa/Duplex/Townhouse, 3 residents",Improved Liveability,No,Yes,Yes,,6701
2026-27,1.0,2026-07-01,New build (pre-2023),"Villa/Duplex/Townhouse, 3 residents",Fully Accessible,No,No,No,,30201
2026-27,1.0,2026-07-01,Existing,"Villa/Duplex/Townhouse, 3 residents",Fully Accessible,No,No,No,,10738
2026-27,1.0,2026-07-01,New build (pre-2023),"Villa/Duplex/Townhouse, 3 residents",Fully Accessible,No,No,Yes,,33049
2026-27,1.0,2026-07-01,Existing,"Villa/Duplex/Townhouse, 3 residents",Fully Accessible,No,No,Yes,,11620
2026-27,1.0,2026-07-01,New build (pre-2023),"Villa/Duplex/Townhouse, 3 residents",Fully Accessible,No,Yes,No,,32316
2026-27,1.0,2026-07-01,Existing,"Villa/Duplex/Townhouse, 3 residents",Fully Accessible,No,Yes,No,,10942
2026-27,1.0,2026-07-01,New build (pre-2023),"Villa/Duplex/Townhouse, 3 residents",Fully Accessible,No,Yes,Yes,,35270
2026-27,1.0,2026-07-01,Existing,"Villa/Duplex/Townhouse, 3 residents",Fully Accessible,No,Yes,Yes,,11841
2026-27,1.0,2026-07-01,New build (pre-2023),"Villa/Duplex/Townhouse, 3 residents",Robust,No,No,No,,32779
2026-27,1.0,2026-07-01,Existing,"Villa/Duplex/Townhouse, 3 residents",Robust,No,No,No,,14127
2026-27,1.0,2026-07-01,New build (pre-2023),"Villa/Duplex/Townhouse, 3 residents",Robust,No,No,Yes,,35562
2026-27,1.0,2026-07-01,Existing,"Villa/Duplex/Townhouse, 3 residents",Robust,No,No,Yes,,15214
2026-27,1.0,2026-07-01,New build (pre-2023),"Villa/Duplex/Townhouse, 3 residents",Robust,No,Yes,No,,34963
2026-27,1.0,2026-07-01,Existing,"Villa/Duplex/Townhouse, 3 residents",Robust,No,Yes,No,,14396
2026-27,1.0,2026-07-01,New build (pre-2023),"Villa/Duplex/Townhouse, 3 residents",Robust,No,Yes,Yes,,37858
2026-27,1.0,2026-07-01,Existing,"Villa/Duplex/Townhouse, 3 residents",Robust,No,Yes,Yes,,15502
2026-27,1.0,2026-07-01,New build (pre-2023),"Villa/Duplex/Townhouse, 3 residents",Robust,Yes,No,No,,35124
2026-27,1.0,2026-07-01,Existing,"Villa/Duplex/Townhouse, 3 residents",Robust,Yes,No,No,,15040
2026-27,1.0,2026-07-01,New build (pre-2023),"Villa/Duplex/Townhouse, 3 residents",Robust,Yes,No,Yes,,37905
2026-27,1.0,2026-07-01,Existing,"Villa/Duplex/Townhouse, 3 residents",Robust,Yes,No,Yes,,16126
2026-27,1.0,2026-07-01,New build (pre-2023),"Villa/Duplex/Townhouse, 3 residents",Robust,Yes,Yes,No,,37307
2026-27,1.0,2026-07-01,Existing,"Villa/Duplex/Townhouse, 3 residents",Robust,Yes,Yes,No,,15326
2026-27,1.0,2026-07-01,New build (pre-2023),"Villa/Duplex/Townhouse, 3 residents",Robust,Yes,Yes,Yes,,40202
2026-27,1.0,2026-07-01,Existing,"Villa/Duplex/Townhouse, 3 residents",Robust,Yes,Yes,Yes,,16433
2026-27,1.0,2026-07-01,New build (pre-2023),"Villa/Duplex/Townhouse, 3 residents",High Physical Support,No,No,No,,33621
2026-27,1.0,2026-07-01,Existing,"Villa/Duplex/Townhouse, 3 residents",High Physical Support,No,No,No,,20116
2026-27,1.0,2026-07-01,New build (pre-2023),"Villa/Duplex/Townhouse, 3 residents",High Physical Support,No,No,Yes,,36469
2026-27,1.0,2026-07-01,Existing,"Villa/Duplex/Townhouse, 3 residents",High Physical Support,No,No,Yes,,21261
2026-27,1.0,2026-07-01,New build (pre-2023),"Villa/Duplex/Townhouse, 3 residents",High Physical Support,No,Yes,No,,35783
2026-27,1.0,2026-07-01,Existing,"Villa/Duplex/Townhouse, 3 residents",High Physical Support,No,Yes,No,,20496
2026-27,1.0,2026-07-01,New build (pre-2023),"Villa/Duplex/Townhouse, 3 residents",High Physical Support,No,Yes,Yes,,38742
2026-27,1.0,2026-07-01,Existing,"Villa/Duplex/Townhouse, 3 residents",High Physical Support,No,Yes,Yes,,21665
2026-27,1.0,2026-07-01,Existing,"House, 2 residents",Basic,No,No,No,,7883
2026-27,1.0,2026-07-01,Existing,"House, 2 residents",Basic,No,Yes,No,,8032
2026-27,1.0,2026-07-01,New build (pre-2023),"House, 2 residents",Improved Liveability,No,No,No,,67791
2026-27,1.0,2026-07-01,Existing,"House, 2 residents",Improved Liveability,No,No,No,,8046
2026-27,1.0,2026-07-01,New build (pre-2023),"House, 2 residents",Improved Liveability,No,No,Yes,,74288
2026-27,1.0,2026-07-01,Existing,"House, 2 residents",Improved Liveability,No,No,Yes,,9302
2026-27,1.0,2026-07-01,New build (pre-2023),"House, 2 residents",Improved Liveability,No,Yes,No,,71663
2026-27,1.0,2026-07-01,Existing,"House, 2 residents",Improved Liveability,No,Yes,No,,8200
2026-27,1.0,2026-07-01,New build (pre-2023),"House, 2 residents",Improved Liveability,No,Yes,Yes,,78421
2026-27,1.0,2026-07-01,Existing,"House, 2 residents",Improved Liveability,No,Yes,Yes,,9479
2026-27,1.0,2026-07-01,New build (pre-2023),"House, 2 residents",Fully Accessible,No,No,No,,69574
2026-27,1.0,2026-07-01,Existing,"House, 2 residents",Fully Accessible,No,No,No,,13597
2026-27,1.0,2026-07-01,New build (pre-2023),"House, 2 residents",Fully Accessible,No,No,Yes,,75830
2026-27,1.0,2026-07-01,Existing,"House, 2 residents",Fully Accessible,No,No,Yes,,14917
2026-27,1.0,2026-07-01,New build (pre-2023),"House, 2 residents",Fully Accessible,No,Yes,No,,73445
2026-27,1.0,2026-07-01,Existing,"House, 2 residents",Fully Accessible,No,Yes,No,,13854
2026-27,1.0,2026-07-01,New build (pre-2023),"House, 2 residents",Fully Accessible,No,Yes,Yes,,79964
2026-27,1.0,2026-07-01,Existing,"House, 2 residents",Fully Accessible,No,Yes,Yes,,15200
2026-27,1.0,2026-07-01,New build (pre-2023),"House, 2 residents",Robust,No,No,No,,77083
2026-27,1.0,2026-07-01,Existing,"House, 2 residents",Robust,No,No,No,,17647
2026-27,1.0,2026-07-01,New build (pre-2023),"House, 2 residents",Robust,No,No,Yes,,83589
2026-27,1.0,2026-07-01,Existing,"House, 2 residents",Robust,No,No,Yes,,19276
2026-27,1.0,2026-07-01,New build (pre-2023),"House, 2 residents",Robust,No,Yes,No,,81106
2026-27,1.0,2026-07-01,Existing,"House, 2 residents",Robust,No,Yes,No,,17982
2026-27,1.0,2026-07-01,New build (pre-2023),"House, 2 residents",Robust,No,Yes,Yes,,87893
2026-27,1.0,2026-07-01,Existing,"House, 2 residents",Robust,No,Yes,Yes,,19642
2026-27,1.0,2026-07-01,New build (pre-2023),"House, 2 residents",Robust,Yes,No,No,,82564
2026-27,1.0,2026-07-01,Existing,"House, 2 residents",Robust,Yes,No,No,,19018
2026-27,1.0,2026-07-01,New build (pre-2023),"House, 2 residents",Robust,Yes,No,Yes,,89070
2026-27,1.0,2026-07-01,Existing,"House, 2 residents",Robust,Yes,No,Yes,,20648
2026-27,1.0,2026-07-01,New build (pre-2023),"House, 2 residents",Robust,Yes,Yes,No,,86588
2026-27,1.0,2026-07-01,Existing,"House, 2 residents",Robust,Yes,Yes,No,,19380
2026-27,1.0,2026-07-01,New build (pre-2023),"House, 2 residents",Robust,Yes,Yes,Yes,,93375
2026-27,1.0,2026-07-01,Existing,"House, 2 residents",Robust,Yes,Yes,Yes,,21040
2026-27,1.0,2026-07-01,New build (pre-2023),"House, 2 residents",High Physical Support,No,No,No,,81767
2026-27,1.0,2026-07-01,Existing,"House, 2 residents",High Physical Support,No,No,No,,24130
2026-27,1.0,2026-07-01,New build (pre-2023),"House, 2 residents",High Physical Support,No,No,Yes,,88821
2026-27,1.0,2026-07-01,Existing,"House, 2 residents",High Physical Support,No,No,Yes,,25849
2026-27,1.0,2026-07-01,New build (pre-2023),"House, 2 residents",High Physical Support,No,Yes,No,,85740
2026-27,1.0,2026-07-01,Existing,"House, 2 residents",High Physical Support,No,Yes,No,,24588
2026-27,1.0,2026-07-01,New build (pre-2023),"House, 2 residents",High Physical Support,No,Yes,Yes,,93068
2026-27,1.0,2026-07-01,Existing,"House, 2 residents",High Physical Support,No,Yes,Yes,,26340
2026-27,1.0,2026-07-01,Existing,"House, 3 residents",Basic,No,No,No,,6049
2026-27,1.0,2026-07-01,Existing,"House, 3 residents",Basic,No,Yes,No,,6164
2026-27,1.0,2026-07-01,New build (pre-2023),"House, 3 residents",Improved Liveability,No,No,No,,47551
2026-27,1.0,2026-07-01,Existing,"House, 3 residents",Improved Liveability,No,No,No,,7216
2026-27,1.0,2026-07-01,New build (pre-2023),"House, 3 residents",Improved Liveability,No,No,Yes,,51205
2026-27,1.0,2026-07-01,Existing,"House, 3 residents",Improved Liveability,No,No,Yes,,8156
2026-27,1.0,2026-07-01,New build (pre-2023),"House, 3 residents",Improved Liveability,No,Yes,No,,50354
2026-27,1.0,2026-07-01,Existing,"House, 3 residents",Improved Liveability,No,Yes,No,,7354
2026-27,1.0,2026-07-01,New build (pre-2023),"House, 3 residents",Improved Liveability,No,Yes,Yes,,54186
2026-27,1.0,2026-07-01,Existing,"House, 3 residents",Improved Liveability,No,Yes,Yes,,8310
2026-27,1.0,2026-07-01,New build (pre-2023),"House, 3 residents",Fully Accessible,No,No,No,,48881
2026-27,1.0,2026-07-01,Existing,"House, 3 residents",Fully Accessible,No,No,No,,12784
2026-27,1.0,2026-07-01,New build (pre-2023),"House, 3 residents",Fully Accessible,No,No,Yes,,52463
2026-27,1.0,2026-07-01,Existing,"House, 3 residents",Fully Accessible,No,No,Yes,,13775
2026-27,1.0,2026-07-01,New build (pre-2023),"House, 3 residents",Fully Accessible,No,Yes,No,,51684
2026-27,1.0,2026-07-01,Existing,"House, 3 residents",Fully Accessible,No,Yes,No,,13028
2026-27,1.0,2026-07-01,New build (pre-2023),"House, 3 residents",Fully Accessible,No,Yes,Yes,,55443
2026-27,1.0,2026-07-01,Existing,"House, 3 residents",Fully Accessible,No,Yes,Yes,,14035
2026-27,1.0,2026-07-01,New build (pre-2023),"House, 3 residents",Robust,No,No,No,,52828
2026-27,1.0,2026-07-01,Existing,"House, 3 residents",Robust,No,No,No,,16389
2026-27,1.0,2026-07-01,New build (pre-2023),"House, 3 residents",Robust,No,No,Yes,,57624
2026-27,1.0,2026-07-01,Existing,"House, 3 residents",Robust,No,No,Yes,,17588
2026-27,1.0,2026-07-01,New build (pre-2023),"House, 3 residents",Robust,No,Yes,No,,55748
2026-27,1.0,2026-07-01,Existing,"House, 3 residents",Robust,No,Yes,No,,16700
2026-27,1.0,2026-07-01,New build (pre-2023),"House, 3 residents",Robust,No,Yes,Yes,,60736
2026-27,1.0,2026-07-01,Existing,"House, 3 residents",Robust,No,Yes,Yes,,17922
2026-27,1.0,2026-07-01,New build (pre-2023),"House, 3 residents",Robust,Yes,No,No,,56869
2026-27,1.0,2026-07-01,Existing,"House, 3 residents",Robust,Yes,No,No,,17398
2026-27,1.0,2026-07-01,New build (pre-2023),"House, 3 residents",Robust,Yes,No,Yes,,61667
2026-27,1.0,2026-07-01,Existing,"House, 3 residents",Robust,Yes,No,Yes,,18597
2026-27,1.0,2026-07-01,New build (pre-2023),"House, 3 residents",Robust,Yes,Yes,No,,59789
2026-27,1.0,2026-07-01,Existing,"House, 3 residents",Robust,Yes,Yes,No,,17729
2026-27,1.0,2026-07-01,New build (pre-2023),"House, 3 residents",Robust,Yes,Yes,Yes,,64778
2026-27,1.0,2026-07-01,Existing,"House, 3 residents",Robust,Yes,Yes,Yes,,18950
2026-27,1.0,2026-07-01,New build (pre-2023),"House, 3 residents",High Physical Support,No,No,No,,57685
2026-27,1.0,2026-07-01,Existing,"House, 3 residents",High Physical Support,No,No,No,,25133
2026-27,1.0,2026-07-01,New build (pre-2023),"House, 3 residents",High Physical Support,No,No,Yes,,61539
2026-27,1.0,2026-07-01,Existing,"House, 3 residents",High Physical Support,No,No,Yes,,26521
2026-27,1.0,2026-07-01,New build (pre-2023),"House, 3 residents",High Physical Support,No,Yes,No,,60564
2026-27,1.0,2026-07-01,Existing,"House, 3 residents",High Physical Support,No,Yes,No,,25611
2026-27,1.0,2026-07-01,New build (pre-2023),"House, 3 residents",High Physical Support,No,Yes,Yes,,64608
2026-27,1.0,2026-07-01,Existing,"House, 3 residents",High Physical Support,No,Yes,Yes,,27027
2026-27,1.0,2026-07-01,Existing,"Group home, 4 residents",Basic,No,No,No,,7462
2026-27,1.0,2026-07-01,Existing,"Group home, 4 residents",Basic,No,Yes,No,,7604
2026-27,1.0,2026-07-01,New build (pre-2023),"Group home, 4 residents",Improved Liveability,No,No,No,,39310
2026-27,1.0,2026-07-01,Existing,"Group home, 4 residents",Improved Liveability,No,No,No,,7702
2026-27,1.0,2026-07-01,New build (pre-2023),"Group home, 4 residents",Improved Liveability,No,No,Yes,,41919
2026-27,1.0,2026-07-01,Existing,"Group home, 4 residents",Improved Liveability,No,No,Yes,,8417
2026-27,1.0,2026-07-01,New build (pre-2023),"Group home, 4 residents",Improved Liveability,No,Yes,No,,41590
2026-27,1.0,2026-07-01,Existing,"Group home, 4 residents",Improved Liveability,No,Yes,No,,7848
2026-27,1.0,2026-07-01,New build (pre-2023),"Group home, 4 residents",Improved Liveability,No,Yes,Yes,,44269
2026-27,1.0,2026-07-01,Existing,"Group home, 4 residents",Improved Liveability,No,Yes,Yes,,8576
2026-27,1.0,2026-07-01,New build (pre-2023),"Group home, 4 residents",Fully Accessible,No,No,No,,40789
2026-27,1.0,2026-07-01,Existing,"Group home, 4 residents",Fully Accessible,No,No,No,,12846
2026-27,1.0,2026-07-01,New build (pre-2023),"Group home, 4 residents",Fully Accessible,No,No,Yes,,43120
2026-27,1.0,2026-07-01,Existing,"Group home, 4 residents",Fully Accessible,No,No,Yes,,13601
2026-27,1.0,2026-07-01,New build (pre-2023),"Group home, 4 residents",Fully Accessible,No,Yes,No,,43069
2026-27,1.0,2026-07-01,Existing,"Group home, 4 residents",Fully Accessible,No,Yes,No,,13090
2026-27,1.0,2026-07-01,New build (pre-2023),"Group home, 4 residents",Fully Accessible,No,Yes,Yes,,45470
2026-27,1.0,2026-07-01,Existing,"Group home, 4 residents",Fully Accessible,No,Yes,Yes,,13861
2026-27,1.0,2026-07-01,New build (pre-2023),"Group home, 4 residents",Robust,No,No,No,,44336
2026-27,1.0,2026-07-01,Existing,"Group home, 4 residents",Robust,No,No,No,,16246
2026-27,1.0,2026-07-01,New build (pre-2023),"Group home, 4 residents",Robust,No,No,Yes,,47531
2026-27,1.0,2026-07-01,Existing,"Group home, 4 residents",Robust,No,No,Yes,,17155
2026-27,1.0,2026-07-01,New build (pre-2023),"Group home, 4 residents",Robust,No,Yes,No,,46716
2026-27,1.0,2026-07-01,Existing,"Group home, 4 residents",Robust,No,Yes,No,,16555
2026-27,1.0,2026-07-01,New build (pre-2023),"Group home, 4 residents",Robust,No,Yes,Yes,,49985
2026-27,1.0,2026-07-01,Existing,"Group home, 4 residents",Robust,No,Yes,Yes,,17482
2026-27,1.0,2026-07-01,New build (pre-2023),"Group home, 4 residents",Robust,Yes,No,No,,47028
2026-27,1.0,2026-07-01,Existing,"Group home, 4 residents",Robust,Yes,No,No,,17012
2026-27,1.0,2026-07-01,New build (pre-2023),"Group home, 4 residents",Robust,Yes,No,Yes,,50223
2026-27,1.0,2026-07-01,Existing,"Group home, 4 residents",Robust,Yes,No,Yes,,17922
2026-27,1.0,2026-07-01,New build (pre-2023),"Group home, 4 residents",Robust,Yes,Yes,No,,49407
2026-27,1.0,2026-07-01,Existing,"Group home, 4 residents",Robust,Yes,Yes,No,,17334
2026-27,1.0,2026-07-01,New build (pre-2023),"Group home, 4 residents",Robust,Yes,Yes,Yes,,52676
2026-27,1.0,2026-07-01,Existing,"Group home, 4 residents",Robust,Yes,Yes,Yes,,18262
2026-27,1.0,2026-07-01,New build (pre-2023),"Group home, 4 residents",High Physical Support,No,No,No,,47689
2026-27,1.0,2026-07-01,Existing,"Group home, 4 residents",High Physical Support,No,No,No,,24147
2026-27,1.0,2026-07-01,New build (pre-2023),"Group home, 4 residents",High Physical Support,No,No,Yes,,50585
2026-27,1.0,2026-07-01,Existing,"Group home, 4 residents",High Physical Support,No,No,Yes,,25191
2026-27,1.0,2026-07-01,New build (pre-2023),"Group home, 4 residents",High Physical Support,No,Yes,No,,50035
2026-27,1.0,2026-07-01,Existing,"Group home, 4 residents",High Physical Support,No,Yes,No,,24605
2026-27,1.0,2026-07-01,New build (pre-2023),"Group home, 4 residents",High Physical Support,No,Yes,Yes,,53005
2026-27,1.0,2026-07-01,Existing,"Group home, 4 residents",High Physical Support,No,Yes,Yes,,25670
2026-27,1.0,2026-07-01,Existing,"Group home, 5 residents",Basic,No,No,No,,5993
2026-27,1.0,2026-07-01,Existing,"Group home, 5 residents",Basic,No,Yes,No,,6108
2026-27,1.0,2026-07-01,New build (pre-2023),"Group home, 5 residents",Improved Liveability,No,No,No,,32783
2026-27,1.0,2026-07-01,Existing,"Group home, 5 residents",Improved Liveability,No,No,No,,6188
2026-27,1.0,2026-07-01,New build (pre-2023),"Group home, 5 residents",Improved Liveability,No,No,Yes,,34499
2026-27,1.0,2026-07-01,Existing,"Group home, 5 residents",Improved Liveability,No,No,Yes,,6752
2026-27,1.0,2026-07-01,New build (pre-2023),"Group home, 5 residents",Improved Liveability,No,Yes,No,,34660
2026-27,1.0,2026-07-01,Existing,"Group home, 5 residents",Improved Liveability,No,Yes,No,,6305
2026-27,1.0,2026-07-01,New build (pre-2023),"Group home, 5 residents",Improved Liveability,No,Yes,Yes,,36433
2026-27,1.0,2026-07-01,Existing,"Group home, 5 residents",Improved Liveability,No,Yes,Yes,,6881
2026-27,1.0,2026-07-01,New build (pre-2023),"Group home, 5 residents",Fully Accessible,No,No,No,,34123
2026-27,1.0,2026-07-01,Existing,"Group home, 5 residents",Fully Accessible,No,No,No,,10991
2026-27,1.0,2026-07-01,New build (pre-2023),"Group home, 5 residents",Fully Accessible,No,No,Yes,,36808
2026-27,1.0,2026-07-01,Existing,"Group home, 5 residents",Fully Accessible,No,No,Yes,,11589
2026-27,1.0,2026-07-01,New build (pre-2023),"Group home, 5 residents",Fully Accessible,No,Yes,No,,36001
2026-27,1.0,2026-07-01,Existing,"Group home, 5 residents",Fully Accessible,No,Yes,No,,11200
2026-27,1.0,2026-07-01,New build (pre-2023),"Group home, 5 residents",Fully Accessible,No,Yes,Yes,,38741
2026-27,1.0,2026-07-01,Existing,"Group home, 5 residents",Fully Accessible,No,Yes,Yes,,11808
2026-27,1.0,2026-07-01,New build (pre-2023),"Group home, 5 residents",Robust,No,No,No,,37702
2026-27,1.0,2026-07-01,Existing,"Group home, 5 residents",Robust,No,No,No,,14027
2026-27,1.0,2026-07-01,New build (pre-2023),"Group home, 5 residents",Robust,No,No,Yes,,38955
2026-27,1.0,2026-07-01,Existing,"Group home, 5 residents",Robust,No,No,Yes,,14751
2026-27,1.0,2026-07-01,New build (pre-2023),"Group home, 5 residents",Robust,No,Yes,No,,39665
2026-27,1.0,2026-07-01,Existing,"Group home, 5 residents",Robust,No,Yes,No,,14294
2026-27,1.0,2026-07-01,New build (pre-2023),"Group home, 5 residents",Robust,No,Yes,Yes,,40975
2026-27,1.0,2026-07-01,Existing,"Group home, 5 residents",Robust,No,Yes,Yes,,15031
2026-27,1.0,2026-07-01,New build (pre-2023),"Group home, 5 residents",Robust,Yes,No,No,,38757
2026-27,1.0,2026-07-01,Existing,"Group home, 5 residents",Robust,Yes,No,No,,14632
2026-27,1.0,2026-07-01,New build (pre-2023),"Group home, 5 residents",Robust,Yes,No,Yes,,40010
2026-27,1.0,2026-07-01,Existing,"Group home, 5 residents",Robust,Yes,No,Yes,,15353
2026-27,1.0,2026-07-01,New build (pre-2023),"Group home, 5 residents",Robust,Yes,Yes,No,,40720
2026-27,1.0,2026-07-01,Existing,"Group home, 5 residents",Robust,Yes,Yes,No,,14911
2026-27,1.0,2026-07-01,New build (pre-2023),"Group home, 5 residents",Robust,Yes,Yes,Yes,,42031
2026-27,1.0,2026-07-01,Existing,"Group home, 5 residents",Robust,Yes,Yes,Yes,,15646
2026-27,1.0,2026-07-01,New build (pre-2023),"Group home, 5 residents",High Physical Support,No,No,No,,39886
2026-27,1.0,2026-07-01,Existing,"Group home, 5 residents",High Physical Support,No,No,No,,21366
2026-27,1.0,2026-07-01,New build (pre-2023),"Group home, 5 residents",High Physical Support,No,No,Yes,,42164
2026-27,1.0,2026-07-01,Existing,"Group home, 5 residents",High Physical Support,No,No,Yes,,22188
2026-27,1.0,2026-07-01,New build (pre-2023),"Group home, 5 residents",High Physical Support,No,Yes,No,,41820
2026-27,1.0,2026-07-01,Existing,"Group home, 5 residents",High Physical Support,No,Yes,No,,21771
2026-27,1.0,2026-07-01,New build (pre-2023),"Group home, 5 residents",High Physical Support,No,Yes,Yes,,44156
2026-27,1.0,2026-07-01,Existing,"Group home, 5 residents",High Physical Support,No,Yes,Yes,,22610
2026-27,1.0,2026-07-01,Legacy,"Legacy, 6 residents",Basic,No,No,No,,4585
2026-27,1.0,2026-07-01,Legacy,"Legacy, 6 residents",Basic,No,No,Yes,,4585
2026-27,1.0,2026-07-01,Legacy,"Legacy, 6 residents",Basic,No,Yes,No,,4671
2026-27,1.0,2026-07-01,Legacy,"Legacy, 6 residents",Basic,No,Yes,Yes,,4671
2026-27,1.0,2026-07-01,Legacy,"Legacy, 6 residents",Improved Liveability,No,No,No,,4763
2026-27,1.0,2026-07-01,Legacy,"Legacy, 6 residents",Improved Liveability,No,No,Yes,,5284
2026-27,1.0,2026-07-01,Legacy,"Legacy, 6 residents",Improved Liveability,No,Yes,No,,4853
2026-27,1.0,2026-07-01,Legacy,"Legacy, 6 residents",Improved Liveability,No,Yes,Yes,,5386
2026-27,1.0,2026-07-01,Legacy,"Legacy, 6 residents",Fully Accessible,No,No,No,,9183
2026-27,1.0,2026-07-01,Legacy,"Legacy, 6 residents",Fully Accessible,No,No,Yes,,9734
2026-27,1.0,2026-07-01,Legacy,"Legacy, 6 residents",Fully Accessible,No,Yes,No,,9358
2026-27,1.0,2026-07-01,Legacy,"Legacy, 6 residents",Fully Accessible,No,Yes,Yes,,9919
2026-27,1.0,2026-07-01,Legacy,"Legacy, 6 residents",Robust,No,No,No,,11977
2026-27,1.0,2026-07-01,Legacy,"Legacy, 6 residents",Robust,No,No,Yes,,12640
2026-27,1.0,2026-07-01,Legacy,"Legacy, 6 residents",Robust,No,Yes,No,,12204
2026-27,1.0,2026-07-01,Legacy,"Legacy, 6 residents",Robust,No,Yes,Yes,,12880
2026-27,1.0,2026-07-01,Legacy,"Legacy, 6 residents",High Physical Support,No,No,No,,18729
2026-27,1.0,2026-07-01,Legacy,"Legacy, 6 residents",High Physical Support,No,No,Yes,,19486
2026-27,1.0,2026-07-01,Legacy,"Legacy, 6 residents",High Physical Support,No,Yes,No,,19084
2026-27,1.0,2026-07-01,Legacy,"Legacy, 6 residents",High Physical Support,No,Yes,Yes,,19856
2026-27,1.0,2026-07-01,Legacy,"Legacy, 7 residents",Basic,No,No,No,,3448
2026-27,1.0,2026-07-01,Legacy,"Legacy, 7 residents",Basic,No,No,Yes,,3448
2026-27,1.0,2026-07-01,Legacy,"Legacy, 7 residents",Basic,No,Yes,No,,3514
2026-27,1.0,2026-07-01,Legacy,"Legacy, 7 residents",Basic,No,Yes,Yes,,3514
2026-27,1.0,2026-07-01,Legacy,"Legacy, 7 residents",Improved Liveability,No,No,No,,3616
2026-27,1.0,2026-07-01,Legacy,"Legacy, 7 residents",Improved Liveability,No,No,Yes,,4102
2026-27,1.0,2026-07-01,Legacy,"Legacy, 7 residents",Improved Liveability,No,Yes,No,,3686
2026-27,1.0,2026-07-01,Legacy,"Legacy, 7 residents",Improved Liveability,No,Yes,Yes,,4181
2026-27,1.0,2026-07-01,Legacy,"Legacy, 7 residents",Fully Accessible,No,No,No,,7728
2026-27,1.0,2026-07-01,Legacy,"Legacy, 7 residents",Fully Accessible,No,No,Yes,,8240
2026-27,1.0,2026-07-01,Legacy,"Legacy, 7 residents",Fully Accessible,No,Yes,No,,7873
2026-27,1.0,2026-07-01,Legacy,"Legacy, 7 residents",Fully Accessible,No,Yes,Yes,,8396
2026-27,1.0,2026-07-01,Legacy,"Legacy, 7 residents",Robust,No,No,No,,10327
2026-27,1.0,2026-07-01,Legacy,"Legacy, 7 residents",Robust,No,No,Yes,,10941
2026-27,1.0,2026-07-01,Legacy,"Legacy, 7 residents",Robust,No,Yes,No,,10524
2026-27,1.0,2026-07-01,Legacy,"Legacy, 7 residents",Robust,No,Yes,Yes,,11149
2026-27,1.0,2026-07-01,Legacy,"Legacy, 7 residents",High Physical Support,No,No,No,,16607
2026-27,1.0,2026-07-01,Legacy,"Legacy, 7 residents",High Physical Support,No,No,Yes,,17311
2026-27,1.0,2026-07-01,Legacy,"Legacy, 7 residents",High Physical Support,No,Yes,No,,16922
2026-27,1.0,2026-07-01,Legacy,"Legacy, 7 residents",High Physical Support,No,Yes,Yes,,17639
2026-27,1.0,2026-07-01,Legacy,"Legacy, 8 residents",Basic,No,No,No,,2525
2026-27,1.0,2026-07-01,Legacy,"Legacy, 8 residents",Basic,No,No,Yes,,2525
2026-27,1.0,2026-07-01,Legacy,"Legacy, 8 residents",Basic,No,Yes,No,,2572
2026-27,1.0,2026-07-01,Legacy,"Legacy, 8 residents",Basic,No,Yes,Yes,,2572
2026-27,1.0,2026-07-01,Legacy,"Legacy, 8 residents",Improved Liveability,No,No,No,,2679
2026-27,1.0,2026-07-01,Legacy,"Legacy, 8 residents",Improved Liveability,No,No,Yes,,3136
2026-27,1.0,2026-07-01,Legacy,"Legacy, 8 residents",Improved Liveability,No,Yes,No,,2730
2026-27,1.0,2026-07-01,Legacy,"Legacy, 8 residents",Improved Liveability,No,Yes,Yes,,3197
2026-27,1.0,2026-07-01,Legacy,"Legacy, 8 residents",Fully Accessible,No,No,No,,6541
2026-27,1.0,2026-07-01,Legacy,"Legacy, 8 residents",Fully Accessible,No,No,Yes,,7020
2026-27,1.0,2026-07-01,Legacy,"Legacy, 8 residents",Fully Accessible,No,Yes,No,,6664
2026-27,1.0,2026-07-01,Legacy,"Legacy, 8 residents",Fully Accessible,No,Yes,Yes,,7153
2026-27,1.0,2026-07-01,Legacy,"Legacy, 8 residents",Robust,No,No,No,,8979
2026-27,1.0,2026-07-01,Legacy,"Legacy, 8 residents",Robust,No,No,Yes,,9558
2026-27,1.0,2026-07-01,Legacy,"Legacy, 8 residents",Robust,No,Yes,No,,9150
2026-27,1.0,2026-07-01,Legacy,"Legacy, 8 residents",Robust,No,Yes,Yes,,9740
2026-27,1.0,2026-07-01,Legacy,"Legacy, 8 residents",High Physical Support,No,No,No,,14876
2026-27,1.0,2026-07-01,Legacy,"Legacy, 8 residents",High Physical Support,No,No,Yes,,15536
2026-27,1.0,2026-07-01,Legacy,"Legacy, 8 residents",High Physical Support,No,Yes,No,,15160
2026-27,1.0,2026-07-01,Legacy,"Legacy, 8 residents",High Physical Support,No,Yes,Yes,,15832
2026-27,1.0,2026-07-01,Legacy,"Legacy, 9 residents",Basic,No,No,No,,1761
2026-27,1.0,2026-07-01,Legacy,"Legacy, 9 residents",Basic,No,No,Yes,,1761
2026-27,1.0,2026-07-01,Legacy,"Legacy, 9 residents",Basic,No,Yes,No,,1795
2026-27,1.0,2026-07-01,Legacy,"Legacy, 9 residents",Basic,No,Yes,Yes,,1795
2026-27,1.0,2026-07-01,Legacy,"Legacy, 9 residents",Improved Liveability,No,No,No,,1911
2026-27,1.0,2026-07-01,Legacy,"Legacy, 9 residents",Improved Liveability,No,No,Yes,,2339
2026-27,1.0,2026-07-01,Legacy,"Legacy, 9 residents",Improved Liveability,No,Yes,No,,1948
2026-27,1.0,2026-07-01,Legacy,"Legacy, 9 residents",Improved Liveability,No,Yes,Yes,,2383
2026-27,1.0,2026-07-01,Legacy,"Legacy, 9 residents",Fully Accessible,No,No,No,,5561
2026-27,1.0,2026-07-01,Legacy,"Legacy, 9 residents",Fully Accessible,No,No,Yes,,6018
2026-27,1.0,2026-07-01,Legacy,"Legacy, 9 residents",Fully Accessible,No,Yes,No,,5666
2026-27,1.0,2026-07-01,Legacy,"Legacy, 9 residents",Fully Accessible,No,Yes,Yes,,6132
2026-27,1.0,2026-07-01,Legacy,"Legacy, 9 residents",Robust,No,No,No,,7870
2026-27,1.0,2026-07-01,Legacy,"Legacy, 9 residents",Robust,No,No,Yes,,8418
2026-27,1.0,2026-07-01,Legacy,"Legacy, 9 residents",Robust,No,Yes,No,,8021
2026-27,1.0,2026-07-01,Legacy,"Legacy, 9 residents",Robust,No,Yes,Yes,,8577
2026-27,1.0,2026-07-01,Legacy,"Legacy, 9 residents",High Physical Support,No,No,No,,13448
2026-27,1.0,2026-07-01,Legacy,"Legacy, 9 residents",High Physical Support,No,No,Yes,,14074
2026-27,1.0,2026-07-01,Legacy,"Legacy, 9 residents",High Physical Support,No,Yes,No,,13705
2026-27,1.0,2026-07-01,Legacy,"Legacy, 9 residents",High Physical Support,No,Yes,Yes,,14341
2026-27,1.0,2026-07-01,Legacy,"Legacy, 10 residents",Basic,No,No,No,,1127
2026-27,1.0,2026-07-01,Legacy,"Legacy, 10 residents",Basic,No,No,Yes,,1127
2026-27,1.0,2026-07-01,Legacy,"Legacy, 10 residents",Basic,No,Yes,No,,1147
2026-27,1.0,2026-07-01,Legacy,"Legacy, 10 residents",Basic,No,Yes,Yes,,1147
2026-27,1.0,2026-07-01,Legacy,"Legacy, 10 residents",Improved Liveability,No,No,No,,1269
2026-27,1.0,2026-07-01,Legacy,"Legacy, 10 residents",Improved Liveability,No,No,Yes,,1682
2026-27,1.0,2026-07-01,Legacy,"Legacy, 10 residents",Improved Liveability,No,Yes,No,,1294
2026-27,1.0,2026-07-01,Legacy,"Legacy, 10 residents",Improved Liveability,No,Yes,Yes,,1713
2026-27,1.0,2026-07-01,Legacy,"Legacy, 10 residents",Fully Accessible,No,No,No,,4748
2026-27,1.0,2026-07-01,Legacy,"Legacy, 10 residents",Fully Accessible,No,No,Yes,,5181
2026-27,1.0,2026-07-01,Legacy,"Legacy, 10 residents",Fully Accessible,No,Yes,No,,4838
2026-27,1.0,2026-07-01,Legacy,"Legacy, 10 residents",Fully Accessible,No,Yes,Yes,,5279
2026-27,1.0,2026-07-01,Legacy,"Legacy, 10 residents",Robust,No,No,No,,6950
2026-27,1.0,2026-07-01,Legacy,"Legacy, 10 residents",Robust,No,No,Yes,,7467
2026-27,1.0,2026-07-01,Legacy,"Legacy, 10 residents",Robust,No,Yes,No,,7082
2026-27,1.0,2026-07-01,Legacy,"Legacy, 10 residents",Robust,No,Yes,Yes,,7611
2026-27,1.0,2026-07-01,Legacy,"Legacy, 10 residents",High Physical Support,No,No,No,,12264
2026-27,1.0,2026-07-01,Legacy,"Legacy, 10 residents",High Physical Support,No,No,Yes,,12860
2026-27,1.0,2026-07-01,Legacy,"Legacy, 10 residents",High Physical Support,No,Yes,No,,12497
2026-27,1.0,2026-07-01,Legacy,"Legacy, 10 residents",High Physical Support,No,Yes,Yes,,13104
