sal_code,sal_name,state,sa3_code,dwellings,persons
10001,Aarons Pass,NSW,10303,21,26
10002,Abbotsbury,NSW,12702,1287,4205
10003,Abbotsford (NSW),NSW,12001,2527,5451
10004,Abercrombie,NSW,10301,409,1127
10005,Abercrombie River,NSW,10301,18,21
10006,Aberdare,NSW,10601,1100,2525
10007,Aberdeen (NSW),NSW,10604,948,2073
10008,Aberfoyle,NSW,11001,56,118
10009,Aberglasslyn,NSW,10602,2286,6554
10010,Abermain,NSW,10601,978,2529
10011,Abernethy,NSW,10601,115,319
10012,Abington (NSW),NSW,11001,14,29
10013,Acacia Creek,NSW,11002,18,30
10014,Acacia Gardens,NSW,11601,0,0
10014,Acacia Gardens,NSW,11602,1144,3678
10015,Adaminaby,NSW,10103,234,351
10016,Adamstown,NSW,11103,2813,6320
10017,Adamstown Heights,NSW,11103,2122,5612
10018,Adelong,NSW,11302,443,937
10019,Adjungbilly,NSW,11303,43,103
10020,Afterlee,NSW,11202,20,32
10021,Agnes Banks,NSW,12404,335,989
10022,Airds,NSW,12302,1201,3261
10023,Akolele,NSW,10104,87,163
10024,Albert,NSW,10302,30,78
10025,Albion Park,NSW,10703,4928,13811
10026,Albion Park Rail,NSW,10703,2812,6905
10027,Albury,NSW,10901,2633,4903
10028,Aldavilla,NSW,10802,279,1440
10029,Alectown,NSW,10302,72,156
10030,Alexandria,NSW,11703,5291,9658
10031,Alfords Point,NSW,12802,969,3136
10032,Alfredtown,NSW,11303,32,80
10033,Alice,NSW,10401,3,4
10034,Alison (Central Coast - NSW),NSW,10202,27,85
10035,Alison (Dungog - NSW),NSW,10601,49,99
10036,Allambie Heights,NSW,12203,2518,7331
10037,Allandale (NSW),NSW,10601,42,73
10038,Allawah,NSW,11904,2278,5382
10039,Alleena,NSW,10302,36,60
10040,Allgomera,NSW,10802,63,136
10041,Allworth,NSW,10801,101,186
10042,Allynbrook,NSW,10601,36,54
10043,Alma Park,NSW,10901,27,57
10044,Alpine,NSW,11402,61,139
10045,Alstonvale,NSW,11201,172,429
10046,Alstonville,NSW,11201,2714,5902
10047,Alumy Creek,NSW,10401,32,86
10048,Amaroo (NSW),NSW,10304,13,44
10049,Ambarvale,NSW,12302,2578,7264
10050,Amosfield,NSW,11002,36,40
10051,Anabranch North,NSW,10902,5,6
10052,Anabranch South,NSW,10902,24,41
10053,Anambah,NSW,10602,20,64
10054,Ando,NSW,10103,28,49
10055,Anembo,NSW,10102,26,67
10056,Angledale,NSW,10104,69,170
10057,Angledool,NSW,10501,19,35
10058,Anglers Reach,NSW,10103,130,84
10059,Angourie,NSW,10401,158,196
10060,Angus,NSW,11602,140,378
10061,Anna Bay,NSW,10603,2028,4208
10062,Annandale (NSW),NSW,11703,17,23
10062,Annandale (NSW),NSW,12002,4408,9460
10063,Annangrove,NSW,11502,450,1465
10064,Appin (NSW),NSW,12303,1014,3220
10065,Apple Tree Flat,NSW,10303,22,46
10066,Appleby,NSW,11004,17,35
10067,Appletree Flat,NSW,10601,9,16
10068,Apsley (NSW),NSW,10503,49,117
10069,Arable,NSW,10103,7,21
10070,Arakoon,NSW,10802,271,442
10071,Araluen (NSW),NSW,10102,145,212
10072,Aratula (NSW),NSW,10903,0,4
10073,Arcadia (NSW),NSW,11502,482,1480
10074,Arcadia Vale,NSW,11102,610,1441
10075,Ardglen,NSW,11004,39,47
10076,Arding,NSW,11001,88,190
10077,Ardlethan,NSW,10302,20,34
10077,Ardlethan,NSW,11301,16,11
10077,Ardlethan,NSW,11303,248,425
10078,Argalong,NSW,11302,4,20
10079,Argenton,NSW,11101,623,1351
10080,Argents Hill,NSW,10802,94,205
10081,Argoon,NSW,10903,8,7
10081,Argoon,NSW,11301,0,3
10082,Ariah Park,NSW,10302,22,41
10082,Ariah Park,NSW,11303,196,392
10083,Arkell,NSW,10301,20,36
10084,Arkstone,NSW,10301,12,24
10085,Armatree,NSW,10503,86,164
10086,Armidale,NSW,11001,10440,23987
10087,Arncliffe,NSW,11904,4889,12027
10088,Arndell Park,NSW,11601,0,0
10088,Arndell Park,NSW,11603,0,0
10089,Arrawarra,NSW,10402,400,593
10090,Arrawarra Headland,NSW,10402,254,625
10091,Artarmon,NSW,12101,4070,9429
10092,Arthurville,NSW,10503,16,47
10093,Arumpo,NSW,10902,24,39
10094,Ashbury,NSW,12003,1186,3356
10095,Ashby (NSW),NSW,10401,154,321
10096,Ashby Heights,NSW,10401,133,289
10097,Ashby Island,NSW,10401,13,18
10098,Ashcroft,NSW,12701,1314,3634
10099,Ashfield (NSW),NSW,12003,10698,23017
10100,Ashford (NSW),NSW,11002,350,650
10101,Ashley,NSW,11003,151,361
10102,Ashmont,NSW,11303,1681,3758
10103,Ashtonfield,NSW,10602,1663,4583
10104,Asquith,NSW,12102,2437,6150
10105,Atholwood,NSW,11002,43,69
10106,Attunga,NSW,11004,248,541
10107,Auburn (NSW),NSW,12501,12930,39310
10108,Auburn Vale,NSW,11002,53,127
10109,Austinmer,NSW,10704,1109,2723
10110,Austral,NSW,12701,2271,6824
10111,Austral Eden,NSW,10802,62,145
10112,Avalon Beach,NSW,12202,3977,10350
10113,Avisford,NSW,10303,27,45
10114,Avoca (NSW),NSW,11402,86,208
10115,Avoca Beach,NSW,10201,2187,4692
10116,Avon (NSW),NSW,10702,0,0
10117,Avondale (NSW),NSW,10701,714,1703
10118,Avonside,NSW,10103,67,157
10119,Awaba,NSW,11102,141,432
10120,Aylmerton,NSW,11402,88,201
10121,Baan Baa,NSW,11003,79,163
10122,Babinda (NSW),NSW,10501,9,14
10123,Babyl Creek,NSW,11202,3,4
10124,Back Creek (Bland - NSW),NSW,10302,26,54
10125,Back Creek (Gwydir - NSW),NSW,11002,4,20
10126,Back Creek (Mid-Coast - NSW),NSW,10805,13,20
10127,Back Creek (Queanbeyan-Palerang Regional - NSW),NSW,10102,20,7
10128,Back Creek (Tenterfield - NSW),NSW,11002,4,4
10129,Back Creek (Tweed - NSW),NSW,11203,14,27
10130,Back Forest,NSW,11401,35,91
10131,Backmede,NSW,11202,57,157
10132,Backwater,NSW,11001,17,19
10133,Badgerys Creek,NSW,12403,7,10
10133,Badgerys Creek,NSW,12701,48,166
10134,Badja,NSW,10103,5,9
10135,Baerami,NSW,10604,49,96
10136,Baerami Creek,NSW,10604,11,27
10137,Bagnoo,NSW,10804,24,43
10138,Bago,NSW,10804,14,45
10139,Bagotville,NSW,11201,23,60
10140,Bakers Creek (Mid-Coast - NSW),NSW,10805,20,41
10141,Bakers Creek (Nambucca Valley - NSW),NSW,10802,23,24
10142,Bakers Creek (Uralla - NSW),NSW,11001,3,13
10143,Bakers Swamp,NSW,10503,26,63
10144,Balaclava (NSW),NSW,11402,207,573
10145,Balala,NSW,11001,68,125
10146,Balcolyn,NSW,11102,466,1001
10147,Bald Blair,NSW,11001,24,53
10148,Bald Hills (NSW),NSW,10104,133,322
10149,Bald Nob,NSW,11002,11,20
10150,Bald Ridge,NSW,10301,10,17
10151,Baldersleigh,NSW,11001,30,55
10152,Baldry,NSW,10304,29,67
10153,Balfours Peak,NSW,11002,18,45
10154,Balgowlah,NSW,12201,3429,8126
10155,Balgowlah Heights,NSW,12201,1130,3533
10156,Balgownie,NSW,10704,2287,5686
10157,Balickera,NSW,10603,6,18
10158,Balladoran,NSW,10503,62,149
10159,Ballalaba,NSW,10102,17,29
10160,Balldale,NSW,10903,82,163
10161,Ballengarra,NSW,10804,35,97
10162,Ballimore,NSW,10503,90,233
10163,Ballina,NSW,11201,5064,9752
10164,Ballyroe,NSW,10301,6,3
10165,Balmain,NSW,12002,5271,10455
10166,Balmain East,NSW,11703,0,4
10166,Balmain East,NSW,12002,977,1878
10167,Balmoral (Lake Macquarie - NSW),NSW,11102,294,740
10168,Balmoral (Wingecarribee - NSW),NSW,11402,177,468
10169,Balranald,NSW,10902,684,1241
10170,Bamarang,NSW,11401,16,38
10171,Banda Banda,NSW,10804,0,0
10172,Bandon Grove,NSW,10601,89,140
10173,Bangadang,NSW,11302,3,11
10174,Bangalee (NSW),NSW,11401,294,813
10175,Bangalow,NSW,11201,1086,2755
10176,Bangheet,NSW,11002,32,36
10177,Bango,NSW,10106,52,115
10178,Bangor (NSW),NSW,12802,1916,5538
10179,Banksia,NSW,11904,1195,3279
10180,Banksmeadow,NSW,11701,271,498
10181,Bankstown,NSW,11901,12996,34713
10181,Bankstown,NSW,11902,88,257
10182,Bankstown Aerodrome,NSW,11901,6,5
10183,Bannaby,NSW,10105,44,50
10184,Bannister (NSW),NSW,10105,81,150
10185,Banoon,NSW,11004,17,19
10186,Banora Point,NSW,11203,7151,16482
10187,Banyabba,NSW,10401,16,31
10188,Bar Beach,NSW,11103,652,1284
10189,Bar Point,NSW,10201,130,120
10190,Bara,NSW,10303,15,19
10191,Baradine,NSW,10503,359,784
10192,Barangaroo,NSW,11703,238,221
10193,Barcoongere,NSW,10401,0,0
10193,Barcoongere,NSW,10402,3,0
10194,Barden Ridge,NSW,12802,1261,4140
10195,Bardia,NSW,12302,1743,5744
10196,Bardwell Park,NSW,11904,843,2328
10197,Bardwell Valley,NSW,11904,830,2327
10198,Barellan,NSW,10302,28,39
10198,Barellan,NSW,11301,212,411
10199,Bargo,NSW,10702,0,0
10199,Bargo,NSW,12303,1693,4543
10200,Barham,NSW,10903,907,1566
10201,Barigan,NSW,10303,0,0
10202,Barkers Vale,NSW,11202,88,193
10203,Barmedman,NSW,10302,199,373
10203,Barmedman,NSW,11303,14,29
10204,Barneys Reef,NSW,10303,0,0
10205,Barnsley,NSW,11102,639,1729
10206,Barooga,NSW,10903,917,1879
10207,Barraba,NSW,11004,804,1307
10208,Barrack Heights,NSW,10703,2511,5999
10209,Barrack Point,NSW,10703,305,737
10210,Barraganyatti,NSW,10802,69,150
10211,Barragga Bay,NSW,10104,77,89
10212,Barratta (NSW),NSW,10903,9,12
10213,Barren Grounds,NSW,10703,0,0
10214,Barrengarry,NSW,11401,120,213
10215,Barretts Creek,NSW,10401,11,12
10216,Barringella,NSW,11401,16,30
10217,Barrington (NSW),NSW,10805,209,391
10218,Barrington Tops,NSW,10805,0,0
10219,Barry (Blayney - NSW),NSW,10304,72,155
10220,Barry (Tamworth Regional - NSW),NSW,10604,0,0
10220,Barry (Tamworth Regional - NSW),NSW,11004,0,0
10221,Barwang,NSW,10106,60,136
10222,Baryulgil,NSW,10401,20,20
10223,Basin View,NSW,11401,738,1598
10224,Bass Hill,NSW,11901,3137,10076
10224,Bass Hill,NSW,12503,42,132
10225,Bassendean (NSW),NSW,11002,4,5
10226,Batar Creek,NSW,10804,44,93
10227,Bateau Bay,NSW,10202,5186,12546
10228,Batehaven,NSW,10104,1217,1880
10229,Batemans Bay,NSW,10104,1126,1569
10230,Bathampton,NSW,10301,18,40
10231,Bathurst,NSW,10301,4057,7024
10232,Batlow,NSW,11302,623,1267
10233,Baulkham Hills,NSW,11501,12488,35389
10233,Baulkham Hills,NSW,11601,269,904
10233,Baulkham Hills,NSW,12504,410,1089
10234,Baw Baw (NSW),NSW,10105,103,274
10235,Bawley Point,NSW,11401,757,838
10236,Baxters Ridge,NSW,10805,0,0
10237,Bayview (NSW),NSW,12202,1759,3802
10238,Beacon Hill,NSW,12203,2540,7817
10239,Beaconsfield (NSW),NSW,11703,550,1164
10240,Bean Creek,NSW,11202,36,56
10241,Bearbong,NSW,10503,36,72
10242,Beaumont (NSW),NSW,11401,77,119
10243,Beaumont Hills,NSW,11504,2654,9050
10244,Beckom,NSW,10302,18,19
10244,Beckom,NSW,11303,43,103
10245,Bective,NSW,11004,86,193
10246,Bectric,NSW,11303,26,53
10247,Bedgerabong,NSW,10302,61,125
10248,Beechwood,NSW,10804,340,917
10249,Beecroft,NSW,12502,925,2666
10249,Beecroft,NSW,12601,2690,7648
10250,Beecroft Peninsula,NSW,11401,0,0
10251,Beelbangera,NSW,11301,138,363
10252,Beemunnel,NSW,10501,15,34
10253,Bega,NSW,10104,2327,4981
10254,Beggan Beggan,NSW,10106,60,121
10255,Belanglo,NSW,11402,16,19
10256,Belbora,NSW,10805,78,125
10257,Belfield,NSW,11902,2422,6554
10258,Belford,NSW,10601,67,173
10259,Belfrayden,NSW,11303,11,12
10260,Belgravia,NSW,10304,49,125
10261,Belimbla Park,NSW,12303,185,578
10262,Bell (NSW),NSW,10303,0,0
10262,Bell (NSW),NSW,12401,23,42
10263,Bella Vista,NSW,11501,2671,8368
10264,Bellambi,NSW,10704,1808,4028
10265,Bellangry,NSW,10804,55,114
10266,Bellata,NSW,11003,141,259
10267,Bellawongarah,NSW,11401,75,119
10268,Bellbird,NSW,10601,898,2324
10269,Bellbird Heights,NSW,10601,329,811
10270,Bellbrook,NSW,10802,161,340
10271,Bellevue Hill,NSW,11801,4661,10586
10272,Bellimbopinni,NSW,10802,43,82
10273,Bellingen,NSW,10402,1672,3925
10274,Bellmount Forest,NSW,10106,53,116
10275,Belltrees,NSW,10604,24,37
10276,Belmont (NSW),NSW,11101,3430,7268
10277,Belmont North,NSW,11101,2453,6280
10278,Belmont South,NSW,11101,504,1060
10279,Belmore,NSW,11902,5620,13802
10280,Belmore River,NSW,10802,110,265
10281,Beloka,NSW,10103,6,20
10282,Belowra,NSW,10104,8,4
10283,Belrose,NSW,12203,3139,8742
10284,Bemboka,NSW,10104,315,591
10285,Ben Bullen,NSW,10303,44,66
10286,Ben Lomond (NSW),NSW,11001,70,127
10286,Ben Lomond (NSW),NSW,11002,7,14
10287,Benandarah,NSW,10104,86,162
10288,Bendalong,NSW,11401,184,137
10289,Bendemeer,NSW,11004,274,492
10290,Bendick Murrell,NSW,10106,78,141
10291,Bendolba,NSW,10601,96,252
10292,Bendoura,NSW,10102,57,105
10293,Benerembah,NSW,11301,44,142
10294,Bengalla,NSW,10604,3,16
10295,Bennetts Green,NSW,11101,4,0
10296,Benolong,NSW,10503,16,74
10297,Bensville,NSW,10201,899,2502
10298,Bentley (NSW),NSW,11202,92,227
10299,Berala,NSW,12501,3071,8755
10300,Berambing,NSW,11503,37,94
10300,Berambing,NSW,12401,6,7
10301,Beresfield,NSW,11103,1451,3280
10302,Bergalia,NSW,10104,76,180
10303,Berkeley,NSW,10701,3123,7815
10304,Berkeley Vale,NSW,10202,3403,8936
10305,Berkshire Park,NSW,12404,349,2158
10306,Berlang,NSW,10102,0,0
10307,Bermagui,NSW,10104,1221,1869
10308,Berowra,NSW,12102,1623,4760
10309,Berowra Heights,NSW,12102,1843,5263
10310,Berowra Waters,NSW,11502,111,162
10310,Berowra Waters,NSW,12102,6,0
10311,Berrambool,NSW,10104,248,490
10312,Berrara,NSW,11401,366,334
10313,Berremangra,NSW,10106,44,86
10314,Berrico,NSW,10805,30,33
10315,Berridale,NSW,10103,706,1290
10316,Berrigal,NSW,11003,15,39
10317,Berrigan,NSW,10903,670,1260
10318,Berrilee,NSW,11502,83,217
10319,Berrima,NSW,11402,387,819
10320,Berringer Lake,NSW,11401,30,30
10321,Berry,NSW,11401,1433,3109
10322,Berry Jerry,NSW,11303,40,78
10323,Berry Mountain,NSW,11401,26,29
10324,Berry Park,NSW,10602,82,180
10325,Berthong,NSW,10106,24,66
10326,Beryl,NSW,10303,43,115
10327,Bethungra,NSW,11303,77,135
10328,Bevendale,NSW,10106,30,49
10329,Beverley Park,NSW,11904,938,2642
10330,Beverly Hills,NSW,11902,369,1046
10330,Beverly Hills,NSW,11903,3556,9401
10331,Bewong,NSW,11401,39,80
10332,Bexhill,NSW,11202,215,526
10333,Bexley,NSW,11904,7028,19649
10334,Bexley North,NSW,11904,1653,4283
10335,Biala,NSW,10105,32,81
10336,Bibbenluke,NSW,10103,58,78
10337,Biddon,NSW,10503,56,119
10338,Bidgeemia,NSW,11303,13,32
10339,Bidwill (NSW),NSW,11603,1518,4201
10340,Bielsdown Hills,NSW,10402,57,104
10341,Big Hill (NSW),NSW,10105,61,78
10342,Big Jacks Creek,NSW,11004,28,61
10343,Big Ridge,NSW,10601,7,16
10344,Big Springs,NSW,11303,56,121
10345,Bigga,NSW,10105,209,272
10346,Bilambil,NSW,11203,166,438
10347,Bilambil Heights,NSW,11203,1382,3487
10348,Bilbul,NSW,11301,233,577
10349,Bilgola Beach,NSW,12202,125,248
10350,Bilgola Plateau,NSW,12202,1286,3661
10351,Billeroy,NSW,10501,6,31
10352,Billilingra,NSW,10103,0,11
10353,Billimari,NSW,10302,78,115
10354,Billinudgel,NSW,11201,111,262
10355,Billys Creek,NSW,10402,61,73
10356,Billywillinga,NSW,10301,87,196
10357,Bilpin,NSW,11503,290,656
10358,Bimberi,NSW,11302,0,0
10359,Bimbi,NSW,10302,32,75
10360,Bimbimbie,NSW,10104,44,113
10361,Binalong,NSW,10106,289,546
10362,Binda,NSW,10105,164,291
10363,Bindera,NSW,10805,31,32
10364,Bingara,NSW,11002,752,1312
10365,Bingeebeebra Creek,NSW,11202,19,39
10366,Bingie,NSW,10104,118,205
10367,Bingleburra,NSW,10601,16,36
10368,Biniguy,NSW,11003,57,155
10369,Binjura,NSW,10103,146,345
10370,Binna Burra (NSW),NSW,11201,83,219
10371,Binnaway,NSW,10503,388,651
10372,Binya,NSW,11301,48,125
10373,Birchgrove,NSW,12002,1495,3204
10374,Birdwood (NSW),NSW,10804,21,38
10375,Birganbigil,NSW,10903,22,59
10376,Birmingham Gardens,NSW,11103,1088,2597
10377,Birriwa,NSW,10303,25,49
10378,Birrong,NSW,11901,1053,3344
10379,Bishops Bridge,NSW,10602,89,216
10380,Bithramere,NSW,11004,72,155
10381,Black Creek (Port Macquarie-Hastings - NSW),NSW,10804,25,47
10382,Black Creek (Snowy Valleys - NSW),NSW,11302,6,16
10383,Black Head,NSW,10805,625,976
10384,Black Hill (NSW),NSW,10601,68,179
10384,Black Hill (NSW),NSW,11103,105,340
10385,Black Hollow,NSW,10501,9,11
10386,Black Mountain (NSW),NSW,11001,124,289
10387,Black Range (NSW),NSW,10104,87,227
10388,Black Springs (NSW),NSW,10301,113,231
10389,Blackalls Park,NSW,11102,1176,2807
10390,Blackbutt (NSW),NSW,10703,1296,3318
10391,Blackett,NSW,11603,1298,3584
10392,Blackheath,NSW,12401,2913,4663
10393,Blackmans Flat,NSW,10303,10,22
10394,Blackmans Point,NSW,10804,104,178
10395,Blacksmiths,NSW,11101,886,1882
10396,Blacktown,NSW,11601,18816,50929
10397,Blackville,NSW,11004,75,128
10398,Blackwall (NSW),NSW,10201,945,1941
10399,Blair Athol (NSW),NSW,12302,813,2722
10400,Blairmount,NSW,12302,139,404
10401,Blakebrook,NSW,11202,62,132
10402,Blakehurst,NSW,11903,2267,6652
10403,Blakney Creek,NSW,10106,37,92
10404,Bland,NSW,10302,32,64
10405,Blandford,NSW,10604,114,211
10406,Blaxland (NSW),NSW,12401,2901,7446
10407,Blaxlands Creek,NSW,10401,50,108
10408,Blaxlands Ridge,NSW,11503,175,584
10409,Blayney,NSW,10304,1504,3445
10410,Bligh Park,NSW,12404,2357,6248
10411,Blighty,NSW,10903,88,188
10412,Blowering,NSW,11302,3,3
10413,Blue Bay,NSW,10202,691,1062
10414,Blue Haven,NSW,10202,2390,6562
10415,Blue Knob,NSW,11202,122,206
10416,Blue Mountains National Park,NSW,10303,0,0
10416,Blue Mountains National Park,NSW,12401,0,0
10416,Blue Mountains National Park,NSW,12402,0,0
10417,Blue Nobby,NSW,11002,15,25
10418,Blue Vale,NSW,11004,30,81
10419,Blueys Beach,NSW,10801,279,240
10420,Boambee,NSW,10402,645,1773
10421,Boambee East,NSW,10402,2193,5314
10422,Boambolo,NSW,10106,29,76
10423,Boat Harbour (Lismore - NSW),NSW,11202,11,19
10424,Boat Harbour (Port Stephens - NSW),NSW,10603,498,978
10425,Bobadah,NSW,10302,5,5
10425,Bobadah,NSW,10501,7,27
10426,Bobin,NSW,10805,70,140
10427,Bobs Creek,NSW,10804,43,119
10428,Bobs Farm,NSW,10603,308,662
10429,Bobundara,NSW,10103,16,27
10430,Boco,NSW,10103,9,16
10431,Bocoble,NSW,10303,74,137
10432,Bocobra,NSW,10304,23,60
10433,Bodalla,NSW,10104,410,800
10434,Bodangora,NSW,10503,44,75
10435,Boeill Creek,NSW,10902,49,89
10436,Bogan,NSW,10501,18,44
10437,Bogan Gate,NSW,10302,136,274
10438,Bogangar,NSW,11203,1424,3339
10439,Bogee,NSW,10303,55,82
10440,Boggabilla,NSW,11003,420,1016
10441,Boggabri,NSW,11004,622,1202
10442,Bogong Peaks Wilderness,NSW,11302,0,0
10443,Bohena Creek,NSW,11003,77,214
10444,Bohnock,NSW,10805,30,83
10445,Bolaro,NSW,10103,32,31
10446,Bolivia,NSW,11002,45,78
10447,Bolong,NSW,11401,38,90
10448,Bolton Point,NSW,11102,877,2130
10449,Bolwarra (NSW),NSW,10602,498,1346
10450,Bolwarra Heights,NSW,10602,1130,3437
10451,Bom Bom,NSW,10401,0,0
10452,Bomaderry,NSW,11401,3175,6745
10453,Bombah Point,NSW,10801,9,24
10454,Bombala,NSW,10103,705,1375
10455,Bombay,NSW,10102,69,131
10456,Bombira,NSW,10303,181,508
10457,Bombo,NSW,10703,69,175
10458,Bombowlee,NSW,11302,125,293
10459,Bombowlee Creek,NSW,11302,22,52
10460,Bomen,NSW,11303,15,42
10461,Bonalbo,NSW,11202,217,333
10462,Bondi,NSW,11801,5355,10381
10463,Bondi Beach,NSW,11801,6545,11554
10464,Bondi Forest,NSW,10103,0,0
10465,Bondi Junction,NSW,11801,5466,10356
10466,Bonnells Bay,NSW,11102,1751,4059
10467,Bonnet Bay,NSW,12802,765,2244
10468,Bonny Hills,NSW,10804,1339,3069
10469,Bonnyrigg,NSW,12702,3220,9755
10470,Bonnyrigg Heights,NSW,12702,2111,7365
10471,Bonshaw (NSW),NSW,11002,75,134
10472,Bonville,NSW,10402,1064,2928
10473,Booerie Creek,NSW,11202,53,133
10474,Book Book,NSW,11303,54,130
10475,Booker Bay,NSW,10201,774,1440
10476,Bookham,NSW,10106,71,127
10477,Bookookoorara,NSW,11002,0,0
10478,Bookram,NSW,10401,0,0
10479,Boolambayte,NSW,10801,59,83
10480,Boolaroo,NSW,11101,724,1627
10481,Boolcarroll,NSW,11003,11,25
10482,Booligal,NSW,10902,53,98
10483,Boolijah,NSW,11401,0,0
10484,Boomanoomana,NSW,10903,51,116
10485,Boomerang Beach,NSW,10801,494,420
10486,Boomey,NSW,10304,32,88
10487,Boomi,NSW,11003,133,209
10488,Boomi Creek,NSW,11202,15,15
10489,Boona Mount,NSW,10302,19,46
10490,Boonal,NSW,11003,25,51
10491,Boonoo Boonoo,NSW,11002,11,19
10492,Boorabee Park,NSW,11202,56,144
10493,Booragul,NSW,11102,646,1617
10494,Booral (NSW),NSW,10801,195,462
10495,Boorga,NSW,11301,9,27
10496,Boorganna,NSW,10804,8,24
10497,Boorolong,NSW,11001,36,71
10498,Boorook,NSW,11002,14,26
10499,Boorooma,NSW,11303,598,1732
10500,Booroorban,NSW,10902,3,6
10500,Booroorban,NSW,10903,24,35
10501,Boorowa,NSW,10106,919,1888
10502,Bootawa,NSW,10805,85,178
10503,Booti Booti,NSW,10801,0,0
10504,Booyong,NSW,11202,37,80
10505,Bora Ridge,NSW,11202,44,107
10506,Borah Creek,NSW,11004,14,22
10507,Borambola,NSW,11303,59,126
10508,Border Ranges,NSW,11202,0,0
10509,Boree,NSW,10304,37,96
10510,Boree Creek,NSW,11301,94,164
10510,Boree Creek,NSW,11303,13,43
10511,Borenore,NSW,10304,185,474
10512,Boro,NSW,10102,61,97
10513,Bossley Park,NSW,12702,4789,15455
10514,Bostobrick,NSW,10402,63,131
10515,Botany,NSW,11701,5447,12936
10516,Botobolar,NSW,10303,45,131
10517,Bottle Creek,NSW,11202,17,42
10518,Bouddi,NSW,10201,3,4
10519,Bourbah,NSW,10501,15,42
10520,Bourke,NSW,10501,901,1689
10521,Bourkelands,NSW,11303,1156,3116
10522,Bournda,NSW,10104,46,117
10523,Bournewood,NSW,10503,21,60
10524,Bow Bowing,NSW,12302,530,1610
10525,Bowan Park,NSW,10304,47,111
10526,Bowen Mountain,NSW,11503,562,1611
10527,Bowenfels,NSW,10303,943,2037
10528,Bowling Alley Point,NSW,11004,10,21
10529,Bowman,NSW,10805,72,141
10530,Bowman Farm,NSW,10805,19,41
10531,Bowmans Creek,NSW,10601,6,12
10531,Bowmans Creek,NSW,10604,0,5
10532,Bowna,NSW,10901,52,110
10533,Bowning,NSW,10106,254,620
10534,Bowral,NSW,11402,5247,10791
10535,Bowraville,NSW,10802,542,1148
10536,Box Head,NSW,10201,0,0
10537,Box Hill (NSW),NSW,11504,2056,6445
10538,Boxers Creek,NSW,10105,107,259
10539,Boydtown,NSW,10104,53,76
10540,Bradbury (NSW),NSW,12302,3545,9418
10541,Braefield,NSW,11004,31,63
10542,Braemar,NSW,11402,347,982
10543,Braemar Bay,NSW,10103,18,16
10544,Braidwood,NSW,10102,910,1723
10545,Brandy Hill,NSW,10603,240,709
10546,Branxton,NSW,10601,890,2264
10547,Braunstone,NSW,10401,112,289
10548,Brawboy,NSW,10604,12,18
10549,Bray Park (NSW),NSW,11203,343,814
10550,Brays Creek,NSW,11203,61,119
10551,Brayton,NSW,10105,122,211
10552,Breadalbane (NSW),NSW,10105,40,106
10553,Breakfast Creek,NSW,10303,25,47
10554,Breakfast Point,NSW,12001,2489,4672
10555,Bream Beach,NSW,11401,4,9
10556,Bredbo,NSW,10103,163,388
10557,Breelong,NSW,10503,42,93
10558,Breeza,NSW,11004,73,119
10559,Bretti,NSW,10805,23,24
10560,Brewarrina,NSW,10501,505,929
10561,Brewongle,NSW,10301,60,151
10562,Briarbrook,NSW,11002,11,19
10563,Bribbaree,NSW,10106,73,130
10563,Bribbaree,NSW,10302,14,22
10564,Bridgman,NSW,10601,81,243
10565,Brierfield,NSW,10402,121,324
10566,Brighton-Le-Sands,NSW,11904,4155,8312
10567,Brightwaters,NSW,11102,413,874
10568,Bril Bril,NSW,10804,0,0
10569,Brimbin,NSW,10805,30,75
10570,Brindabella,NSW,11302,17,24
10571,Brinerville,NSW,10402,0,0
10572,Bringelly,NSW,12701,786,2428
10573,Bringenbrong,NSW,11302,25,48
10574,Brisbane Grove,NSW,10105,60,143
10575,Broadmeadow,NSW,11103,812,1672
10576,Broadwater (Bega Valley - NSW),NSW,10104,70,144
10577,Broadwater (Richmond Valley - NSW),NSW,11201,303,614
10577,Broadwater (Richmond Valley - NSW),NSW,11202,20,52
10578,Broadway,NSW,10106,27,58
10579,Brobenah,NSW,11301,8,12
10580,Brocklehurst,NSW,10503,121,305
10581,Brocklesby,NSW,10901,101,207
10582,Brockley,NSW,11001,17,51
10583,Brodies Plains,NSW,11002,28,56
10584,Brogans Creek,NSW,10303,3,4
10585,Brogers Creek,NSW,11401,35,49
10586,Brogo,NSW,10104,292,581
10587,Broke (NSW),NSW,10601,284,557
10588,Broken Head,NSW,11201,224,385
10589,Broken Hill,NSW,10502,9620,17700
10590,Brombin,NSW,10804,49,127
10591,Bronte,NSW,11801,2981,7158
10592,Brookdale (NSW),NSW,11303,10,47
10593,Brookfield (NSW),NSW,10601,79,226
10594,Brooklana,NSW,10402,35,42
10595,Brooklet,NSW,11201,107,253
10596,Brooklyn (NSW),NSW,12102,349,740
10597,Brookong,NSW,11303,7,21
10598,Brookvale,NSW,12203,1541,3389
10599,Brooman,NSW,11401,21,26
10600,Brooms Head,NSW,10401,250,273
10601,Broughams Gate,NSW,10502,11,34
10602,Broughton (NSW),NSW,11401,49,85
10603,Broughton Vale,NSW,11401,108,175
10604,Broughton Village,NSW,10703,49,103
10605,Broulee,NSW,10104,1333,1934
10606,Brownlow Hill,NSW,12303,104,385
10607,Browns Creek,NSW,10304,43,118
10608,Browns Mountain,NSW,11401,14,20
10609,Brownsville,NSW,10701,273,522
10610,Brucedale,NSW,11303,68,185
10611,Bruie Plains,NSW,10302,14,28
10612,Bruinbun,NSW,10301,19,34
10613,Brumby Plains,NSW,11202,0,0
10614,Brundee,NSW,11401,19,49
10615,Brungle,NSW,11302,59,146
10616,Brungle Creek,NSW,11302,17,28
10617,Brunkerville,NSW,10601,80,215
10618,Brunswick Heads,NSW,11201,1139,1921
10619,Brushgrove,NSW,10401,100,180
10620,Brushy Creek,NSW,11001,19,37
10621,Buangla,NSW,11401,0,0
10622,Bucca (NSW),NSW,10402,242,617
10623,Bucca Wauka,NSW,10805,48,80
10624,Buccarumbi,NSW,10401,15,31
10625,Buchanan (NSW),NSW,10601,67,211
10626,Buckajo,NSW,10104,145,321
10627,Buckaroo,NSW,10303,55,138
10628,Buckenbowra,NSW,10104,7,19
10629,Buckenderra,NSW,10103,17,21
10630,Buckendoon,NSW,11202,18,48
10631,Bucketty,NSW,10601,109,161
10631,Bucketty,NSW,11503,0,0
10632,Buckra Bendinni,NSW,10802,61,123
10633,Budawang,NSW,10102,27,30
10633,Budawang,NSW,11401,0,0
10634,Buddabadah,NSW,10501,16,40
10635,Budden,NSW,10303,14,16
10636,Budderoo,NSW,10703,0,0
10637,Buddong,NSW,11302,0,0
10638,Budgee Budgee (NSW),NSW,10303,100,241
10639,Budgewoi,NSW,10202,1734,3517
10640,Budgewoi Peninsula,NSW,10202,0,0
10641,Budgong,NSW,11401,51,87
10642,Buff Point,NSW,10202,1529,3561
10643,Bugaldie,NSW,10503,77,165
10644,Bukalong,NSW,10103,11,8
10645,Bukkulla,NSW,11002,67,144
10646,Bulahdelah,NSW,10801,726,1557
10647,Bulee,NSW,11401,0,0
10648,Bulga (NSW),NSW,10601,145,416
10649,Bulga Forest,NSW,10805,0,5
10650,Bulgary,NSW,11303,5,13
10651,Bulla (NSW),NSW,10501,0,0
10652,Bulla Creek,NSW,10106,28,49
10653,Bullaburra,NSW,12401,567,1297
10654,Bullagreen,NSW,10501,11,44
10655,Bullarah,NSW,11003,61,107
10656,Bullatale,NSW,10903,19,41
10657,Bullawa Creek,NSW,11003,47,130
10658,Bulldog,NSW,10401,8,15
10659,Bulli,NSW,10702,0,0
10659,Bulli,NSW,10704,2514,6800
10660,Bulliac,NSW,10805,31,44
10661,Bullio,NSW,11402,43,77
10662,Bulyeroi,NSW,11003,13,28
10663,Bumbaldry,NSW,10302,58,107
10664,Bumbalong,NSW,10103,0,3
10665,Bundabah,NSW,10603,95,134
10666,Bundagen,NSW,10402,46,98
10667,Bundanoon (NSW),NSW,11402,1473,2885
10668,Bundarra,NSW,11002,314,669
10669,Bundeena,NSW,12801,980,2104
10670,Bundella,NSW,11004,31,57
10671,Bundemar,NSW,10503,16,35
10672,Bundewallah,NSW,11401,20,34
10673,Bundook,NSW,10805,65,111
10674,Bundure,NSW,10903,4,13
10675,Bungaba,NSW,10303,43,89
10676,Bungabbee,NSW,11202,3,3
10677,Bungalora,NSW,11203,38,73
10678,Bungarby,NSW,10103,50,80
10679,Bungarribee,NSW,11601,809,3171
10679,Bungarribee,NSW,11603,0,0
10680,Bungawalbin,NSW,11201,64,135
10680,Bungawalbin,NSW,11202,0,0
10681,Bungendore,NSW,10102,1751,4741
10682,Bungonia,NSW,10105,315,465
10683,Bungowannah,NSW,10901,65,174
10684,Bungwahl,NSW,10801,159,251
10685,Bunnaloo,NSW,10903,55,101
10686,Bunnan,NSW,10604,62,92
10687,Bunyah,NSW,10801,49,77
10687,Bunyah,NSW,10805,27,51
10688,Bunyan,NSW,10103,80,198
10689,Burcher,NSW,10302,49,82
10690,Bureen,NSW,10604,26,70
10691,Burnt Bridge,NSW,10802,45,110
10692,Burnt Yards,NSW,10304,16,39
10693,Buronga,NSW,10902,563,1252
10694,Burra (Queanbeyan-Palerang Regional - NSW),NSW,10102,319,794
10695,Burra (Snowy Valleys - NSW),NSW,11302,24,47
10696,Burra Creek,NSW,11303,55,71
10697,Burraboi,NSW,10903,53,101
10698,Burradoo,NSW,11402,1245,2892
10699,Burraga,NSW,10301,41,84
10700,Burragate,NSW,10104,64,102
10701,Burrandana,NSW,11303,13,23
10702,Burraneer,NSW,12801,1275,3712
10703,Burrangong,NSW,10106,101,258
10704,Burrapine,NSW,10802,34,58
10705,Burrawang,NSW,11402,201,435
10706,Burrell Creek,NSW,10805,118,233
10707,Burren Junction,NSW,10501,126,229
10708,Burrier,NSW,11401,23,70
10709,Burrill Lake,NSW,11401,969,1763
10710,Burringbar,NSW,11203,362,882
10711,Burrinjuck,NSW,10106,45,40
10712,Burroway,NSW,10503,55,170
10713,Burrumbuttock,NSW,10901,170,424
10714,Burrundulla,NSW,10303,50,139
10715,Burrungubugge,NSW,10103,59,43
10716,Burwood (NSW),NSW,12003,7892,18240
10717,Burwood Heights,NSW,12003,438,1133
10718,Busby,NSW,12701,1506,4457
10719,Busbys Flat,NSW,11202,26,57
10720,Bushells Ridge,NSW,10202,0,8
10721,Buttaba,NSW,11102,484,1201
10722,Buttai,NSW,10601,16,52
10723,Butterwick,NSW,10603,75,197
10724,Buxton (NSW),NSW,12303,733,2080
10725,Byabarra,NSW,10804,125,326
10726,Byadbo Wilderness,NSW,10103,0,0
10727,Byangum,NSW,11203,70,163
10728,Bylong,NSW,10303,17,19
10729,Byng,NSW,10304,25,52
10730,Byrock,NSW,10501,21,31
10731,Byron Bay,NSW,11201,3774,6320
10732,Byrrill Creek,NSW,11203,71,125
10733,Bywong,NSW,10102,469,1255
10733,Bywong,NSW,10106,28,76
10734,Cabarita (NSW),NSW,12001,789,1931
10735,Cabarita Beach,NSW,11203,69,98
10736,Cabbage Tree Island (Ballina - NSW),NSW,11201,23,89
10737,Cabbage Tree Island (Mid-Coast - NSW),NSW,10805,4,12
10738,Cabramatta,NSW,12702,7438,21131
10739,Cabramatta West,NSW,12702,2290,7816
10740,Cabramurra,NSW,11302,31,16
10741,Caddens,NSW,12403,1064,3460
10742,Cadgee (NSW),NSW,10104,11,27
10743,Cadia,NSW,10304,4,3
10744,Caerleon,NSW,10303,77,184
10745,Caffreys Flat,NSW,10805,31,53
10746,Cairncross,NSW,10804,0,0
10747,Calala,NSW,11004,1692,4564
10748,Calamia,NSW,10401,17,24
10749,Calderwood,NSW,10703,1023,2992
10750,Caldwell,NSW,10903,16,42
10751,Calga,NSW,10201,55,134
10752,Califat,NSW,11302,5,12
10753,Calimo,NSW,10903,26,71
10754,Callaghan,NSW,11103,6,1358
10755,Callaghans Creek,NSW,10805,7,16
10756,Callala Bay,NSW,11401,1296,2220
10757,Callala Beach,NSW,11401,1016,773
10758,Calliope (NSW),NSW,10401,37,86
10759,Caloola,NSW,10301,26,55
10759,Caloola,NSW,10304,3,4
10760,Cambalong,NSW,10103,9,12
10761,Camberwell (NSW),NSW,10601,55,102
10762,Cambewarra,NSW,11401,101,235
10763,Cambewarra Village,NSW,11401,439,1219
10764,Camboon (NSW),NSW,10303,37,59
10765,Cambra,NSW,10601,15,16
10766,Cambridge Gardens,NSW,12403,727,2021
10767,Cambridge Park,NSW,12403,2731,7057
10768,Cambridge Plateau,NSW,11202,0,0
10769,Camden,NSW,12301,1429,3361
10770,Camden Head,NSW,10804,103,150
10771,Camden Park (NSW),NSW,12301,654,2218
10771,Camden Park (NSW),NSW,12303,17,32
10772,Camden South,NSW,12301,1731,4582
10773,Camellia,NSW,12504,3,0
10774,Cameron Park,NSW,11102,3232,9999
10774,Cameron Park,NSW,11103,0,0
10775,Camerons Creek,NSW,11001,12,29
10776,Camira (NSW),NSW,11202,16,35
10777,Cammeray,NSW,12101,14,34
10777,Cammeray,NSW,12104,3503,7054
10778,Camp Creek (NSW),NSW,11002,34,42
10779,Campbelltown (NSW),NSW,12302,7344,16541
10780,Camperdown (NSW),NSW,11702,170,258
10780,Camperdown (NSW),NSW,11703,4737,9167
10781,Campsie,NSW,11902,10706,26163
10782,Campvale,NSW,10603,0,0
10783,Cams Wharf,NSW,11101,203,178
10784,Canada Bay,NSW,12001,516,1315
10785,Canadian Lead,NSW,10303,12,19
10786,Canbelego,NSW,10501,43,48
10787,Candelo,NSW,10104,351,770
10788,Cangai,NSW,10401,20,20
10789,Caniaba,NSW,11202,286,817
10790,Canley Heights,NSW,12702,3662,12297
10791,Canley Vale,NSW,12702,3455,10294
10792,Canobolas,NSW,10304,192,484
10793,Canoelands,NSW,11502,62,177
10794,Canonba,NSW,10501,11,28
10795,Canowindra,NSW,10302,1148,2429
10796,Canterbury (NSW),NSW,11902,2147,5200
10796,Canterbury (NSW),NSW,12003,2065,4236
10797,Canton Beach,NSW,10202,728,1200
10798,Canyonleigh,NSW,11402,223,462
10799,Caparra,NSW,10805,34,62
10800,Capeen Creek,NSW,11202,11,13
10801,Capertee,NSW,10303,108,129
10802,Capoompeta,NSW,11002,0,4
10803,Captains Flat,NSW,10102,287,608
10804,Carabost,NSW,10901,37,67
10805,Caragabal,NSW,10302,70,174
10806,Carcalgong,NSW,10303,48,51
10807,Carcoar,NSW,10304,145,271
10808,Cardiff (NSW),NSW,11101,2736,6273
10809,Cardiff Heights,NSW,11101,561,1378
10810,Cardiff South,NSW,11101,1188,2940
10811,Carey Bay,NSW,11102,450,870
10812,Cargo,NSW,10304,219,574
10813,Carinda,NSW,10501,82,166
10814,Caringbah,NSW,12801,5968,12587
10815,Caringbah South,NSW,12801,4665,13172
10816,Carlaminda,NSW,10103,13,29
10817,Carlingford,NSW,12502,10179,28042
10817,Carlingford,NSW,12602,0,0
10818,Carlton (NSW),NSW,11903,314,906
10818,Carlton (NSW),NSW,11904,3962,9748
10819,Carnes Hill,NSW,12701,905,3331
10820,Carnham,NSW,10401,7,4
10821,Carool,NSW,11203,80,202
10822,Caroona,NSW,11004,79,202
10823,Carrabolla,NSW,10601,6,10
10824,Carrai,NSW,10802,0,0
10825,Carramar (NSW),NSW,12503,1417,3481
10826,Carrathool,NSW,11301,107,193
10827,Carrick (NSW),NSW,10105,85,161
10828,Carrington (Mid-Coast - NSW),NSW,10603,15,28
10829,Carrington (Newcastle - NSW),NSW,11103,991,2051
10830,Carrington Falls,NSW,11402,14,32
10831,Carroll,NSW,11004,152,306
10832,Carrowbrook,NSW,10601,32,42
10833,Carrs Creek,NSW,10401,70,191
10834,Carrs Island,NSW,10401,8,10
10835,Carrs Peninsula,NSW,10401,6,17
10836,Carss Park,NSW,11903,497,1271
10837,Cartwright,NSW,12703,1123,2608
10838,Cartwrights Hill,NSW,11303,73,164
10839,Carwell,NSW,10303,20,28
10840,Carwoola,NSW,10102,560,1611
10841,Cascade (NSW),NSW,10402,3,6
10842,Casino,NSW,11202,4926,10928
10843,Cassilis (NSW),NSW,10303,5,3
10843,Cassilis (NSW),NSW,10604,159,270
10844,Castle Cove,NSW,12101,955,2640
10845,Castle Doyle,NSW,11001,56,150
10846,Castle Hill (NSW),NSW,11501,14391,40878
10847,Castle Rock,NSW,10604,56,134
10848,Castlecrag,NSW,12101,1039,2960
10849,Castlereagh,NSW,12403,387,1258
10850,Casuarina (NSW),NSW,11203,1356,3274
10851,Casula,NSW,12703,5473,16600
10852,Catalina,NSW,10104,1191,2512
10853,Cataract,NSW,10702,0,4
10854,Cathcart (NSW),NSW,10103,63,106
10855,Catherine Field,NSW,12701,813,2611
10856,Catherine Hill Bay,NSW,11101,405,947
10857,Cathundral,NSW,10503,9,31
10858,Cattai,NSW,11502,169,562
10858,Cattai,NSW,11504,156,514
10859,Cattle Creek (NSW),NSW,11004,26,38
10860,Cavan (NSW),NSW,10106,20,37
10861,Caves Beach,NSW,11101,1779,4006
10862,Cawdor (NSW),NSW,12301,52,167
10862,Cawdor (NSW),NSW,12303,90,263
10863,Cawongla,NSW,11202,138,201
10864,Cecil Hills,NSW,12701,1938,6915
10865,Cecil Park,NSW,12701,0,0
10865,Cecil Park,NSW,12702,240,808
10866,Cedar Brush Creek,NSW,10202,66,123
10867,Cedar Creek (Cessnock - NSW),NSW,10601,19,29
10868,Cedar Creek (Tweed - NSW),NSW,11203,9,12
10869,Cedar Party,NSW,10805,159,381
10870,Cedar Point,NSW,11202,83,178
10871,Cells River,NSW,10805,0,0
10872,Centennial Park (NSW),NSW,11801,1307,2210
10873,Central Colo,NSW,11503,16,30
10874,Central Macdonald,NSW,11503,33,47
10875,Central Mangrove,NSW,10201,87,251
10876,Central Tilba,NSW,10104,181,337
10877,Cessnock,NSW,10601,6605,16353
10878,Chaelundi,NSW,10401,0,0
10879,Chain Valley Bay,NSW,10202,1403,2757
10880,Chakola,NSW,10103,40,88
10881,Chambigne,NSW,10401,31,44
10882,Charbon,NSW,10303,61,90
10883,Charles Sturt University,NSW,11303,4,433
10884,Charlestown (NSW),NSW,11101,5615,13175
10884,Charlestown (NSW),NSW,11103,151,399
10885,Charleys Forest,NSW,10102,54,70
10886,Charlotte Bay,NSW,10801,76,175
10887,Charlton (NSW),NSW,10301,9,21
10888,Charmhaven,NSW,10202,1024,2505
10889,Chatham Valley,NSW,10301,39,68
10890,Chatsbury,NSW,10105,56,84
10891,Chatswood,NSW,12101,11150,25565
10892,Chatswood West,NSW,12101,550,1530
10893,Chatsworth (NSW),NSW,10401,90,158
10894,Cheero Point,NSW,10201,57,102
10895,Cheltenham (NSW),NSW,12601,754,2170
10896,Cherry Tree Hill,NSW,11002,30,51
10897,Cherrybrook,NSW,11501,6182,19053
10898,Chester Hill,NSW,12503,4640,14046
10899,Chichester (NSW),NSW,10601,10,25
10900,Chifley (NSW),NSW,11802,1312,3507
10901,Chilcotts Creek,NSW,11004,8,16
10902,Chilcotts Grass,NSW,11202,97,239
10903,Chillingham,NSW,11203,105,225
10904,Chinderah,NSW,11203,974,1635
10905,Chinnock,NSW,10104,7,22
10906,Chippendale,NSW,11703,4856,7821
10907,Chipping Norton,NSW,12703,3219,9400
10908,Chisholm (NSW),NSW,10602,1445,4563
10909,Chiswick,NSW,12001,1416,2920
10910,Chittaway Bay,NSW,10202,792,1988
10911,Chittaway Point,NSW,10202,401,947
10912,Chowan Creek,NSW,11203,36,55
10913,Chullora,NSW,11901,7,14
10914,Church Point,NSW,12202,428,1055
10915,Clandulla,NSW,10303,88,183
10916,Clare (NSW),NSW,10902,13,27
10917,Claremont Meadows,NSW,12403,1679,5183
10918,Clarence,NSW,10303,95,201
10919,Clarence Town,NSW,10601,900,2289
10920,Clarendon (NSW),NSW,12404,37,151
10921,Clarenza,NSW,10401,221,591
10922,Clareville,NSW,12202,386,825
10923,Claymore,NSW,12302,908,2566
10924,Clear Creek,NSW,10301,43,115
10925,Clear Range,NSW,10102,8,34
10926,Clearfield,NSW,11202,0,0
10927,Clemton Park,NSW,11902,587,1690
10928,Clergate,NSW,10304,82,213
10929,Cleveland (NSW),NSW,10701,8,22
10930,Clifden,NSW,10401,10,27
10931,Cliftleigh,NSW,10601,852,2308
10932,Clifton (NSW),NSW,10704,20,35
10933,Clifton Grove,NSW,10304,313,955
10934,Clontarf (NSW),NSW,12201,613,1758
10935,Clothiers Creek,NSW,11203,104,295
10936,Clouds Creek,NSW,10402,0,0
10937,Clovelly,NSW,11802,2088,4870
10938,Clunes (NSW),NSW,11202,400,904
10939,Clybucca,NSW,10802,103,217
10940,Clyde (NSW),NSW,12503,14,8
10941,Clydesdale (NSW),NSW,10601,39,114
10942,Coal Point,NSW,11102,770,1767
10943,Coalcliff,NSW,10704,82,206
10944,Coaldale,NSW,10401,28,73
10945,Coasters Retreat,NSW,12202,59,31
10946,Cobaki,NSW,11203,76,200
10947,Cobaki Lakes,NSW,11203,11,42
10948,Cobar,NSW,10501,2063,3609
10949,Cobar Park,NSW,10303,18,36
10950,Cobargo,NSW,10104,383,747
10951,Cobark,NSW,10805,28,47
10952,Cobbadah,NSW,11002,41,95
10953,Cobbitty,NSW,12701,1500,4216
10954,Cobbora,NSW,10303,7,25
10955,Cobramunga,NSW,10903,14,41
10956,Cockwhy,NSW,10104,9,25
10957,Codrington (NSW),NSW,11202,22,83
10958,Coffee Camp,NSW,11202,117,204
10959,Coffs Harbour,NSW,10402,12305,27104
10960,Coggan,NSW,10303,4,3
10961,Cogra Bay,NSW,10201,9,8
10962,Coila,NSW,10104,28,44
10963,Coldstream (NSW),NSW,10401,30,61
10964,Coleambally,NSW,11301,516,1143
10965,Colebee,NSW,11602,1371,4916
10965,Colebee,NSW,11603,0,0
10966,Coledale,NSW,10704,523,1365
10967,Colinroobie,NSW,11301,25,55
10968,Colinton (NSW),NSW,10103,61,115
10969,Collarenebri,NSW,10501,314,597
10969,Collarenebri,NSW,11003,21,42
10970,Collaroy (NSW),NSW,12203,3352,7931
10971,Collaroy Plateau,NSW,12203,1526,4795
10972,Collector,NSW,10105,139,374
10973,Collendina,NSW,10903,41,107
10974,Collerina,NSW,10501,13,10
10975,Collie (NSW),NSW,10503,68,184
10976,Collingullie,NSW,11303,101,256
10977,Collingwood (NSW),NSW,10303,23,51
10978,Collins Creek,NSW,11202,73,167
10979,Collombatti,NSW,10802,278,682
10980,Collum Collum,NSW,10401,0,0
10981,Colly Blue,NSW,11004,13,22
10982,Colo (Bathurst Regional - NSW),NSW,10301,8,3
10983,Colo (Hawkesbury - NSW),NSW,11503,29,62
10984,Colo Heights,NSW,11503,112,333
10985,Colo Vale,NSW,11402,659,1785
10986,Colongra,NSW,10202,0,0
10987,Colyton,NSW,12405,3210,8762
10988,Comara,NSW,10802,17,27
10989,Combaning,NSW,11303,31,107
10990,Combara,NSW,10501,18,28
10991,Comberton,NSW,11401,13,34
10992,Comboyne,NSW,10804,206,424
10993,Come By Chance,NSW,10501,55,88
10994,Comerong Island,NSW,11401,10,19
10995,Commissioners Creek,NSW,11203,16,38
10996,Como (NSW),NSW,12802,1374,4075
10997,Comobella,NSW,10503,26,69
10998,Conargo,NSW,10903,55,124
10999,Concord,NSW,12001,5370,14513
11000,Concord West,NSW,12001,2280,6172
11001,Condell Park,NSW,11901,3929,13075
11002,Condobolin,NSW,10302,1581,3184
11003,Condong,NSW,11203,117,307
11004,Coneac,NSW,10805,7,10
11005,Congarinni,NSW,10802,143,360
11006,Congarinni North,NSW,10802,167,390
11007,Congewai,NSW,10601,103,205
11008,Congo,NSW,10104,158,255
11009,Conimbia,NSW,10501,13,30
11010,Coniston,NSW,10701,0,0
11010,Coniston,NSW,10704,1002,2270
11011,Conjola,NSW,11401,63,149
11012,Conjola Park,NSW,11401,193,303
11013,Connells Point,NSW,11903,985,2862
11014,Constitution Hill,NSW,12504,1530,4010
11015,Coogee (NSW),NSW,11802,7428,14650
11016,Cookamidgera,NSW,10302,74,157
11017,Cookardinia,NSW,10901,40,80
11018,Cooks Gap,NSW,10303,238,552
11019,Cooks Hill,NSW,11103,2072,3788
11020,Cooks Myalls,NSW,10302,25,49
11021,Coolabah,NSW,10501,18,26
11022,Coolac,NSW,11303,106,235
11023,Coolagolite,NSW,10104,143,313
11024,Coolah,NSW,10503,609,1264
11025,Coolamon,NSW,11303,962,2272
11026,Coolangatta (NSW),NSW,11401,136,323
11027,Coolangubra,NSW,10104,0,0
11028,Coolatai,NSW,11002,65,104
11029,Cooleman,NSW,11302,0,0
11030,Cooleys Creek,NSW,11302,0,8
11031,Coolgardie (NSW),NSW,11201,49,132
11032,Coolongolook,NSW,10801,182,389
11033,Coolringdon,NSW,10103,24,73
11034,Coolumbooka,NSW,10103,7,13
11035,Coolumburra,NSW,11401,0,3
11036,Cooma (NSW),NSW,10103,3388,6689
11037,Coomba Bay,NSW,10801,75,166
11038,Coomba Park,NSW,10801,471,685
11039,Coombadjha,NSW,10401,7,11
11039,Coombadjha,NSW,11002,0,0
11040,Coombell,NSW,11202,3,12
11041,Coomealla,NSW,10902,334,748
11042,Coomoo Coomoo,NSW,11004,6,19
11043,Coonabarabran,NSW,10503,1668,3478
11044,Coonamble,NSW,10501,1308,2639
11045,Coongbar,NSW,10401,3,0
11046,Cooperabung,NSW,10804,117,292
11047,Coopernook,NSW,10805,268,625
11048,Coopers Gully,NSW,10104,78,177
11049,Coopers Shoot,NSW,11201,183,410
11050,Cooplacurripa,NSW,10805,15,9
11051,Coorabell,NSW,11201,203,481
11052,Cooranbong,NSW,11102,2750,7051
11053,Cootamundra,NSW,11303,3361,6857
11054,Cootralantra,NSW,10103,49,107
11055,Cooyal,NSW,10303,56,140
11056,Copacabana,NSW,10201,1446,2804
11057,Cope,NSW,10303,56,117
11058,Copeland,NSW,10805,51,70
11059,Copeton,NSW,11002,42,56
11060,Copmanhurst,NSW,10401,164,346
11061,Coppabella (NSW),NSW,10901,3,12
11062,Copperhannia,NSW,10301,9,9
11063,Coraki,NSW,11202,558,1370
11064,Coralville,NSW,10805,68,165
11065,Coramba,NSW,10402,317,812
11066,Corang,NSW,10102,11,4
11067,Corangula,NSW,10802,14,22
11068,Corbie Hill,NSW,11301,63,167
11069,Cordeaux,NSW,10702,0,0
11070,Cordeaux Heights,NSW,10701,1513,4481
11071,Coree,NSW,10903,21,39
11072,Coreen,NSW,10903,39,121
11073,Corindi Beach,NSW,10402,782,1800
11074,Corinella (NSW),NSW,10302,33,73
11075,Corlette,NSW,10603,2624,5689
11076,Corndale (NSW),NSW,11202,146,358
11077,Corney Town,NSW,10303,33,66
11078,Cornwallis,NSW,12404,16,44
11079,Corobimilla,NSW,11301,21,44
11080,Corowa,NSW,10903,2905,5615
11081,Corrabare,NSW,10601,0,0
11082,Corrimal,NSW,10704,3143,6964
11083,Corrong,NSW,10902,3,3
11084,Corrowong,NSW,10103,38,23
11085,Corunna,NSW,10104,45,87
11086,Cottage Point,NSW,12203,58,96
11087,Cottonvale (NSW),NSW,11002,18,20
11088,Cougal,NSW,11202,22,30
11089,Countegany,NSW,10103,19,39
11090,Courabyra,NSW,11302,42,115
11091,Couradda,NSW,11003,11,29
11092,Couragago,NSW,11302,3,9
11093,Couridjah,NSW,12303,99,273
11094,Coutts Crossing,NSW,10401,438,1063
11095,Cow Flat,NSW,10301,16,55
11096,Cowabbie,NSW,11303,5,16
11097,Cowan,NSW,12102,221,623
11098,Cowper,NSW,10401,41,92
11099,Cowra,NSW,10302,4800,10154
11100,Coxs Creek,NSW,10303,34,75
11101,Coxs Crown,NSW,10303,6,18
11102,Crabbes Creek,NSW,11203,144,342
11103,Crackenback,NSW,10103,178,213
11104,Craigie (NSW),NSW,10103,11,29
11105,Cranebrook,NSW,12403,5546,15770
11106,Crangan Bay,NSW,10202,0,3
11106,Crangan Bay,NSW,11101,0,0
11107,Craven,NSW,10805,57,109
11108,Craven Plateau,NSW,10805,8,14
11109,Crawford River,NSW,10801,29,57
11110,Crawney,NSW,10604,10,8
11110,Crawney,NSW,11004,21,37
11111,Creel Bay,NSW,10103,14,4
11112,Creewah,NSW,10103,48,36
11113,Cremorne (NSW),NSW,12104,5939,11295
11114,Cremorne Point,NSW,12104,1300,2245
11115,Crescent Head,NSW,10802,886,1633
11116,Crestwood,NSW,10102,2411,4929
11117,Cringila,NSW,10701,806,2155
11118,Croki,NSW,10805,22,34
11119,Cromer (NSW),NSW,12203,2829,8018
11120,Cronulla,NSW,12801,9413,17872
11121,Crooble,NSW,11003,19,54
11122,Croobyar,NSW,11401,82,177
11123,Crooked Corner,NSW,10105,70,77
11124,Crookwell,NSW,10105,1335,2674
11125,Croom,NSW,10703,45,111
11126,Croppa Creek,NSW,11003,48,98
11127,Cross Roads (NSW),NSW,10303,3,19
11128,Crosslands,NSW,10804,233,624
11129,Croudace Bay,NSW,11101,230,639
11130,Crowdy Bay,NSW,10805,3,6
11131,Crowdy Head,NSW,10805,81,82
11132,Crows Nest (NSW),NSW,12104,2764,4962
11133,Crowther,NSW,10106,51,77
11134,Crowther Island,NSW,10401,0,0
11135,Croydon (NSW),NSW,12003,4012,10758
11136,Croydon Park (NSW),NSW,12003,4387,10952
11137,Crudine,NSW,10301,18,36
11137,Crudine,NSW,10303,26,24
11138,Cryon,NSW,10501,28,39
11139,Crystal Creek (NSW),NSW,11203,106,262
11140,Cubba,NSW,10501,10,26
11141,Cudal,NSW,10304,250,587
11142,Cudgegong,NSW,10303,28,63
11143,Cudgel,NSW,11301,10,36
11144,Cudgen,NSW,11203,339,965
11145,Cudgera Creek,NSW,11203,131,338
11146,Cudmirrah,NSW,11401,256,275
11147,Culburra Beach,NSW,11401,2268,2941
11148,Culcairn,NSW,10901,666,1478
11149,Cullen Bullen,NSW,10303,65,164
11150,Cullenbone,NSW,10303,14,49
11151,Cullendore,NSW,11002,18,10
11152,Cullerin,NSW,10105,15,41
11153,Cullivel,NSW,11303,4,10
11154,Culmaran Creek,NSW,11202,12,21
11155,Cumbalum,NSW,11201,768,2202
11156,Cumbandry,NSW,10303,5,22
11157,Cumberland Reach,NSW,11503,74,211
11158,Cumbo,NSW,10303,4,3
11159,Cumborah,NSW,10501,158,199
11160,Cumnock,NSW,10304,228,485
11161,Cundle Flat,NSW,10805,11,12
11162,Cundletown,NSW,10805,822,2062
11163,Cundumbul,NSW,10503,18,44
11164,Cunjurong Point,NSW,11401,167,116
11165,Cunningar,NSW,10106,87,162
11166,Cunninyeuk,NSW,10903,14,24
11167,Curban,NSW,10503,62,137
11168,Curl Curl,NSW,12203,818,2357
11169,Curlew Waters,NSW,10302,4,21
11170,Curlewis (NSW),NSW,11004,332,777
11171,Curlwaa,NSW,10902,213,496
11172,Curra Creek,NSW,10503,26,43
11173,Currabubula,NSW,11004,154,338
11174,Curragh,NSW,10301,0,0
11175,Curramore (NSW),NSW,10703,78,222
11176,Currans Hill,NSW,12301,1901,5534
11177,Currarong,NSW,11401,554,471
11178,Currawang,NSW,10102,0,0
11178,Currawang,NSW,10105,62,162
11179,Currawarna,NSW,11303,86,191
11180,Curraweela,NSW,10105,57,58
11181,Curricabark,NSW,10805,5,7
11182,Currowan,NSW,10104,38,75
11183,Cuttabri,NSW,11003,12,37
11184,Cuttagee,NSW,10104,42,61
11185,Dabee,NSW,10303,21,47
11186,Daceyville,NSW,11701,627,1160
11187,Dairy Arm,NSW,10601,33,43
11188,Dairy Flat,NSW,11202,6,22
11189,Dairymans Plains,NSW,10103,83,183
11190,Daleys Point,NSW,10201,398,702
11191,Dalgety,NSW,10103,167,257
11192,Dalmeny,NSW,10104,1200,2209
11193,Dalmorton,NSW,10401,0,6
11194,Dalswinton,NSW,10604,23,53
11195,Dalton,NSW,10106,102,226
11196,Dalwood (Ballina - NSW),NSW,11201,91,220
11197,Dalwood (Singleton - NSW),NSW,10601,34,111
11198,Dandaloo,NSW,10503,12,40
11199,Dandry,NSW,10503,39,68
11200,Dangar Island,NSW,12102,206,317
11201,Dangarsleigh,NSW,11001,49,121
11202,Dangelong,NSW,10103,0,8
11203,Dapto,NSW,10701,4470,10923
11204,Darawank,NSW,10801,189,454
11205,Darbalara,NSW,11303,26,62
11206,Darbys Falls,NSW,10302,130,238
11207,Dareton,NSW,10902,252,449
11208,Dargan,NSW,10303,54,86
11209,Dark Corner,NSW,10303,28,48
11210,Darkes Forest,NSW,10704,35,100
11211,Darkwood,NSW,10402,156,237
11212,Darling Point,NSW,11801,2447,3982
11213,Darlinghurst,NSW,11703,6911,10633
11214,Darlington (Singleton - NSW),NSW,10601,174,378
11215,Darlington (Sydney - NSW),NSW,11703,1112,2584
11216,Darlington Point,NSW,11301,517,1034
11217,Darlow,NSW,11302,12,30
11218,Daroobalgie,NSW,10302,40,88
11219,Dartbrook,NSW,10604,43,105
11220,Daruka,NSW,11004,267,780
11221,Davidson,NSW,12203,896,2714
11222,Davis Creek,NSW,10604,14,32
11223,Davistown,NSW,10201,1186,2577
11224,Dawes Point,NSW,11703,266,381
11225,Daysdale,NSW,10903,58,70
11226,Dean Park,NSW,11603,1076,3177
11227,Deauville,NSW,10804,14,37
11228,Debenham,NSW,10804,4,5
11229,Dee Why,NSW,12203,10985,23372
11230,Deep Creek (Clarence Valley - NSW),NSW,10401,4,12
11231,Deep Creek (Kempsey - NSW),NSW,10802,45,100
11232,Deep Creek (Kyogle - NSW),NSW,11202,7,20
11233,Deepwater (NSW),NSW,11002,276,447
11234,Deer Vale,NSW,10402,71,129
11235,Delegate,NSW,10103,196,301
11236,Delungra,NSW,11002,290,628
11237,Denham Court,NSW,12302,2849,9137
11238,Denhams Beach,NSW,10104,393,657
11239,Deniliquin,NSW,10903,3729,7401
11240,Denistone,NSW,12602,1321,3743
11241,Denistone East,NSW,12602,779,2283
11242,Denistone West,NSW,12602,321,950
11243,Denman,NSW,10604,867,1837
11244,Depot Beach,NSW,10104,51,34
11245,Derriwong,NSW,10302,16,38
11246,Deua,NSW,10104,0,0
11247,Deua River Valley,NSW,10104,25,44
11248,Devils Hole,NSW,10104,11,10
11249,Dewitt,NSW,10805,14,11
11250,Dharruk,NSW,11603,937,2819
11251,Dhulura,NSW,11303,17,42
11252,Dhuragoon,NSW,10903,16,38
11253,Diamond Beach,NSW,10805,510,1005
11254,Diamond Head,NSW,10804,5,7
11255,Diehard,NSW,11002,60,57
11256,Diggers Camp,NSW,10401,47,13
11257,Dignams Creek,NSW,10104,37,81
11258,Dilkoon,NSW,10401,17,40
11259,Dilpurra,NSW,10903,11,29
11260,Dingo Forest,NSW,10805,0,0
11261,Dinoga,NSW,11002,24,52
11262,Dirnaseer,NSW,11303,40,84
11263,Dirty Creek,NSW,10402,43,99
11264,Dobies Bight,NSW,11202,43,119
11265,Doctor George Mountain,NSW,10104,35,65
11266,Doctors Gap,NSW,10303,19,25
11267,Dog Rocks,NSW,10301,5,7
11268,Dolans Bay,NSW,12801,233,708
11269,Dolls Point,NSW,11904,890,1627
11270,Dollys Flat,NSW,10805,36,65
11271,Dolphin Point,NSW,11401,194,361
11272,Dombarton,NSW,10701,46,130
11273,Donald Creek,NSW,11001,15,39
11274,Dondingalong,NSW,10802,295,714
11274,Dondingalong,NSW,10804,0,0
11275,Doon Doon,NSW,11203,42,92
11276,Doonbah,NSW,11201,166,294
11277,Doonside,NSW,11601,4860,13620
11278,Dooralong,NSW,10202,118,353
11279,Dora Creek,NSW,11102,838,1739
11280,Dorrigo,NSW,10402,664,1205
11281,Dorrigo Mountain,NSW,10402,54,83
11282,Dorroughby,NSW,11202,69,157
11283,Double Bay,NSW,11801,2614,4695
11284,Doubtful Creek,NSW,11202,66,169
11285,Douglas Park,NSW,12303,461,1381
11286,Dover Heights,NSW,11801,1460,4067
11287,Downside,NSW,11303,48,121
11288,Doyalson,NSW,10202,121,291
11289,Doyalson North,NSW,10202,248,383
11290,Doyles Creek,NSW,10601,27,45
11291,Doyles River,NSW,10804,0,0
11292,Drake,NSW,11002,157,247
11293,Drake Village,NSW,11002,61,102
11294,Drildool,NSW,11003,7,23
11295,Dripstone,NSW,10503,32,68
11296,Drummoyne,NSW,12001,5730,11984
11297,Dry Creek (NSW),NSW,10604,19,50
11298,Dry Plain,NSW,10103,31,42
11299,Dubbo,NSW,10503,17926,43448
11300,Duck Creek,NSW,11202,29,50
11301,Duckenfield,NSW,10602,38,92
11302,Duckmaloi,NSW,10301,25,44
11303,Dudley,NSW,11101,919,2491
11304,Duffys Forest,NSW,12203,168,513
11305,Dulguigan,NSW,11203,60,146
11306,Dulwich Hill,NSW,11702,33,161
11306,Dulwich Hill,NSW,12003,6904,13936
11307,Dum Dum,NSW,11203,54,125
11308,Dumaresq,NSW,11001,40,81
11309,Dumaresq Island,NSW,10805,25,70
11310,Dumaresq Valley,NSW,11002,16,29
11311,Dumbudgery,NSW,10401,0,0
11312,Dunbible,NSW,11203,139,381
11313,Dunbogan,NSW,10804,600,1022
11314,Duncans Creek,NSW,11004,28,71
11315,Dundas (NSW),NSW,12502,1767,4964
11316,Dundas Valley,NSW,12502,2247,5863
11317,Dundee,NSW,11002,82,147
11318,Dundurrabin,NSW,10402,76,123
11319,Dunedoo,NSW,10303,618,1103
11320,Dungarubba,NSW,11202,22,52
11321,Dungay,NSW,11203,86,222
11322,Dungeree,NSW,10303,0,6
11323,Dungog,NSW,10601,980,1999
11324,Dungowan,NSW,11004,146,360
11325,Dunkeld (NSW),NSW,10301,13,42
11326,Dunmore (NSW),NSW,10703,121,313
11327,Dunolly (NSW),NSW,10601,82,140
11328,Dunoon,NSW,11202,342,842
11329,Duns Creek,NSW,10603,203,579
11330,Dunville Loop,NSW,10303,13,13
11331,Dural (Hornsby - NSW),NSW,11502,2745,7903
11332,Dural (Singleton - NSW),NSW,10601,0,0
11333,Duramana,NSW,10301,101,247
11334,Duranbah,NSW,11203,97,228
11335,Duri,NSW,11004,197,465
11336,Duroby,NSW,11203,32,74
11337,Durran Durra,NSW,10102,63,107
11338,Durras North,NSW,10104,57,50
11339,Durren Durren,NSW,10202,31,96
11340,Duval,NSW,11001,0,0
11341,Dyers Crossing,NSW,10805,154,349
11342,Dyraaba,NSW,11202,43,111
11343,Dyrring,NSW,10601,35,102
11344,Eagle Vale,NSW,12302,1956,5794
11345,Eagleton,NSW,10603,85,201
11346,Earlwood,NSW,11902,6774,18055
11347,East Albury,NSW,10901,2962,6204
11348,East Ballina,NSW,11201,2851,5838
11349,East Branxton,NSW,10601,734,1871
11350,East Coraki,NSW,11202,92,222
11351,East Corrimal,NSW,10704,1563,3427
11352,East Gosford,NSW,10201,2212,4368
11353,East Gresford,NSW,10601,167,344
11354,East Hills,NSW,11901,1360,3361
11355,East Jindabyne,NSW,10103,570,1070
11356,East Kangaloon,NSW,11402,44,83
11357,East Kempsey,NSW,10802,626,1350
11358,East Killara,NSW,12103,992,2905
11359,East Kurrajong,NSW,11503,671,2209
11360,East Lindfield,NSW,12103,1316,3701
11361,East Lismore,NSW,11202,2210,4988
11362,East Lynne,NSW,10104,60,89
11363,East Maitland,NSW,10602,5378,11831
11364,East Ryde,NSW,12602,858,2530
11365,East Seaham,NSW,10603,130,350
11366,East Tamworth,NSW,11004,2548,5402
11367,East Wagga Wagga,NSW,11303,121,207
11368,East Wardell,NSW,11201,142,306
11369,Eastern Creek,NSW,11603,289,868
11370,Eastgardens,NSW,11701,1967,4080
11371,Eastlakes,NSW,11701,2937,6351
11372,Eastwood (NSW),NSW,12602,7232,18659
11373,Eatonsville,NSW,10401,92,213
11374,Ebenezer (NSW),NSW,11503,331,1082
11375,Ebor,NSW,11001,105,150
11376,Eccleston,NSW,10601,22,27
11377,Edderton,NSW,10604,0,4
11378,Eden,NSW,10104,1706,3342
11379,Eden Creek,NSW,11202,81,135
11380,Edensor Park,NSW,12702,3080,10292
11381,Edenville,NSW,11202,37,80
11382,Edgecliff,NSW,11801,1546,2508
11383,Edgeroi,NSW,11003,42,101
11384,Edgeworth,NSW,11102,2674,6421
11385,Edith (NSW),NSW,10301,70,123
11386,Edmondson Park,NSW,12701,0,0
11386,Edmondson Park,NSW,12703,3780,12068
11387,Edrom,NSW,10104,0,0
11388,Eenaweena,NSW,10501,10,21
11389,Eglinton (NSW),NSW,10301,1076,3004
11390,Eighteen Mile,NSW,10401,3,3
11391,Elands,NSW,10805,112,174
11392,Elanora Heights,NSW,12202,1494,4585
11393,Elcombe,NSW,11002,18,25
11394,Elderslie (Camden - NSW),NSW,12301,2871,7878
11395,Elderslie (Singleton - NSW),NSW,10601,51,131
11396,Eleebana,NSW,11101,2408,6460
11397,Elermore Vale,NSW,11101,23,102
11397,Elermore Vale,NSW,11102,0,0
11397,Elermore Vale,NSW,11103,2421,5924
11398,Elizabeth Bay,NSW,11703,3836,4891
11399,Elizabeth Beach,NSW,10801,201,252
11400,Elizabeth Hills,NSW,12701,854,3204
11401,Ellalong,NSW,10601,476,1338
11402,Elland,NSW,10401,140,328
11403,Ellangowan (NSW),NSW,11202,124,317
11404,Ellenborough,NSW,10804,77,168
11405,Ellerslie (Snowy Valleys - NSW),NSW,11302,13,39
11406,Ellerslie (Wentworth - NSW),NSW,10902,27,56
11407,Ellerston,NSW,10604,70,123
11408,Ellis Lane,NSW,12301,285,847
11409,Elong Elong,NSW,10503,73,147
11410,Elrington,NSW,10601,58,153
11411,Elsmore,NSW,11002,75,355
11412,Eltham (NSW),NSW,11202,139,332
11413,Elvina Bay,NSW,12202,51,80
11414,Emerald Beach,NSW,10402,1052,2677
11415,Emerald Hill,NSW,11004,59,138
11416,Emerton,NSW,11603,849,2299
11417,Emmaville,NSW,11002,325,502
11418,Empire Bay,NSW,10201,983,2508
11419,Empire Vale,NSW,11201,71,180
11420,Emu Heights (NSW),NSW,12403,1152,3199
11421,Emu Plains,NSW,12403,3185,8131
11422,Emu Swamp,NSW,10304,65,154
11423,Endrick,NSW,11401,0,0
11424,Enfield (NSW),NSW,12003,1208,2990
11425,Engadine,NSW,12802,6383,17697
11426,Englorie Park,NSW,12302,158,360
11427,Enmore (Armidale Regional - NSW),NSW,11001,7,33
11428,Enmore (Inner West - NSW),NSW,11702,1741,3705
11428,Enmore (Inner West - NSW),NSW,11703,95,189
11429,Enngonia,NSW,10501,83,182
11430,Environa,NSW,10102,0,0
11431,Epping (NSW),NSW,12502,275,830
11431,Epping (NSW),NSW,12601,11168,28421
11431,Epping (NSW),NSW,12602,94,284
11432,Eraring,NSW,11102,109,223
11433,Eremerang,NSW,10501,11,21
11434,Erigolia,NSW,11301,13,31
11435,Erin Vale,NSW,11303,22,31
11436,Erina,NSW,10201,2393,5216
11437,Erina Heights,NSW,10201,143,446
11438,Ermington,NSW,12502,4820,12711
11439,Erowal Bay,NSW,11401,426,656
11440,Errowanbang,NSW,10304,24,52
11441,Erskine Park,NSW,12405,2119,6485
11442,Erskineville,NSW,11703,5236,9631
11443,Erudgere,NSW,10303,44,112
11444,Eschol Park,NSW,12302,936,2597
11445,Esk (NSW),NSW,10401,0,0
11445,Esk (NSW),NSW,11201,0,0
11446,Essington,NSW,10301,55,97
11447,Estella,NSW,11303,1022,2547
11448,Ettalong Beach,NSW,10201,3041,5194
11449,Ettamogah,NSW,10901,31,92
11450,Ettrema,NSW,11401,0,0
11451,Ettrick (NSW),NSW,11202,61,142
11452,Euabalong,NSW,10302,9,25
11452,Euabalong,NSW,10501,52,117
11453,Euabalong West,NSW,10501,6,20
11454,Euberta,NSW,11303,54,128
11455,Euchareena,NSW,10503,75,172
11456,Eucumbene,NSW,10103,42,29
11457,Eugowra,NSW,10302,420,862
11458,Eulah Creek,NSW,11003,33,84
11459,Eumungerie,NSW,10503,181,385
11460,Eunanoreenya,NSW,11303,68,163
11461,Eungai Creek,NSW,10802,184,394
11462,Eungai Rail,NSW,10802,90,210
11463,Eungella (NSW),NSW,11203,139,344
11464,Eureka (NSW),NSW,11201,156,349
11465,Eurimbla,NSW,10503,19,45
11466,Eurobodalla,NSW,10104,34,76
11467,Euroka,NSW,10802,125,345
11468,Euroley,NSW,11301,36,77
11469,Eurongilly,NSW,11303,45,92
11470,Eurunderee,NSW,10303,88,189
11471,Euston,NSW,10902,303,831
11472,Evans Head,NSW,11201,1787,2921
11473,Evans Plains,NSW,10301,68,165
11474,Eveleigh,NSW,11703,307,600
11475,Eviron,NSW,11203,78,227
11476,Ewingar,NSW,10401,32,55
11477,Ewingsdale,NSW,11201,379,1032
11478,Exeter (NSW),NSW,11402,536,1084
11479,Failford,NSW,10801,337,755
11480,Fairfield (NSW),NSW,12503,110,347
11480,Fairfield (NSW),NSW,12702,6776,18283
11481,Fairfield East,NSW,12503,1665,5214
11482,Fairfield Heights,NSW,12702,2561,8261
11483,Fairfield West,NSW,12702,3931,12981
11484,Fairholme,NSW,10302,18,43
11485,Fairlight,NSW,12201,2668,6164
11486,Fairy Hill,NSW,11202,170,410
11487,Fairy Meadow,NSW,10704,3358,7497
11488,Falbrook,NSW,10601,9,29
11489,Falconer,NSW,11001,18,52
11490,Falls Creek (NSW),NSW,11401,375,939
11491,Far Meadow,NSW,11401,94,203
11492,Fargunyah,NSW,11303,5,22
11493,Farley,NSW,10602,274,603
11494,Farmborough Heights,NSW,10701,1483,4183
11495,Farnham,NSW,10503,10,21
11496,Farrants Hill,NSW,11203,62,132
11497,Farringdon,NSW,10102,14,21
11498,Fassifern (NSW),NSW,11102,266,584
11499,Faulconbridge,NSW,12401,1571,4147
11500,Faulkland,NSW,10805,62,104
11501,Fawcetts Plain,NSW,11202,57,155
11502,Federal (NSW),NSW,11201,336,783
11503,Fennell Bay,NSW,11102,772,1784
11504,Fern Bay,NSW,11103,1811,4044
11505,Fern Gully,NSW,10601,22,47
11506,Fernances,NSW,11503,12,7
11507,Fernances Crossing,NSW,10601,27,36
11508,Fernbank Creek,NSW,10804,52,114
11509,Fernbrook,NSW,10402,63,127
11510,Fernhill,NSW,10704,458,982
11511,Fernleigh,NSW,11201,109,298
11512,Fernmount,NSW,10402,162,447
11513,Fernside,NSW,11202,27,55
11514,Fernvale (NSW),NSW,11203,107,256
11515,Ferodale,NSW,10603,35,105
11516,Fiddletown,NSW,11502,80,260
11517,Fifield,NSW,10302,48,128
11518,Figtree,NSW,10704,4564,12346
11519,Findon Creek,NSW,11202,21,36
11520,Fine Flower,NSW,10401,14,25
11521,Fingal Bay,NSW,10603,1170,1633
11522,Fingal Head,NSW,11203,316,618
11523,Finley,NSW,10903,1183,2471
11524,Firefly,NSW,10805,115,249
11525,Fishermans Bay,NSW,10603,53,75
11526,Fishermans Paradise,NSW,11401,301,480
11527,Fishermans Reach,NSW,10802,104,146
11528,Fishers Hill,NSW,10601,23,56
11529,Fishing Point,NSW,11102,508,1113
11530,Fitzgeralds Mount,NSW,10301,12,25
11531,Fitzgeralds Valley,NSW,10301,3,12
11532,Fitzroy Falls,NSW,11402,107,220
11533,Five Dock,NSW,12001,4284,9867
11534,Five Ways,NSW,10501,9,27
11535,Flat Tops,NSW,10601,16,21
11536,Fletcher (NSW),NSW,11103,2558,8004
11537,Flinders (NSW),NSW,10703,2508,7104
11538,Floraville,NSW,11101,658,1807
11539,Forbes (NSW),NSW,10302,3795,8152
11540,Forbes Creek,NSW,10102,27,62
11541,Forbes River,NSW,10804,3,20
11542,Forbesdale,NSW,10805,74,172
11543,Fords Bridge,NSW,10501,19,30
11544,Fordwich,NSW,10601,43,90
11545,Forest Glen (NSW),NSW,11502,21,71
11546,Forest Grove (NSW),NSW,10301,37,115
11547,Forest Hill (NSW),NSW,11303,937,3088
11548,Forest Land,NSW,11002,0,0
11549,Forest Lodge,NSW,11703,2694,4966
11550,Forest Reefs,NSW,10304,190,539
11551,Forestville (NSW),NSW,12203,3139,8667
11552,Forresters Beach,NSW,10201,1406,3348
11553,Forster (NSW),NSW,10801,8230,14148
11554,Fortis Creek,NSW,10401,24,38
11555,Fosters Valley,NSW,10301,28,72
11556,Fosterton,NSW,10601,62,92
11557,Fountaindale,NSW,10202,228,729
11558,Four Corners,NSW,10903,0,0
11558,Four Corners,NSW,11301,0,0
11559,Four Mile Creek (NSW),NSW,10304,4,16
11560,Fowlers Gap,NSW,10502,8,25
11561,Foxground,NSW,10703,97,161
11562,Frazer Park,NSW,10202,0,0
11563,Frazers Creek,NSW,10804,89,220
11564,Frederickton,NSW,10802,558,1459
11565,Freeburn Island,NSW,10401,0,0
11566,Freemans,NSW,10202,0,0
11567,Freemans Reach,NSW,11503,694,2054
11568,Freemans Waterhole,NSW,11102,52,118
11569,Freemantle,NSW,10301,15,28
11570,French Park,NSW,11303,6,17
11571,Frenchs Forest,NSW,12203,4613,14260
11572,Freshwater (NSW),NSW,12203,3948,9184
11573,Frog Rock,NSW,10303,67,169
11574,Frogmore,NSW,10106,73,150
11575,Frogs Hollow,NSW,10104,44,117
11576,Frying Pan,NSW,10103,6,11
11577,Fullerton,NSW,10105,41,46
11578,Fullerton Cove,NSW,11103,386,740
11579,Furracabad,NSW,11002,22,52
11580,Gables,NSW,11504,1042,3342
11581,Gadara,NSW,11302,25,50
11582,Gala Vale,NSW,10903,4,13
11583,Galambine,NSW,10303,39,100
11584,Galong,NSW,10106,120,234
11585,Galore,NSW,11301,7,11
11585,Galore,NSW,11303,30,62
11586,Galston,NSW,11502,1176,3195
11587,Ganbenang,NSW,10301,0,0
11587,Ganbenang,NSW,10303,72,104
11588,Gangat,NSW,10805,15,40
11589,Ganmain,NSW,11303,381,809
11590,Garah,NSW,11003,149,288
11591,Garden Suburb,NSW,11101,677,1960
11592,Garema,NSW,10302,45,81
11593,Garland,NSW,10304,31,75
11594,Garland Valley,NSW,10601,12,22
11595,Garoo,NSW,11004,44,94
11596,Garra,NSW,10304,48,117
11597,Garthowen,NSW,11004,69,168
11598,Gateshead,NSW,11101,1307,3123
11599,Gearys Flat,NSW,10804,0,3
11600,Geehi,NSW,11302,0,0
11601,Gelston Park,NSW,11303,61,160
11602,Gemalla,NSW,10301,9,24
11603,Geneva,NSW,11202,342,690
11604,Georges Creek (NSW),NSW,11002,5,11
11605,Georges Hall,NSW,11901,3007,9764
11606,Georges Plains,NSW,10301,84,216
11607,Georgetown (NSW),NSW,11103,928,2060
11608,Georgica,NSW,11202,123,237
11609,Gerogery,NSW,10901,242,685
11610,Gerringong,NSW,10703,1853,4165
11611,Gerroa,NSW,10703,525,572
11612,Geurie,NSW,10503,296,704
11613,Ghinni Ghi,NSW,11202,27,41
11614,Ghinni Ghinni,NSW,10805,23,45
11615,Ghoolendaadi,NSW,11004,34,85
11616,Giants Creek,NSW,10604,55,145
11617,Gibberagee,NSW,10401,0,0
11617,Gibberagee,NSW,11202,20,29
11618,Gibraltar Range,NSW,11002,7,118
11619,Gidginbung,NSW,11303,28,71
11620,Gidley,NSW,11004,28,91
11621,Gilead,NSW,12302,445,879
11622,Gilgai,NSW,11002,320,735
11623,Gilgandra,NSW,10503,1495,2981
11624,Gilgooma,NSW,10501,15,44
11625,Gilgunnia,NSW,10501,5,0
11626,Gillenbah,NSW,11301,66,123
11627,Gilletts Ridge,NSW,10401,15,44
11628,Gillieston Heights,NSW,10602,1778,4775
11629,Gilmandyke,NSW,10301,9,17
11630,Gilmore (NSW),NSW,11302,93,222
11631,Gin Gin (NSW),NSW,10503,65,161
11632,Gineroi,NSW,11002,36,61
11633,Ginghi,NSW,10303,6,15
11634,Gingkin,NSW,10301,61,62
11635,Girards Hill,NSW,11202,663,1341
11636,Girilambone,NSW,10501,38,91
11637,Giro,NSW,10805,9,0
11638,Girral,NSW,10302,44,52
11639,Girralong,NSW,10802,26,44
11640,Girraween (NSW),NSW,12504,2046,6275
11641,Girvan,NSW,10801,113,209
11642,Gladesville,NSW,12602,5861,12898
11643,Gladstone (NSW),NSW,10802,183,437
11644,Glanmire (NSW),NSW,10301,68,189
11645,Glebe (NSW),NSW,11703,6525,11661
11646,Gledswood Hills,NSW,12701,1918,6088
11647,Glen Alice,NSW,10303,71,58
11648,Glen Allen,NSW,10103,30,49
11649,Glen Alpine,NSW,12302,1391,4425
11650,Glen Davis,NSW,10303,104,100
11651,Glen Elgin,NSW,11002,21,32
11652,Glen Fergus,NSW,10103,5,15
11653,Glen Innes,NSW,11002,3119,6200
11654,Glen Martin,NSW,10601,58,159
11655,Glen Nevis,NSW,11002,0,0
11656,Glen Oak,NSW,10601,8,17
11656,Glen Oak,NSW,10603,122,402
11657,Glen Ward,NSW,10805,10,3
11658,Glen William,NSW,10601,61,140
11659,Glenbawn,NSW,10604,50,92
11660,Glenbrook,NSW,12401,1917,5062
11661,Glencoe (NSW),NSW,11002,89,157
11662,Glendale (NSW),NSW,11101,1362,3265
11663,Glendenning,NSW,11603,1576,5195
11664,Glendon,NSW,10601,45,114
11665,Glendon Brook,NSW,10601,140,373
11666,Glenelg (NSW),NSW,10302,21,55
11667,Glenellen,NSW,10901,49,130
11668,Glenfield (NSW),NSW,12302,3478,10521
11669,Glenfield Park,NSW,11303,2154,5101
11670,Glengarrie,NSW,11203,58,102
11671,Glenhaven,NSW,11501,2323,6599
11672,Gleniffer,NSW,10402,202,411
11673,Glenmore (NSW),NSW,12303,35,108
11674,Glenmore Park,NSW,12403,8192,25010
11675,Glennies Creek,NSW,10601,14,28
11676,Glenning Valley,NSW,10202,741,2033
11677,Glenorie,NSW,11502,1239,3784
11678,Glenquarry,NSW,11402,118,264
11679,Glenreagh,NSW,10401,356,992
11680,Glenridding,NSW,10601,125,257
11681,Glenrock (NSW),NSW,10604,0,10
11682,Glenroy (Albury - NSW),NSW,10901,1496,3525
11683,Glenroy (Snowy Valleys - NSW),NSW,11302,35,86
11684,Glenthorne,NSW,10805,106,245
11685,Glenugie,NSW,10401,99,1298
11686,Glenwood (NSW),NSW,11602,4651,15859
11687,Glenworth Valley,NSW,10201,6,12
11688,Glossodia,NSW,11503,998,2869
11689,Gloucester,NSW,10805,1575,3150
11690,Gloucester Tops,NSW,10805,0,0
11691,Goat Island,NSW,11201,0,4
11692,Gobarralong,NSW,11303,31,63
11693,Gobbagombalin,NSW,11303,774,2200
11694,Gocup,NSW,11302,59,156
11695,Godfreys Creek,NSW,10106,33,70
11696,Gogeldrie,NSW,11301,19,65
11697,Gol Gol,NSW,10902,777,1943
11698,Gollan,NSW,10503,43,106
11699,Golspie,NSW,10105,71,70
11700,Gongolgon,NSW,10501,18,36
11701,Gonn,NSW,10903,18,42
11702,Gooandra,NSW,10103,0,0
11703,Goobarragandra,NSW,11302,45,88
11704,Good Forest,NSW,10303,19,38
11705,Good Hope,NSW,10106,65,158
11706,Goodmans Ford,NSW,10105,0,0
11707,Goodnight,NSW,10902,40,86
11708,Goodooga,NSW,10501,134,228
11709,Goodwood Island,NSW,10401,59,91
11710,Googong,NSW,10102,2457,7430
11711,Goolgowi,NSW,11301,190,416
11712,Goolhi,NSW,10503,49,65
11712,Goolhi,NSW,11004,0,0
11713,Goolma,NSW,10303,50,77
11713,Goolma,NSW,10503,8,14
11714,Goolmangar,NSW,11202,63,181
11715,Gooloogong,NSW,10302,213,408
11716,Goombargana,NSW,10903,25,59
11717,Goonellabah,NSW,11202,5816,13334
11718,Goonengerry,NSW,11201,216,422
11719,Goonoo Forest,NSW,10303,0,0
11719,Goonoo Forest,NSW,10503,5,11
11720,Goonoo Goonoo,NSW,11004,11,42
11721,Goonumbla,NSW,10302,42,98
11722,Goorangoola,NSW,10601,22,52
11723,Goorianawa,NSW,10503,9,20
11724,Gordon (NSW),NSW,12103,3613,8784
11725,Gorge Creek,NSW,11202,9,16
11726,Gormans Hill,NSW,10301,371,883
11727,Gorokan,NSW,10202,3978,8627
11728,Gosford,NSW,10201,2924,4880
11729,Gosforth,NSW,10602,27,82
11730,Gostwyck,NSW,11001,4,17
11731,Goulburn,NSW,10105,10724,23866
11732,Gouldsville,NSW,10601,9,24
11733,Gowan,NSW,10301,19,21
11733,Gowan,NSW,10304,10,15
11734,Gowang,NSW,10503,32,27
11735,Gowrie (Singleton - NSW),NSW,10601,111,333
11736,Gowrie (Tamworth Regional - NSW),NSW,11004,36,100
11737,Grabben Gullen,NSW,10105,138,245
11738,Gradys Creek,NSW,11202,36,59
11739,Grafton,NSW,10401,4886,10594
11740,Gragin,NSW,11002,3,15
11741,Grahamstown,NSW,11302,20,71
11742,Graman,NSW,11002,48,106
11743,Grantham Farm,NSW,11602,1208,3682
11744,Grants Beach,NSW,10804,0,8
11745,Granville (NSW),NSW,12503,5581,14246
11745,Granville (NSW),NSW,12504,1236,2455
11746,Grasmere,NSW,12301,702,2102
11747,Grassy Head,NSW,10802,61,85
11748,Grattai,NSW,10303,168,317
11749,Gravesend,NSW,11002,115,299
11749,Gravesend,NSW,11003,0,0
11750,Grays Point,NSW,12801,1042,3044
11750,Grays Point,NSW,12802,0,0
11751,Great Mackerel Beach,NSW,12202,117,49
11752,Great Marlow,NSW,10401,82,190
11753,Green Cape,NSW,10104,9,4
11754,Green Creek,NSW,10604,15,19
11755,Green Forest,NSW,11202,3,11
11756,Green Gully (NSW),NSW,10303,24,49
11757,Green Hills (Armidale Regional - NSW),NSW,11001,12,16
11758,Green Hills (Snowy Valleys - NSW),NSW,11302,0,0
11759,Green Pigeon,NSW,11202,82,177
11760,Green Point (Central Coast - NSW),NSW,10201,2852,6834
11761,Green Point (Mid-Coast - NSW),NSW,10801,280,528
11762,Green Valley (NSW),NSW,12701,3825,12949
11763,Greenacre,NSW,11901,8114,26300
11763,Greenacre,NSW,12003,0,0
11764,Greendale (Bega Valley - NSW),NSW,10104,42,93
11765,Greendale (Liverpool - NSW),NSW,12701,99,310
11766,Greenethorpe,NSW,10302,106,205
11767,Greenfield Park,NSW,12702,1571,5390
11768,Greengrove,NSW,10201,9,14
11769,Greenhill (NSW),NSW,10802,264,750
11770,Greenhills Beach,NSW,12801,372,1373
11771,Greenlands (Singleton - NSW),NSW,10601,38,98
11772,Greenlands (Snowy Monaro Regional - NSW),NSW,10103,5,20
11773,Greenleigh,NSW,10102,265,667
11774,Greenridge,NSW,11202,42,151
11775,Greenwell Point,NSW,11401,767,1236
11776,Greenwich,NSW,12101,2374,5480
11777,Greenwich Park,NSW,10105,87,159
11778,Greg Greg,NSW,11302,32,36
11779,Gregadoo,NSW,11303,92,273
11780,Gregory Hills,NSW,12301,291,891
11780,Gregory Hills,NSW,12302,0,68
11780,Gregory Hills,NSW,12701,2698,8175
11781,Greigs Flat,NSW,10104,81,202
11782,Grenfell,NSW,10302,1368,2617
11783,Gresford,NSW,10601,102,241
11784,Greta (NSW),NSW,10601,1286,3369
11785,Greta Main,NSW,10601,22,73
11786,Grevillia,NSW,11202,45,79
11787,Greystanes,NSW,12503,7619,22188
11787,Greystanes,NSW,12504,499,1341
11788,Griffith (NSW),NSW,11301,7849,19506
11789,Grogan,NSW,11303,35,79
11790,Grong Grong,NSW,11301,124,281
11791,Grose Vale,NSW,11503,402,1284
11792,Grose Wold,NSW,11503,231,668
11793,Grosses Plain,NSW,10103,15,36
11794,Growee,NSW,10303,6,12
11795,Guerilla Bay,NSW,10104,96,69
11796,Guildford (NSW),NSW,12503,8364,24105
11797,Guildford West,NSW,12503,1777,5775
11798,Gulargambone,NSW,10501,261,537
11799,Gulf Creek,NSW,11002,25,45
11800,Gulgong,NSW,10303,1196,2689
11801,Gulmarrad,NSW,10401,740,1942
11802,Gum Flat,NSW,11002,93,213
11803,Gum Scrub,NSW,10804,46,121
11804,Gumbalie,NSW,10501,15,23
11805,Gumble,NSW,10304,28,48
11806,Gumly Gumly,NSW,11303,155,444
11807,Gumma,NSW,10802,215,491
11808,Gunbar,NSW,11301,15,33
11809,Gundagai,NSW,11303,835,1722
11810,Gundamulda,NSW,11002,10,25
11811,Gundaroo,NSW,10106,421,1237
11812,Gundary,NSW,10105,124,306
11813,Gunderbooka,NSW,10501,21,27
11814,Gunderman,NSW,10201,137,183
11815,Gundy,NSW,10604,76,167
11816,Gungal,NSW,10604,80,188
11817,Gungalman,NSW,10501,4,19
11818,Gunnedah,NSW,11004,4659,10345
11819,Gunning,NSW,10106,343,820
11820,Gunning Gap,NSW,10302,41,88
11821,Gunningbland,NSW,10302,42,90
11822,Gunningrah,NSW,10103,13,26
11823,Guntawang,NSW,10303,11,43
11824,Gurley,NSW,11003,97,248
11825,Gurnang,NSW,10301,3,94
11826,Gurranang,NSW,10401,27,57
11827,Gurrundah,NSW,10105,45,80
11828,Guyong,NSW,10304,51,118
11829,Guyra,NSW,11001,927,1998
11830,Gwabegar,NSW,11003,73,119
11831,Gwandalan,NSW,10202,1620,3771
11832,Gwynneville,NSW,10704,1162,3167
11833,Gymea,NSW,12801,3486,8129
11833,Gymea,NSW,12802,38,92
11834,Gymea Bay,NSW,12801,2281,6976
11835,Haberfield,NSW,12001,0,0
11835,Haberfield,NSW,12003,2385,6472
11836,Hacks Ferry,NSW,10804,5,9
11837,Halekulani,NSW,10202,1291,2672
11838,Halfway Creek,NSW,10401,114,250
11838,Halfway Creek,NSW,10402,3,3
11839,Hallidays Point,NSW,10805,266,664
11840,Halloran,NSW,10202,15,34
11841,Halls Creek (NSW),NSW,11004,88,184
11842,Hallsville,NSW,11004,231,648
11843,Halton,NSW,10601,15,25
11844,Hambledon Hill,NSW,10601,9,14
11845,Hamilton (NSW),NSW,11103,2294,4615
11846,Hamilton East,NSW,11103,399,993
11847,Hamilton North,NSW,11103,425,946
11848,Hamilton South,NSW,11103,1979,4067
11849,Hamilton Valley,NSW,10901,304,839
11850,Hamlyn Terrace,NSW,10202,3091,8773
11851,Hammondville,NSW,12703,1238,3702
11852,Hampden Hall,NSW,10802,25,74
11853,Hampton (NSW),NSW,10303,85,112
11854,Hanging Rock,NSW,11004,49,95
11855,Hanleys Creek,NSW,10601,0,3
11856,Hannam Vale,NSW,10805,99,215
11857,Hanwood,NSW,11301,560,1372
11858,Harden,NSW,10106,1033,1926
11859,Hardys Bay,NSW,10201,179,237
11860,Harefield,NSW,11303,66,174
11861,Hargraves,NSW,10303,196,300
11862,Harolds Cross,NSW,10102,50,79
11863,Harparary,NSW,11003,14,47
11864,Harpers Hill,NSW,10601,26,68
11865,Harrington,NSW,10805,1972,3388
11866,Harrington Park,NSW,12301,3925,13343
11867,Harris Park,NSW,12504,2266,5034
11868,Hartley (NSW),NSW,10303,206,472
11869,Hartley Vale,NSW,10303,42,84
11870,Hartwood,NSW,10903,13,26
11871,Hartys Plains,NSW,10804,11,36
11872,Harwood,NSW,10401,158,343
11873,Hassall Grove,NSW,11603,1342,4369
11874,Hassans Walls,NSW,10303,0,0
11875,Hastings Point,NSW,11203,493,662
11876,Hat Head,NSW,10802,376,355
11877,Hatfield,NSW,10902,12,10
11878,Havilah (NSW),NSW,10303,14,42
11879,Hawkesbury Heights,NSW,12401,172,467
11880,Hawks Nest,NSW,10603,1441,1403
11881,Hay (NSW),NSW,10902,1221,2311
11882,Hay South,NSW,10902,207,359
11883,Hayes Gap,NSW,10303,14,22
11884,Haymarket,NSW,11703,3946,8302
11885,Haystack,NSW,11202,3,3
11886,Hayters Hill,NSW,11201,14,40
11887,Haywards Bay,NSW,10701,429,1284
11888,Hazelbrook,NSW,12401,2067,5082
11889,Hazelgrove,NSW,10301,50,100
11890,Heathcote (NSW),NSW,12802,2249,6142
11891,Heatherbrae,NSW,10603,330,638
11892,Hebden,NSW,10601,11,20
11892,Hebden,NSW,10604,8,46
11893,Hebersham,NSW,11603,1890,5666
11894,Heckenberg,NSW,12701,1056,3253
11895,Heddon Greta,NSW,10601,1009,2839
11896,Heifer Station,NSW,10401,6,8
11897,Helensburgh,NSW,10704,2318,6555
11898,Henley,NSW,12602,181,455
11899,Henty (NSW),NSW,10901,590,1204
11899,Henty (NSW),NSW,11303,11,29
11900,Hereford Hall,NSW,10102,28,23
11901,Hermidale,NSW,10501,63,132
11902,Hermitage Flat,NSW,10303,183,317
11903,Hernani,NSW,10402,49,112
11903,Hernani,NSW,11001,0,0
11904,Herons Creek,NSW,10804,104,245
11905,Hexham (NSW),NSW,11103,72,159
11906,Hickeys Creek,NSW,10802,69,129
11907,High Range,NSW,11402,179,493
11908,Higher Macdonald,NSW,11503,12,20
11909,Highfields (NSW),NSW,11101,355,931
11910,Hill End (NSW),NSW,10301,137,106
11911,Hill Top (Snowy Monaro Regional - NSW),NSW,10103,51,115
11912,Hill Top (Wingecarribee - NSW),NSW,11402,1031,2796
11913,Hilldale,NSW,10601,72,192
11914,Hillgrove (Armidale Regional - NSW),NSW,11001,85,184
11915,Hillgrove (Wagga Wagga - NSW),NSW,11303,30,30
11916,Hillsborough (Lake Macquarie - NSW),NSW,11101,242,639
11917,Hillsborough (Maitland - NSW),NSW,10602,20,50
11918,Hillsdale,NSW,11701,2661,5680
11919,Hillston,NSW,11301,733,1558
11920,Hillville,NSW,10805,135,309
11921,Hillvue,NSW,11004,2759,6517
11922,Hinchinbrook (NSW),NSW,12701,3312,11532
11923,Hinton,NSW,10603,178,475
11924,Hobartville,NSW,12404,1106,2709
11925,Hobbys Yards,NSW,10304,38,83
11926,Hogarth Range,NSW,11202,31,64
11927,Holbrook,NSW,10901,857,1644
11927,Holbrook,NSW,11303,0,0
11928,Holgate,NSW,10201,316,1016
11929,Hollisdale,NSW,10804,26,52
11930,Hollydeen,NSW,10604,25,44
11931,Holmesville,NSW,11102,524,1418
11932,Holroyd,NSW,12503,481,1243
11932,Holroyd,NSW,12504,0,0
11933,Holsworthy,NSW,12302,0,5
11933,Holsworthy,NSW,12703,1592,5661
11934,Holts Flat,NSW,10103,8,10
11935,Home Rule,NSW,10303,24,55
11936,Homebush (NSW),NSW,12003,5216,11620
11937,Homebush West,NSW,12003,3877,9125
11938,Homeleigh,NSW,11202,66,120
11939,Honeybugle,NSW,10501,22,41
11940,Hopefield,NSW,10903,49,96
11941,Hopkins Creek,NSW,11203,49,139
11942,Horningsea Park,NSW,12701,1058,3659
11943,Hornsby,NSW,12102,9622,22488
11944,Hornsby Heights,NSW,12102,2141,6352
11945,Horse Station Creek,NSW,11202,70,150
11946,Horseshoe Bend,NSW,10602,188,428
11947,Horseshoe Creek,NSW,11202,37,69
11948,Horsfield Bay,NSW,10201,212,501
11949,Horsley,NSW,10701,3182,9427
11950,Horsley Park,NSW,12702,606,1790
11951,Hoskinstown,NSW,10102,82,191
11952,Hovells Creek,NSW,10106,14,30
11953,Howards Grass,NSW,11202,27,73
11954,Howell,NSW,11002,18,31
11955,Howes Valley,NSW,10601,47,84
11956,Howick (NSW),NSW,10601,0,0
11957,Howlong,NSW,10903,1354,2975
11958,Hoxton Park,NSW,12701,1337,4566
11958,Hoxton Park,NSW,12703,0,0
11959,Humula,NSW,11302,4,5
11959,Humula,NSW,11303,60,121
11960,Hungerford (NSW),NSW,10501,11,12
11961,Hunters Hill,NSW,12602,3340,8999
11962,Hunterview,NSW,10601,1143,3110
11963,Huntingdon,NSW,10804,27,86
11964,Huntingwood,NSW,11603,5,3
11965,Huntley (Orange - NSW),NSW,10304,63,162
11966,Huntley (Wollongong - NSW),NSW,10701,21,66
11967,Huntleys Cove,NSW,12602,358,738
11968,Huntleys Point,NSW,12602,54,142
11969,Huonbrook,NSW,11201,52,99
11970,Hurlstone Park,NSW,12003,2174,5023
11971,Hurstville,NSW,11903,11978,31106
11971,Hurstville,NSW,11904,0,0
11972,Hurstville Grove,NSW,11903,853,2602
11973,Huskisson,NSW,11401,729,844
11974,Hyams Beach,NSW,11401,276,126
11975,Hydes Creek,NSW,10402,51,151
11976,Hyland Park,NSW,10802,213,434
11977,Hyndmans Creek,NSW,10804,18,41
11978,Ilarwill,NSW,10401,108,237
11979,Ilford,NSW,10303,113,166
11980,Illabo,NSW,11303,73,138
11981,Illaroo,NSW,11401,17,41
11982,Illawong,NSW,12802,2464,7457
11983,Iluka (NSW),NSW,10401,1326,1770
11984,Indi,NSW,11302,9,25
11985,Ingebirah,NSW,10103,50,97
11986,Ingeegoodbee,NSW,10103,0,0
11987,Ingleburn,NSW,12302,5632,15255
11988,Ingleside,NSW,12202,338,994
11988,Ingleside,NSW,12203,11,36
11989,Innes View,NSW,10804,15,26
11990,Inverell,NSW,11002,5490,12031
11991,Invergordon (NSW),NSW,10805,25,34
11992,Invergowrie,NSW,11001,322,793
11993,Iron Pot Creek,NSW,11202,11,23
11994,Ironbark (NSW),NSW,11004,14,22
11995,Ironmungy,NSW,10103,0,0
11996,Irvington,NSW,11202,28,75
11997,Irymple (NSW),NSW,10501,4,3
11998,Isabella,NSW,10301,38,58
11999,Islington,NSW,11103,1014,2029
12000,Ivanhoe (NSW),NSW,10502,157,237
12000,Ivanhoe (NSW),NSW,10902,10,22
12001,Jackadgery,NSW,10401,59,136
12002,Jacks Creek,NSW,11003,80,184
12003,Jacksons Flat,NSW,11202,6,41
12004,Jacky Bulbin Flat,NSW,10401,28,59
12005,Jagumba,NSW,11302,0,0
12006,Jagungal Wilderness,NSW,11302,0,0
12007,Jamberoo,NSW,10703,775,1897
12008,James Creek,NSW,10401,93,258
12009,Jamisontown,NSW,12403,2467,5320
12010,Jannali,NSW,12802,2661,6635
12011,Jaspers Brush,NSW,11401,185,364
12012,Jaunter,NSW,10301,6,8
12013,Jeir,NSW,10106,108,275
12014,Jellat Jellat,NSW,10104,27,85
12015,Jemalong,NSW,10302,36,82
12016,Jembaicumbene,NSW,10102,31,64
12017,Jennings,NSW,11002,111,169
12018,Jenolan,NSW,10301,23,36
12019,Jeogla,NSW,11001,22,39
12020,Jerangle,NSW,10103,48,94
12021,Jeremadra,NSW,10104,83,190
12022,Jeremy,NSW,10301,0,0
12023,Jerilderie,NSW,10903,471,921
12024,Jerrabattgulla,NSW,10102,24,16
12025,Jerrabomberra,NSW,10102,3291,9599
12026,Jerrara,NSW,10703,47,132
12027,Jerrawa,NSW,10106,50,105
12028,Jerrawangala,NSW,11401,23,53
12029,Jerrong,NSW,10301,22,16
12030,Jerrys Plains,NSW,10601,134,295
12030,Jerrys Plains,NSW,10604,22,155
12031,Jerseyville,NSW,10802,51,127
12032,Jesmond,NSW,11103,1381,3200
12033,Jewells,NSW,11101,960,2438
12034,Jews Lagoon,NSW,11003,6,0
12035,Jiggi,NSW,11202,158,367
12036,Jilliby,NSW,10202,546,1689
12037,Jimenbuen,NSW,10103,21,38
12038,Jincumbilly,NSW,10103,10,10
12039,Jindabyne,NSW,10103,1968,2956
12040,Jinden,NSW,10102,19,20
12041,Jindera,NSW,10901,944,2727
12042,Jingellic,NSW,11302,51,71
12043,Jingera,NSW,10102,16,39
12044,Joadja,NSW,11402,53,137
12045,Joes Box,NSW,11202,13,24
12046,Johns River,NSW,10804,0,0
12046,Johns River,NSW,10805,152,345
12047,Jolly Nose,NSW,10804,0,0
12048,Jones Bridge,NSW,11302,8,15
12049,Jones Island,NSW,10805,39,82
12050,Jordan Springs,NSW,12403,3752,11767
12051,Judds Creek,NSW,10301,7,12
12052,Jugiong,NSW,10106,140,248
12053,Junction Hill,NSW,10401,642,1554
12054,Junee,NSW,11303,1869,5071
12055,Junee Reefs,NSW,11303,41,87
12056,Kahibah,NSW,11101,1145,2615
12057,Kains Flat,NSW,10303,92,216
12058,Kalang,NSW,10402,151,274
12059,Kalaru,NSW,10104,343,814
12060,Kalkite,NSW,10103,179,284
12061,Kamarah,NSW,10302,8,16
12061,Kamarah,NSW,11301,38,63
12062,Kameruka,NSW,10104,82,190
12063,Kanahooka,NSW,10701,2356,5716
12064,Kanangra,NSW,12402,0,0
12065,Kandos,NSW,10303,776,1256
12066,Kangaloon,NSW,11402,97,206
12067,Kangaroo Creek,NSW,10401,48,101
12068,Kangaroo Point (NSW),NSW,12801,205,615
12069,Kangaroo Valley,NSW,11401,552,861
12070,Kangaroobie,NSW,10304,18,60
12071,Kangiara,NSW,10106,20,50
12072,Kangy Angy,NSW,10202,135,331
12073,Kanimbla (NSW),NSW,10303,109,181
12074,Kanoona,NSW,10104,47,147
12075,Kanwal,NSW,10202,1637,4203
12076,Kapooka,NSW,11303,58,395
12077,Kaputar,NSW,11003,10,4
12078,Karaak Flat,NSW,10805,17,43
12079,Karabar,NSW,10102,3470,8518
12080,Karangi,NSW,10402,209,511
12081,Kareela,NSW,12802,1188,3545
12082,Kariong,NSW,10201,2181,6510
12083,Kars Springs,NSW,10604,16,38
12084,Karuah,NSW,10603,754,1632
12085,Katoomba,NSW,12401,4694,8229
12086,Kayuga,NSW,10604,23,56
12087,Kearns,NSW,12302,899,2680
12088,Kearsley,NSW,10601,332,841
12089,Keepit,NSW,11004,6,19
12090,Keera,NSW,11002,20,49
12091,Keerrong,NSW,11202,52,155
12092,Keinbah,NSW,10601,47,109
12093,Keiraville,NSW,10704,1358,4014
12094,Keith Hall,NSW,11201,59,154
12095,Kellys Plains,NSW,11001,64,166
12096,Kellyville,NSW,11501,8571,26962
12097,Kellyville Ridge,NSW,11602,3257,10905
12098,Kelso (NSW),NSW,10301,3816,10053
12099,Kelvin,NSW,11004,72,186
12100,Kembla Grange,NSW,10701,494,1457
12101,Kembla Heights,NSW,10701,38,84
12102,Kemps Creek,NSW,12701,508,1614
12102,Kemps Creek,NSW,12702,159,486
12103,Kempsey,NSW,10802,257,482
12104,Kendall,NSW,10804,507,1150
12105,Kenebri,NSW,10503,17,39
12106,Kennaicle Creek,NSW,10402,0,3
12106,Kennaicle Creek,NSW,10802,0,0
12107,Kensington (NSW),NSW,11802,5543,11933
12108,Kenthurst,NSW,11502,1665,5288
12109,Kentlyn,NSW,12302,247,732
12110,Kentucky,NSW,11001,79,171
12111,Kentucky South,NSW,11001,61,121
12112,Kerewong,NSW,10804,0,5
12113,Keri Keri,NSW,10903,5,4
12114,Kerrabee,NSW,10604,4,11
12115,Kerrigundi,NSW,10501,9,14
12116,Kerrs Creek,NSW,10304,20,58
12117,Kew (NSW),NSW,10804,795,1751
12118,Keybarbin,NSW,10401,0,0
12119,Khancoban,NSW,11302,188,314
12120,Khatambuhl,NSW,10805,0,0
12121,Kia Ora (NSW),NSW,10805,19,34
12122,Kiacatoo,NSW,10302,28,77
12123,Kiah,NSW,10104,59,96
12124,Kiama,NSW,10703,4051,7871
12125,Kiama Downs,NSW,10703,1975,5098
12126,Kiama Heights,NSW,10703,397,875
12127,Kianga (NSW),NSW,10104,454,774
12128,Kiar,NSW,10202,8,24
12129,Kickabil,NSW,10503,22,67
12130,Kielvale,NSW,11203,103,244
12131,Kikiamah,NSW,10106,44,109
12132,Kikoira,NSW,10302,39,59
12133,Kilaben Bay,NSW,11102,600,1513
12134,Kilgin,NSW,11202,24,59
12135,Kilgra,NSW,11202,32,79
12136,Killabakh,NSW,10805,103,254
12137,Killara (NSW),NSW,12103,4134,10619
12138,Killarney Heights,NSW,12203,1467,4481
12139,Killarney Vale,NSW,10202,2970,7492
12140,Killawarra (NSW),NSW,10805,60,179
12141,Killcare,NSW,10201,404,528
12142,Killcare Heights,NSW,10201,418,825
12143,Killiekrankie,NSW,10802,0,0
12144,Killimicat,NSW,11302,14,35
12145,Killingworth (NSW),NSW,11102,205,693
12146,Killongbutta,NSW,10301,18,34
12147,Kimbriki,NSW,10805,71,156
12148,Kinchela,NSW,10802,120,281
12149,Kincumber,NSW,10201,3271,7367
12150,Kincumber South,NSW,10201,429,721
12151,Kindee,NSW,10804,38,91
12152,Kindervale,NSW,10102,13,18
12153,King Creek,NSW,10804,643,1866
12154,Kingfisher Shores,NSW,10202,80,157
12155,Kinghorne,NSW,11401,0,0
12156,Kings Forest,NSW,11203,13,40
12157,Kings Langley,NSW,11601,3251,9366
12158,Kings Park (NSW),NSW,11601,1280,3462
12159,Kings Plains (Blayney - NSW),NSW,10304,50,119
12160,Kings Plains (Inverell - NSW),NSW,11002,13,26
12161,Kings Point,NSW,11401,300,607
12162,Kingscliff,NSW,11203,4065,8333
12163,Kingsdale,NSW,10105,78,211
12164,Kingsford (NSW),NSW,11802,5869,13468
12165,Kingsgate,NSW,11002,3,5
12166,Kingsgrove,NSW,11902,2288,6376
12166,Kingsgrove,NSW,11903,36,84
12166,Kingsgrove,NSW,11904,2383,6432
12167,Kingsland,NSW,11002,21,32
12168,Kingstown,NSW,11001,50,64
12169,Kingsvale,NSW,10106,106,237
12170,Kingswood (Bega Valley - NSW),NSW,10104,3,4
12171,Kingswood (Penrith - NSW),NSW,12403,4870,10635
12172,Kingswood (Tamworth Regional - NSW),NSW,11004,416,1152
12173,Kinvara,NSW,11201,87,192
12174,Kioloa,NSW,11401,324,292
12175,Kiora,NSW,10104,26,47
12176,Kippara,NSW,10804,0,0
12177,Kippaxs,NSW,10805,18,22
12178,Kippenduff,NSW,11202,12,17
12179,Kirkconnell,NSW,10301,7,227
12180,Kirkham,NSW,12301,208,693
12181,Kirrawee,NSW,12802,4667,10985
12182,Kirribilli,NSW,12104,2568,3645
12183,Kitchener,NSW,10601,232,680
12184,Kiwarrak,NSW,10805,0,3
12185,Klori,NSW,11004,19,52
12186,Knights Hill,NSW,10703,0,0
12186,Knights Hill,NSW,11402,20,39
12187,Knockrow,NSW,11201,83,188
12188,Knorrit Flat,NSW,10805,15,39
12189,Knorrit Forest,NSW,10805,0,0
12190,Kogarah,NSW,11904,7203,16381
12191,Kogarah Bay,NSW,11904,715,2099
12192,Kooba,NSW,11301,18,39
12193,Kookabookra,NSW,11001,6,10
12193,Kookabookra,NSW,11002,5,5
12194,Koolewong,NSW,10201,423,920
12195,Koolkhan,NSW,10401,19,30
12196,Koonawarra,NSW,10701,1446,3736
12197,Koonorigan,NSW,11202,137,322
12198,Koonyum Range,NSW,11201,0,17
12199,Kooragang,NSW,11103,7,4
12200,Koorainghat,NSW,10805,67,177
12201,Koorawatha,NSW,10106,205,326
12201,Koorawatha,NSW,10302,56,118
12202,Kooringal (NSW),NSW,11303,3315,7384
12203,Kootingal,NSW,11004,964,2312
12204,Koraleigh,NSW,10903,139,290
12205,Koreelah,NSW,11002,81,79
12206,Korora,NSW,10402,1165,2749
12207,Kosciuszko,NSW,11302,0,0
12208,Kotara,NSW,11101,34,98
12208,Kotara,NSW,11103,1572,3904
12209,Kotara South,NSW,11103,483,1270
12210,Krambach,NSW,10805,204,387
12211,Krawarree,NSW,10102,67,82
12212,Kremnos,NSW,10401,88,175
12213,Ku-ring-gai Chase,NSW,12202,6,7
12213,Ku-ring-gai Chase,NSW,12203,4,6
12214,Kulnura,NSW,10201,243,594
12215,Kulwin (NSW),NSW,10501,15,14
12216,Kunama,NSW,11302,25,56
12217,Kundabung,NSW,10802,238,628
12218,Kundibakh,NSW,10805,48,89
12219,Kundle Kundle,NSW,10805,77,204
12220,Kungala,NSW,10401,77,144
12221,Kunghur,NSW,11203,50,131
12222,Kunghur Creek,NSW,11203,26,54
12223,Kurmond,NSW,11503,300,859
12224,Kurnell,NSW,12801,853,2530
12225,Kurraba Point,NSW,12104,823,1417
12226,Kurrajong,NSW,11503,1101,3123
12227,Kurrajong Heights,NSW,11503,484,1248
12228,Kurrajong Hills,NSW,11503,243,715
12229,Kurri Kurri,NSW,10601,2677,6174
12230,Kyalite,NSW,10902,25,87
12231,Kyarran,NSW,10401,8,15
12232,Kybeyan,NSW,10103,11,28
12233,Kyeamba,NSW,11303,30,71
12234,Kyeemagh,NSW,11904,342,929
12235,Kyle Bay,NSW,11903,354,1037
12236,Kynnumboon,NSW,11203,52,109
12237,Kyogle,NSW,11202,1061,2251
12238,La Perouse,NSW,11802,150,364
12239,Lacmalac,NSW,11302,73,146
12240,Lade Vale,NSW,10106,69,159
12241,Ladysmith,NSW,11303,148,332
12242,Laffing Waters,NSW,10301,34,98
12243,Laggan,NSW,10105,221,415
12244,Lagoon Grass,NSW,11202,23,49
12245,Laguna,NSW,10601,244,310
12246,Lake Albert (NSW),NSW,11303,2518,6286
12247,Lake Bathurst,NSW,10105,118,223
12248,Lake Brewster,NSW,11301,8,12
12249,Lake Burrendong,NSW,10503,0,0
12250,Lake Cargelligo,NSW,10302,719,1440
12251,Lake Cathie,NSW,10804,1924,4308
12252,Lake Conjola,NSW,11401,525,692
12253,Lake Cowal,NSW,10302,23,39
12254,Lake George,NSW,10102,48,118
12255,Lake Haven,NSW,10202,1631,3554
12256,Lake Heights,NSW,10701,1679,4087
12257,Lake Hiawatha,NSW,10401,0,0
12258,Lake Hume Village,NSW,10901,57,62
12259,Lake Illawarra,NSW,10703,1633,3283
12260,Lake Innes,NSW,10804,156,495
12261,Lake Macquarie,NSW,11101,0,0
12261,Lake Macquarie,NSW,11102,0,0
12262,Lake Munmorah,NSW,10202,2430,5103
12263,Lake Tabourie,NSW,11401,453,683
12264,Lake Wyangan,NSW,11301,312,888
12265,Lakelands (NSW),NSW,11101,517,1441
12266,Lakemba,NSW,11902,5865,17090
12267,Lakesland,NSW,12303,161,492
12268,Lakewood,NSW,10804,577,1242
12269,Lalalty,NSW,10903,37,87
12270,Lalor Park,NSW,11601,3266,7835
12271,Lambs Valley (Glen Innes Severn - NSW),NSW,11002,30,69
12272,Lambs Valley (Singleton - NSW),NSW,10601,89,234
12272,Lambs Valley (Singleton - NSW),NSW,10602,43,117
12273,Lambton,NSW,11103,2239,5203
12274,Landervale,NSW,11301,10,17
12275,Lane Cove,NSW,12101,5538,12384
12276,Lane Cove North,NSW,12101,5511,11757
12277,Lane Cove West,NSW,12101,1226,3141
12278,Langley Vale,NSW,10805,37,82
12279,Lanitza,NSW,10401,137,314
12280,Lankeys Creek,NSW,10901,35,60
12281,Lansdowne (Canterbury-Bankstown - NSW),NSW,11901,9,25
12282,Lansdowne (Mid-Coast - NSW),NSW,10805,256,609
12283,Lansdowne Forest,NSW,10805,26,23
12284,Lansvale,NSW,12702,849,2574
12285,Lapstone,NSW,12401,349,954
12286,Larbert,NSW,10102,31,34
12287,Largs,NSW,10602,729,1950
12288,Larnook,NSW,11202,237,399
12289,Larras Lee,NSW,10304,27,57
12290,Laughtondale,NSW,11502,42,103
12291,Laurel Hill,NSW,11302,8,24
12292,Laurieton,NSW,10804,1190,1999
12293,Lavadia,NSW,10401,16,43
12294,Lavender Bay,NSW,12104,581,882
12295,Laverstock,NSW,10106,14,30
12296,Lavington,NSW,10901,6280,13079
12297,Lawrence (NSW),NSW,10401,522,1163
12298,Lawson (NSW),NSW,12401,1182,2642
12299,Leadville,NSW,10303,77,141
12300,Leconfield,NSW,10601,56,144
12301,Lee Creek,NSW,10303,0,0
12302,Leeton,NSW,11301,3914,9179
12303,Leets Vale,NSW,11502,10,19
12303,Leets Vale,NSW,11503,29,39
12304,Leeville,NSW,11202,113,280
12305,Legume,NSW,11002,101,176
12306,Leichhardt (NSW),NSW,12002,6824,15229
12307,Lemington,NSW,10601,7,12
12308,Lemon Tree,NSW,10202,31,54
12309,Lemon Tree Passage,NSW,10603,1339,2683
12310,Len Waters Estate,NSW,12701,0,0
12311,Lenaghan,NSW,11103,25,72
12312,Lennox Head,NSW,11201,3268,7688
12313,Leonay,NSW,12403,908,2595
12314,Leppington,NSW,12701,3123,9416
12315,Lerida,NSW,10106,18,38
12316,Lethbridge Park,NSW,11603,1827,4720
12317,Leumeah,NSW,12302,3940,9963
12318,Leura,NSW,12401,2696,4509
12319,Levenstrath,NSW,10401,19,48
12320,Lewinsbrook,NSW,10601,19,42
12321,Lewis Ponds,NSW,10304,47,128
12322,Lewisham (NSW),NSW,11702,0,0
12322,Lewisham (NSW),NSW,12003,1968,4064
12323,Leycester,NSW,11202,60,146
12324,Liberty Grove,NSW,12001,795,2045
12325,Lidcombe,NSW,12501,9008,23673
12326,Liddell,NSW,10601,0,0
12327,Lidsdale,NSW,10303,176,476
12328,Lidster,NSW,10304,121,302
12329,Lightning Ridge,NSW,10501,1212,1936
12330,Lilli Pilli (Eurobodalla - NSW),NSW,10104,417,644
12331,Lilli Pilli (Sutherland Shire - NSW),NSW,12801,445,1397
12332,Lillian Rock,NSW,11202,96,233
12333,Lilydale (NSW),NSW,10401,14,19
12334,Lilyfield,NSW,12002,3324,7657
12335,Lilyvale (NSW),NSW,10704,8,8
12336,Limbri,NSW,11004,53,113
12337,Limeburners Creek (Mid-Coast - NSW),NSW,10801,121,330
12338,Limeburners Creek (Port Macquarie-Hastings - NSW),NSW,10804,23,32
12339,Limekilns,NSW,10301,52,115
12340,Limerick,NSW,10105,21,33
12341,Limestone (NSW),NSW,11002,8,14
12342,Limpinwood,NSW,11203,112,232
12343,Linburn,NSW,10303,23,59
12344,Linden (NSW),NSW,12401,208,481
12345,Lindendale,NSW,11202,119,265
12346,Lindesay,NSW,11004,25,36
12347,Lindesay Creek,NSW,11202,12,27
12348,Lindfield,NSW,12103,4295,10914
12349,Lindifferon,NSW,10903,28,47
12350,Linley Point,NSW,12101,131,383
12351,Lionsville,NSW,10401,7,14
12352,Lisarow,NSW,10201,1860,5306
12353,Lismore (NSW),NSW,11202,1811,3635
12354,Lismore Heights,NSW,11202,1011,2134
12355,Liston,NSW,11002,85,134
12356,Lithgow,NSW,10303,2685,4920
12357,Little Back Creek,NSW,11202,12,37
12358,Little Bay,NSW,11802,2113,4815
12359,Little Billabong,NSW,10901,75,151
12360,Little Forest,NSW,11401,82,184
12361,Little Hartley,NSW,10303,297,628
12362,Little Jacks Creek,NSW,11004,13,24
12363,Little Jilliby,NSW,10202,35,102
12364,Little Pelican,NSW,11101,0,6
12365,Little Plain,NSW,11002,65,159
12366,Little River (NSW),NSW,11302,14,38
12367,Little Topar,NSW,10502,9,19
12368,Little Wobby,NSW,10201,20,21
12369,Littleton,NSW,10303,378,746
12370,Liverpool,NSW,12703,13571,31088
12371,Llanarth (NSW),NSW,10301,819,2310
12372,Llandilo,NSW,12403,483,1629
12373,Llangothlin,NSW,11001,57,107
12374,Lloyd,NSW,11303,569,1505
12375,Loadstone,NSW,11202,31,34
12376,Lochiel (NSW),NSW,10104,166,402
12377,Lochinvar,NSW,10602,437,1094
12378,Lockhart,NSW,11303,489,1019
12379,Locksley (NSW),NSW,10301,23,55
12380,Loftus,NSW,12802,1498,4186
12381,Loftville,NSW,11202,206,271
12382,Logans Crossing,NSW,10804,71,164
12383,Logie Brae,NSW,10903,36,50
12384,Londonderry (NSW),NSW,12404,1238,4025
12385,Long Beach,NSW,10104,1014,1747
12386,Long Flat (NSW),NSW,10804,53,116
12387,Long Jetty,NSW,10202,3518,6753
12388,Long Plain (Inverell - NSW),NSW,11002,15,44
12389,Long Plain (Snowy Monaro Regional - NSW),NSW,11302,0,0
12390,Long Point (Campbelltown - NSW),NSW,12302,66,175
12391,Long Point (Singleton - NSW),NSW,10601,26,64
12392,Longarm,NSW,11004,12,23
12393,Longreach (NSW),NSW,11401,34,72
12394,Longueville,NSW,12101,716,2129
12395,Loomberah,NSW,11004,202,554
12396,Lord Howe Island,NSW,10803,251,443
12397,Lords Hill,NSW,10103,31,33
12398,Lorn,NSW,10602,608,1470
12399,Lorne (NSW),NSW,10804,110,280
12400,Lost River,NSW,10105,35,84
12401,Lostock,NSW,10601,31,64
12402,Louisa Creek,NSW,10401,9,10
12403,Louth,NSW,10501,68,75
12404,Louth Park,NSW,10602,277,920
12405,Lovedale,NSW,10601,231,495
12406,Lovett Bay,NSW,12202,74,126
12407,Lowanna,NSW,10402,203,361
12408,Lower Acacia Creek,NSW,11002,35,36
12409,Lower Bago,NSW,11302,3,5
12410,Lower Belford,NSW,10601,152,408
12411,Lower Boro,NSW,10102,199,217
12412,Lower Bottle Creek,NSW,11202,15,43
12413,Lower Creek,NSW,10802,35,62
12413,Lower Creek,NSW,11001,0,0
12414,Lower Duck Creek,NSW,11202,12,27
12415,Lower Dyraaba,NSW,11202,22,43
12416,Lower Lewis Ponds,NSW,10304,16,40
12417,Lower Macdonald,NSW,11503,195,259
12418,Lower Mangrove,NSW,10201,45,70
12419,Lower Pappinbarra,NSW,10804,52,136
12420,Lower Peacock,NSW,11202,3,5
12421,Lower Portland,NSW,11502,124,293
12421,Lower Portland,NSW,11503,187,417
12422,Lower Southgate,NSW,10401,52,117
12423,Lowesdale,NSW,10903,51,98
12424,Lowther,NSW,10303,50,69
12425,Loxford,NSW,10601,18,47
12426,Lucas Heights,NSW,12802,0,7
12427,Lucknow (NSW),NSW,10304,106,274
12428,Luddenham,NSW,12403,570,1912
12428,Luddenham,NSW,12701,8,25
12429,Lue,NSW,10303,108,202
12430,Lugarno,NSW,11903,1995,5866
12431,Lurnea,NSW,12703,3312,10053
12432,Luskintyre,NSW,10602,69,216
12433,Lynchs Creek,NSW,11202,42,106
12434,Lyndhurst (Armidale Regional - NSW),NSW,11001,21,41
12435,Lyndhurst (Blayney - NSW),NSW,10304,171,357
12436,Lynwood (NSW),NSW,11201,83,216
12437,Mabins Well,NSW,10903,0,0
12437,Mabins Well,NSW,11301,0,3
12438,Macdonalds Creek,NSW,11004,3,11
12439,Macksville,NSW,10802,1233,2799
12440,Maclean,NSW,10401,1320,2803
12441,Macmasters Beach,NSW,10201,855,1401
12442,Macquarie Fields,NSW,12302,5075,14050
12443,Macquarie Hills,NSW,11101,1284,3597
12444,Macquarie Links,NSW,12302,441,1464
12445,Macquarie Marshes,NSW,10501,0,0
12446,Macquarie Park,NSW,12602,6181,11054
12447,Macquarie Pass,NSW,10703,0,0
12448,Maddens Plains,NSW,10702,0,0
12448,Maddens Plains,NSW,10704,3,8
12449,Maffra (NSW),NSW,10103,19,22
12450,Magenta (NSW),NSW,10202,285,332
12451,Magometon,NSW,10501,12,26
12452,Maianbar,NSW,12801,259,551
12453,Maimuru,NSW,10106,70,146
12454,Main Arm,NSW,11201,241,638
12455,Main Creek,NSW,10601,50,102
12456,Mairjimmy,NSW,10903,17,37
12457,Maison Dieu,NSW,10601,66,178
12458,Maitland (NSW),NSW,10602,919,1939
12459,Maitland Bar,NSW,10303,18,21
12460,Maitland Vale,NSW,10602,90,281
12461,Majors Creek (NSW),NSW,10102,175,291
12462,Malabar,NSW,11802,1515,4703
12463,Malabugilmah,NSW,10401,22,35
12464,Maldon (NSW),NSW,12303,8,25
12465,Mallabula,NSW,10603,441,960
12466,Mallan,NSW,10903,25,43
12467,Mallanganee,NSW,11202,78,136
12468,Mallee,NSW,10902,6,7
12469,Mallowa,NSW,11003,50,97
12470,Maloneys Beach,NSW,10104,261,403
12471,Malua Bay,NSW,10104,1437,2071
12472,Manar,NSW,10102,55,112
12473,Manchester Square,NSW,11402,20,27
12474,Mandagery,NSW,10302,40,83
12475,Mandalong,NSW,11102,169,432
12476,Mandemar,NSW,11402,31,64
12477,Mandurama,NSW,10302,15,18
12477,Mandurama,NSW,10304,156,333
12478,Mangerton,NSW,10704,1226,2857
12479,Mangoola,NSW,10604,32,76
12480,Mangoplah,NSW,11303,118,294
12481,Mangrove Creek,NSW,10201,9,51
12482,Mangrove Mountain,NSW,10201,293,727
12483,Manildra,NSW,10304,384,816
12484,Manilla,NSW,11004,1163,2400
12485,Manly (NSW),NSW,12201,8622,16246
12486,Manly Vale,NSW,12203,2746,6405
12487,Mannering Park,NSW,10202,1128,2556
12488,Manning Point,NSW,10805,192,219
12489,Mannus,NSW,11302,40,227
12490,Manobalai,NSW,10604,39,79
12491,Manton (NSW),NSW,10106,132,339
12492,Manyana,NSW,11401,715,679
12493,Maragle,NSW,11302,37,84
12494,Maraylya,NSW,11504,402,1272
12495,Marayong,NSW,11601,2905,7841
12496,March,NSW,10304,50,118
12497,Marchmont,NSW,10106,95,280
12498,Mardi,NSW,10202,1325,3605
12499,Marengo (NSW),NSW,10402,7,8
12500,Mares Run,NSW,10805,3,0
12501,Marinna,NSW,11303,17,36
12502,Marks Point,NSW,11101,941,1866
12503,Markwell,NSW,10801,58,144
12504,Marlee,NSW,10805,95,200
12505,Marlo Merrican,NSW,10804,20,60
12506,Marlow,NSW,10201,38,37
12507,Marlowe,NSW,10102,10,8
12508,Marmong Point,NSW,11102,319,765
12509,Marom Creek,NSW,11201,16,33
12509,Marom Creek,NSW,11202,50,118
12510,Maroota,NSW,11502,216,611
12511,Maroubra,NSW,11802,13650,30682
12512,Marrangaroo,NSW,10303,201,787
12513,Marrar,NSW,11303,154,356
12514,Marrickville,NSW,11702,12178,26537
12515,Marsden Park,NSW,11602,4441,14572
12516,Marsfield,NSW,12602,5331,12482
12517,Marshall Mount,NSW,10701,60,177
12518,Marshdale,NSW,10601,20,46
12519,Marthaguy,NSW,10501,16,63
12520,Martindale,NSW,10604,68,168
12521,Martins Creek,NSW,10601,145,355
12522,Martinsville,NSW,11102,145,385
12523,Marulan,NSW,10105,632,1410
12524,Maryland (Newcastle - NSW),NSW,11103,2904,7718
12525,Maryland (Tenterfield - NSW),NSW,11002,59,88
12526,Marys Mount,NSW,11004,41,97
12527,Maryvale (NSW),NSW,10503,76,188
12528,Maryville,NSW,11103,762,1672
12529,Mascot,NSW,11701,9632,21600
12530,Matcham,NSW,10201,342,1042
12531,Matheson,NSW,11002,30,50
12532,Mathoura,NSW,10903,529,1000
12533,Matong,NSW,11303,66,163
12534,Matraville,NSW,11701,3,6
12534,Matraville,NSW,11802,3824,9903
12535,Maude (NSW),NSW,10902,67,107
12536,Maules Creek,NSW,11003,45,87
12537,Maxwell,NSW,11303,40,90
12538,Maybole,NSW,11002,19,51
12539,Mayers Flat,NSW,10801,36,47
12540,Mayfield (Newcastle - NSW),NSW,11103,4598,9771
12541,Mayfield (Oberon - NSW),NSW,10301,3,3
12542,Mayfield (Queanbeyan-Palerang Regional - NSW),NSW,10102,25,57
12543,Mayfield (Shoalhaven - NSW),NSW,11401,14,36
12544,Mayfield East,NSW,11103,843,1795
12545,Mayfield North,NSW,11103,0,0
12546,Mayfield West,NSW,11103,908,2007
12547,Mayrung,NSW,10903,69,167
12548,Mays Hill,NSW,12504,829,1913
12549,Mayvale,NSW,11004,11,13
12550,McCullys Gap,NSW,10604,95,263
12551,McDougalls Hill,NSW,10601,72,123
12552,McGraths Hill,NSW,11504,900,2516
12553,McKees Hill,NSW,11202,110,294
12554,McKellars Park,NSW,10303,106,207
12555,McLeans Ridges,NSW,11202,304,799
12556,McLeods Shoot,NSW,11201,43,105
12557,McMahons Point,NSW,12104,1523,2321
12558,McMahons Reef,NSW,10106,26,69
12559,Meadow Flat,NSW,10301,63,184
12559,Meadow Flat,NSW,10303,66,169
12560,Meadowbank (NSW),NSW,12602,2861,5079
12561,Mebbin,NSW,11203,0,0
12562,Mebul,NSW,10303,22,58
12563,Medlow Bath,NSW,12401,322,575
12564,Medowie,NSW,10603,3865,10900
12565,Medway,NSW,11402,59,146
12566,Meerschaum Vale,NSW,11201,148,377
12567,Megalong Valley,NSW,10303,27,47
12567,Megalong Valley,NSW,12401,52,100
12568,Megan,NSW,10402,83,170
12569,Melbergen,NSW,11301,6,19
12570,Melinga,NSW,10805,49,112
12571,Mellong,NSW,11503,0,5
12572,Mellool,NSW,10903,23,43
12573,Melonba,NSW,11602,440,1439
12574,Melrose Park (NSW),NSW,12502,284,492
12574,Melrose Park (NSW),NSW,12602,545,1569
12575,Melville (NSW),NSW,10602,28,64
12576,Memagong,NSW,10106,39,96
12577,Menah,NSW,10303,76,183
12578,Menai,NSW,12802,3601,10386
12579,Menangle,NSW,12303,455,1252
12580,Menangle Park,NSW,12302,83,216
12581,Mendooran,NSW,10503,333,631
12582,Menindee,NSW,10502,388,537
12583,Merah North,NSW,11003,60,130
12584,Merewether,NSW,11103,5116,11789
12585,Merewether Heights,NSW,11103,507,1498
12586,Merimbula,NSW,10104,2609,3816
12587,Meringo,NSW,10104,80,147
12588,Mernot,NSW,10805,0,0
12589,Meroo,NSW,10303,14,44
12590,Meroo Meadow,NSW,11401,202,469
12591,Merotherie,NSW,10303,16,24
12592,Merriangaah,NSW,10103,10,12
12593,Merricumbene,NSW,10104,9,14
12594,Merrigal,NSW,10503,3,6
12595,Merrill,NSW,10105,9,37
12596,Merriwa (NSW),NSW,10604,867,1808
12597,Merriwagga,NSW,11301,62,139
12598,Merrygoen,NSW,10503,48,79
12599,Merrylands,NSW,12503,11792,32347
12599,Merrylands,NSW,12504,0,0
12600,Merrylands West,NSW,12503,2657,7080
12601,Merungle Hill,NSW,11301,97,262
12602,Meryla,NSW,11402,8,5
12603,Metford,NSW,10602,1872,4683
12604,Methul,NSW,11303,31,65
12605,Metz,NSW,11001,56,121
12606,Miamley,NSW,10302,5,12
12607,Miandetta (NSW),NSW,10501,12,23
12608,Micalo Island,NSW,10401,20,45
12609,Michelago,NSW,10102,241,641
12610,Middle Arm,NSW,10105,157,370
12611,Middle Brook,NSW,10604,109,266
12612,Middle Brother,NSW,10804,22,52
12613,Middle Cove,NSW,12101,464,1327
12614,Middle Dural,NSW,11502,323,1029
12615,Middle Falbrook,NSW,10601,27,73
12616,Middle Flat,NSW,10103,18,41
12617,Middle Pocket,NSW,11201,57,135
12618,Middleton Grange,NSW,12701,2041,7035
12619,Middlingbank,NSW,10103,11,22
12620,Midginbil,NSW,11203,35,84
12621,Mihi,NSW,11001,11,32
12622,Mila,NSW,10103,36,49
12623,Milbrodale,NSW,10601,62,153
12624,Milbrulong,NSW,11303,56,129
12625,Milkers Flat,NSW,10301,9,3
12626,Millah Murrah,NSW,10301,3,23
12627,Millbank (NSW),NSW,10802,71,113
12628,Miller,NSW,12701,1342,3374
12629,Millers Forest,NSW,10602,132,355
12630,Millers Point,NSW,11703,1324,1751
12631,Millfield,NSW,10601,480,1268
12632,Millie,NSW,11003,15,12
12633,Millingandi,NSW,10104,269,517
12634,Millthorpe,NSW,10304,542,1349
12635,Milparinka,NSW,10502,21,63
12636,Milperra,NSW,11901,1391,4069
12637,Milroy (Gunnedah - NSW),NSW,11004,39,79
12638,Milroy (Mid-Western Regional - NSW),NSW,10303,17,60
12639,Milsons Passage,NSW,12102,39,32
12640,Milsons Point,NSW,12104,1705,2528
12641,Milton (NSW),NSW,11401,811,1790
12642,Milvale,NSW,10106,35,55
12642,Milvale,NSW,11303,16,39
12643,Mimosa (NSW),NSW,11303,38,64
12644,Minchinbury,NSW,11603,1782,5801
12645,Mindaribba,NSW,10602,37,97
12646,Mingoola (NSW),NSW,11002,9,8
12647,Minimbah,NSW,10801,96,199
12648,Minjary,NSW,11302,19,55
12649,Minmi,NSW,11103,236,698
12650,Minnamurra,NSW,10703,355,807
12651,Minnie Water,NSW,10401,187,211
12652,Minore,NSW,10503,81,184
12653,Minto,NSW,12302,4595,13921
12654,Minto Heights,NSW,12302,117,380
12655,Mirador,NSW,10104,224,526
12656,Miranda (NSW),NSW,12801,7785,17913
12657,Mirannie,NSW,10601,29,55
12658,Mirrabooka (NSW),NSW,11102,348,810
12659,Mirrool,NSW,10302,35,80
12660,Missabotti,NSW,10802,88,243
12661,Mitchell (NSW),NSW,10301,160,1184
12662,Mitchells Flat,NSW,10601,89,243
12663,Mitchells Island,NSW,10805,213,466
12664,Mittagong,NSW,11402,2866,6075
12665,Moama,NSW,10903,3345,7228
12666,Modanville,NSW,11202,239,610
12667,Mogareeka,NSW,10104,43,66
12668,Mogendoura,NSW,10104,101,238
12669,Moggs Swamp,NSW,11002,13,19
12670,Mogilla,NSW,10104,41,104
12671,Mogo (Eurobodalla - NSW),NSW,10104,132,327
12672,Mogo (Mid-Western Regional - NSW),NSW,10303,3,9
12673,Mogo Creek,NSW,11503,0,10
12674,Mogood,NSW,11401,11,21
12675,Mograni,NSW,10805,15,34
12676,Mogriguy,NSW,10503,49,121
12677,Mole River,NSW,11002,63,92
12678,Moleville Creek,NSW,10401,15,42
12679,Mollyan,NSW,10503,27,48
12680,Mollymook,NSW,11401,863,1204
12681,Mollymook Beach,NSW,11401,1756,2512
12682,Molong,NSW,10304,1161,2580
12683,Mona Vale,NSW,12202,4395,10878
12684,Monak,NSW,10902,45,60
12685,Monaltrie,NSW,11202,95,234
12686,Mondayong,NSW,11401,0,9
12687,Mondrook,NSW,10805,74,166
12688,Monga,NSW,10102,15,23
12689,Mongarlowe,NSW,10102,91,120
12690,Mongogarie,NSW,11202,31,85
12691,Monia Gap,NSW,11301,6,22
12692,Monivae,NSW,10303,10,26
12693,Monkerai,NSW,10801,46,111
12694,Monteagle,NSW,10106,99,203
12695,Montecollum,NSW,11201,26,67
12696,Montefiores,NSW,10503,280,626
12697,Monterey,NSW,11904,2019,4632
12698,Mooball,NSW,11203,75,192
12699,Moobi,NSW,10604,67,170
12700,Moogem,NSW,11002,0,0
12701,Mookerawa,NSW,10503,24,24
12702,Mookima Wybra,NSW,10401,7,43
12703,Moolarben,NSW,10303,9,10
12704,Moollattoo,NSW,11401,0,0
12705,Moolpa,NSW,10902,3,18
12706,Moombooldool,NSW,11301,15,32
12707,Moonan Brook,NSW,10604,28,21
12708,Moonan Flat,NSW,10604,75,131
12709,Moonbah,NSW,10103,211,557
12710,Moonbi,NSW,11004,478,1204
12711,Moonbria,NSW,10903,5,8
12712,Mooneba,NSW,10802,28,71
12713,Moonee,NSW,10202,0,0
12713,Moonee,NSW,11101,0,0
12714,Moonee Beach,NSW,10402,843,2175
12715,Mooney Mooney,NSW,10201,158,338
12716,Mooney Mooney Creek,NSW,10201,11,27
12717,Moonpar,NSW,10402,13,22
12718,Mooral Creek,NSW,10805,44,105
12719,Moorara,NSW,10902,0,0
12720,Moorbel,NSW,10302,107,247
12721,Moore Creek,NSW,11004,948,2873
12722,Moore Park,NSW,11801,15,22
12723,Moorebank,NSW,12703,3842,11368
12724,Moorilda,NSW,10304,24,38
12725,Moorland (NSW),NSW,10805,224,517
12726,Moorong,NSW,11303,58,178
12727,Moorwatha,NSW,10901,20,56
12728,Moparrabah,NSW,10802,49,123
12729,Moppy,NSW,10805,13,8
12730,Morago,NSW,10903,23,50
12731,Morangarell,NSW,10106,9,17
12731,Morangarell,NSW,10302,3,3
12731,Morangarell,NSW,11303,13,17
12732,Morans Crossing,NSW,10104,18,55
12733,Moree,NSW,11003,4385,8983
12734,Morisset,NSW,11102,1915,4034
12735,Morisset Park,NSW,11102,423,1086
12736,Morning Bay,NSW,12202,31,31
12737,Mororo,NSW,10401,40,118
12738,Morpeth,NSW,10602,848,1695
12739,Mortdale,NSW,11903,4375,10710
12740,Mortlake (NSW),NSW,12001,1013,1951
12741,Morton,NSW,11401,95,223
12742,Mortons Creek,NSW,10804,111,308
12743,Morts Estate,NSW,10303,277,538
12744,Morundah,NSW,11301,43,74
12745,Moruya,NSW,10104,2095,4249
12746,Moruya Heads,NSW,10104,606,1098
12747,Morven (Glen Innes Severn - NSW),NSW,11002,0,0
12748,Morven (Greater Hume Shire - NSW),NSW,10901,62,130
12749,Mosman,NSW,12104,13507,28351
12750,Moss Vale,NSW,11402,4050,9307
12751,Mossgiel,NSW,10502,6,14
12751,Mossgiel,NSW,10902,3,15
12752,Mossy Point,NSW,10104,445,606
12753,Moto,NSW,10805,65,144
12754,Moulamein,NSW,10903,265,481
12755,Mount Adrah,NSW,11302,6,4
12755,Mount Adrah,NSW,11303,18,42
12756,Mount Annan,NSW,12301,3754,11781
12757,Mount Aquila,NSW,10503,8,6
12758,Mount Arthur,NSW,10503,41,112
12759,Mount Austin,NSW,11303,1833,4013
12760,Mount Burrell,NSW,11203,140,271
12761,Mount Colah,NSW,12102,2838,7839
12762,Mount Collins,NSW,10106,8,11
12763,Mount Cooper (NSW),NSW,10103,4,8
12764,Mount Darragh,NSW,10104,19,25
12765,Mount David,NSW,10301,29,58
12766,Mount Dee,NSW,10602,3,14
12767,Mount Druitt,NSW,11603,5984,16985
12768,Mount Elliot (NSW),NSW,10201,61,173
12769,Mount Fairy,NSW,10102,116,239
12770,Mount Foster,NSW,10501,4,18
12771,Mount Frome,NSW,10303,53,115
12772,Mount George (NSW),NSW,10805,147,338
12773,Mount Harris,NSW,10501,12,33
12774,Mount Hope (NSW),NSW,10501,10,21
12775,Mount Horeb,NSW,11302,12,27
12776,Mount Hunter,NSW,12303,258,757
12777,Mount Hutton (NSW),NSW,11101,1559,3699
12778,Mount Irvine,NSW,11503,37,22
12779,Mount Keira,NSW,10702,0,4
12779,Mount Keira,NSW,10704,606,1690
12780,Mount Kembla,NSW,10701,368,1080
12781,Mount Kingiman,NSW,11401,4,14
12782,Mount Knowles,NSW,10303,22,42
12783,Mount Kuring-Gai,NSW,12102,601,1756
12784,Mount Lambie,NSW,10303,21,64
12785,Mount Lewis,NSW,11901,398,1216
12786,Mount Lindsey,NSW,10702,0,0
12787,Mount Marsden,NSW,10303,33,54
12788,Mount Marsh,NSW,10401,0,0
12788,Mount Marsh,NSW,11202,4,0
12789,Mount Mitchell,NSW,11002,71,102
12790,Mount Murray,NSW,11402,32,53
12791,Mount Olive (Oberon - NSW),NSW,10301,28,28
12792,Mount Olive (Singleton - NSW),NSW,10601,56,130
12793,Mount Ousley,NSW,10704,608,1620
12794,Mount Panorama,NSW,10301,39,100
12795,Mount Pleasant (NSW),NSW,10704,495,1400
12796,Mount Pritchard,NSW,12702,3416,10449
12797,Mount Rankin,NSW,10301,159,427
12798,Mount Rivers,NSW,10601,28,60
12799,Mount Riverview,NSW,12401,1137,3081
12800,Mount Royal,NSW,10601,14,25
12801,Mount Russell,NSW,11002,50,117
12802,Mount Saint Thomas,NSW,10704,584,1448
12803,Mount Seaview,NSW,10804,16,24
12804,Mount Tenandra,NSW,10501,12,24
12805,Mount Thorley,NSW,10601,32,96
12806,Mount Tomah,NSW,11503,45,71
12807,Mount Vernon,NSW,12702,326,1234
12808,Mount Victoria,NSW,12401,598,937
12809,Mount View,NSW,10601,60,115
12810,Mount Vincent,NSW,10601,147,375
12811,Mount Warning,NSW,11203,91,152
12812,Mount Warrigal,NSW,10703,1914,4885
12813,Mount Werong,NSW,10105,0,0
12813,Mount Werong,NSW,10301,0,3
12814,Mount White,NSW,10201,108,173
12815,Mount Wilson,NSW,11503,106,81
12816,Mountain Creek (NSW),NSW,10901,29,64
12817,Mountain Lagoon,NSW,11503,47,79
12818,Mountain Top,NSW,11202,28,45
12819,Mountain View (NSW),NSW,10401,79,202
12820,Mourquong,NSW,10902,42,74
12821,Mowbray Park,NSW,12303,27,94
12822,Mozart,NSW,10301,32,58
12823,Mudgee,NSW,10303,5323,11464
12824,Mulbring,NSW,10601,246,682
12825,Mulgoa,NSW,12403,641,2037
12826,Mulgrave (NSW),NSW,11504,27,80
12827,Mulguthrie,NSW,10302,7,19
12828,Muli Muli,NSW,11202,29,90
12829,Mulla,NSW,10501,11,21
12830,Mulla Creek,NSW,11004,36,87
12831,Mullaley,NSW,11004,82,175
12832,Mullamuddy,NSW,10303,36,95
12833,Mullaway,NSW,10402,256,607
12834,Mullengandra,NSW,10901,53,120
12835,Mullengudgery,NSW,10501,16,38
12836,Mullion,NSW,10106,36,89
12837,Mullion Creek,NSW,10304,197,562
12838,Mulloon,NSW,10102,60,129
12839,Mullumbimby,NSW,11201,1810,4201
12840,Mullumbimby Creek,NSW,11201,219,510
12841,Mulwala,NSW,10903,1471,2560
12842,Mulyandry,NSW,10302,28,38
12843,Mumbil,NSW,10503,167,299
12844,Mumblebone Plain,NSW,10501,3,9
12845,Mumbulla Mountain,NSW,10104,0,0
12846,Mummel,NSW,10105,52,129
12847,Mummulgum,NSW,11202,51,104
12848,Mundamia,NSW,11401,40,83
12849,Mundarlo,NSW,11303,29,49
12850,Munderoo,NSW,11302,26,53
12851,Mundongo,NSW,11302,90,242
12852,Mungay Creek,NSW,10802,56,133
12853,Munghorn,NSW,10303,0,0
12854,Mungindi (NSW),NSW,11003,331,488
12855,Mungo,NSW,10902,11,0
12856,Mungo Brush,NSW,10801,0,0
12857,Munni,NSW,10601,27,34
12858,Munyabla,NSW,11303,28,72
12859,Murga,NSW,10302,29,58
12860,Murrah,NSW,10104,48,82
12861,Murrami,NSW,11301,108,285
12862,Murrawombie,NSW,10501,6,29
12863,Murray Downs,NSW,10903,118,275
12864,Murray Gorge,NSW,11302,0,0
12865,Murrays Beach,NSW,11101,330,881
12866,Murrays Run,NSW,10601,99,139
12867,Murrengenburg,NSW,10104,0,0
12868,Murrin Bridge,NSW,10501,26,57
12869,Murringo,NSW,10106,204,387
12870,Murrulebale,NSW,11303,27,60
12871,Murrumbateman,NSW,10106,1233,3605
12872,Murrumbo,NSW,10303,4,4
12873,Murrumbucca,NSW,10103,56,82
12874,Murrumburrah,NSW,10106,50,81
12875,Murrurundi,NSW,10604,531,953
12876,Murulla,NSW,10604,9,23
12877,Murwillumbah,NSW,11203,3339,7617
12878,Muscle Creek,NSW,10604,118,315
12879,Muswellbrook,NSW,10604,5514,12247
12880,Mutawintji,NSW,10502,14,24
12881,Muttama,NSW,11303,71,143
12882,Myall Creek,NSW,11002,15,29
12883,Myall Lake,NSW,10801,0,0
12884,Myall Park (NSW),NSW,11301,91,228
12885,Myalla (NSW),NSW,10103,4,4
12886,Mylestom,NSW,10402,220,337
12887,Mylneford,NSW,10401,36,78
12888,Myocum,NSW,11201,541,1211
12889,Myola (NSW),NSW,11401,207,98
12890,Myrtle Creek (NSW),NSW,11202,42,87
12891,Myrtle Mountain,NSW,10104,36,73
12892,Myrtle Park,NSW,10903,23,51
12893,Myrtleville,NSW,10105,51,95
12894,Mystery Bay,NSW,10104,170,197
12895,Myuna Bay,NSW,11102,0,0
12896,Nabiac,NSW,10801,402,939
12896,Nabiac,NSW,10805,145,351
12897,Nadgee,NSW,10104,0,0
12898,Nambucca Heads,NSW,10802,3649,6688
12899,Namoi River,NSW,11004,23,57
12900,Nana Glen,NSW,10402,431,1124
12901,Nangus,NSW,11303,109,234
12902,Nanima,NSW,10106,88,252
12903,Napoleon Reef,NSW,10301,63,130
12904,Naradhan,NSW,10302,33,67
12905,Narara,NSW,10201,3136,8465
12906,Narellan,NSW,12301,1282,3350
12907,Narellan Vale,NSW,12301,2353,6923
12908,Naremburn,NSW,12101,2646,5916
12909,Narooma,NSW,10104,1726,2754
12910,Narrabarba,NSW,10104,16,25
12911,Narrabeen,NSW,12203,4183,8257
12912,Narrabri,NSW,11003,3460,7295
12913,Narraburra,NSW,11303,31,70
12914,Narran Lake,NSW,10501,9,14
12915,Narrandera,NSW,11301,2064,4358
12916,Narrangullen,NSW,10106,5,9
12917,Narrawa,NSW,10105,40,104
12918,Narrawallee,NSW,11401,1010,1489
12919,Narraweena,NSW,12203,2615,6968
12920,Narromine,NSW,10503,2028,4627
12921,Narwee,NSW,11902,393,1054
12921,Narwee,NSW,11903,1805,4352
12922,Nashdale,NSW,10304,157,406
12923,Nashua,NSW,11201,117,268
12924,Nattai,NSW,12303,30,72
12924,Nattai,NSW,12402,0,0
12925,Naughtons Gap,NSW,11202,50,137
12926,Neath,NSW,10601,217,429
12927,Nebea,NSW,10501,4,17
12928,Neilrex,NSW,10503,33,81
12929,Nelligen,NSW,10104,230,400
12930,Nelson (Bega Valley - NSW),NSW,10104,13,12
12931,Nelson (The Hills Shire - NSW),NSW,11504,157,463
12932,Nelson Bay (NSW),NSW,10603,4316,6110
12933,Nelsons Plains,NSW,10603,105,321
12934,Nelungaloo,NSW,10302,23,47
12935,Nemingha,NSW,11004,296,698
12936,Nericon,NSW,11301,107,278
12937,Neringla,NSW,10102,11,12
12937,Neringla,NSW,10104,0,4
12938,Nerong,NSW,10801,111,169
12939,Nerriga,NSW,10102,50,73
12940,Nerrigundah,NSW,10104,25,44
12941,Nethercote,NSW,10104,149,344
12942,Neurea,NSW,10503,51,129
12943,Neutral Bay,NSW,12104,5605,10112
12944,Never Never,NSW,10402,0,0
12945,Nevertire,NSW,10501,53,129
12946,Neville,NSW,10304,79,232
12947,New Berrima,NSW,11402,245,601
12948,New Brighton,NSW,11201,217,366
12949,New Buildings,NSW,10104,28,31
12950,New Italy,NSW,11201,106,246
12951,New Lambton,NSW,11103,4538,10691
12952,New Lambton Heights,NSW,11101,726,2045
12952,New Lambton Heights,NSW,11103,199,568
12953,New Mexico,NSW,11004,29,57
12954,New Park,NSW,11202,82,150
12955,New Valley,NSW,11002,18,32
12956,Newbold,NSW,10401,0,8
12957,Newbridge (NSW),NSW,10304,102,224
12958,Newcastle,NSW,11103,2854,3869
12959,Newcastle East,NSW,11103,657,1067
12960,Newcastle West,NSW,11103,1017,1453
12961,Newee Creek,NSW,10802,170,417
12962,Newington (NSW),NSW,12501,2035,5651
12963,Newnes,NSW,10303,5,7
12964,Newnes Plateau,NSW,10303,0,0
12965,Newport (NSW),NSW,12202,3996,9635
12966,Newrybar,NSW,11201,239,521
12967,Newstead (NSW),NSW,11002,7,19
12968,Newton Boyd,NSW,10401,13,18
12968,Newton Boyd,NSW,11002,3,9
12969,Newtown (NSW),NSW,11702,3,0
12969,Newtown (NSW),NSW,11703,7702,14720
12970,Niagara Park,NSW,10201,1044,2788
12971,Niangala,NSW,10604,0,0
12971,Niangala,NSW,11001,78,150
12972,Niemur,NSW,10903,22,74
12973,Nightcap,NSW,11201,0,0
12973,Nightcap,NSW,11202,0,0
12974,Nimbin,NSW,11202,830,1603
12975,Nimmitabel,NSW,10103,172,321
12976,Nimmo,NSW,10103,11,17
12977,Nirimba Fields,NSW,11602,616,1640
12978,Nobbys Creek,NSW,11203,120,302
12979,Nombi,NSW,10503,25,55
12980,Noona,NSW,10501,16,21
12981,Noorong,NSW,10903,13,20
12982,Nooroo,NSW,10801,27,48
12983,Norah Head,NSW,10202,497,1136
12984,Noraville,NSW,10202,1306,2995
12985,Nords Wharf,NSW,11101,423,895
12986,Normanhurst,NSW,12102,1879,5395
12987,North Albury,NSW,10901,3007,6233
12988,North Arm (NSW),NSW,11203,46,118
12989,North Arm Cove,NSW,10603,360,539
12990,North Avoca,NSW,10201,1007,2320
12991,North Balgowlah,NSW,12203,1192,3814
12992,North Batemans Bay,NSW,10104,413,800
12993,North Boambee Valley,NSW,10402,1060,2307
12994,North Bondi,NSW,11801,3964,9277
12995,North Bourke,NSW,10501,132,202
12996,North Brother,NSW,10804,0,0
12997,North Casino,NSW,11202,342,996
12998,North Curl Curl,NSW,12203,1371,4266
12999,North Dorrigo,NSW,10402,103,189
13000,North Epping,NSW,12601,1562,4665
13001,North Gosford,NSW,10201,1860,4008
13002,North Haven (NSW),NSW,10804,1020,1619
13003,North Kellyville,NSW,11504,5464,17387
13004,North Lambton,NSW,11103,1428,3460
13005,North Lismore,NSW,11202,345,748
13006,North Macksville,NSW,10802,287,666
13007,North Manly,NSW,12203,1121,3396
13008,North Narooma,NSW,10104,383,687
13009,North Narrabeen,NSW,12202,2065,6014
13010,North Nowra,NSW,11401,2437,5859
13011,North Parramatta,NSW,12504,5491,12037
13012,North Richmond,NSW,12404,2547,6344
13013,North Rocks,NSW,12504,3265,9147
13014,North Rothbury,NSW,10601,936,2516
13015,North Ryde,NSW,12602,5509,14068
13016,North Shore (NSW),NSW,10804,170,372
13017,North St Marys,NSW,12405,1561,4107
13018,North Star,NSW,11003,130,223
13019,North Strathfield,NSW,12001,1861,4605
13020,North Sydney,NSW,12104,5270,8922
13021,North Tamworth,NSW,11004,2845,6253
13022,North Tumbulgum,NSW,11203,86,236
13023,North Turramurra,NSW,12103,1661,4176
13024,North Wagga Wagga,NSW,11303,292,673
13025,North Wahroonga,NSW,12103,721,2102
13026,North Willoughby,NSW,12101,1628,4177
13027,North Wollongong,NSW,10704,1176,2288
13028,North Woodburn,NSW,11201,52,123
13028,North Woodburn,NSW,11202,10,22
13029,North Yalgogrin,NSW,10302,43,77
13030,North Yeoval,NSW,10503,32,99
13031,Northangera,NSW,10102,25,39
13032,Northbridge (NSW),NSW,12101,2311,6481
13033,Northmead,NSW,12504,4900,11277
13034,Northwood (NSW),NSW,12101,313,920
13035,Norway,NSW,10301,48,58
13036,Norwest,NSW,11501,2056,4684
13037,Nowendoc,NSW,11001,88,101
13038,Nowley,NSW,11003,19,50
13039,Nowra,NSW,11401,4613,9888
13040,Nowra Hill,NSW,11401,406,2142
13041,Nubba,NSW,10106,42,75
13042,Nulkaba,NSW,10601,273,719
13043,Nullamanna,NSW,11002,70,172
13044,Nullica,NSW,10104,12,18
13045,Nullo Mountain,NSW,10303,16,17
13046,Numbaa,NSW,11401,58,122
13047,Number One,NSW,10805,12,28
13048,Numbla Vale,NSW,10103,25,43
13049,Numbugga,NSW,10104,63,126
13050,Numeralla,NSW,10103,115,248
13051,Numinbah,NSW,11203,56,91
13052,Numulgi,NSW,11202,90,206
13053,Nunderi,NSW,11203,269,696
13054,Nundle,NSW,11004,239,481
13055,Nungatta,NSW,10104,0,4
13056,Nungatta South,NSW,10104,0,0
13057,Nurenmerenmong,NSW,11302,6,9
13058,Nymagee,NSW,10501,53,100
13059,Nymboida,NSW,10401,146,268
13060,Nyngan,NSW,10501,1033,1933
13061,Nyora (NSW),NSW,10903,9,18
13062,Nyrang Creek,NSW,10302,16,36
13063,O'Connell (NSW),NSW,10301,262,659
13064,Oak Flats,NSW,10703,2780,6821
13065,Oakdale (NSW),NSW,12303,718,2032
13066,Oakey Park,NSW,10303,159,315
13067,Oakhampton,NSW,10602,65,157
13068,Oakhampton Heights,NSW,10602,48,137
13069,Oakhurst (NSW),NSW,11603,2167,6942
13070,Oaklands,NSW,10903,184,302
13071,Oakville,NSW,11504,644,2025
13072,Oakwood (NSW),NSW,11002,83,177
13073,Oallen,NSW,10102,178,145
13074,Oatlands (NSW),NSW,12502,2012,5833
13074,Oatlands (NSW),NSW,12504,0,0
13075,Oatley,NSW,11903,3988,10683
13076,Oban,NSW,11001,7,7
13077,Obanvale,NSW,10601,6,27
13078,Oberne Creek,NSW,11303,41,49
13079,Oberon,NSW,10301,1645,3332
13080,Obley,NSW,10503,50,94
13081,Ocean Shores,NSW,11201,2534,5809
13082,Ogunbil,NSW,11004,74,150
13083,Old Adaminaby,NSW,10103,83,42
13084,Old Bar,NSW,10805,2439,5102
13085,Old Bonalbo,NSW,11202,47,78
13086,Old Erowal Bay,NSW,11401,545,1082
13087,Old Grevillia,NSW,11202,32,53
13088,Old Guildford,NSW,12503,773,2848
13089,Old Junee,NSW,11303,127,261
13090,Old Mill,NSW,11002,9,16
13091,Old Station,NSW,10802,10,32
13092,Old Toongabbie,NSW,12504,1224,3245
13093,Olinda (NSW),NSW,10303,14,32
13094,Olney,NSW,10601,0,0
13095,Omadale,NSW,10604,5,0
13096,One Mile (NSW),NSW,10603,204,505
13097,One Tree,NSW,10902,17,20
13098,Oolong,NSW,10106,22,50
13099,Ooma,NSW,10302,25,41
13100,Ootha,NSW,10302,22,39
13101,Ophir,NSW,10304,56,131
13102,Oran Park,NSW,12701,5625,17644
13103,Orange,NSW,10304,17822,41307
13104,Orange Grove (NSW),NSW,11004,28,57
13105,Orangeville,NSW,12303,402,1360
13106,Orchard Hills,NSW,12403,618,1785
13107,Orient Point,NSW,11401,364,635
13108,Orton Park,NSW,10301,9,38
13109,Osborne (NSW),NSW,11303,18,32
13110,Osterley (NSW),NSW,10603,43,132
13111,Oswald,NSW,10601,29,88
13112,Otford,NSW,10704,147,396
13113,Oura,NSW,11303,85,242
13114,Ourimbah,NSW,10202,1514,4027
13115,Ournie,NSW,11302,16,34
13116,Owens Gap,NSW,10604,38,74
13117,Oxford Falls,NSW,12203,126,262
13118,Oxley (Balranald - NSW),NSW,10902,23,31
13119,Oxley (Warren - NSW),NSW,10501,3,5
13120,Oxley Island,NSW,10805,143,318
13121,Oxley Park,NSW,12405,1576,4193
13122,Oxley Vale,NSW,11004,1544,3919
13123,Oyster Bay,NSW,12802,1899,5686
13124,Oyster Cove (NSW),NSW,10603,45,92
13125,Packsaddle,NSW,10502,21,73
13126,Paddington (NSW),NSW,11801,6683,12686
13127,Paddys Flat (Kyogle - NSW),NSW,11202,8,8
13128,Paddys Flat (Snowy Monaro Regional - NSW),NSW,10103,8,23
13129,Paddys River (Snowy Valleys - NSW),NSW,11302,12,15
13130,Paddys River (Wingecarribee - NSW),NSW,11402,33,64
13131,Padstow,NSW,11901,5184,14036
13132,Padstow Heights,NSW,11901,1365,3586
13133,Pagans Flat,NSW,11202,5,4
13134,Pages Creek,NSW,10604,12,13
13135,Pages River,NSW,10604,8,5
13136,Pagewood,NSW,11701,1425,3873
13137,Palarang,NSW,10103,12,26
13138,Palerang,NSW,10102,0,0
13139,Paling Yards (Bathurst Regional - NSW),NSW,10301,6,15
13140,Paling Yards (Oberon - NSW),NSW,10301,9,13
13141,Pallal,NSW,11002,25,65
13142,Pallamallawa,NSW,11003,209,471
13143,Palm Beach (NSW),NSW,12202,1164,1658
13144,Palm Grove (NSW),NSW,10202,51,90
13145,Palmdale (NSW),NSW,10202,38,95
13146,Palmers Channel,NSW,10401,55,115
13147,Palmers Island,NSW,10401,234,493
13148,Palmers Oaky,NSW,10303,27,36
13149,Palmvale,NSW,11203,28,95
13150,Palmwoods (NSW),NSW,11201,29,78
13151,Pambula,NSW,10104,472,980
13152,Pambula Beach,NSW,10104,462,667
13153,Pampoolah,NSW,10805,169,430
13154,Pan Ban,NSW,10902,10,35
13155,Panania,NSW,11901,4907,13500
13156,Pangee,NSW,10501,13,21
13157,Panuara,NSW,10304,29,83
13158,Pappinbarra,NSW,10804,31,86
13159,Para,NSW,10902,3,7
13160,Paradise (NSW),NSW,11002,4,15
13161,Paringi,NSW,10902,10,29
13162,Parkes (NSW),NSW,10302,5182,11331
13163,Parkesbourne,NSW,10105,61,154
13164,Parklea,NSW,11602,706,3667
13165,Parkville (NSW),NSW,10604,112,272
13166,Parma,NSW,11401,77,167
13167,Parramatta,NSW,12502,0,0
13167,Parramatta,NSW,12504,14262,30194
13168,Parraweena,NSW,11004,21,61
13169,Patchs Beach,NSW,11201,26,45
13170,Paterson (NSW),NSW,10601,377,955
13171,Patonga,NSW,10201,246,234
13172,Paupong,NSW,10103,3,11
13173,Paxton,NSW,10601,437,1218
13174,Paynes Crossing,NSW,10601,29,51
13175,Paytens Bridge,NSW,10302,46,107
13176,Peacock Creek,NSW,11202,11,27
13177,Peak Hill (NSW),NSW,10302,595,1159
13178,Peak View,NSW,10103,22,46
13179,Peakhurst,NSW,11903,4578,12077
13180,Peakhurst Heights,NSW,11903,900,2517
13181,Pearces Creek,NSW,11201,49,120
13181,Pearces Creek,NSW,11202,32,89
13182,Pearl Beach,NSW,10201,621,514
13183,Peats Ridge,NSW,10201,102,297
13184,Pebbly Beach,NSW,10104,4,0
13185,Peel,NSW,10301,82,252
13186,Peelwood,NSW,10105,45,46
13187,Pejar,NSW,10105,40,68
13188,Pelaw Main,NSW,10601,467,1081
13189,Pelican (NSW),NSW,11101,381,877
13190,Pelton,NSW,10601,41,82
13191,Pembrooke,NSW,10804,50,121
13192,Pemulwuy,NSW,11601,5,8
13192,Pemulwuy,NSW,11603,0,0
13192,Pemulwuy,NSW,12503,1788,5510
13193,Pendle Hill,NSW,12504,2973,7732
13194,Pennant Hills,NSW,12601,2895,7597
13195,Penrith,NSW,12403,9358,17909
13196,Penrose,NSW,11402,160,262
13197,Penshurst (NSW),NSW,11903,5092,12574
13198,Pericoe,NSW,10104,10,24
13199,Perisher Valley,NSW,10103,84,99
13200,Perrys Crossing,NSW,11503,0,4
13201,Perthville,NSW,10301,211,558
13202,Petersham,NSW,11702,4089,8165
13203,Pheasants Nest,NSW,10702,0,0
13203,Pheasants Nest,NSW,12303,243,715
13204,Phegans Bay,NSW,10201,183,405
13205,Phillip Bay,NSW,11802,249,719
13206,Phoenix Park,NSW,10602,30,77
13207,Piallamore,NSW,11004,110,276
13208,Piallaway,NSW,11004,61,126
13209,Piambong,NSW,10303,68,157
13210,Picketts Valley,NSW,10201,64,223
13211,Picnic Point,NSW,11901,2243,6419
13212,Picton (NSW),NSW,12303,2035,5328
13213,Pigeonbah,NSW,10501,0,12
13214,Piggabeen,NSW,11203,113,341
13215,Pikapene,NSW,10401,3,5
13216,Pillar Valley,NSW,10401,181,349
13217,Pilliga,NSW,10501,19,37
13217,Pilliga,NSW,11003,88,137
13218,Pilot Wilderness,NSW,11302,0,0
13219,Pimlico (NSW),NSW,11201,130,363
13220,Pimlico Island,NSW,11201,0,0
13221,Pinbeyan,NSW,11302,0,0
13222,Pindaroi,NSW,11002,29,60
13223,Pindimar,NSW,10603,234,338
13224,Pine Camp,NSW,10902,11,10
13225,Pine Clump,NSW,10501,3,11
13226,Pine Grove (NSW),NSW,10501,5,3
13227,Pine Lodge (NSW),NSW,10903,20,38
13228,Pine Ridge,NSW,11004,39,98
13229,Pine Valley,NSW,10103,13,30
13230,Piney Range,NSW,10302,31,63
13231,Pinkett,NSW,11002,36,77
13232,Pinnacle (NSW),NSW,10302,19,30
13233,Pinnacle Swamp,NSW,10303,14,40
13234,Pinny Beach,NSW,11101,0,0
13235,Piora,NSW,11202,33,76
13236,Pipeclay,NSW,10804,41,102
13237,Pitnacree,NSW,10602,21,48
13238,Pitt Town,NSW,11504,1253,3861
13239,Pitt Town Bottoms,NSW,11504,19,85
13240,Pleasant Hills,NSW,11303,47,125
13241,Pleasure Point,NSW,12703,178,603
13242,Plumpton (NSW),NSW,11603,2942,10088
13243,Point Clare,NSW,10201,1687,3952
13244,Point Frederick,NSW,10201,1101,2043
13245,Point Piper,NSW,11801,735,1312
13246,Point Wolstoncroft,NSW,10202,0,0
13247,Pointer Mountain,NSW,11401,7,14
13248,Pokolbin,NSW,10601,655,1043
13249,Pola Creek,NSW,10802,32,86
13250,Polo Flat,NSW,10103,12,13
13251,Pomeroy,NSW,10105,45,91
13252,Pomona (NSW),NSW,10902,74,166
13253,Ponto,NSW,10503,15,53
13254,Pooncarie,NSW,10502,0,0
13254,Pooncarie,NSW,10902,89,222
13255,Port Botany,NSW,11701,5,0
13256,Port Hacking,NSW,12801,371,1201
13257,Port Kembla,NSW,10701,2271,5099
13258,Port Macquarie,NSW,10804,22729,47744
13259,Port Stephens,NSW,10603,0,0
13260,Porters Creek,NSW,11401,0,0
13261,Porters Retreat,NSW,10301,42,63
13262,Portland (NSW),NSW,10303,1125,2448
13263,Possum Brush,NSW,10805,61,148
13264,Possum Creek,NSW,11201,126,280
13265,Potato Point,NSW,10104,163,160
13266,Pottery Estate,NSW,10303,65,107
13267,Potts Hill,NSW,11901,477,1438
13267,Potts Hill,NSW,12501,0,0
13268,Potts Point,NSW,11703,5323,7194
13269,Pottsville,NSW,11203,2904,7228
13270,Prairiewood,NSW,12702,1144,3469
13271,Premer,NSW,10503,10,10
13271,Premer,NSW,11004,46,118
13272,Prestons,NSW,12703,4359,15725
13273,Pretty Beach (Central Coast - NSW),NSW,10201,225,314
13274,Pretty Beach (Shoalhaven - NSW),NSW,10104,0,0
13275,Pretty Pine,NSW,10903,34,59
13276,Primbee,NSW,10701,722,1610
13277,Primrose Valley,NSW,10102,68,157
13278,Prospect (NSW),NSW,11601,1836,5187
13279,Providence Portal,NSW,10103,5,6
13280,Pucawan,NSW,11303,20,44
13281,Puddledock,NSW,11001,23,41
13282,Pulganbar,NSW,10401,6,5
13283,Pullabooka,NSW,10302,25,52
13284,Pulletop,NSW,11303,22,64
13285,Pumpenbil,NSW,11203,121,240
13286,Punchbowl (Canterbury-Bankstown - NSW),NSW,11901,233,854
13286,Punchbowl (Canterbury-Bankstown - NSW),NSW,11902,6792,20491
13287,Punchbowl (Clarence Valley - NSW),NSW,10401,7,3
13288,Purfleet,NSW,10805,37,107
13289,Purlewaugh,NSW,10503,49,81
13290,Putney,NSW,12602,1447,4085
13291,Putta Bucca,NSW,10303,76,190
13292,Putty,NSW,10601,91,118
13292,Putty,NSW,11503,0,0
13293,Pyangle,NSW,10303,16,37
13294,Pymble,NSW,12103,4264,11757
13295,Pyramul,NSW,10303,38,63
13296,Pyree,NSW,11401,44,110
13297,Pyrmont,NSW,11703,6987,12657
13298,Quaama,NSW,10104,152,287
13299,Quakers Hill,NSW,11601,1856,5241
13299,Quakers Hill,NSW,11602,7401,22599
13300,Quambone,NSW,10501,79,130
13301,Quanda,NSW,10501,11,19
13302,Quandary,NSW,11303,17,59
13303,Quandialla,NSW,10302,86,159
13304,Queanbeyan,NSW,10102,3329,6441
13305,Queanbeyan East,NSW,10102,2268,4218
13306,Queanbeyan West,NSW,10102,1322,3131
13307,Queens Park (NSW),NSW,11801,1285,3146
13308,Queens Pinch,NSW,10303,13,38
13309,Queenscliff (NSW),NSW,12203,1686,3389
13310,Quialigo,NSW,10105,149,282
13311,Quidong,NSW,10103,4,20
13312,Quiera,NSW,11401,0,7
13313,Quipolly,NSW,11004,89,212
13314,Quirindi,NSW,11004,1593,3360
13315,Quorrobolong,NSW,10601,206,573
13316,Raby,NSW,12302,2024,5958
13317,Raglan (NSW),NSW,10301,454,1273
13318,Rainbow Flat,NSW,10805,279,688
13319,Rainbow Reach,NSW,10802,40,84
13320,Raleigh,NSW,10402,273,678
13321,Ramornie,NSW,10401,85,193
13322,Ramsgate,NSW,11904,467,1150
13323,Ramsgate Beach,NSW,11904,871,1733
13324,Rand,NSW,10903,79,189
13325,Randwick,NSW,11802,13867,28940
13326,Rangari,NSW,11004,24,42
13327,Rangers Valley,NSW,11002,27,27
13328,Rankin Park,NSW,11101,337,882
13328,Rankin Park,NSW,11103,647,1651
13329,Rankins Springs,NSW,11301,96,206
13330,Rannock,NSW,11303,35,78
13331,Rappville,NSW,11202,59,147
13332,Rathmines,NSW,11102,823,2054
13333,Ravensdale,NSW,10202,37,74
13334,Ravenswood (NSW),NSW,10501,237,442
13335,Ravensworth (NSW),NSW,10601,3,5
13336,Rawdon Island,NSW,10804,45,142
13337,Rawdon Vale,NSW,10805,5,15
13338,Raworth,NSW,10602,775,2089
13339,Rawsonville,NSW,10503,26,66
13340,Raymond Terrace,NSW,10603,5596,13438
13341,Razorback,NSW,12303,375,1166
13342,Red Head,NSW,10805,411,794
13343,Red Hill (Snowy Valleys - NSW),NSW,11302,3,4
13344,Red Hill (Tamworth Regional - NSW),NSW,11004,14,30
13345,Red Hill (Warren - NSW),NSW,10501,3,5
13346,Red Range,NSW,11002,127,248
13347,Red Rock,NSW,10402,296,415
13348,Red Rocks,NSW,11401,0,3
13349,Redbank (NSW),NSW,10804,146,400
13350,Redbournberry,NSW,10601,88,248
13351,Reddestone,NSW,11002,36,59
13352,Redfern,NSW,11703,7288,13065
13353,Redhead,NSW,11101,1543,3774
13354,Redlands,NSW,10903,16,36
13355,Reedy Creek (NSW),NSW,10601,64,155
13356,Reedy Swamp,NSW,10104,40,100
13357,Reefton (NSW),NSW,11303,18,34
13358,Regents Park (NSW),NSW,12501,1811,4967
13359,Regentville,NSW,12403,303,826
13360,Reids Flat,NSW,10106,67,90
13361,Reidsdale,NSW,10102,76,125
13362,Rennie,NSW,10903,16,31
13363,Reno,NSW,11303,54,129
13364,Renwick,NSW,11402,531,1466
13365,Repentance Creek,NSW,11202,51,118
13366,Repton,NSW,10402,285,665
13367,Reserve Creek,NSW,11203,72,202
13368,Retreat (NSW),NSW,11004,30,42
13369,Revesby,NSW,11901,5474,15262
13370,Revesby Heights,NSW,11901,644,1914
13371,Rhine Falls,NSW,10103,18,39
13372,Rhodes,NSW,12001,5858,11440
13373,Richards,NSW,11602,23,37
13374,Richlands (NSW),NSW,10105,29,48
13375,Richmond (NSW),NSW,12404,2471,5411
13376,Richmond Hill (NSW),NSW,11202,330,849
13377,Richmond Lowlands,NSW,12404,14,55
13378,Richmond Vale,NSW,10601,31,95
13379,Rileys Hill,NSW,11201,73,188
13380,Ringwood (NSW),NSW,10903,22,37
13381,Riverlea,NSW,10303,29,32
13382,Riverside (NSW),NSW,10804,127,306
13383,Riverstone,NSW,11602,3079,8622
13384,Rivertree,NSW,11002,8,10
13385,Riverview (NSW),NSW,12101,995,3163
13386,Riverwood,NSW,11902,374,979
13386,Riverwood,NSW,11903,5120,11774
13387,Rixs Creek,NSW,10601,5,18
13388,Rob Roy,NSW,11002,28,69
13389,Robertson (NSW),NSW,11402,945,2018
13390,Robin Hill,NSW,10301,335,928
13391,Rock Flat,NSW,10103,24,73
13392,Rock Forest,NSW,10301,64,146
13393,Rock Valley,NSW,11202,129,267
13394,Rockdale,NSW,11904,6525,15404
13395,Rockley,NSW,10301,85,175
13396,Rockley Mount,NSW,10301,29,79
13397,Rockton,NSW,10103,9,22
13398,Rocky Creek (Gwydir - NSW),NSW,11002,12,21
13398,Rocky Creek (Gwydir - NSW),NSW,11003,0,4
13399,Rocky Creek (Inverell - NSW),NSW,11002,9,25
13400,Rocky Glen,NSW,10503,39,65
13401,Rocky Hall,NSW,10104,34,48
13402,Rocky Plain (NSW),NSW,10103,31,69
13403,Rocky Point (NSW),NSW,10202,113,279
13404,Rocky River (Tenterfield - NSW),NSW,11002,40,32
13405,Rocky River (Uralla - NSW),NSW,11001,137,303
13406,Rodd Point,NSW,12001,494,1374
13407,Rollands Plains,NSW,10804,60,151
13408,Rookhurst,NSW,10805,29,60
13409,Rookwood (NSW),NSW,12501,4,3
13410,Rooty Hill,NSW,11603,5096,16167
13411,Ropes Crossing,NSW,11603,2251,7268
13412,Rose Bay (NSW),NSW,11801,4740,9930
13413,Rose Valley (Kiama - NSW),NSW,10703,43,87
13414,Rose Valley (Snowy Monaro Regional - NSW),NSW,10103,15,32
13415,Rosebank,NSW,11202,201,418
13416,Roseberg,NSW,10302,40,41
13417,Roseberry,NSW,11202,19,25
13418,Roseberry Creek,NSW,11202,47,56
13419,Rosebery (NSW),NSW,11701,1051,2620
13419,Rosebery (NSW),NSW,11703,5553,10943
13420,Rosebrook (NSW),NSW,10602,29,73
13421,Rosedale (NSW),NSW,10104,194,221
13422,Rosehill (NSW),NSW,12504,1918,4051
13423,Roselands,NSW,11902,4492,12355
13424,Rosemeadow,NSW,12302,2741,8008
13425,Rosemeath,NSW,10103,20,26
13426,Roseville,NSW,12101,635,1881
13426,Roseville,NSW,12103,3169,8425
13427,Roseville Chase,NSW,12103,553,1616
13428,Rosewood (Port Macquarie-Hastings - NSW),NSW,10804,86,217
13429,Rosewood (Snowy Valleys - NSW),NSW,11302,95,218
13430,Roslyn,NSW,10105,66,100
13431,Rossglen,NSW,10804,27,50
13432,Rossgole,NSW,10604,0,6
13433,Rossi,NSW,10102,41,113
13434,Rossmore (NSW),NSW,12701,718,2243
13435,Rothbury,NSW,10601,34,55
13436,Roto,NSW,11301,11,30
13437,Rouchel,NSW,10604,63,135
13438,Rouchel Brook,NSW,10604,14,21
13439,Roughit,NSW,10601,47,111
13440,Round Mountain,NSW,11203,61,149
13441,Round Swamp,NSW,10303,18,11
13442,Rous,NSW,11201,89,232
13443,Rous Mill,NSW,11201,78,205
13444,Rouse Hill,NSW,11504,2757,8589
13444,Rouse Hill,NSW,11602,1421,2766
13445,Rowan,NSW,11303,39,107
13446,Rowena,NSW,10501,74,159
13446,Rowena,NSW,11003,15,20
13447,Rowlands Creek,NSW,11203,49,84
13448,Royal National Park,NSW,12802,10,49
13449,Royalla,NSW,10102,332,1068
13450,Rozelle,NSW,12002,4139,8564
13451,Ruby Creek,NSW,11002,34,65
13452,Rufus,NSW,10902,27,41
13453,Rugby,NSW,10106,39,83
13454,Rukenvale,NSW,11202,11,15
13455,Run-o-Waters,NSW,10105,223,612
13456,Running Stream,NSW,10303,97,124
13457,Runnyford,NSW,10104,17,29
13458,Ruse,NSW,12302,2037,5608
13459,Rushcutters Bay,NSW,11703,1731,2325
13460,Rushes Creek,NSW,11004,49,97
13461,Rushforth,NSW,10401,108,283
13462,Russell Lea,NSW,12001,1975,4925
13463,Russell Vale,NSW,10704,600,1592
13464,Rutherford,NSW,10602,5273,13124
13465,Ruthven,NSW,11202,45,114
13466,Ryan (NSW),NSW,11303,20,62
13467,Rydal,NSW,10303,84,163
13468,Rydalmere,NSW,12502,2851,7275
13469,Ryde,NSW,12602,14172,31863
13470,Rye Park,NSW,10106,102,229
13471,Ryhope,NSW,11102,11,35
13472,Rylstone,NSW,10303,485,907
13473,Sackville,NSW,11503,93,229
13474,Sackville North,NSW,11502,128,389
13475,Saddleback Mountain,NSW,10703,34,67
13476,Sadleir,NSW,12701,1153,3254
13477,Safety Beach (NSW),NSW,10402,438,1092
13478,Salamander Bay,NSW,10603,2614,5002
13479,Salisbury (NSW),NSW,10601,34,51
13480,Salisbury Plains,NSW,11001,29,61
13481,Sallys Flat,NSW,10301,12,13
13482,Salt Ash,NSW,10603,430,1102
13483,Saltwater,NSW,10805,4,4
13484,San Isidore,NSW,11303,123,343
13485,San Remo (NSW),NSW,10202,1790,4437
13486,Sancrox,NSW,10804,214,607
13487,Sanctuary Point,NSW,11401,4422,7870
13488,Sandbar,NSW,10801,0,0
13489,Sandgate (NSW),NSW,11103,84,282
13490,Sandigo,NSW,11301,47,87
13491,Sandilands (NSW),NSW,11202,8,20
13492,Sandon (NSW),NSW,10401,37,9
13493,Sandringham (NSW),NSW,11904,542,1292
13494,Sandy Beach,NSW,10402,1143,2920
13495,Sandy Creek (Cobar - NSW),NSW,10501,11,25
13496,Sandy Creek (Upper Hunter Shire - NSW),NSW,10604,15,42
13497,Sandy Crossing,NSW,10401,6,26
13498,Sandy Flat,NSW,11002,57,95
13499,Sandy Gully (NSW),NSW,11302,11,14
13500,Sandy Hill,NSW,11002,30,39
13501,Sandy Hollow,NSW,10604,93,193
13502,Sandy Point (NSW),NSW,12703,204,599
13503,Sanger,NSW,10903,0,5
13504,Sans Souci,NSW,11904,4620,10827
13505,Sapphire,NSW,11002,19,32
13506,Sapphire Beach,NSW,10402,1150,2664
13507,Saratoga,NSW,10201,1551,3982
13508,Sassafras (NSW),NSW,11401,19,18
13509,Saumarez,NSW,11001,38,76
13510,Saumarez Ponds,NSW,11001,166,417
13511,Savernake,NSW,10903,35,62
13512,Sawpit Creek,NSW,11202,16,7
13513,Sawtell,NSW,10402,1965,3772
13514,Sawyers Gully,NSW,10601,179,539
13515,Scarborough (NSW),NSW,10704,117,324
13516,Scheyville,NSW,11504,3,7
13517,Schofields,NSW,11602,5018,15191
13518,Scone,NSW,10604,2616,5810
13519,Scotia,NSW,10502,9,10
13519,Scotia,NSW,10902,3,3
13520,Scotland Island,NSW,12202,361,693
13521,Scotts Creek (NSW),NSW,10604,17,25
13522,Scotts Flat,NSW,10601,20,43
13523,Scotts Head,NSW,10802,636,994
13524,Seaforth (NSW),NSW,12201,2465,7380
13525,Seaham,NSW,10603,325,1026
13526,Seahampton,NSW,11102,112,295
13527,Seal Rocks,NSW,10801,86,57
13528,Sebastopol (NSW),NSW,11303,26,55
13529,Sedgefield,NSW,10601,82,254
13530,Seelands,NSW,10401,164,381
13531,Sefton,NSW,12503,2084,6282
13532,Segenhoe,NSW,10604,77,210
13533,Seven Hills (NSW),NSW,11601,7523,20105
13534,Seven Oaks,NSW,10802,27,56
13535,Sextonville,NSW,11202,14,30
13536,Shadforth (NSW),NSW,10304,37,98
13537,Shallow Bay,NSW,10801,34,67
13538,Shalvey,NSW,11603,1167,3463
13539,Shanes Park,NSW,11602,138,384
13540,Shannon Brook,NSW,11202,75,175
13541,Shannon Vale,NSW,11002,70,134
13542,Shannondale,NSW,10401,26,76
13543,Shannons Flat,NSW,10103,59,92
13544,Shark Creek,NSW,10401,19,30
13545,Sharps Creek,NSW,11302,7,13
13546,Sheedys Gully,NSW,10303,54,138
13547,Shell Cove,NSW,10703,2637,7606
13548,Shellharbour,NSW,10703,1552,3515
13549,Shellharbour City Centre,NSW,10703,241,455
13550,Shelly Beach (NSW),NSW,10202,570,1318
13551,Sherwood (Clarence Valley - NSW),NSW,10401,26,68
13552,Sherwood (Kempsey - NSW),NSW,10802,58,145
13553,Sherwood (Kyogle - NSW),NSW,11202,24,36
13554,Shoal Bay (NSW),NSW,10603,1555,1816
13555,Shoalhaven Heads,NSW,11401,1817,3265
13556,Shooters Hill,NSW,10301,16,29
13557,Shortland,NSW,11103,2064,4545
13558,Silent Grove,NSW,11002,16,11
13559,Silverdale (NSW),NSW,12303,0,0
13559,Silverdale (NSW),NSW,12403,1432,4540
13560,Silverton (NSW),NSW,10502,38,40
13561,Silverwater (Lake Macquarie - NSW),NSW,11102,132,276
13562,Silverwater (Parramatta - NSW),NSW,12501,929,3592
13563,Simpkins Creek,NSW,11202,6,28
13564,Singleton (NSW),NSW,10601,2422,5174
13565,Singleton Heights,NSW,10601,1910,4888
13566,Singleton Military Area,NSW,10601,4,588
13567,Singletons Mill,NSW,11502,0,0
13568,Six Mile Swamp,NSW,11202,0,0
13569,Skennars Head,NSW,11201,547,1290
13570,Skillion Flat,NSW,10802,38,93
13571,Skinners Shoot,NSW,11201,56,137
13572,Sleepy Hollow,NSW,11203,50,118
13573,Smeaton Grange,NSW,12301,7,11
13574,Smiggin Holes,NSW,10103,29,19
13575,Smithfield (NSW),NSW,12503,11,8
13575,Smithfield (NSW),NSW,12702,4514,13161
13576,Smiths Creek (Clarence Valley - NSW),NSW,10401,8,20
13577,Smiths Creek (Kyogle - NSW),NSW,11202,33,55
13578,Smiths Creek (Tweed - NSW),NSW,11203,136,343
13579,Smiths Lake,NSW,10801,866,1324
13580,Smithtown,NSW,10802,282,616
13581,Snakes Plain,NSW,10501,8,14
13582,Snowball,NSW,10102,3,3
13583,Snowy Plain,NSW,10103,5,0
13584,Sodwalls,NSW,10303,57,94
13585,Sofala,NSW,10301,73,81
13585,Sofala,NSW,10303,23,23
13586,Soldiers Point,NSW,10603,1002,1576
13587,Somersby,NSW,10201,388,1066
13588,Somerton (NSW),NSW,11004,129,271
13589,South Albury,NSW,10901,848,1354
13590,South Arm (Clarence Valley - NSW),NSW,10401,85,198
13591,South Arm (Nambucca Valley - NSW),NSW,10802,127,311
13592,South Ballina,NSW,11201,21,27
13593,South Bathurst,NSW,10301,743,1590
13594,South Bowenfels,NSW,10303,578,1322
13595,South Coogee,NSW,11802,2398,5620
13596,South Durras,NSW,10104,400,323
13597,South Golden Beach,NSW,11201,418,886
13598,South Grafton,NSW,10401,2836,6292
13599,South Granville,NSW,12503,1919,5813
13600,South Gundagai,NSW,11303,351,787
13601,South Gundurimba,NSW,11202,152,356
13602,South Guyra,NSW,11001,206,386
13603,South Hurstville,NSW,11903,1924,5225
13604,South Kempsey,NSW,10802,1076,2613
13605,South Lismore,NSW,11202,765,1779
13606,South Littleton,NSW,10303,154,326
13607,South Maitland,NSW,10602,226,430
13608,South Maroota,NSW,11502,209,615
13609,South Murwillumbah,NSW,11203,488,1076
13610,South Nowra,NSW,11401,1177,3170
13611,South Pambula,NSW,10104,182,493
13612,South Penrith,NSW,12403,4602,11996
13613,South Tamworth,NSW,11004,3273,6600
13614,South Turramurra,NSW,12103,1068,3226
13615,South Wentworthville,NSW,12503,2233,6302
13615,South Wentworthville,NSW,12504,295,601
13616,South West Rocks,NSW,10802,3052,5077
13617,South Windsor,NSW,12404,2495,5943
13618,South Wolumla,NSW,10104,73,178
13619,Southampton (NSW),NSW,10401,17,33
13620,Southgate,NSW,10401,90,199
13621,Speers Point,NSW,11101,1496,3408
13622,Speewa,NSW,10903,46,115
13623,Spencer,NSW,10201,202,288
13624,Spicers Creek,NSW,10503,22,55
13625,Spicketts Creek,NSW,10402,12,22
13625,Spicketts Creek,NSW,10802,3,5
13626,Splitters Creek,NSW,10901,108,312
13627,Spring Creek (NSW),NSW,10304,57,125
13628,Spring Farm (NSW),NSW,12301,3353,9882
13629,Spring Flat,NSW,10303,120,339
13630,Spring Grove,NSW,11202,191,530
13631,Spring Hill (Orange - NSW),NSW,10304,188,522
13632,Spring Hill (Wollongong - NSW),NSW,10701,0,0
13632,Spring Hill (Wollongong - NSW),NSW,10704,36,92
13633,Spring Mountain (NSW),NSW,11002,13,20
13634,Spring Plains,NSW,11003,37,73
13635,Spring Ridge,NSW,11004,129,265
13636,Spring Terrace,NSW,10304,59,122
13637,Springdale (NSW),NSW,11303,59,123
13638,Springdale Heights,NSW,10901,1149,2635
13639,Springfield (Central Coast - NSW),NSW,10201,1623,4301
13640,Springfield (Snowy Monaro Regional - NSW),NSW,10103,17,34
13641,Springrange,NSW,10106,182,496
13642,Springside (NSW),NSW,10304,113,302
13643,Springvale (NSW),NSW,11303,557,1854
13644,Springwood (NSW),NSW,12401,3535,8424
13645,St Albans (NSW),NSW,11503,116,159
13646,St Andrews (NSW),NSW,12302,1973,5770
13647,St Clair (Penrith - NSW),NSW,12405,6720,19946
13648,St Clair (Singleton - NSW),NSW,10601,3,17
13649,St Fillans,NSW,10303,98,257
13650,St George (NSW),NSW,11401,0,0
13651,St Georges Basin,NSW,11401,1643,3213
13652,St Helens Park,NSW,12302,2266,6654
13653,St Huberts Island,NSW,10201,520,1081
13654,St Ives (NSW),NSW,12103,6785,18374
13655,St Ives Chase,NSW,12103,1057,3300
13656,St Johns Park,NSW,12702,1897,6314
13657,St Leonards (NSW),NSW,12101,4211,7222
13658,St Marys (NSW),NSW,12405,5604,13258
13659,St Peters (NSW),NSW,11702,1718,3641
13660,Stanborough,NSW,11002,34,85
13661,Stanbridge,NSW,11301,91,209
13662,Stanford Merthyr,NSW,10601,235,568
13663,Stanhope (NSW),NSW,10601,60,162
13664,Stanhope Gardens,NSW,11602,3073,9370
13665,Stanmore (NSW),NSW,11702,3593,7652
13666,Stannifer,NSW,11002,41,78
13667,Stannum,NSW,11002,28,55
13668,Stanwell Park,NSW,10704,560,1523
13669,Stanwell Tops,NSW,10704,176,523
13670,State Mine Gully,NSW,10303,4,10
13671,Steam Plains,NSW,10903,3,0
13671,Steam Plains,NSW,11301,0,0
13672,Steeple Flat,NSW,10103,10,25
13673,Stewarts Brook,NSW,10604,25,24
13674,Stewarts River,NSW,10805,56,126
13675,Stockinbingal,NSW,11303,185,351
13676,Stockrington,NSW,10601,34,92
13677,Stockton (NSW),NSW,11103,1889,4051
13678,Stockyard Creek (NSW),NSW,10401,36,55
13679,Stokers Siding,NSW,11203,283,692
13680,Stonehenge (NSW),NSW,11002,57,135
13681,Stonequarry,NSW,10105,20,30
13682,Stony Chute,NSW,11202,78,158
13683,Stony Creek (Bega Valley - NSW),NSW,10104,59,148
13684,Stony Creek (Mid-Western Regional - NSW),NSW,10303,25,65
13685,Stony Crossing,NSW,10903,12,27
13686,Stotts Creek,NSW,11203,3,10
13687,Stratford (NSW),NSW,10805,86,161
13688,Strathcedar,NSW,10805,34,88
13689,Stratheden,NSW,11202,94,221
13690,Strathfield (NSW),NSW,12003,9930,25909
13691,Strathfield South,NSW,12003,1403,3626
13692,Stroud,NSW,10801,436,989
13693,Stroud Hill,NSW,10601,16,31
13694,Stroud Road,NSW,10801,110,235
13695,Stuart Town,NSW,10503,115,240
13696,Stuarts Point,NSW,10802,498,773
13697,Stubbo,NSW,10303,118,269
13698,Stud Park,NSW,10903,22,54
13699,Suffolk Park,NSW,11201,1819,4248
13700,Sugarloaf (NSW),NSW,10601,40,64
13701,Summer Hill (Dungog - NSW),NSW,10601,50,128
13702,Summer Hill (Inner West - NSW),NSW,12003,3569,7284
13703,Summer Hill Creek,NSW,10304,84,235
13704,Summer Island,NSW,10802,28,93
13705,Summerland Point,NSW,10202,1272,2723
13706,Sun Valley (NSW),NSW,12401,83,236
13707,Sunny Corner,NSW,10301,64,98
13708,Sunset Strip (NSW),NSW,10502,24,40
13709,Sunshine (NSW),NSW,11102,233,478
13710,Sunshine Bay,NSW,10104,833,1447
13711,Suntop,NSW,10503,26,61
13712,Surf Beach (NSW),NSW,10104,1282,1920
13713,Surfside,NSW,10104,796,1453
13714,Surry Hills,NSW,11703,9736,15818
13715,Sussex Inlet,NSW,11401,2629,3879
13716,Sutherland (NSW),NSW,12802,5791,11579
13717,Sutton (NSW),NSW,10102,276,847
13717,Sutton (NSW),NSW,10106,226,719
13718,Sutton Forest,NSW,11402,252,501
13719,Swan Bay (Port Stephens - NSW),NSW,10603,161,313
13720,Swan Bay (Richmond Valley - NSW),NSW,11201,118,359
13721,Swan Creek (NSW),NSW,10401,41,106
13722,Swan Vale,NSW,11002,17,35
13723,Swanbrook,NSW,11002,10,9
13724,Swanhaven,NSW,11401,166,197
13725,Swans Crossing,NSW,10804,0,0
13726,Swansea (NSW),NSW,11101,2548,5011
13727,Swansea Heads,NSW,11101,257,609
13728,Sweetmans Creek,NSW,10601,26,44
13729,Sydenham (NSW),NSW,11702,476,1107
13730,Sydney,NSW,11703,10340,16657
13731,Sydney Olympic Park,NSW,12001,0,0
13731,Sydney Olympic Park,NSW,12501,3051,4842
13732,Sylvania,NSW,12801,4332,10736
13733,Sylvania Waters,NSW,12801,1186,3216
13734,Tabbil Creek,NSW,10601,24,56
13735,Tabbimoble,NSW,10401,0,0
13735,Tabbimoble,NSW,11201,19,35
13736,Tabbita,NSW,11301,23,79
13737,Table Top,NSW,10901,523,1509
13738,Tabulam,NSW,11002,169,356
13738,Tabulam,NSW,11202,79,157
13739,Tacoma,NSW,10202,223,607
13740,Tacoma South,NSW,10202,96,259
13741,Tahlee,NSW,10603,12,28
13742,Tahmoor,NSW,12303,2205,5775
13743,Talarm,NSW,10802,100,238
13744,Talawanta,NSW,10501,12,19
13745,Talbingo,NSW,11302,213,226
13746,Tallawang,NSW,10303,80,164
13747,Tallawong,NSW,11602,2211,6588
13748,Tallimba,NSW,10302,104,177
13749,Tallong,NSW,10105,435,923
13750,Tallowal,NSW,11401,0,0
13751,Tallowwood Ridge,NSW,10402,24,27
13752,Tallwood,NSW,10304,39,69
13753,Tallwoods Village,NSW,10805,505,979
13754,Talmalmo,NSW,10901,45,43
13755,Talofa,NSW,11201,39,102
13756,Taloumbi,NSW,10401,44,96
13757,Tamarama,NSW,11801,684,1487
13758,Tamban,NSW,10802,41,94
13759,Tambar Springs,NSW,10503,62,109
13759,Tambar Springs,NSW,11004,98,163
13760,Tambaroora,NSW,10303,37,35
13761,Taminda,NSW,11004,28,48
13762,Tamworth,NSW,11004,199,194
13763,Tanglewood,NSW,11203,52,103
13764,Tanilba Bay,NSW,10603,1454,3231
13765,Tanja,NSW,10104,107,169
13766,Tannas Mount,NSW,10301,17,47
13767,Tantangara,NSW,10103,0,0
13768,Tantawangalo,NSW,10104,78,160
13769,Tantonan,NSW,10903,18,15
13770,Tapitallee,NSW,11401,228,630
13771,Tara (NSW),NSW,11303,19,47
13772,Taradale (NSW),NSW,11302,12,33
13773,Tarago,NSW,10102,229,463
13773,Tarago,NSW,10105,18,43
13774,Taralga,NSW,10105,234,403
13775,Tarana,NSW,10301,49,92
13775,Tarana,NSW,10303,49,94
13776,Tarban,NSW,11002,5,18
13777,Tarbuck Bay,NSW,10801,112,192
13778,Tarcutta,NSW,11303,220,418
13779,Taree,NSW,10805,7661,16735
13780,Taree South,NSW,10805,146,325
13781,Taren Point,NSW,12801,806,1863
13782,Tarlo,NSW,10105,74,163
13783,Tarraganda,NSW,10104,146,347
13784,Tarrawanna,NSW,10704,894,2198
13785,Tarriaro,NSW,11003,37,101
13786,Tarro,NSW,11103,766,1707
13787,Tascott,NSW,10201,710,1669
13788,Tatham,NSW,11202,93,231
13789,Tathra,NSW,10104,958,1528
13790,Tatton,NSW,11303,934,2550
13791,Taylors Arm,NSW,10802,60,126
13792,Taylors Beach (NSW),NSW,10603,63,131
13793,Taylors Flat,NSW,10106,58,56
13794,Tea Gardens,NSW,10603,1898,3280
13795,Telarah,NSW,10602,1089,2321
13796,Telegraph Point,NSW,10804,249,615
13797,Telopea,NSW,12502,2507,5359
13798,Temagog,NSW,10802,126,274
13799,Temora,NSW,11303,2273,4688
13800,Tempe,NSW,11702,1409,3544
13801,Ten Mile Hollow,NSW,10201,0,0
13801,Ten Mile Hollow,NSW,11503,0,6
13802,Tenambit,NSW,10602,1345,3088
13803,Tenandra,NSW,10501,22,78
13804,Tennyson (NSW),NSW,11503,131,382
13805,Tennyson Point,NSW,12602,433,1255
13806,Tenterden (NSW),NSW,11002,23,41
13807,Tenterfield,NSW,11002,2187,4073
13808,Teralba,NSW,11102,1007,2663
13809,Terania Creek,NSW,11202,101,202
13810,Terara,NSW,11401,198,297
13811,Teridgerie,NSW,10501,6,27
13812,Termeil,NSW,11401,134,274
13813,Terrabella,NSW,10503,3,14
13814,Terrace Creek,NSW,11202,23,40
13815,Terragon,NSW,11203,36,98
13816,Terramungamine,NSW,10503,114,328
13817,Terranora,NSW,11203,1161,3383
13818,Terreel,NSW,10801,9,3
13818,Terreel,NSW,10805,0,0
13819,Terrey Hills,NSW,12203,1052,3137
13820,Terrigal,NSW,10201,5728,12758
13821,Terry Hie Hie,NSW,11003,34,76
13822,Teven,NSW,11201,120,304
13823,Tewinga,NSW,10802,39,74
13824,Texas (NSW),NSW,11002,15,23
13825,Thalgarrah,NSW,11001,83,168
13826,Tharbogang,NSW,11301,181,460
13827,The Angle,NSW,10102,29,86
13828,The Basin (NSW),NSW,11002,0,0
13829,The Bight,NSW,10805,28,60
13830,The Branch,NSW,10801,70,127
13831,The Brothers,NSW,10103,11,30
13832,The Channon,NSW,11202,135,334
13833,The Devils Wilderness,NSW,12401,0,0
13834,The Entrance,NSW,10202,3430,4246
13835,The Entrance North,NSW,10202,995,1618
13836,The Freshwater,NSW,10401,3,5
13837,The Gap (Richmond Valley - NSW),NSW,11201,0,0
13838,The Gap (Wagga Wagga - NSW),NSW,11303,32,76
13839,The Glen (NSW),NSW,11202,3,5
13840,The Gulf,NSW,10401,0,0
13840,The Gulf,NSW,11001,0,0
13841,The Hatch,NSW,10804,19,44
13842,The Hill,NSW,11103,1154,2079
13843,The Junction,NSW,11103,448,992
13844,The Lagoon,NSW,10301,101,258
13845,The Marra,NSW,10501,33,76
13846,The Meadows,NSW,10301,13,22
13847,The Oaks,NSW,12303,1029,2974
13848,The Pilliga,NSW,11003,0,0
13849,The Pinnacles,NSW,10401,36,87
13850,The Pocket,NSW,11201,92,229
13851,The Ponds,NSW,11602,4784,16316
13852,The Ridgeway,NSW,10102,67,165
13853,The Risk,NSW,11202,18,31
13854,The Rock,NSW,11303,525,1349
13855,The Rocks (Bathurst Regional - NSW),NSW,10301,18,70
13856,The Rocks (Sydney - NSW),NSW,11703,449,628
13857,The Sandon,NSW,10401,5,0
13858,The Slopes,NSW,11503,112,316
13859,The Whiteman,NSW,10401,71,162
13860,Theresa Creek (NSW),NSW,11202,42,72
13861,Theresa Park,NSW,12303,186,601
13862,Thirldene,NSW,11004,11,37
13863,Thirlmere,NSW,12303,1953,4981
13864,Thirroul,NSW,10704,2528,6317
13865,Thora,NSW,10402,147,316
13866,Thornleigh,NSW,12102,2960,8495
13866,Thornleigh,NSW,12601,156,419
13867,Thornton (NSW),NSW,10602,3961,10690
13868,Thredbo,NSW,10103,620,402
13869,Thrumster,NSW,10804,860,2404
13870,Thuddungra,NSW,10106,69,134
13871,Thule,NSW,10903,13,28
13872,Thumb Creek,NSW,10802,20,36
13873,Thurgoona,NSW,10901,4079,11012
13874,Thyra,NSW,10903,8,17
13875,Tianjara,NSW,11401,5,7
13876,Tibbuc,NSW,10805,23,41
13877,Tibooburra,NSW,10502,70,97
13878,Tichborne,NSW,10302,41,92
13879,Tichular,NSW,10303,0,0
13880,Tighes Hill,NSW,11103,758,1799
13881,Tilba Tilba,NSW,10104,51,102
13882,Tilbuster,NSW,11001,19,49
13883,Tilligerry Creek,NSW,10603,0,0
13884,Tilpa,NSW,10501,17,18
13884,Tilpa,NSW,10502,20,33
13885,Timbarra (NSW),NSW,11002,12,32
13886,Timbillica,NSW,10104,7,12
13887,Timbumburi,NSW,11004,46,122
13888,Timor (NSW),NSW,10604,30,53
13889,Tindarey,NSW,10501,24,33
13890,Tinderry,NSW,10102,32,66
13891,Tingha,NSW,11002,340,784
13892,Tingira Heights,NSW,11101,748,2058
13893,Tinonee,NSW,10805,514,1195
13894,Tinpot,NSW,10104,0,4
13895,Tintenbar,NSW,11201,226,619
13896,Tintinhull,NSW,11004,168,431
13897,Tiona,NSW,10801,4,10
13898,Tipperary (NSW),NSW,10805,25,34
13899,Tiri,NSW,10805,4,3
13900,Tirrannaville,NSW,10105,114,236
13901,Titaatee Creek,NSW,10805,17,23
13902,Tocal,NSW,10601,0,0
13902,Tocal,NSW,10602,4,47
13903,Tocumwal,NSW,10903,1381,2862
13904,Tolbar,NSW,10103,0,0
13905,Tolland,NSW,11303,1536,3480
13906,Tolwong,NSW,11401,0,0
13907,Tomago,NSW,10603,170,273
13908,Tomakin,NSW,10104,807,1229
13909,Tomalla,NSW,10604,25,6
13909,Tomalla,NSW,10805,0,0
13910,Tombong,NSW,10103,0,0
13911,Tomboye,NSW,10102,27,36
13912,Tomerong,NSW,11401,485,1186
13913,Tomewin,NSW,11203,42,98
13914,Tomingley,NSW,10503,167,348
13915,Tomki,NSW,11202,31,69
13916,Toms Creek,NSW,10804,12,35
13917,Tonderburine,NSW,10503,54,113
13918,Tongarra,NSW,10703,55,141
13919,Toogong,NSW,10304,37,66
13920,Tooleybuc,NSW,10902,148,333
13921,Toolijooa,NSW,10703,44,103
13922,Tooloom,NSW,11202,12,14
13923,Tooloon,NSW,10501,15,34
13924,Tooma,NSW,11302,33,66
13925,Toongabbie (NSW),NSW,11601,3057,8288
13925,Toongabbie (NSW),NSW,12504,2786,7858
13926,Toongi,NSW,10503,21,62
13927,Toonumbar,NSW,11202,16,25
13928,Tooranie,NSW,10903,8,12
13929,Tooraweenah,NSW,10503,146,253
13930,Toormina,NSW,10402,2778,6158
13931,Toorooka,NSW,10802,28,47
13932,Toothdale,NSW,10104,82,213
13933,Tootool,NSW,11303,17,52
13934,Toowoon Bay,NSW,10202,350,549
13935,Topi Topi,NSW,10801,31,52
13936,Toronto,NSW,11102,2694,5947
13937,Torrington (NSW),NSW,11002,73,78
13938,Torryburn (Dungog - NSW),NSW,10601,67,135
13939,Torryburn (Uralla - NSW),NSW,11001,19,41
13940,Totnes Valley,NSW,10303,13,29
13941,Tottenham (NSW),NSW,10302,243,453
13942,Touga,NSW,11401,0,0
13943,Toukley,NSW,10202,2389,4566
13944,Towallum,NSW,10401,0,0
13945,Towamba,NSW,10104,142,242
13946,Townsend,NSW,10401,434,986
13947,Towradgi,NSW,10704,1419,3254
13948,Towrang,NSW,10105,72,164
13949,Tralee,NSW,10102,0,0
13950,Trangie,NSW,10503,521,1062
13951,Tregeagle,NSW,11202,172,425
13952,Tregear,NSW,11603,1415,3686
13953,Trenayr,NSW,10401,32,79
13954,Trentham Cliffs,NSW,10902,49,84
13955,Trewilga,NSW,10302,9,24
13956,Triamble,NSW,10303,21,12
13957,Triangle Flat,NSW,10301,20,63
13958,Trundle,NSW,10302,303,567
13959,Trungley Hall,NSW,11303,29,76
13960,Trunkey Creek,NSW,10301,73,120
13961,Tubbamurra,NSW,11001,8,19
13962,Tubbul,NSW,10106,30,63
13963,Tucabia,NSW,10401,173,350
13964,Tucki Tucki,NSW,11202,49,128
13965,Tuckombil,NSW,11201,107,289
13966,Tuckurimba,NSW,11202,42,112
13967,Tuena,NSW,10105,71,78
13968,Tuggerah,NSW,10202,402,923
13969,Tuggerawong,NSW,10202,543,1286
13970,Tugrabakh,NSW,10805,39,81
13971,Tullakool,NSW,10903,30,71
13972,Tullamore,NSW,10302,150,370
13973,Tullarwalla,NSW,11401,0,0
13974,Tullera,NSW,11202,109,278
13975,Tullibigeal,NSW,10302,137,263
13976,Tullimbar,NSW,10703,639,1852
13977,Tulloona,NSW,11003,30,63
13978,Tullymorgan,NSW,10401,45,106
13979,Tumbarumba,NSW,11302,962,1916
13980,Tumbi Umbi,NSW,10201,94,329
13980,Tumbi Umbi,NSW,10202,1969,5043
13981,Tumblong,NSW,11303,85,221
13982,Tumbulgum,NSW,11203,186,453
13983,Tumorrama,NSW,11302,7,20
13984,Tumut,NSW,11302,3027,6603
13985,Tumut Plains,NSW,11302,33,70
13986,Tuncester,NSW,11202,25,51
13987,Tuncurry,NSW,10801,3847,6435
13988,Tunglebung,NSW,11202,28,42
13989,Tuntable Creek,NSW,11202,105,216
13990,Tuppal,NSW,10903,15,19
13991,Tura Beach,NSW,10104,1771,3411
13992,Turill,NSW,10303,44,78
13992,Turill,NSW,10604,8,31
13993,Turlinjah,NSW,10104,65,142
13994,Turners Flat,NSW,10802,64,169
13995,Turondale,NSW,10301,59,101
13996,Tuross,NSW,10103,11,23
13997,Tuross Head,NSW,10104,1801,2352
13998,Turramurra,NSW,12103,4890,12871
13999,Turrawan,NSW,11003,29,83
14000,Turrella,NSW,11904,977,2668
14001,Turvey Park,NSW,11303,1548,3584
14002,Tweed Heads,NSW,11203,5354,9127
14003,Tweed Heads South,NSW,11203,4068,7973
14004,Tweed Heads West,NSW,11203,3046,6162
14005,Twelve Mile,NSW,10303,16,14
14005,Twelve Mile,NSW,10503,5,5
14006,Twelve Mile Creek,NSW,10603,88,159
14007,Twelve Mile Peg,NSW,11401,0,0
14008,Twenty Forests,NSW,10301,0,0
14009,Twin Rivers,NSW,11002,25,38
14010,Two Mile Flat,NSW,10303,23,59
14011,Tyagarah,NSW,11201,67,194
14012,Tyalgum,NSW,11203,215,511
14013,Tyalgum Creek,NSW,11203,72,127
14014,Tygalgah,NSW,11203,48,116
14015,Tyndale,NSW,10401,94,187
14016,Tyringham,NSW,10402,55,107
14017,Uarbry,NSW,10303,24,37
14018,Uki,NSW,11203,305,688
14019,Ulamambri,NSW,10503,85,184
14020,Ulan,NSW,10303,31,83
14021,Ulladulla,NSW,11401,3685,7243
14022,Ulmarra,NSW,10401,340,760
14023,Ulong,NSW,10402,135,218
14024,Ultimo,NSW,11703,3760,7420
14025,Umina Beach,NSW,10201,7869,17318
14026,Unanderra,NSW,10701,2307,5474
14027,Underbank,NSW,10601,11,16
14028,Undercliffe,NSW,11002,19,27
14029,Ungarie,NSW,10302,319,401
14030,Unumgar,NSW,11202,13,20
14031,Upper Allyn,NSW,10601,13,17
14032,Upper Bingara,NSW,11002,10,21
14033,Upper Burringbar,NSW,11203,153,284
14034,Upper Bylong,NSW,10303,0,5
14035,Upper Colo,NSW,11503,35,48
14036,Upper Coopers Creek,NSW,11201,31,78
14037,Upper Copmanhurst,NSW,10401,46,99
14038,Upper Corindi,NSW,10402,81,159
14039,Upper Crystal Creek,NSW,11203,78,210
14040,Upper Dartbrook,NSW,10604,77,155
14041,Upper Duck Creek,NSW,11202,5,0
14042,Upper Duroby,NSW,11203,48,118
14043,Upper Eden Creek,NSW,11202,30,45
14044,Upper Fine Flower,NSW,10401,23,46
14045,Upper Growee,NSW,10303,6,8
14046,Upper Horseshoe Creek,NSW,11202,55,118
14047,Upper Horton,NSW,11002,62,144
14048,Upper Kangaroo River,NSW,11401,118,152
14049,Upper Kangaroo Valley,NSW,11401,0,3
14050,Upper Karuah River,NSW,10801,0,3
14051,Upper Lansdowne,NSW,10805,238,536
14052,Upper Macdonald,NSW,11503,33,42
14053,Upper Main Arm,NSW,11201,148,286
14054,Upper Mangrove,NSW,10201,0,0
14055,Upper Manilla,NSW,11004,52,102
14056,Upper Mongogarie,NSW,11202,15,24
14057,Upper Myall,NSW,10801,17,38
14058,Upper Nile,NSW,10303,11,12
14059,Upper Orara,NSW,10402,323,858
14060,Upper Pappinbarra,NSW,10804,24,48
14061,Upper Rollands Plains,NSW,10804,56,152
14062,Upper Rouchel,NSW,10604,45,69
14063,Upper Taylors Arm,NSW,10802,58,126
14064,Upper Tooloom,NSW,11002,33,56
14065,Upper Turon,NSW,10301,5,6
14065,Upper Turon,NSW,10303,4,3
14066,Upper Wilsons Creek,NSW,11201,38,79
14067,Upsalls Creek,NSW,10804,55,116
14068,Uralba,NSW,11201,103,265
14069,Uralla (NSW),NSW,11001,1308,2722
14070,Urana,NSW,10903,153,330
14070,Urana,NSW,11303,0,0
14071,Urangeline,NSW,11303,13,31
14072,Urangeline East,NSW,11303,11,37
14073,Uranquinty,NSW,11303,358,909
14074,Urawilkie,NSW,10501,0,5
14075,Urbenville,NSW,11002,175,288
14075,Urbenville,NSW,11202,16,37
14076,Uriarra,NSW,10106,11,28
14077,Urila,NSW,10102,57,117
14078,Urliup,NSW,11203,76,191
14079,Urunga,NSW,10402,1677,3207
14080,Utungun,NSW,10802,76,195
14081,Vacy,NSW,10601,288,712
14082,Vale Of Clwydd,NSW,10303,266,468
14083,Valentine,NSW,11101,2210,5761
14084,Valery,NSW,10402,26,50
14085,Valla,NSW,10402,13,32
14085,Valla,NSW,10802,393,1030
14086,Valla Beach,NSW,10802,756,1461
14087,Valley Heights,NSW,12401,461,1172
14088,Varroville,NSW,12302,32,138
14089,Vaucluse,NSW,11801,3808,9464
14090,Verges Creek,NSW,10802,113,298
14091,Verona,NSW,10104,131,289
14092,Villawood,NSW,11901,1399,3666
14092,Villawood,NSW,12503,982,3413
14093,Vincentia,NSW,11401,2666,3855
14094,Vineyard,NSW,11504,485,1035
14094,Vineyard,NSW,11602,54,121
14095,Violet Hill,NSW,10801,0,0
14096,Vittoria (NSW),NSW,10301,28,31
14096,Vittoria (NSW),NSW,10304,14,33
14097,Voyager Point,NSW,12703,518,1683
14098,Wadalba,NSW,10202,1467,4194
14099,Wadbilliga,NSW,10104,0,0
14100,Wadeville,NSW,11202,89,178
14101,Wagga Wagga,NSW,11303,3961,7182
14102,Wagstaffe,NSW,10201,180,240
14103,Wahroonga,NSW,12102,1750,4912
14103,Wahroonga,NSW,12103,4579,12912
14104,Waitara,NSW,12102,3445,7813
14105,Waitui,NSW,10805,36,93
14106,Wakefield,NSW,11102,47,140
14107,Wakeley,NSW,12702,1537,4896
14108,Wakool,NSW,10903,158,258
14109,Walang,NSW,10301,41,108
14110,Walbundrie,NSW,10901,67,163
14111,Walcha,NSW,11001,1312,2489
14112,Walcha Road,NSW,11001,35,72
14113,Waldegrave,NSW,10304,10,33
14114,Walgett,NSW,10501,792,1834
14115,Walla Walla,NSW,10901,394,803
14116,Wallabadah,NSW,11004,232,385
14117,Wallabi Point,NSW,10805,386,934
14118,Wallacetown,NSW,11303,4,5
14119,Wallacia,NSW,12403,599,1712
14120,Wallaga Lake,NSW,10104,390,588
14121,Wallagoot,NSW,10104,261,595
14122,Wallalong,NSW,10603,339,1036
14123,Wallamore,NSW,11004,33,84
14124,Wallanbah,NSW,10805,32,70
14125,Wallangra,NSW,11002,38,93
14126,Wallanthery,NSW,11301,23,50
14127,Wallarah,NSW,10202,107,341
14128,Wallaringa,NSW,10601,10,14
14129,Wallarobba,NSW,10601,74,172
14130,Wallaroo (NSW),NSW,10106,203,568
14131,Wallendbeen,NSW,11303,155,298
14132,Wallerawang,NSW,10303,873,2014
14133,Walleroobie,NSW,11303,24,53
14134,Wallingat,NSW,10801,0,4
14135,Wallis Lake,NSW,10801,9,6
14136,Wallsend,NSW,11103,5767,13234
14137,Walmer (NSW),NSW,10503,17,52
14138,Wamban,NSW,10104,53,118
14139,Wambangalang,NSW,10503,34,70
14140,Wamberal,NSW,10201,2674,6983
14141,Wamboin,NSW,10102,623,1806
14142,Wambool,NSW,10301,19,39
14143,Wambrook,NSW,10103,23,48
14144,Wanaaring,NSW,10501,30,61
14144,Wanaaring,NSW,10502,13,15
14145,Wandandian,NSW,11401,138,358
14146,Wandella (NSW),NSW,10104,72,143
14147,Wandera,NSW,11002,13,15
14148,Wandook,NSW,10903,25,36
14149,Wandsworth,NSW,11002,49,110
14150,Wang Wauk,NSW,10805,49,101
14151,Wanganella,NSW,10903,39,65
14152,Wanganui,NSW,11201,24,51
14153,Wangi Wangi,NSW,11102,1412,2913
14154,Wantabadgery,NSW,11303,88,188
14155,Wantagong,NSW,10901,33,76
14156,Wantiool,NSW,11303,17,49
14157,Wapengo,NSW,10104,63,98
14158,Warabrook,NSW,11103,783,1981
14159,Waratah (NSW),NSW,11103,2148,4920
14160,Waratah West,NSW,11103,1329,3143
14161,Warburn,NSW,11301,20,62
14162,Wardell,NSW,11201,373,825
14163,Wardrop Valley,NSW,11203,36,80
14164,Wards Mistake,NSW,11001,17,27
14165,Wards River,NSW,10801,95,184
14166,Wareemba,NSW,12001,624,1515
14167,Warialda,NSW,11002,693,1481
14168,Warialda Rail,NSW,11002,89,177
14169,Warilla,NSW,10703,2838,6200
14170,Warkworth,NSW,10601,19,42
14171,Warners Bay,NSW,11101,3705,8260
14172,Warnervale,NSW,10202,237,707
14173,Warrabah,NSW,11004,0,3
14174,Warraderry,NSW,10302,39,86
14175,Warragai Creek,NSW,10401,22,84
14176,Warragamba,NSW,12403,511,1198
14177,Warragoon,NSW,10903,37,98
14178,Warrah,NSW,11004,17,46
14179,Warrah Creek,NSW,11004,31,78
14180,Warrah Ridge,NSW,11004,42,80
14181,Warral,NSW,11004,167,452
14182,Warranulla,NSW,10801,25,46
14183,Warrawee,NSW,12103,1147,3176
14184,Warrawidgee,NSW,11301,31,107
14185,Warrawong,NSW,10701,2141,4652
14186,Warrazambil Creek,NSW,11202,9,19
14187,Warregah Island,NSW,10401,17,30
14188,Warrell Creek,NSW,10802,113,268
14189,Warren,NSW,10501,707,1273
14190,Warri,NSW,10102,58,144
14191,Warriewood,NSW,12202,2933,8359
14192,Warrimoo,NSW,12401,900,2462
14193,Warroo (NSW),NSW,10302,53,125
14194,Warrumbungle,NSW,10501,0,0
14194,Warrumbungle,NSW,10503,11,0
14195,Warwick Farm,NSW,12703,3054,6116
14196,Washpool (Clarence Valley - NSW),NSW,10401,0,0
14197,Washpool (Mid-Coast - NSW),NSW,10801,18,38
14198,Watagan,NSW,10601,32,33
14199,Watanobbi,NSW,10202,1541,3972
14200,Waterfall,NSW,12802,175,538
14201,Waterloo (NSW),NSW,11703,10095,16356
14202,Watersleigh,NSW,11401,12,40
14203,Waterview,NSW,10401,61,97
14204,Waterview Heights,NSW,10401,518,1362
14205,Watsons Bay,NSW,11801,345,887
14206,Watsons Creek (NSW),NSW,11004,62,94
14207,Wattamolla,NSW,11401,46,71
14208,Wattamondara,NSW,10302,100,207
14209,Wattle Flat (NSW),NSW,10301,176,280
14210,Wattle Grove (NSW),NSW,12703,2958,8887
14211,Wattle Ponds,NSW,10601,381,1205
14212,Wattle Ridge (NSW),NSW,11402,0,0
14213,Watton,NSW,10301,27,63
14214,Wauchope,NSW,10804,2859,6611
14215,Waugorah,NSW,10902,0,9
14216,Waukivory,NSW,10805,68,108
14217,Waverley (NSW),NSW,11801,1827,4220
14218,Waverly,NSW,10604,41,71
14219,Waverton,NSW,12104,1563,2972
14220,Way Way,NSW,10802,129,264
14221,Wayo,NSW,10105,67,125
14222,Weabonga,NSW,11004,31,43
14223,Wean,NSW,11004,18,38
14224,Webbers Creek,NSW,10601,14,28
14225,Webbs Creek,NSW,11503,32,55
14226,Wedderburn (NSW),NSW,12302,203,675
14227,Wee Jasper,NSW,10106,57,131
14228,Wee Waa,NSW,11003,934,2033
14229,Weedallion,NSW,10106,12,29
14230,Weemelah,NSW,11003,47,88
14231,Weetaliba,NSW,10503,45,67
14232,Weethalle,NSW,10302,136,267
14233,Weilmoringle,NSW,10501,41,73
14234,Weismantels,NSW,10801,17,26
14235,Welaregang,NSW,11302,14,31
14236,Welby,NSW,11402,302,748
14237,Wellingrove,NSW,11002,54,98
14238,Wellington (NSW),NSW,10503,1998,4136
14239,Wellington Vale,NSW,11002,18,27
14240,Wells Crossing,NSW,10401,88,214
14241,Wendoree Park,NSW,10201,66,130
14242,Wentworth (NSW),NSW,10902,852,1583
14243,Wentworth Falls,NSW,12401,3112,6430
14244,Wentworth Point,NSW,12501,7014,12707
14245,Wentworthville,NSW,12504,5713,15096
14246,Werai,NSW,11402,62,100
14247,Wereboldera,NSW,11302,6,9
14248,Wermatong,NSW,11302,24,51
14249,Werombi,NSW,12303,288,942
14250,Werri Beach,NSW,10703,308,506
14251,Werrikimbe,NSW,10804,0,0
14252,Werrington,NSW,12403,2167,5323
14253,Werrington County,NSW,12403,1335,3711
14254,Werrington Downs,NSW,12403,1152,3224
14255,Werris Creek,NSW,11004,741,1472
14256,West Albury,NSW,10901,1804,3865
14257,West Ballina,NSW,11201,1549,3227
14258,West Bathurst,NSW,10301,1712,3629
14259,West Bungawalbin,NSW,11202,18,54
14260,West Coraki,NSW,11202,33,97
14261,West Gosford,NSW,10201,909,1582
14262,West Haven,NSW,10804,569,1145
14263,West Hoxton,NSW,12701,2748,10162
14264,West Kempsey,NSW,10802,2170,5075
14265,West Nowra,NSW,11401,633,1514
14266,West Pennant Hills,NSW,11501,4122,12682
14266,West Pennant Hills,NSW,12601,1389,3956
14267,West Pymble,NSW,12103,1765,5450
14268,West Ryde,NSW,12602,5544,13170
14269,West Tamworth,NSW,11004,2637,5456
14270,West Wallsend,NSW,11102,1197,2965
14271,West Wiangaree,NSW,11202,56,129
14272,West Wollongong,NSW,10704,2166,5210
14273,West Wyalong,NSW,10302,1630,3043
14274,Westbrook (NSW),NSW,10601,58,154
14275,Westdale (Snowy Valleys - NSW),NSW,11302,0,0
14276,Westdale (Tamworth Regional - NSW),NSW,11004,1058,2968
14277,Westleigh,NSW,12102,1535,4504
14278,Westmead,NSW,12504,7206,16535
14279,Weston (NSW),NSW,10601,1609,4121
14280,Westwood (NSW),NSW,11302,0,7
14281,Wetherill Park,NSW,12702,2112,6384
14282,Wetuppa,NSW,10903,4,6
14283,Whalan,NSW,11603,2216,5921
14284,Whale Beach,NSW,12202,238,323
14285,Wheeler Heights,NSW,12203,1059,3231
14286,Wheeny Creek,NSW,11503,37,75
14287,Wheeo,NSW,10105,29,73
14288,Wherrol Flat,NSW,10805,147,337
14289,Whian Whian,NSW,11201,0,0
14289,Whian Whian,NSW,11202,67,183
14290,Whiporie,NSW,10401,0,0
14290,Whiporie,NSW,11202,46,114
14291,White Cliffs,NSW,10502,98,161
14292,White Rock (NSW),NSW,10301,232,807
14293,Whitebridge,NSW,11101,1142,2890
14294,Whiteman Creek,NSW,10401,63,158
14295,Whitlow,NSW,11002,25,48
14296,Whittingham,NSW,10601,171,425
14297,Whitton,NSW,11301,218,521
14298,Whoota,NSW,10801,48,73
14299,Wiagdon,NSW,10301,7,35
14300,Wiangaree,NSW,11202,70,165
14301,Wiarborough,NSW,10105,42,14
14301,Wiarborough,NSW,10301,0,0
14302,Wickham (NSW),NSW,11103,1001,1631
14303,Widden,NSW,10604,43,87
14304,Widgelli,NSW,11301,41,90
14305,Wilberforce (NSW),NSW,11503,1049,2956
14306,Wilbetree,NSW,10303,23,35
14307,Wilcannia,NSW,10502,372,739
14308,Wild Cattle Creek,NSW,10402,0,0
14309,Wildes Meadow,NSW,11402,159,248
14310,Wiley Park,NSW,11902,3661,10007
14311,Willala,NSW,11004,41,55
14312,Willawarrin,NSW,10802,82,184
14313,Willbriggie,NSW,11301,42,117
14314,Willi Willi,NSW,10802,17,28
14315,Williamsdale,NSW,10102,28,61
14316,Williamtown,NSW,10603,348,769
14317,Willigobung,NSW,11302,30,58
14318,Willina,NSW,10801,28,73
14319,Willmot,NSW,11603,912,2388
14320,Willoughby (NSW),NSW,12101,2764,7118
14321,Willoughby East,NSW,12101,611,1864
14322,Willow Tree,NSW,11004,184,319
14323,Willow Vale (Kiama - NSW),NSW,10703,34,73
14324,Willow Vale (Wingecarribee - NSW),NSW,11402,305,819
14325,Willsons Downfall,NSW,11002,18,30
14326,Willurah,NSW,10903,0,0
14327,Wilpinjong,NSW,10303,0,0
14328,Wilsons Creek,NSW,11201,205,461
14329,Wilton (NSW),NSW,10702,0,0
14329,Wilton (NSW),NSW,12303,1199,3765
14330,Wimbledon,NSW,10301,33,88
14331,Wimborne,NSW,11004,10,11
14332,Winburndale,NSW,10301,0,0
14333,Windale,NSW,11101,1576,3425
14334,Windang,NSW,10701,1459,2630
14335,Windella,NSW,10602,265,838
14336,Windellama,NSW,10105,311,412
14337,Windera (NSW),NSW,10304,88,289
14338,Windermere (NSW),NSW,10602,14,64
14339,Windermere Park,NSW,11102,307,718
14340,Windeyer (NSW),NSW,10303,129,180
14341,Windowie,NSW,11302,13,28
14342,Windradyne,NSW,10301,1392,3301
14343,Windsor (NSW),NSW,12404,845,1902
14344,Windsor Downs,NSW,12404,372,1174
14345,Windy,NSW,11004,0,0
14346,Winegrove,NSW,10401,11,28
14347,Wingadee,NSW,10501,9,28
14348,Wingello,NSW,11402,296,649
14349,Wingen,NSW,10604,125,279
14350,Wingham,NSW,10805,2368,5421
14351,Winifred,NSW,10103,18,44
14352,Winmalee,NSW,12401,2383,6374
14353,Winston Hills,NSW,12504,4357,12109
14354,Winton (NSW),NSW,11004,99,213
14355,Wirlinga,NSW,10901,149,402
14356,Wirraba,NSW,10303,0,0
14357,Wirragulla,NSW,10601,12,25
14358,Wirrimah,NSW,10106,43,62
14359,Wirrimbi,NSW,10802,50,160
14360,Wirrinya,NSW,10302,44,97
14361,Wisemans Creek,NSW,10301,55,110
14362,Wisemans Ferry,NSW,10201,0,0
14362,Wisemans Ferry,NSW,11502,146,232
14363,Wittitrin,NSW,10802,22,56
14364,Wog Wog (Bega Valley - NSW),NSW,10104,0,0
14365,Wog Wog (Queanbeyan-Palerang Regional - NSW),NSW,10102,18,15
14366,Woko,NSW,10805,5,9
14367,Wolgan Valley,NSW,10303,13,71
14368,Wollangambe,NSW,10303,0,0
14369,Wollar,NSW,10303,26,46
14370,Wollemi,NSW,10303,0,0
14371,Wolli Creek,NSW,11904,5415,10679
14372,Wollogorang,NSW,10105,14,44
14373,Wollombi,NSW,10601,186,301
14374,Wollomombi,NSW,11001,72,120
14375,Wollongbar,NSW,11201,1309,3264
14376,Wollongong,NSW,10704,11314,20406
14377,Wollstonecraft,NSW,12104,4364,8130
14378,Wollumboola,NSW,11401,15,28
14379,Wollun,NSW,11001,22,44
14380,Wolumla,NSW,10104,326,772
14381,Wombarra,NSW,10704,411,936
14382,Wombat,NSW,10106,133,288
14383,Wombat Creek (NSW),NSW,10401,0,0
14384,Wombeyan Caves,NSW,10105,72,57
14385,Womboota,NSW,10903,40,86
14386,Womerah,NSW,11503,0,0
14387,Wonboyn,NSW,10104,124,130
14388,Wonboyn North,NSW,10104,0,0
14389,Wondabyne,NSW,10201,0,3
14390,Wondalga,NSW,11302,32,91
14391,Wongarbon,NSW,10503,294,806
14392,Wongawilli,NSW,10701,368,1217
14393,Wongo Creek,NSW,11004,27,46
14394,Wongwibinda,NSW,11001,36,59
14395,Woodberry,NSW,11103,1194,3040
14396,Woodbine (NSW),NSW,12302,930,2779
14397,Woodburn (Richmond Valley - NSW),NSW,11201,305,739
14398,Woodburn (Shoalhaven - NSW),NSW,11401,30,74
14399,Woodcroft (NSW),NSW,11601,2054,6606
14400,Woodenbong,NSW,11002,21,48
14400,Woodenbong,NSW,11202,188,344
14401,Woodford (NSW),NSW,12401,829,1930
14402,Woodford Island,NSW,10401,132,307
14403,Woodhill (NSW),NSW,11401,62,94
14404,Woodhouselee,NSW,10105,15,21
14405,Woodlands (Eurobodalla - NSW),NSW,10104,32,59
14406,Woodlands (Wingecarribee - NSW),NSW,11402,116,284
14407,Woodlawn,NSW,11202,19,45
14408,Woodpark,NSW,12503,520,1709
14409,Woodrising,NSW,11102,413,1178
14410,Woodside (NSW),NSW,11002,39,59
14411,Woodsreef,NSW,11004,33,54
14412,Woodstock (Cowra - NSW),NSW,10302,443,790
14413,Woodstock (Inverell - NSW),NSW,11002,16,16
14414,Woodstock (Shoalhaven - NSW),NSW,11401,98,250
14415,Woodview,NSW,11202,57,149
14416,Woodville (NSW),NSW,10602,8,16
14416,Woodville (NSW),NSW,10603,151,418
14417,Woody Head,NSW,10401,8,7
14418,Woolbrook,NSW,11001,79,189
14419,Woolgarlo,NSW,10106,20,42
14420,Woolgoolga,NSW,10402,2793,6151
14421,Wooli,NSW,10401,469,510
14422,Woollahra,NSW,11801,3640,7164
14423,Woollamia,NSW,11401,321,652
14424,Woolloomooloo,NSW,11703,2647,3801
14425,Woolners Arm,NSW,11202,12,23
14426,Woolomin,NSW,11004,122,263
14427,Woolooma,NSW,10604,17,35
14428,Woolooware,NSW,12801,2268,5069
14429,Wooloweyah,NSW,10401,194,416
14430,Woolwich,NSW,12002,3,7
14430,Woolwich,NSW,12602,345,826
14431,Woomargama,NSW,10901,86,173
14432,Woombah,NSW,10401,452,961
14433,Woongarrah,NSW,10202,1900,5971
14434,Woonona,NSW,10704,5055,12338
14435,Wootton,NSW,10801,155,226
14436,Wooyung,NSW,11201,14,33
14436,Wooyung,NSW,11203,48,104
14437,Worlds End (NSW),NSW,10303,0,0
14438,Woronora,NSW,12802,741,2030
14439,Woronora Dam,NSW,10704,0,0
14440,Woronora Heights,NSW,12802,882,2775
14441,Worrigee,NSW,11401,1973,5402
14442,Worrowing Heights,NSW,11401,392,714
14443,Woy Woy,NSW,10201,5350,11066
14444,Woy Woy Bay,NSW,10201,196,418
14445,Wrathall,NSW,11303,15,17
14446,Wrights Beach,NSW,11401,76,136
14447,Wrights Creek (NSW),NSW,11503,10,15
14448,Wuuluman,NSW,10503,48,858
14449,Wyalong,NSW,10302,304,626
14450,Wyan,NSW,11202,16,38
14451,Wyanbene,NSW,10102,37,41
14452,Wyangala,NSW,10106,28,45
14452,Wyangala,NSW,10302,138,171
14453,Wyangle,NSW,11302,17,55
14454,Wybong,NSW,10604,45,102
14455,Wybung,NSW,10202,0,0
14456,Wyee,NSW,11102,1144,2919
14457,Wyee Point,NSW,11102,431,1166
14458,Wylie Creek,NSW,11002,11,13
14459,Wylies Flat,NSW,10601,24,50
14460,Wymah,NSW,10901,23,36
14461,Wyndham (NSW),NSW,10104,200,416
14462,Wyneden,NSW,11202,33,42
14463,Wyoming,NSW,10201,4235,10123
14464,Wyong,NSW,10202,2162,4538
14465,Wyong Creek,NSW,10202,191,477
14466,Wyongah,NSW,10202,781,2027
14467,Wyrallah,NSW,11202,193,496
14468,Yabbra,NSW,11202,7,8
14469,Yadboro,NSW,11401,5,10
14470,Yagon,NSW,10801,0,0
14471,Yagoona,NSW,11901,6453,19664
14472,Yalbraith,NSW,10105,8,16
14473,Yallah,NSW,10701,45,126
14474,Yallaroi,NSW,11002,22,66
14475,Yalwal,NSW,11401,0,0
14476,Yamba (NSW),NSW,10401,4039,6417
14477,Yambulla,NSW,10104,0,0
14478,Yanco,NSW,11301,209,743
14479,Yanderra,NSW,12303,248,702
14480,Yanga,NSW,10902,4,5
14481,Yankees Creek,NSW,10104,0,0
14482,Yannergee,NSW,11004,14,29
14483,Yantabulla,NSW,10501,18,22
14484,Yaouk,NSW,10103,23,19
14485,Yarara,NSW,10901,13,27
14486,Yarra,NSW,10105,49,140
14487,Yarrabandai,NSW,10302,15,29
14488,Yarrabin,NSW,10303,61,96
14488,Yarrabin,NSW,10503,0,0
14489,Yarragal,NSW,10503,12,14
14490,Yarragrin,NSW,10503,31,47
14491,Yarragundry,NSW,11303,35,73
14492,Yarrahapinni,NSW,10802,101,197
14493,Yarramalong,NSW,10202,143,329
14494,Yarraman (NSW),NSW,11004,0,10
14495,Yarramundi,NSW,12401,0,0
14495,Yarramundi,NSW,12404,255,828
14496,Yarranbella,NSW,10802,85,207
14497,Yarrangobilly,NSW,11302,0,0
14498,Yarras (Bathurst Regional - NSW),NSW,10301,3,9
14499,Yarras (Port Macquarie-Hastings - NSW),NSW,10804,22,48
14500,Yarratt Forest,NSW,10805,0,0
14501,Yarravel,NSW,10802,455,1176
14502,Yarrawa,NSW,10604,40,101
14503,Yarrawarrah,NSW,12802,949,2771
14504,Yarrawonga (NSW),NSW,10303,190,447
14505,Yarrawonga Park,NSW,11102,193,387
14506,Yarrie Lake,NSW,11003,40,73
14507,Yarrow,NSW,10102,3,3
14508,Yarrowford,NSW,11002,42,109
14509,Yarrowitch,NSW,11001,112,161
14510,Yarrowyck,NSW,11001,68,175
14511,Yass,NSW,10106,2884,6773
14512,Yass River,NSW,10106,177,462
14513,Yathella,NSW,11303,60,188
14514,Yattalunga (NSW),NSW,10201,229,586
14515,Yatte Yattah,NSW,11401,87,187
14516,Yaven Creek,NSW,11302,25,67
14517,Yelgun,NSW,11201,42,88
14518,Yellow Dam,NSW,11002,3,4
14519,Yellow Pinch,NSW,10104,21,64
14520,Yellow Rock (Blue Mountains - NSW),NSW,12401,384,1115
14521,Yellow Rock (Shellharbour - NSW),NSW,10703,68,207
14521,Yellow Rock (Shellharbour - NSW),NSW,11402,14,22
14522,Yenda (NSW),NSW,11301,649,1557
14523,Yengo National Park,NSW,10601,0,5
14524,Yennora,NSW,12503,602,1667
14525,Yeoval,NSW,10304,3,14
14525,Yeoval,NSW,10503,137,320
14526,Yerong Creek,NSW,11303,142,346
14527,Yerranderie,NSW,12402,4,3
14528,Yerrinbool,NSW,10702,0,0
14528,Yerrinbool,NSW,11402,424,1193
14529,Yerriyong,NSW,11401,8,46
14530,Yessabah,NSW,10802,47,111
14531,Yetholme,NSW,10301,102,242
14532,Yetman,NSW,11002,101,185
14533,Yippin Creek,NSW,10804,288,768
14534,Yoogali,NSW,11301,509,1346
14535,Yorklea,NSW,11202,134,354
14536,Young,NSW,10106,4758,10563
14537,Yowie Bay,NSW,12801,1078,3056
14538,Yowrie,NSW,10104,72,120
14539,Yullundry,NSW,10304,8,35
14540,Yuraygir,NSW,10401,6,0
14541,Zara,NSW,11203,35,87
14542,Zetland,NSW,11703,7473,12635
19494,No usual address (NSW),NSW,19999,0,11371
19797,Migratory - Offshore - Shipping (NSW),NSW,19797,31,0
20001,Abbeyard,VIC,20403,0,4
20002,Abbotsford (Vic.),VIC,20607,5682,9122
20003,Aberfeldie,VIC,20603,1529,3920
20004,Aberfeldy,VIC,20501,9,7
20005,Acheron,VIC,20401,99,143
20006,Ada,VIC,20501,0,0
20007,Adams Estate,VIC,20503,35,83
20008,Addington,VIC,20102,37,65
20009,Adelaide Lead,VIC,20103,35,85
20010,Agnes,VIC,20503,39,55
20011,Aintree,VIC,21304,2315,7986
20012,Aire Valley,VIC,21703,0,0
20013,Aireys Inlet,VIC,20303,1078,955
20014,Airly,VIC,20505,57,160
20015,Airport West,VIC,21001,3879,8149
20016,Albacutya,VIC,21501,0,0
20017,Albanvale,VIC,21301,1980,5654
20018,Albert Park (Vic.),VIC,20605,3077,6047
20019,Alberton (Vic.),VIC,20505,153,296
20020,Alberton West,VIC,20505,35,76
20021,Albion (Vic.),VIC,21301,2189,4337
20022,Alexandra (Vic.),VIC,20401,1437,2801
20023,Alfredton,VIC,20101,4487,11833
20024,Allambee,VIC,20501,14,20
20025,Allambee Reserve,VIC,20501,38,91
20026,Allambee South,VIC,20503,33,61
20027,Allans Flat,VIC,20403,121,299
20028,Allansford,VIC,21704,603,1423
20029,Allendale,VIC,20102,76,184
20030,Allestree,VIC,21701,94,174
20031,Alma (Vic.),VIC,20103,86,191
20032,Almonds,VIC,21602,12,31
20033,Almurta,VIC,20503,31,66
20034,Alphington,VIC,20602,1293,3148
20034,Alphington,VIC,20607,1171,2562
20035,Altona (Vic.),VIC,21302,5489,11509
20036,Altona Meadows,VIC,21302,7726,18481
20037,Altona North,VIC,21302,5322,12950
20038,Alvie,VIC,21703,68,141
20039,Amherst,VIC,20103,48,58
20040,Amor,VIC,20501,6,4
20041,Amphitheatre,VIC,20103,143,232
20042,Anakie,VIC,20301,31,68
20042,Anakie,VIC,20302,265,669
20043,Ancona,VIC,20401,66,94
20044,Anderson,VIC,20503,14,26
20045,Anglers Rest,VIC,20502,13,28
20046,Anglesea,VIC,20303,2975,3221
20047,Annuello,VIC,21503,17,40
20048,Antwerp,VIC,21501,30,53
20049,Apollo Bay (Vic.),VIC,21703,1835,1778
20050,Appin (Vic.),VIC,21503,7,12
20051,Appin South,VIC,20203,11,25
20051,Appin South,VIC,21503,6,12
20052,Apsley (Vic.),VIC,21501,193,328
20053,Ararat,VIC,21501,3818,8462
20054,Arawata,VIC,20503,54,92
20055,Arbuckle,VIC,20505,0,0
20056,Arcadia (Vic.),VIC,21603,92,214
20057,Arcadia South,VIC,20401,40,95
20058,Archdale,VIC,20103,17,20
20058,Archdale,VIC,21501,4,8
20059,Archdale Junction,VIC,20103,6,12
20059,Archdale Junction,VIC,21501,0,0
20060,Archerton,VIC,20402,15,24
20061,Archies Creek,VIC,20503,18,32
20062,Ardeer,VIC,21301,1346,3177
20063,Ardmona,VIC,21603,216,492
20064,Areegra,VIC,21501,18,18
20065,Argyle (Vic.),VIC,20202,163,276
20066,Armadale (Vic.),VIC,20606,5385,9336
20067,Armstrong,VIC,21501,42,90
20068,Armstrong Creek (Vic.),VIC,20302,1879,5386
20068,Armstrong Creek (Vic.),VIC,20303,2083,5876
20069,Arnold (Vic.),VIC,20203,25,55
20070,Arnold West,VIC,20203,12,19
20071,Arthurs Creek,VIC,20903,196,481
20072,Arthurs Seat,VIC,21402,246,416
20073,Ascot (Ballarat - Vic.),VIC,20102,34,93
20074,Ascot (Greater Bendigo - Vic.),VIC,20201,930,2574
20075,Ascot Vale,VIC,20603,7091,15181
20076,Ashbourne (Vic.),VIC,20202,109,242
20077,Ashburton,VIC,20701,3025,7957
20078,Ashwood,VIC,21205,3033,7163
20079,Aspendale,VIC,20803,2814,7260
20080,Aspendale Gardens,VIC,20803,2264,6437
20081,Athlone,VIC,20501,57,147
20082,Attwood,VIC,21005,1174,3310
20083,Aubrey,VIC,21501,11,3
20084,Auchmore,VIC,20203,3,4
20085,Avalon,VIC,20302,101,254
20086,Avenel,VIC,20401,528,1114
20087,Avoca (Vic.),VIC,20103,660,1370
20088,Avon Plains,VIC,21501,3,8
20089,Avondale Heights,VIC,21001,4902,12401
20090,Avonmore,VIC,20203,17,42
20091,Avonsleigh,VIC,21201,327,846
20092,Axe Creek,VIC,20202,152,462
20093,Axedale,VIC,20202,384,982
20094,Ayrford,VIC,21703,19,40
20095,Bacchus Marsh,VIC,21304,3591,7820
20096,Baddaginnie,VIC,20402,164,353
20097,Badger Creek,VIC,21105,673,1600
20098,Bael Bael,VIC,21503,5,10
20099,Bagshot,VIC,20203,129,357
20100,Bagshot North,VIC,20203,25,39
20101,Bahgallah,VIC,21701,22,55
20102,Bailieston,VIC,20401,92,119
20103,Bairnsdale,VIC,20502,3912,7864
20104,Bakery Hill,VIC,20101,93,171
20105,Balaclava (Vic.),VIC,20605,3052,5416
20106,Bald Hills (Vic.),VIC,20102,44,117
20107,Balintore,VIC,21703,26,59
20108,Ballan,VIC,20102,1486,3388
20109,Ballangeich,VIC,21704,31,71
20110,Ballapur,VIC,21503,4,19
20111,Ballarat Central,VIC,20101,2803,5404
20112,Ballarat East,VIC,20101,2919,5933
20113,Ballarat North,VIC,20101,1948,4055
20114,Ballendella,VIC,21601,58,120
20115,Balliang,VIC,20102,43,107
20115,Balliang,VIC,20302,63,147
20116,Balliang East,VIC,20102,71,199
20117,Ballyrogan,VIC,21501,27,77
20118,Balmattum,VIC,20401,70,135
20119,Balmoral (Vic.),VIC,21701,186,280
20120,Balnarring,VIC,21402,1021,2373
20121,Balnarring Beach,VIC,21402,417,470
20122,Balook,VIC,20504,0,0
20122,Balook,VIC,20505,11,13
20123,Balwyn,VIC,20701,5922,13513
20124,Balwyn North,VIC,20701,7821,21151
20124,Balwyn North,VIC,20702,0,0
20124,Balwyn North,VIC,20703,87,178
20125,Bamawm,VIC,21601,237,503
20126,Bamawm Extension,VIC,21601,104,280
20127,Bambra,VIC,20301,58,114
20128,Bamganie,VIC,20301,15,44
20129,Bandiana,VIC,20403,201,853
20130,Bangerang,VIC,21501,30,62
20131,Bangholme,VIC,21204,475,748
20132,Bannerton,VIC,21503,31,78
20133,Bannockburn (Vic.),VIC,20301,2205,6481
20134,Banyan,VIC,21503,20,22
20135,Banyena,VIC,21501,3,22
20136,Baranduda,VIC,20403,1050,3022
20137,Barfold,VIC,20202,49,82
20138,Baringhup,VIC,20202,85,179
20139,Baringhup West,VIC,20202,8,11
20140,Barjarg,VIC,20401,73,141
20140,Barjarg,VIC,20402,0,0
20141,Barkers Creek,VIC,20202,214,487
20142,Barkly (Vic.),VIC,20103,32,49
20143,Barkstead,VIC,20102,21,41
20144,Barmah,VIC,21602,198,229
20145,Barnadown,VIC,20203,7,12
20146,Barnawartha,VIC,20403,401,985
20147,Barnawartha North,VIC,20403,72,191
20148,Baromi,VIC,20503,66,153
20149,Barongarook,VIC,21703,191,459
20150,Barongarook West,VIC,21703,117,291
20151,Barrabool,VIC,20301,87,245
20152,Barrakee,VIC,21503,7,22
20153,Barramunga,VIC,21703,7,11
20154,Barraport,VIC,20203,14,45
20155,Barraport West,VIC,20203,5,5
20156,Barrys Reef,VIC,20102,32,39
20157,Barunah Park,VIC,20301,16,33
20158,Barunah Plains,VIC,21703,3,10
20159,Barwidgee,VIC,20403,46,96
20160,Barwite,VIC,20401,148,272
20161,Barwon Downs,VIC,21703,95,132
20162,Barwon Heads,VIC,20303,2303,4359
20163,Basalt (Vic.),VIC,20102,26,28
20164,Bass,VIC,20503,212,407
20165,Batesford,VIC,20301,265,868
20165,Batesford,VIC,20302,100,266
20166,Bathumi,VIC,21602,37,76
20167,Baw Baw (Vic.),VIC,20501,0,0
20168,Baw Baw Village,VIC,20501,26,30
20169,Baxter,VIC,21402,970,2149
20170,Bayindeen,VIC,21501,5,22
20171,Bayles,VIC,21201,169,445
20172,Baynton (Vic.),VIC,20202,54,95
20173,Bayswater (Vic.),VIC,21101,5368,12265
20174,Bayswater North,VIC,21103,3658,9010
20175,Beaconsfield (Vic.),VIC,21201,2389,6776
20175,Beaconsfield (Vic.),VIC,21202,184,519
20176,Beaconsfield Upper,VIC,21201,984,2992
20177,Bealiba,VIC,20103,157,210
20178,Bearii,VIC,21602,143,157
20179,Bears Lagoon,VIC,20203,32,53
20180,Beauchamp,VIC,21503,19,45
20181,Beaufort (Vic.),VIC,20103,876,1735
20182,Beaumaris (Vic.),VIC,20801,5442,13952
20183,Beazleys Bridge,VIC,21501,8,24
20184,Beeac,VIC,21703,208,399
20185,Beech Forest,VIC,21703,98,121
20186,Beechworth,VIC,20403,1958,4270
20187,Beenak,VIC,21105,12,17
20188,Belgrave,VIC,21105,1529,3904
20189,Belgrave Heights,VIC,21105,511,1399
20190,Belgrave South,VIC,21105,569,1662
20191,Bell Park,VIC,20302,2642,5582
20192,Bell Post Hill,VIC,20302,2262,5120
20193,Bellarine,VIC,20303,91,164
20194,Bellbird Creek,VIC,20502,4,5
20195,Bellbrae,VIC,20303,582,1347
20196,Bellbridge,VIC,20403,180,399
20197,Bellellen,VIC,21501,24,59
20198,Bellfield (Banyule - Vic.),VIC,20901,835,2001
20199,Bellfield (Northern Grampians - Vic.),VIC,21501,0,0
20200,Bells Beach,VIC,20303,74,151
20201,Belmont (Vic.),VIC,20302,6914,15029
20202,Bemm River,VIC,20502,89,81
20203,Bena,VIC,20503,151,299
20204,Benalla,VIC,20402,5412,10843
20205,Benambra,VIC,20502,108,170
20206,Benayeo,VIC,21501,34,69
20207,Bend Of Islands,VIC,20903,113,270
20208,Bendigo,VIC,20201,3063,5646
20209,Bendoc,VIC,20502,92,106
20210,Bengworden,VIC,20502,42,93
20211,Benjeroop,VIC,21503,20,56
20212,Benloch,VIC,21002,67,143
20213,Bennison,VIC,20503,20,43
20214,Bentleigh,VIC,20802,7525,17934
20215,Bentleigh East,VIC,20802,11902,30194
20216,Benwerrin,VIC,20303,8,9
20217,Beremboke,VIC,20102,76,159
20218,Berrimal,VIC,20203,20,52
20219,Berringa,VIC,20103,120,192
20220,Berringama,VIC,20403,17,35
20221,Berriwillock,VIC,21503,88,177
20222,Berrybank,VIC,20103,0,0
20222,Berrybank,VIC,21703,25,37
20223,Berrys Creek,VIC,20503,79,172
20224,Berwick,VIC,21202,17954,50301
20225,Bessiebelle,VIC,21704,67,107
20226,Bet Bet,VIC,20103,67,140
20227,Bete Bolong,VIC,20502,45,77
20228,Bete Bolong North,VIC,20502,4,13
20229,Bethanga,VIC,20403,214,494
20230,Betley,VIC,20103,39,105
20231,Beulah (Vic.),VIC,21501,164,310
20232,Beverford,VIC,21503,143,334
20233,Beveridge,VIC,20904,1525,4635
20234,Big Desert,VIC,21501,0,0
20234,Big Desert,VIC,21502,3,8
20235,Big Hill (Greater Bendigo - Vic.),VIC,20201,105,273
20236,Big Hill (Surf Coast - Vic.),VIC,20303,40,38
20237,Big Pats Creek,VIC,21105,40,66
20238,Biggara,VIC,20403,31,61
20239,Billabong,VIC,20505,0,0
20240,Bimbourie,VIC,21503,5,11
20241,Bindi,VIC,20502,31,45
20242,Binginwarri,VIC,20503,21,24
20242,Binginwarri,VIC,20505,57,111
20243,Bingo Munjie,VIC,20502,0,8
20244,Birchip,VIC,21503,382,689
20245,Birchip West,VIC,21503,4,9
20246,Birdwoodton,VIC,21502,266,747
20247,Birregurra,VIC,20301,10,29
20247,Birregurra,VIC,21703,450,916
20248,Bittern,VIC,21402,1736,4252
20249,Black Hill (Vic.),VIC,20101,982,2132
20250,Black Range (Vic.),VIC,21501,116,273
20251,Black Rock (Vic.),VIC,20801,2757,6390
20252,Blackburn,VIC,20703,6176,14410
20253,Blackburn North,VIC,20703,2940,7639
20254,Blackburn South,VIC,20703,4459,10935
20255,Blackwarry,VIC,20505,16,38
20256,Blackwood (Vic.),VIC,20102,306,390
20257,Blairgowrie,VIC,21402,3541,2770
20258,Blakeville,VIC,20102,16,41
20259,Blampied,VIC,20102,115,235
20260,Blind Bight,VIC,21203,480,1295
20261,Blowhard,VIC,20102,40,79
20262,Bo Peep,VIC,20103,8,25
20263,Bobinawarrah,VIC,20402,49,100
20264,Bochara,VIC,21701,36,84
20265,Bogong,VIC,20403,8,8
20266,Boho,VIC,20401,38,88
20267,Boho South,VIC,20401,55,95
20267,Boho South,VIC,20402,0,0
20268,Boigbeat,VIC,21503,6,19
20269,Boinka,VIC,21502,4,14
20270,Boisdale,VIC,20505,147,308
20271,Bolangum,VIC,21501,0,4
20272,Bolinda,VIC,21002,78,185
20273,Bolton,VIC,21503,4,15
20274,Bolwarra (Vic.),VIC,21701,302,643
20275,Bolwarrah,VIC,20102,23,48
20276,Bona Vista,VIC,20501,46,107
20277,Bonang,VIC,20502,38,43
20278,Bonbeach,VIC,20803,3239,6847
20279,Bonegilla,VIC,20403,132,607
20280,Boneo,VIC,21402,148,315
20281,Bonn,VIC,21601,16,48
20282,Bonnie Brook,VIC,21304,160,335
20283,Bonnie Doon (Vic.),VIC,20401,687,676
20284,Bonshaw (Vic.),VIC,20101,350,962
20285,Bookaar,VIC,21703,69,156
20286,Boola,VIC,20501,0,0
20287,Boolarong,VIC,20503,6,5
20288,Boolarra,VIC,20504,489,1022
20289,Boolarra South,VIC,20504,79,144
20290,Boole Poole,VIC,20502,0,0
20290,Boole Poole,VIC,20505,55,9
20291,Boolite,VIC,21501,16,38
20292,Boomahnoomoonah,VIC,21602,9,14
20293,Boonah (Vic.),VIC,20303,11,21
20294,Boorcan,VIC,21703,62,142
20295,Boorhaman,VIC,20402,51,135
20296,Boorhaman East,VIC,20402,6,13
20297,Boorhaman North,VIC,20402,24,53
20298,Boorolite,VIC,20401,93,168
20299,Boorool,VIC,20503,24,54
20300,Boort,VIC,20203,489,954
20301,Boosey,VIC,21602,39,108
20302,Boralma,VIC,20402,28,79
20303,Bornes Hill,VIC,21501,15,33
20304,Boronia,VIC,21101,10225,23579
20305,Borung,VIC,20203,41,59
20306,Bostocks Creek,VIC,21703,37,85
20307,Botanic Ridge,VIC,21203,2167,6790
20308,Boundary Bend,VIC,21503,78,151
20309,Bowenvale,VIC,20103,84,209
20310,Boweya,VIC,20402,21,50
20311,Boweya North,VIC,21602,22,42
20312,Bowmans Forest,VIC,20402,44,106
20313,Bowser,VIC,20402,11,44
20314,Box Hill (Vic.),VIC,20703,7767,14359
20315,Box Hill North,VIC,20702,0,0
20315,Box Hill North,VIC,20703,5085,12322
20316,Box Hill South,VIC,20703,3561,8497
20317,Boxwood,VIC,20402,6,20
20318,Bradford,VIC,20202,5,12
20319,Bradvale,VIC,21703,19,46
20320,Braeside,VIC,20803,12,24
20321,Brandy Creek (Vic.),VIC,20501,44,99
20322,Branxholme,VIC,21701,168,312
20323,Bravington,VIC,20501,7,14
20324,Braybrook,VIC,21303,3965,9685
20325,Breakaway Creek,VIC,21701,19,39
20326,Breakwater,VIC,20302,546,1045
20327,Breamlea,VIC,20303,111,149
20328,Brenanah,VIC,20203,17,29
20329,Brewster,VIC,20103,21,47
20330,Briagolong,VIC,20505,526,1142
20331,Briar Hill,VIC,20901,1396,3226
20332,Bridge Creek,VIC,20401,67,117
20333,Bridgewater (Vic.),VIC,20203,75,133
20334,Bridgewater North,VIC,20203,20,54
20335,Bridgewater On Loddon,VIC,20203,216,327
20336,Bright (Vic.),VIC,20403,1685,2629
20337,Brighton (Vic.),VIC,20801,10460,23248
20338,Brighton East,VIC,20801,6354,16308
20338,Brighton East,VIC,20802,429,473
20339,Brim,VIC,21501,83,181
20340,Brimboal,VIC,21701,3,11
20341,Brimin,VIC,20402,30,56
20342,Brimpaen,VIC,21501,36,80
20343,Bringalbert,VIC,21501,11,6
20344,Brit Brit,VIC,21701,20,42
20345,Broadford,VIC,20401,1956,4591
20346,Broadmeadows (Vic.),VIC,21005,4606,12530
20347,Broadwater (Vic.),VIC,21704,40,75
20348,Brodribb River,VIC,20502,13,29
20349,Broken Creek,VIC,20402,24,45
20350,Bromley,VIC,20103,27,46
20351,Brookfield (Vic.),VIC,21304,3635,10784
20352,Brooklyn (Vic.),VIC,21301,5,9
20352,Brooklyn (Vic.),VIC,21302,998,1992
20353,Brookville,VIC,20502,8,22
20354,Broomfield,VIC,20102,89,210
20355,Broughton (Vic.),VIC,21501,32,65
20356,Brown Hill (Vic.),VIC,20101,1896,4485
20357,Browns Plains (Vic.),VIC,20403,51,102
20358,Bruarong,VIC,20403,44,114
20359,Brucknell,VIC,21703,57,127
20360,Brumby,VIC,20502,0,0
20361,Brunswick (Vic.),VIC,20601,13025,24918
20362,Brunswick East,VIC,20601,7548,13240
20363,Brunswick West,VIC,20601,7893,14733
20364,Bruthen,VIC,20502,433,825
20365,Buangor,VIC,21501,51,115
20366,Buchan,VIC,20502,136,205
20367,Buchan South,VIC,20502,47,114
20368,Buckland (Vic.),VIC,20403,74,158
20369,Buckley,VIC,20301,85,224
20370,Buckley Swamp,VIC,21701,8,21
20371,Buckrabanyule,VIC,20203,10,25
20371,Buckrabanyule,VIC,21503,20,33
20372,Budgee Budgee (Vic.),VIC,20505,0,0
20373,Budgeree,VIC,20504,58,152
20374,Budgerum East,VIC,21503,3,0
20375,Buffalo,VIC,20503,158,287
20376,Buffalo River,VIC,20403,131,278
20377,Bulart,VIC,21701,42,104
20378,Buldah,VIC,20502,4,5
20379,Bulga (Vic.),VIC,21503,0,0
20380,Bulgana,VIC,21501,9,19
20381,Bulla (Vic.),VIC,21005,247,671
20382,Bullaharre,VIC,21703,9,19
20383,Bullarook,VIC,20102,40,77
20384,Bullarto,VIC,20102,57,86
20385,Bullarto South,VIC,20102,34,46
20386,Bulleen,VIC,20702,4694,11244
20387,Bullengarook,VIC,21002,259,712
20388,Bullioh,VIC,20403,33,63
20389,Bullumwaal,VIC,20502,17,45
20390,Buln Buln,VIC,20501,194,552
20391,Buln Buln East,VIC,20501,76,184
20392,Bumberrah,VIC,20502,41,101
20393,Bunbartha,VIC,21603,107,313
20394,Bundalaguah,VIC,20505,78,230
20395,Bundalong,VIC,21602,456,522
20396,Bundalong South,VIC,21602,24,42
20397,Bundara,VIC,20502,0,0
20398,Bunding,VIC,20102,28,61
20399,Bundoora (Vic.),VIC,20901,3903,9933
20399,Bundoora (Vic.),VIC,20902,2000,4598
20399,Bundoora (Vic.),VIC,20904,5572,13519
20400,Bung Bong,VIC,20103,29,58
20401,Bungador,VIC,21703,27,65
20402,Bungal,VIC,20102,21,38
20403,Bungalally,VIC,21501,38,93
20404,Bungaree (Vic.),VIC,20102,125,305
20405,Bungeet,VIC,20402,10,29
20406,Bungeet West,VIC,20402,20,44
20407,Bungil (Vic.),VIC,20403,5,0
20408,Bunguluke,VIC,21503,18,21
20409,Buninyong,VIC,20101,1531,3762
20410,Bunkers Hill,VIC,20101,93,267
20411,Bunyip,VIC,21201,1141,3124
20412,Bunyip North,VIC,21201,35,95
20413,Buragwonduc,VIC,20505,0,0
20414,Burkes Bridge,VIC,21503,7,14
20415,Burkes Flat,VIC,20203,24,27
20416,Burnbank,VIC,20103,24,47
20417,Burnewang,VIC,21601,24,37
20418,Burnley,VIC,20607,423,798
20419,Burnside (Vic.),VIC,21304,1882,5796
20420,Burnside Heights,VIC,21304,1797,6405
20421,Burramboot,VIC,21601,18,32
20422,Burramine,VIC,21602,85,241
20423,Burramine South,VIC,21602,13,24
20424,Burrowye,VIC,20403,17,26
20425,Burrumbeet,VIC,20103,138,256
20426,Burwood (Vic.),VIC,20703,5603,12334
20426,Burwood (Vic.),VIC,21205,1110,2797
20427,Burwood East,VIC,20703,4440,10699
20428,Bushfield,VIC,21704,208,595
20429,Bushy Park (Vic.),VIC,20505,22,49
20430,Butchers Ridge,VIC,20502,10,7
20431,Buxton (Vic.),VIC,20401,365,588
20432,Byaduk,VIC,21701,75,126
20433,Byaduk North,VIC,21701,51,136
20434,Byawatha,VIC,20402,65,154
20435,Bylands,VIC,20904,60,114
20435,Bylands,VIC,21002,0,4
20436,Byrneside,VIC,21603,56,162
20437,Cabarita (Vic.),VIC,21502,181,485
20438,Cabbage Tree,VIC,20102,9,12
20439,Cabbage Tree Creek,VIC,20502,31,52
20440,Cadello,VIC,20202,8,25
20441,Cairnlea,VIC,21301,3028,10029
20442,Calder Park,VIC,21301,0,0
20443,Caldermeade,VIC,21201,69,182
20444,California Gully,VIC,20201,1973,4464
20445,Calivil,VIC,20203,83,185
20446,Callawadda,VIC,21501,21,45
20447,Callignee,VIC,20504,161,391
20448,Callignee North,VIC,20505,15,42
20449,Callignee South,VIC,20505,4,10
20450,Calrossie,VIC,20505,13,30
20451,Calulu,VIC,20502,66,180
20452,Cambarville,VIC,20401,0,0
20453,Camberwell (Vic.),VIC,20701,9063,21959
20454,Cambrian Hill,VIC,20101,99,290
20455,Campbellfield,VIC,21005,1810,4984
20456,Campbells Bridge,VIC,21501,16,16
20457,Campbells Creek,VIC,20202,921,2078
20458,Campbells Forest,VIC,20203,25,50
20459,Campbelltown (Vic.),VIC,20102,15,22
20459,Campbelltown (Vic.),VIC,20202,17,29
20460,Camperdown (Vic.),VIC,21703,1718,3356
20461,Canadian,VIC,20101,1767,4101
20462,Canary Island,VIC,20203,4,4
20463,Caniambo,VIC,21603,37,82
20464,Cann River,VIC,20502,155,192
20465,Cannie,VIC,21503,10,16
20466,Cannons Creek,VIC,21203,275,653
20467,Cannum,VIC,21501,18,45
20468,Canterbury (Vic.),VIC,20701,3202,7796
20469,Cape Bridgewater,VIC,21701,101,147
20470,Cape Clear,VIC,20103,81,146
20471,Cape Conran,VIC,20502,6,5
20472,Cape Otway,VIC,21703,26,34
20473,Cape Paterson,VIC,20503,1166,1138
20474,Cape Schanck,VIC,21402,377,570
20475,Cape Woolamai,VIC,20503,1873,2288
20476,Capel Sound,VIC,21402,3786,5239
20477,Capels Crossing,VIC,21503,20,54
20478,Carag Carag,VIC,21601,34,60
20479,Caralulup,VIC,20103,3,3
20480,Caramut,VIC,21704,122,257
20481,Carapooee,VIC,21501,43,60
20482,Carapooee West,VIC,21501,18,37
20483,Carapook,VIC,21701,23,68
20484,Carboor,VIC,20402,62,96
20485,Cardigan,VIC,20101,328,1058
20486,Cardigan Village,VIC,20101,296,958
20487,Cardinia,VIC,21201,131,342
20488,Cardross,VIC,21502,323,843
20489,Cargerie,VIC,20102,17,38
20490,Carina (Vic.),VIC,21502,15,26
20491,Caringal,VIC,20501,17,16
20492,Carisbrook,VIC,20103,515,1184
20493,Carlisle River,VIC,21703,81,160
20494,Carlsruhe,VIC,20202,168,392
20495,Carlton (Vic.),VIC,20604,10371,16017
20496,Carlton North,VIC,20607,3108,6211
20497,Carlyle,VIC,20402,39,84
20498,Carnegie,VIC,20802,9116,17927
20499,Carngham,VIC,20103,74,171
20500,Caroline Springs,VIC,21304,8289,24432
20501,Carpendeit,VIC,21703,51,115
20502,Carrajung,VIC,20505,55,100
20503,Carrajung Lower,VIC,20505,59,129
20504,Carrajung South,VIC,20505,14,42
20505,Carranballac,VIC,20103,26,43
20506,Carron,VIC,21503,6,18
20507,Carrum,VIC,20803,2052,4238
20508,Carrum Downs,VIC,21401,9032,21955
20509,Carwarp,VIC,21502,36,76
20510,Cashmore,VIC,21701,96,197
20511,Cassilis (Vic.),VIC,20502,25,21
20512,Castella,VIC,20903,99,261
20513,Casterton,VIC,21701,952,1650
20514,Castle Creek (Vic.),VIC,20403,31,85
20515,Castle Donnington,VIC,21503,52,139
20516,Castlemaine,VIC,20202,3721,7529
20517,Catani,VIC,21201,113,313
20518,Cathcart (Vic.),VIC,21501,46,110
20519,Cathkin,VIC,20401,13,27
20520,Catumnal,VIC,20203,6,14
20521,Caulfield,VIC,20802,2439,5769
20522,Caulfield East,VIC,20802,759,1296
20523,Caulfield North,VIC,20802,8084,16886
20524,Caulfield South,VIC,20802,5113,12339
20525,Caveat,VIC,20401,42,59
20526,Cavendish,VIC,21701,178,362
20527,Ceres,VIC,20302,93,271
20528,Chadstone,VIC,21205,4150,9554
20529,Chandlers Creek,VIC,20502,0,0
20530,Chapel Flat,VIC,20101,0,0
20531,Chapple Vale,VIC,21703,24,42
20532,Charam,VIC,21501,20,42
20533,Charlemont,VIC,20302,1084,2611
20534,Charleroi,VIC,20403,23,82
20535,Charlton (Vic.),VIC,21503,640,1106
20536,Chatsworth (Vic.),VIC,21501,0,3
20536,Chatsworth (Vic.),VIC,21704,20,45
20537,Chelsea,VIC,20803,4022,8390
20538,Chelsea Heights,VIC,20803,2137,5387
20539,Cheltenham (Vic.),VIC,20801,1615,3983
20539,Cheltenham (Vic.),VIC,20803,8842,19990
20540,Chepstowe,VIC,20103,27,60
20541,Cherokee,VIC,21002,33,68
20542,Cherrypool,VIC,21701,0,3
20543,Cheshunt,VIC,20402,113,212
20544,Cheshunt South,VIC,20402,0,0
20545,Chesney Vale,VIC,20402,84,204
20546,Chetwynd,VIC,21501,49,85
20546,Chetwynd,VIC,21701,0,0
20547,Chewton,VIC,20202,407,771
20548,Chewton Bushlands,VIC,20202,44,50
20549,Childers (Vic.),VIC,20501,51,91
20550,Chillingollah,VIC,21503,5,3
20551,Chiltern,VIC,20403,770,1579
20552,Chiltern Valley,VIC,20403,34,75
20553,Chinangin,VIC,21503,6,3
20554,Chinkapook,VIC,21503,11,17
20555,Chintin,VIC,21002,41,111
20556,Chirnside Park,VIC,21105,4346,11767
20557,Chirrip,VIC,21503,10,7
20558,Chocolyn,VIC,21703,32,64
20559,Christmas Hills (Vic.),VIC,20903,144,366
20560,Chum Creek,VIC,21105,401,976
20561,Churchill (Vic.),VIC,20504,2188,4901
20562,Churchill Island,VIC,20503,0,0
20563,Chute,VIC,20103,9,13
20564,Clarendon (Vic.),VIC,20102,65,163
20565,Claretown,VIC,20102,17,35
20566,Clarinda,VIC,21204,2737,7457
20567,Clarkefield,VIC,21002,125,291
20567,Clarkefield,VIC,21004,8,8
20568,Clarkes Hill,VIC,20102,28,75
20569,Clayton,VIC,21205,8005,19008
20570,Clayton South,VIC,21204,5604,13343
20571,Clear Lake,VIC,21501,25,57
20572,Clematis,VIC,21201,136,352
20573,Clifton Creek,VIC,20502,95,251
20574,Clifton Hill,VIC,20607,3006,6590
20575,Clifton Springs,VIC,20303,3560,7646
20576,Clonbinane,VIC,20904,142,347
20577,Clover Flat,VIC,21701,6,15
20578,Cloverlea,VIC,20501,68,178
20579,Club Terrace,VIC,20502,23,28
20580,Clunes (Vic.),VIC,20102,1007,1833
20581,Clyde (Vic.),VIC,21203,3814,11180
20582,Clyde North,VIC,21203,9928,31684
20583,Clydebank,VIC,20505,44,135
20584,Clydesdale (Vic.),VIC,20102,49,62
20585,Coalville,VIC,20501,21,55
20586,Cobains,VIC,20505,105,253
20587,Cobaw,VIC,21002,45,104
20588,Cobbannah,VIC,20502,0,0
20589,Cobberas,VIC,20502,0,0
20590,Cobblebank,VIC,21304,1114,3601
20591,Cobden,VIC,21703,858,1801
20592,Cobram,VIC,21602,3040,6144
20593,Cobram East,VIC,21602,91,231
20594,Cobrico,VIC,21703,40,72
20595,Cobungra,VIC,20403,0,0
20595,Cobungra,VIC,20502,50,55
20596,Coburg,VIC,20601,11473,26516
20597,Coburg North,VIC,21003,3490,8324
20598,Cocamba,VIC,21503,0,4
20599,Cochranes Creek,VIC,20203,10,9
20600,Cockatoo (Vic.),VIC,21201,1626,4412
20601,Cocoroc,VIC,21305,0,0
20602,Codrington (Vic.),VIC,21704,22,37
20603,Coghills Creek,VIC,20102,33,80
20604,Cohuna,VIC,21503,1221,2416
20605,Coimadai,VIC,21304,164,411
20606,Cokum,VIC,21503,0,0
20607,Colac,VIC,21703,4459,9256
20608,Colac Colac,VIC,20403,24,61
20609,Colac East,VIC,21703,74,160
20610,Colac West,VIC,21703,37,89
20611,Colbinabbin,VIC,21601,152,284
20612,Colbrook,VIC,20102,22,41
20613,Coldstream (Vic.),VIC,21105,791,2194
20614,Coleraine,VIC,21701,596,1067
20615,Colignan,VIC,21502,164,298
20616,Collingwood (Vic.),VIC,20607,5674,9165
20617,Combienbar,VIC,20502,0,7
20618,Concongella,VIC,21501,51,146
20619,Condah,VIC,21701,59,111
20620,Congupna,VIC,21603,243,622
20621,Connewarre,VIC,20303,432,947
20622,Connewirricoo,VIC,21501,15,23
20623,Coojar,VIC,21701,19,38
20624,Coolaroo,VIC,21005,1208,3200
20625,Cooma (Vic.),VIC,21603,39,94
20626,Coomboona,VIC,21603,58,130
20627,Coomoora,VIC,20102,142,309
20628,Coongulla,VIC,20505,302,231
20629,Coonooer Bridge,VIC,21501,5,14
20629,Coonooer Bridge,VIC,21503,14,20
20630,Coonooer West,VIC,21501,7,18
20631,Cooriemungle,VIC,21703,156,318
20632,Cope Cope,VIC,21501,3,12
20632,Cope Cope,VIC,21503,15,28
20633,Cora Lynn,VIC,21201,88,221
20634,Corack,VIC,21503,14,33
20635,Corack East,VIC,21503,4,10
20636,Coragulac,VIC,21703,72,172
20637,Coral Bank,VIC,20403,43,86
20638,Corindhap,VIC,20301,72,129
20639,Corinella (Vic.),VIC,20503,687,1183
20640,Corio,VIC,20302,6349,15526
20641,Corndale (Vic.),VIC,21701,18,27
20642,Cornella,VIC,21601,32,43
20643,Cornishtown,VIC,20403,41,89
20644,Coronet Bay,VIC,20503,944,1114
20645,Corop,VIC,21601,80,156
20646,Cororooke,VIC,21703,149,355
20647,Corringle,VIC,20502,16,17
20648,Corryong,VIC,20403,702,1339
20649,Corunnun,VIC,21703,46,119
20650,Cosgrove (Vic.),VIC,21603,25,50
20651,Cosgrove South,VIC,21603,27,53
20652,Costerfield,VIC,20202,65,71
20653,Cotswold,VIC,20103,12,20
20654,Cottles Bridge,VIC,20903,247,609
20655,Cowa,VIC,20502,0,0
20656,Cowangie,VIC,21502,23,37
20657,Cowes,VIC,20503,5959,6583
20658,Cowleys Creek,VIC,21703,16,34
20659,Cowwarr,VIC,20504,32,76
20659,Cowwarr,VIC,20505,134,319
20660,Craigie (Vic.),VIC,20103,27,56
20661,Craigieburn,VIC,21005,20698,65121
20662,Cranbourne,VIC,21203,8055,21231
20663,Cranbourne East,VIC,21203,7768,24691
20664,Cranbourne North,VIC,21203,7848,24676
20665,Cranbourne South,VIC,21203,1122,3223
20666,Cranbourne West,VIC,21203,6484,19986
20667,Creek Junction,VIC,20401,22,34
20667,Creek Junction,VIC,20402,0,0
20668,Creek View,VIC,21601,21,39
20669,Creightons Creek,VIC,20401,85,162
20670,Cremorne (Vic.),VIC,20607,1261,2158
20671,Cressy (Vic.),VIC,20301,8,18
20671,Cressy (Vic.),VIC,21703,89,165
20672,Creswick,VIC,20102,1575,3292
20673,Creswick North,VIC,20102,18,55
20674,Crib Point,VIC,21402,1412,3333
20675,Crookayan,VIC,20505,0,0
20676,Crooked River,VIC,20505,3,5
20677,Cross Roads (Vic.),VIC,20103,15,27
20678,Crossley,VIC,21704,97,232
20679,Crossover,VIC,20501,73,160
20680,Crowlands,VIC,20103,40,70
20680,Crowlands,VIC,21501,5,3
20681,Croxton East,VIC,21701,29,70
20682,Croydon (Vic.),VIC,21103,12456,28610
20683,Croydon Hills,VIC,21103,1717,4842
20684,Croydon North,VIC,21103,3051,8076
20685,Croydon South,VIC,21103,1877,4767
20686,Crymelon,VIC,21501,9,15
20687,Cudgee,VIC,21704,107,311
20688,Cudgewa,VIC,20403,140,262
20689,Culgoa,VIC,21503,73,91
20690,Culla,VIC,21701,19,31
20691,Cullen,VIC,21503,24,36
20692,Cullulleraine,VIC,21502,58,81
20693,Cundare,VIC,21703,6,15
20694,Cundare North,VIC,21703,8,11
20695,Curdies River,VIC,21703,11,25
20696,Curdievale,VIC,21703,54,124
20697,Curlewis (Vic.),VIC,20303,1593,4163
20698,Curyo,VIC,21503,16,20
20699,Dadswells Bridge,VIC,21501,40,67
20700,Daisy Hill (Vic.),VIC,20103,201,398
20701,Dales Creek,VIC,20102,161,391
20702,Dallas,VIC,21005,2310,6769
20703,Dalmore,VIC,21201,68,139
20704,Daltons Bridge,VIC,21503,28,55
20705,Dalyenong,VIC,21501,4,0
20706,Dalyston,VIC,20503,420,840
20707,Dandenong,VIC,21204,11803,30124
20708,Dandenong North,VIC,21204,8394,22577
20709,Dandenong South,VIC,21204,93,102
20710,Dandongadale,VIC,20403,0,8
20711,Dargo,VIC,20403,0,0
20711,Dargo,VIC,20502,78,110
20712,Darley,VIC,21304,3392,9181
20713,Darlimurla,VIC,20503,19,44
20714,Darlington (Vic.),VIC,21703,28,51
20714,Darlington (Vic.),VIC,21704,23,39
20715,Darnum,VIC,20501,283,757
20716,Darraweit Guim,VIC,21002,160,391
20717,Darriman,VIC,20505,10,12
20718,Dartmoor (Vic.),VIC,21701,157,291
20719,Dartmouth,VIC,20403,100,129
20719,Dartmouth,VIC,20502,0,0
20720,Dawson (Vic.),VIC,20505,25,40
20721,Daylesford,VIC,20102,1991,2793
20722,Dean,VIC,20102,48,130
20723,Deans Marsh,VIC,20301,192,369
20724,Deanside,VIC,21304,225,656
20725,Deddick Valley,VIC,20502,12,10
20726,Dederang,VIC,20403,79,193
20727,Deep Lead,VIC,21501,98,209
20728,Deepdene (Vic.),VIC,20701,906,2095
20729,Deer Park,VIC,21301,6633,18127
20730,Delacombe,VIC,20101,2239,5405
20731,Delahey,VIC,21301,2918,8051
20732,Delatite,VIC,20401,10,13
20733,Delburn,VIC,20503,14,33
20734,Delegate River,VIC,20502,14,41
20735,Denicull Creek,VIC,21501,6,19
20736,Denison,VIC,20505,177,453
20737,Dennington,VIC,21704,775,2000
20738,Denver,VIC,20102,92,153
20738,Denver,VIC,20202,0,0
20739,Deptford,VIC,20502,0,0
20740,Derby (Vic.),VIC,20203,11,18
20741,Dereel,VIC,20301,361,665
20742,Dergholm,VIC,21501,35,51
20742,Dergholm,VIC,21701,3,6
20743,Derrimut,VIC,21301,2468,8663
20744,Derrinal,VIC,20202,85,104
20745,Derrinallum,VIC,21703,236,389
20746,Devenish,VIC,20402,103,204
20747,Devils River,VIC,20401,15,14
20748,Devon Meadows,VIC,21203,550,1548
20749,Devon North,VIC,20505,166,361
20750,Dewhurst,VIC,21201,58,144
20751,Dhurringile,VIC,21603,81,360
20752,Diamond Creek,VIC,20903,4354,12491
20753,Digby,VIC,21701,56,115
20754,Diggers Rest,VIC,21004,2313,5680
20755,Diggora,VIC,21601,35,78
20756,Dimboola,VIC,21501,947,1653
20757,Dingee,VIC,20203,87,199
20758,Dingley Village,VIC,20803,0,5
20758,Dingley Village,VIC,21204,4022,10496
20759,Dingwall,VIC,21503,41,99
20760,Dinner Plain,VIC,20403,188,131
20761,Dixie (Vic.),VIC,21703,56,148
20762,Dixons Creek,VIC,21105,148,349
20763,Dobie,VIC,21501,12,33
20764,Docker,VIC,20402,51,113
20765,Dockers Plains,VIC,20402,28,60
20766,Docklands,VIC,20604,10810,15509
20766,Docklands,VIC,20605,0,5
20767,Doctors Flat,VIC,20502,9,13
20768,Dollar,VIC,20503,39,62
20769,Don Valley,VIC,21105,244,592
20770,Donald,VIC,21503,747,1473
20771,Doncaster,VIC,20702,11748,24996
20772,Doncaster East,VIC,20702,12300,31005
20773,Donnybrook (Vic.),VIC,20904,737,2123
20774,Donvale,VIC,20702,58,146
20774,Donvale,VIC,21102,4684,12481
20775,Dooboobetic,VIC,21503,8,13
20776,Dooen,VIC,21501,105,248
20777,Dookie,VIC,21603,148,333
20778,Dookie College,VIC,21603,4,51
20779,Doreen,VIC,20903,128,353
20779,Doreen,VIC,20904,9188,26732
20780,Dorodong,VIC,21501,20,21
20781,Double Bridges,VIC,20502,0,0
20782,Douglas (Vic.),VIC,21501,35,70
20783,Doveton,VIC,21202,3719,9619
20784,Dreeite,VIC,21703,35,77
20785,Dreeite South,VIC,21703,15,28
20786,Driffield,VIC,20504,38,101
20787,Drik Drik,VIC,21701,20,42
20788,Dromana,VIC,21402,4726,6642
20789,Dropmore,VIC,20401,12,19
20790,Drouin,VIC,20501,6341,15241
20791,Drouin East,VIC,20501,82,176
20792,Drouin South,VIC,20501,163,340
20793,Drouin West,VIC,20501,162,368
20794,Drumanure,VIC,21602,17,41
20795,Drumborg,VIC,21701,67,155
20796,Drumcondra,VIC,20302,246,579
20797,Drummartin,VIC,20203,20,42
20798,Drummond,VIC,20102,137,292
20799,Drummond North,VIC,20102,100,191
20799,Drummond North,VIC,20202,4,5
20800,Drung,VIC,21501,61,119
20801,Dry Diggings,VIC,20102,27,34
20802,Drysdale,VIC,20303,2194,4992
20803,Duchembegarra,VIC,21501,28,47
20804,Dumbalk,VIC,20503,213,449
20805,Dumbalk North,VIC,20503,45,90
20806,Dumosa,VIC,21503,13,18
20807,Dunach,VIC,20102,23,50
20807,Dunach,VIC,20103,17,36
20808,Dundonnell,VIC,21704,25,52
20809,Dunkeld (Vic.),VIC,21501,8,7
20809,Dunkeld (Vic.),VIC,21701,385,681
20810,Dunluce,VIC,20103,28,36
20811,Dunneworthy,VIC,21501,7,15
20812,Dunnstown,VIC,20102,111,260
20813,Dunolly (Vic.),VIC,20103,531,891
20814,Dunrobin,VIC,21701,33,70
20815,Durdidwarrah,VIC,20301,3,9
20816,Durham Lead,VIC,20102,157,382
20816,Durham Lead,VIC,20103,13,23
20817,Durham Ox,VIC,20203,35,58
20818,Dutson,VIC,20505,13,32
20819,Dutson Downs,VIC,20505,3,0
20820,Dutton Way,VIC,21701,60,91
20821,Duverney,VIC,21703,13,23
20822,Eagle Point,VIC,20502,709,1291
20823,Eaglehawk,VIC,20201,2661,5580
20824,Eaglehawk North,VIC,20201,3,5
20825,Eaglemont,VIC,20901,1628,3963
20826,Earlston,VIC,20401,49,82
20827,East Bairnsdale,VIC,20502,640,1349
20828,East Bendigo,VIC,20201,1104,2261
20829,East Geelong,VIC,20302,1833,4026
20830,East Melbourne,VIC,20604,3472,4898
20831,East Sale,VIC,20505,11,210
20832,East Wangaratta,VIC,20402,33,66
20833,East Warburton,VIC,21105,449,910
20834,Eastern View,VIC,20303,54,47
20835,Eastville,VIC,20202,4,13
20836,Eastwood (Vic.),VIC,20502,1212,2852
20837,Ebden,VIC,20403,47,107
20838,Echuca,VIC,21601,6936,15068
20839,Echuca Village,VIC,21601,243,573
20840,Echuca West,VIC,21601,157,439
20841,Ecklin South,VIC,21703,89,223
20842,Eddington,VIC,20103,34,100
20842,Eddington,VIC,20202,7,27
20843,Eden Park,VIC,20904,399,1190
20844,Edenhope,VIC,21501,563,937
20845,Edgecombe,VIC,20202,44,103
20846,Edi,VIC,20402,42,60
20847,Edi Upper,VIC,20402,47,105
20848,Edithvale,VIC,20803,2751,6265
20849,Eganstown,VIC,20102,120,212
20850,Eildon,VIC,20401,734,937
20851,Elaine,VIC,20102,108,234
20852,Eldorado,VIC,20402,180,386
20853,Elevated Plains,VIC,20102,27,39
20854,Elingamite,VIC,21703,24,57
20855,Elingamite North,VIC,21703,39,118
20856,Elizabeth Island,VIC,20503,5,0
20857,Ellaswood,VIC,20502,67,208
20858,Ellerslie (Vic.),VIC,21704,64,157
20859,Elliminyt,VIC,21703,1256,3247
20860,Ellinbank,VIC,20501,97,227
20861,Elmhurst,VIC,20103,120,184
20862,Elmore,VIC,20203,444,841
20863,Elphinstone (Vic.),VIC,20202,316,634
20864,Elsternwick,VIC,20802,5239,10863
20865,Eltham (Vic.),VIC,20901,36,102
20865,Eltham (Vic.),VIC,20903,7032,18734
20866,Eltham North,VIC,20901,734,2117
20866,Eltham North,VIC,20903,1549,4681
20867,Elwood,VIC,20605,9163,15151
20868,Emerald (Vic.),VIC,21201,2158,5879
20869,Emu,VIC,20103,0,3
20869,Emu,VIC,21501,24,32
20870,Emu Creek (Vic.),VIC,20202,135,376
20871,Endeavour Hills,VIC,21202,8715,24466
20872,Enfield (Vic.),VIC,20103,220,572
20873,Englefield,VIC,21701,10,23
20874,Enochs Point,VIC,20401,11,3
20875,Ensay,VIC,20502,110,153
20876,Ensay North,VIC,20502,24,31
20877,Eppalock,VIC,20202,287,739
20878,Epping (Vic.),VIC,20904,11951,33517
20879,Epsom (Vic.),VIC,20201,1921,5006
20880,Ercildoune,VIC,20103,43,87
20881,Erica,VIC,20501,123,186
20882,Errinundra,VIC,20502,0,0
20883,Eskdale (Vic.),VIC,20403,133,248
20884,Esmond,VIC,21602,10,17
20885,Essendon,VIC,20603,10044,21260
20886,Essendon Fields,VIC,21001,4,13
20887,Essendon North,VIC,20603,1617,3062
20888,Essendon West,VIC,21001,635,1568
20889,Eumemmerring,VIC,21202,948,2257
20890,Eurack,VIC,21703,24,43
20891,Eureka (Vic.),VIC,20101,331,638
20892,Euroa,VIC,20401,1783,3491
20893,Eurobin,VIC,20403,104,237
20894,Evansford,VIC,20103,105,144
20895,Eversley,VIC,20103,7,14
20896,Everton,VIC,20402,97,193
20897,Everton Upper,VIC,20402,72,158
20898,Exford,VIC,21304,47,133
20899,Eynesbury,VIC,21304,939,2840
20899,Eynesbury,VIC,21305,0,0
20900,Fairbank,VIC,20503,18,52
20901,Fairfield (Vic.),VIC,20602,2901,5847
20901,Fairfield (Vic.),VIC,20607,287,699
20902,Fairhaven,VIC,20303,550,400
20903,Fairley,VIC,21503,8,14
20904,Fairy Dell (Campaspe - Vic.),VIC,21601,36,94
20905,Fairy Dell (East Gippsland - Vic.),VIC,20502,0,0
20906,Falls Creek (Vic.),VIC,20403,172,321
20907,Faraday,VIC,20202,98,196
20908,Fawcett,VIC,20401,51,82
20909,Fawkner,VIC,21003,5290,13968
20909,Fawkner,VIC,21005,117,270
20910,Fentons Creek,VIC,20203,14,27
20911,Ferguson (Vic.),VIC,21703,11,13
20912,Fern Hill,VIC,20102,34,66
20912,Fern Hill,VIC,20202,24,56
20913,Fernbank,VIC,20502,78,188
20914,Ferndale (Vic.),VIC,20501,40,48
20915,Fernihurst,VIC,20203,9,32
20916,Fernshaw,VIC,21105,0,0
20917,Ferntree Gully,VIC,21101,11106,27407
20918,Ferny Creek,VIC,21105,609,1516
20919,Fiery Flat,VIC,20203,13,28
20920,Fingal (Vic.),VIC,21402,366,630
20921,Fish Creek,VIC,20503,471,857
20922,Fish Point,VIC,21503,5,11
20923,Fiskville,VIC,20102,6,18
20924,Fitzroy (Vic.),VIC,20607,6034,10430
20925,Fitzroy North,VIC,20607,6490,12809
20926,Flaggy Creek,VIC,20502,40,104
20927,Flagstaff,VIC,20103,43,96
20928,Flamingo Beach,VIC,20505,3,0
20929,Flemington,VIC,20603,3873,6929
20929,Flemington,VIC,20604,38,77
20930,Flinders (Vic.),VIC,21402,1016,1135
20931,Flora Hill,VIC,20201,1865,3991
20932,Flowerdale (Vic.),VIC,20401,408,800
20933,Flynn (Vic.),VIC,20504,53,136
20933,Flynn (Vic.),VIC,20505,16,45
20934,Flynns Creek,VIC,20504,6,12
20935,Footscray,VIC,21303,9910,17091
20936,Forbes (Vic.),VIC,20401,69,158
20937,Forest Hill (Vic.),VIC,21104,4532,10807
20938,Forge Creek,VIC,20502,139,343
20939,Forrest (Vic.),VIC,21703,162,249
20940,Foster,VIC,20503,1119,2030
20941,Foster North,VIC,20503,113,149
20942,Fosterville,VIC,20203,30,56
20943,Foxhow,VIC,21703,15,31
20944,Framlingham,VIC,21704,62,169
20945,Framlingham East,VIC,21704,7,25
20946,Franklinford,VIC,20102,50,67
20947,Frankston,VIC,21401,17510,37293
20948,Frankston North,VIC,21401,2609,5697
20949,Frankston South,VIC,21401,7409,18808
20950,Fraser Rise,VIC,21304,2885,9120
20951,Freeburgh,VIC,20403,85,133
20952,French Island,VIC,20503,131,138
20953,Frenchmans,VIC,20103,3,7
20954,Freshwater Creek,VIC,20301,174,457
20955,Fryerstown,VIC,20202,132,231
20956,Fulham (Vic.),VIC,20505,90,991
20957,Fumina,VIC,20501,19,11
20958,Fumina South,VIC,20501,33,65
20959,Fyans Creek,VIC,21501,26,47
20960,Fyansford,VIC,20302,457,1206
20961,Gaffneys Creek,VIC,20401,20,6
20962,Gainsborough,VIC,20501,25,61
20963,Gannawarra,VIC,21503,44,110
20964,Gapsted,VIC,20403,75,158
20965,Gardenvale,VIC,20802,532,1015
20966,Garfield,VIC,21201,790,2128
20967,Garfield North,VIC,21201,88,235
20968,Garibaldi,VIC,20103,57,131
20969,Garvoc,VIC,21704,107,241
20970,Gateway Island,VIC,20403,3,3
20971,Gatum,VIC,21701,14,35
20972,Gazette,VIC,21701,22,42
20973,Geelong,VIC,20302,3294,5783
20974,Geelong West,VIC,20302,3642,7382
20975,Gelantipy,VIC,20502,15,23
20976,Gellibrand,VIC,21703,125,231
20977,Gellibrand Lower,VIC,21703,13,19
20978,Gelliondale,VIC,20505,17,43
20979,Gembrook,VIC,21201,947,2581
20980,Genoa,VIC,20502,35,66
20981,Gentle Annie,VIC,20501,0,0
20982,Georges Creek (Vic.),VIC,20403,29,75
20983,Gerahmin,VIC,21503,5,11
20984,Gerang Gerung,VIC,21501,28,65
20985,Gerangamete,VIC,21703,42,112
20986,Germania,VIC,21501,5,17
20987,Germantown (Vic.),VIC,20403,0,0
20988,Gerrigerrup,VIC,21704,18,31
20989,Gherang,VIC,20301,154,388
20990,Gheringhap,VIC,20301,54,132
20991,Ghin Ghin,VIC,20401,38,69
20992,Giffard,VIC,20505,39,73
20993,Giffard West,VIC,20505,41,72
20994,Gil Gil,VIC,21503,10,23
20995,Gilderoy,VIC,21105,38,62
20996,Gillieston,VIC,21603,21,45
20997,Gillum,VIC,20505,0,0
20998,Gipsy Point,VIC,20502,28,31
20999,Girgarre,VIC,21601,270,553
21000,Girgarre East,VIC,21603,62,148
21001,Gisborne,VIC,21002,3702,10133
21002,Gisborne South,VIC,21002,322,862
21003,Gladfield (Vic.),VIC,20203,11,32
21004,Gladstone Park,VIC,21005,3254,8183
21005,Gladysdale,VIC,21105,180,423
21006,Glen Alvie,VIC,20503,74,185
21007,Glen Creek,VIC,20403,22,59
21008,Glen Forbes,VIC,20503,55,125
21009,Glen Huntly,VIC,20802,2631,4918
21010,Glen Iris (Vic.),VIC,20701,6547,16701
21010,Glen Iris (Vic.),VIC,20804,4753,9377
21011,Glen Park,VIC,20101,40,105
21012,Glen Valley,VIC,20502,17,23
21013,Glen Waverley,VIC,21205,16544,42631
21014,Glen Wills,VIC,20502,6,4
21015,Glenaire,VIC,21703,26,33
21016,Glenaladale,VIC,20502,22,48
21017,Glenalbyn,VIC,20203,8,22
21018,Glenaroua,VIC,20401,89,212
21019,Glenbrae,VIC,20103,19,30
21020,Glenburn,VIC,20401,241,445
21021,Glendaruel,VIC,20102,19,49
21022,Glendonald,VIC,20102,8,12
21023,Glenfalloch,VIC,20505,0,0
21024,Glenfyne,VIC,21703,56,131
21025,Glengarry (Vic.),VIC,20504,326,874
21025,Glengarry (Vic.),VIC,20505,91,242
21026,Glengarry North,VIC,20504,90,210
21027,Glengarry West,VIC,20504,62,155
21028,Glengower,VIC,20102,7,8
21028,Glengower,VIC,20103,0,8
21029,Glenhope,VIC,20401,40,66
21030,Glenhope East,VIC,20401,19,17
21031,Glenisla,VIC,21701,21,23
21032,Glenlee (Vic.),VIC,21501,37,71
21033,Glenlofty,VIC,20103,7,11
21034,Glenlogie,VIC,20103,18,34
21035,Glenloth,VIC,21503,5,3
21036,Glenloth East,VIC,20203,3,8
21036,Glenloth East,VIC,21503,4,9
21037,Glenluce,VIC,20202,19,24
21038,Glenlyon (Vic.),VIC,20102,261,437
21039,Glenmaggie,VIC,20505,205,290
21040,Glenmore (Vic.),VIC,20102,26,75
21041,Glenorchy (Vic.),VIC,21501,67,137
21042,Glenormiston North,VIC,21703,28,63
21043,Glenormiston South,VIC,21703,57,121
21044,Glenpatrick,VIC,20103,15,13
21045,Glenrowan,VIC,20402,440,1052
21046,Glenrowan West,VIC,20402,36,75
21047,Glenroy (Vic.),VIC,21003,10054,23764
21048,Glenthompson,VIC,21501,7,12
21048,Glenthompson,VIC,21701,165,241
21049,Glomar Beach,VIC,20505,16,22
21050,Gnarwarre,VIC,20301,111,295
21051,Gnotuk,VIC,21703,47,121
21052,Gobarup,VIC,21601,26,45
21053,Gobur,VIC,20401,82,101
21054,Golden Beach (Vic.),VIC,20505,486,357
21055,Golden Gully,VIC,20201,99,210
21056,Golden Point (Ballarat - Vic.),VIC,20101,1181,2218
21057,Golden Point (Mount Alexander - Vic.),VIC,20202,58,102
21058,Golden Square,VIC,20201,4226,9205
21059,Goldie,VIC,21002,107,247
21060,Goldsborough (Vic.),VIC,20103,21,35
21061,Gong Gong,VIC,20101,3,6
21062,Gonn Crossing,VIC,21503,29,50
21063,Goomalibee,VIC,20402,34,91
21064,Goon Nure,VIC,20502,67,137
21065,Goongerah,VIC,20502,26,31
21066,Gooram,VIC,20401,91,147
21067,Gooramadda,VIC,20402,31,62
21068,Goorambat,VIC,20402,124,268
21069,Goornong,VIC,20203,290,714
21070,Gooroc,VIC,21501,4,19
21071,Gorae,VIC,21701,79,239
21072,Gorae West,VIC,21701,105,236
21073,Gordon (Vic.),VIC,20102,575,1400
21074,Gormandale,VIC,20505,142,323
21075,Goroke,VIC,21501,172,300
21076,Goschen,VIC,21503,15,35
21077,Goughs Bay,VIC,20401,364,348
21078,Goulburn Weir,VIC,20401,58,91
21079,Gowanbrae,VIC,21003,1125,2963
21080,Gowanford,VIC,21503,3,8
21081,Gowangardie,VIC,21603,11,18
21082,Gowar East,VIC,20203,12,11
21082,Gowar East,VIC,21501,11,16
21083,Gower,VIC,20202,23,41
21084,Grahamvale,VIC,21603,263,683
21085,Grampians,VIC,21701,0,0
21086,Grand Ridge,VIC,20504,5,5
21086,Grand Ridge,VIC,20505,0,4
21087,Grangefields,VIC,21304,38,132
21088,Granite Rock,VIC,20502,105,259
21089,Grantville,VIC,20503,664,1161
21090,Granya,VIC,20403,52,86
21091,Grassdale (Vic.),VIC,21701,23,54
21092,Grassmere,VIC,21704,166,388
21093,Grays Bridge,VIC,21501,0,0
21094,Graytown,VIC,20401,63,64
21095,Gre Gre,VIC,21501,0,10
21096,Gre Gre North,VIC,21501,3,13
21097,Gre Gre South,VIC,21501,0,19
21098,Great Western,VIC,21501,219,424
21099,Gredgwin,VIC,20203,5,13
21099,Gredgwin,VIC,21503,3,5
21100,Green Gully (Vic.),VIC,20202,43,71
21101,Greendale (Vic.),VIC,20102,233,623
21102,Greenhill (Vic.),VIC,20202,30,61
21103,Greens Creek (Vic.),VIC,21501,21,52
21104,Greensborough,VIC,20901,6492,15792
21104,Greensborough,VIC,20903,1877,5294
21105,Greenvale (Vic.),VIC,21005,6761,21280
21106,Greenwald,VIC,21701,25,60
21107,Grenville,VIC,20102,7,20
21107,Grenville,VIC,20103,36,91
21108,Greta (Vic.),VIC,20402,42,86
21109,Greta South,VIC,20402,59,131
21110,Greta West,VIC,20402,75,157
21111,Grey River,VIC,21703,15,4
21112,Gringegalgona,VIC,21701,23,44
21113,Gritjurk,VIC,21701,18,61
21114,Grovedale,VIC,20302,6330,14914
21115,Gruyere,VIC,21105,352,977
21116,Guildford (Vic.),VIC,20102,27,33
21116,Guildford (Vic.),VIC,20202,148,301
21117,Gunbower,VIC,21601,304,569
21118,Gundowring,VIC,20403,85,214
21119,Gunyah,VIC,20503,0,0
21120,Guys Forest,VIC,20403,3,19
21121,Guys Hill,VIC,21201,124,390
21122,Gymbowen,VIC,21501,32,60
21123,Haddon,VIC,20101,474,1273
21124,Hadfield,VIC,21003,2649,6280
21125,Hallam,VIC,21202,3899,11339
21126,Hallora,VIC,20501,51,136
21127,Halls Gap,VIC,21501,514,493
21128,Hallston,VIC,20503,97,157
21129,Hamilton (Vic.),VIC,21701,5082,10353
21130,Hamlyn Heights,VIC,20302,2903,6533
21131,Hampton (Vic.),VIC,20801,5602,13542
21132,Hampton East,VIC,20801,2431,5052
21133,Hampton Park,VIC,21203,8645,26117
21134,Hansonville,VIC,20402,66,153
21135,Happy Valley (Golden Plains - Vic.),VIC,20103,49,79
21136,Happy Valley (Swan Hill - Vic.),VIC,21503,37,75
21137,Harcourt,VIC,20202,474,1053
21138,Harcourt North,VIC,20202,127,286
21139,Harkaway,VIC,21202,327,1009
21140,Harkness,VIC,21304,4108,12498
21141,Harmers Haven,VIC,20503,65,64
21142,Harrietville,VIC,20403,267,486
21143,Harrow,VIC,21501,94,162
21143,Harrow,VIC,21701,16,25
21144,Harston,VIC,21603,71,169
21145,Hastings (Vic.),VIC,21402,4700,10357
21146,Hattah,VIC,21502,29,30
21147,Havelock,VIC,20103,39,82
21148,Haven,VIC,21501,545,1439
21149,Havilah (Vic.),VIC,20403,11,22
21150,Hawkesdale,VIC,21704,156,308
21151,Hawkhurst,VIC,20502,3,6
21152,Hawthorn (Vic.),VIC,20701,11894,22343
21153,Hawthorn East,VIC,20701,7714,14831
21154,Hazel Park,VIC,20503,26,55
21155,Hazelwood,VIC,20504,84,189
21156,Hazelwood North,VIC,20504,574,1547
21157,Hazelwood South,VIC,20504,115,287
21158,Healesville,VIC,21105,3339,7602
21159,Heath Hill,VIC,20501,35,82
21159,Heath Hill,VIC,21201,40,110
21160,Heathcote (Vic.),VIC,20202,1705,2941
21161,Heathcote Junction,VIC,20904,297,812
21162,Heathcote South,VIC,20401,22,22
21163,Heatherton,VIC,20803,1036,2811
21164,Heathmere,VIC,21701,107,234
21165,Heathmont,VIC,21103,3843,9912
21166,Hedley,VIC,20503,53,82
21166,Hedley,VIC,20505,14,23
21167,Heidelberg,VIC,20901,3538,7364
21168,Heidelberg Heights,VIC,20901,3220,6761
21169,Heidelberg West,VIC,20901,2465,5252
21170,Hensley Park,VIC,21701,37,75
21171,Henty (Vic.),VIC,21701,36,75
21172,Hepburn,VIC,20102,395,643
21173,Hepburn Springs,VIC,20102,345,382
21174,Herne Hill (Vic.),VIC,20302,1755,3504
21175,Hernes Oak,VIC,20504,127,365
21176,Hesket,VIC,21002,99,183
21177,Hesse,VIC,20301,6,14
21178,Hexham (Vic.),VIC,21704,62,133
21179,Heyfield,VIC,20505,940,2048
21180,Heytesbury Lower,VIC,21703,17,39
21181,Heywood,VIC,21701,876,1816
21182,Hiamdale,VIC,20505,10,36
21183,Hiawatha,VIC,20505,16,18
21184,High Camp,VIC,20401,49,113
21185,Highett,VIC,20801,3355,7978
21185,Highett,VIC,20803,2077,4065
21186,Highlands,VIC,20401,92,154
21187,Highton,VIC,20302,8121,20743
21188,Hilgay,VIC,21701,12,29
21189,Hill End (Vic.),VIC,20501,79,168
21190,Hillcrest (Vic.),VIC,20103,50,98
21191,Hilldene,VIC,20401,147,318
21192,Hillside (East Gippsland - Vic.),VIC,20502,120,296
21193,Hillside (Melton - Vic.),VIC,21301,421,1156
21193,Hillside (Melton - Vic.),VIC,21304,5271,16191
21194,Hinnomunjie,VIC,20502,12,21
21195,Hmas Cerberus,VIC,21402,106,1122
21196,Hoddles Creek,VIC,21105,259,676
21197,Hollands Landing,VIC,20502,0,0
21197,Hollands Landing,VIC,20505,17,28
21198,Homebush (Vic.),VIC,20103,17,31
21199,Homerton,VIC,21701,18,36
21200,Homewood,VIC,20401,36,70
21201,Hopetoun (Vic.),VIC,21501,406,694
21202,Hopetoun Park,VIC,21304,279,921
21203,Hoppers Crossing,VIC,21305,13907,37160
21204,Hordern Vale,VIC,21703,31,44
21205,Horfield,VIC,21503,43,93
21206,Horsham,VIC,21501,7325,15125
21207,Hotham Heights,VIC,20403,359,133
21208,Hotspur,VIC,21701,22,35
21209,Howes Creek,VIC,20401,41,65
21210,Howitt Plains,VIC,20401,0,0
21210,Howitt Plains,VIC,20505,0,0
21211,Howqua,VIC,20401,53,156
21212,Howqua Hills,VIC,20401,4,5
21213,Howqua Inlet,VIC,20401,134,65
21214,Hughesdale,VIC,20802,3342,7542
21215,Humevale,VIC,20904,123,354
21216,Hunter,VIC,20203,11,23
21217,Hunterston,VIC,20505,15,20
21218,Huntingdale (Vic.),VIC,21205,784,1957
21219,Huntly,VIC,20201,1297,3581
21220,Huntly North,VIC,20203,12,46
21221,Huon,VIC,20403,86,216
21222,Huon Creek,VIC,20403,105,323
21223,Hurstbridge,VIC,20903,1297,3537
21224,Icy Creek,VIC,20501,19,28
21225,Iguana Creek,VIC,20502,30,51
21226,Illabarook,VIC,20103,16,41
21227,Illawarra,VIC,21501,30,80
21228,Illowa,VIC,21704,118,305
21229,Indented Head,VIC,20303,1261,1386
21230,Indigo Valley,VIC,20403,140,340
21231,Inglewood (Vic.),VIC,20203,465,889
21232,Ingliston,VIC,20102,38,96
21233,Invergordon (Vic.),VIC,21602,253,606
21234,Inverleigh,VIC,20301,608,1752
21235,Inverloch,VIC,20503,4642,6504
21236,Invermay (Vic.),VIC,20101,304,897
21237,Invermay Park,VIC,20101,705,1687
21238,Iona,VIC,21201,90,234
21239,Iraak,VIC,21502,60,118
21240,Irishtown (Vic.),VIC,20202,5,16
21241,Ironbark (Vic.),VIC,20201,562,1170
21242,Irrewarra,VIC,21703,153,372
21243,Irrewillipe,VIC,21703,47,95
21244,Irrewillipe East,VIC,21703,38,84
21245,Irymple (Vic.),VIC,21502,2401,5984
21246,Ivanhoe (Vic.),VIC,20901,6152,13392
21247,Ivanhoe East,VIC,20901,1513,3760
21248,Jacana,VIC,21005,902,2188
21249,Jack River,VIC,20505,76,164
21250,Jackass Flat,VIC,20201,698,1909
21251,Jacob Creek,VIC,20501,18,30
21252,Jam Jerrup,VIC,20503,71,112
21253,Jamieson (Vic.),VIC,20401,425,384
21254,Jan Juc,VIC,20303,1911,4154
21255,Jancourt,VIC,21703,11,16
21256,Jancourt East,VIC,21703,83,183
21257,Jarklin,VIC,20203,23,51
21258,Jarrahmond,VIC,20502,56,112
21259,Jarvis Creek,VIC,20403,17,46
21260,Jeeralang,VIC,20504,45,76
21261,Jeeralang Junction,VIC,20504,244,590
21262,Jeetho,VIC,20503,58,124
21263,Jeffcott,VIC,21503,16,34
21264,Jeffcott North,VIC,21503,6,18
21265,Jeparit,VIC,21501,331,468
21266,Jericho (Vic.),VIC,20501,0,0
21267,Jeruk,VIC,21503,0,3
21268,Jil Jil,VIC,21503,6,17
21269,Jindivick,VIC,20501,247,582
21270,Joel Joel,VIC,21501,10,17
21271,Joel South,VIC,21501,13,26
21272,Johanna,VIC,21703,77,84
21273,Johnsonville,VIC,20502,174,317
21274,Joyces Creek,VIC,20202,12,16
21275,Jumbuk,VIC,20504,19,40
21276,Jumbunna,VIC,20503,74,150
21277,Junction Village,VIC,21203,456,1051
21278,Jungaburra,VIC,20203,0,0
21279,Junortoun,VIC,20201,1412,3840
21279,Junortoun,VIC,20203,0,0
21280,Kaarimba,VIC,21602,40,96
21281,Kadnook,VIC,21501,23,41
21282,Kalimna,VIC,20502,682,1345
21283,Kalimna West,VIC,20502,80,161
21284,Kalkallo,VIC,21005,1886,5543
21285,Kalkee,VIC,21501,26,48
21286,Kallista,VIC,21105,609,1418
21287,Kalorama,VIC,21105,542,1280
21288,Kalpienung,VIC,21503,9,28
21289,Kamarooka,VIC,20203,30,97
21290,Kamarooka North,VIC,20203,7,9
21291,Kanagulk,VIC,21501,11,28
21292,Kancoona,VIC,20403,44,74
21293,Kangaroo Flat (Vic.),VIC,20201,5166,11313
21294,Kangaroo Ground,VIC,20903,391,1215
21295,Kaniva,VIC,21501,475,893
21296,Kanumbra,VIC,20401,39,53
21297,Kanya,VIC,21501,5,17
21298,Kanyapella,VIC,21601,26,51
21299,Karabeal,VIC,21701,14,29
21300,Kardella,VIC,20503,71,169
21301,Kardella South,VIC,20503,52,135
21302,Kariah,VIC,21703,43,94
21303,Karnak,VIC,21501,14,9
21304,Karramomus,VIC,21603,19,40
21305,Karyrie,VIC,21503,7,15
21306,Katamatite,VIC,21602,196,450
21307,Katamatite East,VIC,21602,16,30
21308,Katandra,VIC,21603,51,120
21309,Katandra West,VIC,21603,209,491
21310,Katunga,VIC,21602,408,1026
21311,Kawarren,VIC,21703,102,187
21312,Kealba,VIC,21301,1235,3229
21313,Keely,VIC,21503,24,57
21314,Keilor,VIC,21001,2300,5834
21314,Keilor,VIC,21005,28,62
21314,Keilor,VIC,21301,0,0
21315,Keilor Downs,VIC,21301,3660,9879
21316,Keilor East,VIC,21001,5998,15076
21317,Keilor Lodge,VIC,21301,612,1673
21318,Keilor North,VIC,21301,26,65
21319,Keilor Park,VIC,21001,1127,2699
21320,Kellalac,VIC,21501,15,13
21321,Kelvin View,VIC,20401,38,76
21322,Kenley,VIC,21503,32,64
21323,Kenmare (Vic.),VIC,21501,3,3
21324,Kennedys Creek,VIC,21703,27,44
21325,Kennett River,VIC,21703,167,76
21326,Kennington,VIC,20201,2759,5900
21327,Kensington (Vic.),VIC,20604,5532,10731
21328,Kerang,VIC,21503,1986,3938
21329,Kerang East,VIC,21503,24,44
21330,Kergunyah,VIC,20403,103,232
21331,Kergunyah South,VIC,20403,34,76
21332,Kernot,VIC,20503,56,118
21333,Kerrie,VIC,21002,47,83
21334,Kerrisdale,VIC,20401,55,86
21335,Kevington,VIC,20401,67,39
21336,Kew (Vic.),VIC,20701,10604,24508
21337,Kew East,VIC,20701,2634,6623
21338,Kewell,VIC,21501,27,57
21339,Keysborough,VIC,21204,9722,30071
21340,Kialla,VIC,21603,3062,8665
21341,Kialla East,VIC,21603,75,172
21342,Kialla West,VIC,21603,152,410
21343,Kiata,VIC,21501,35,64
21344,Kiewa,VIC,20403,177,482
21345,Kilcunda,VIC,20503,382,570
21346,Killara (Glenelg - Vic.),VIC,21701,5,9
21347,Killara (Wodonga - Vic.),VIC,20403,539,1498
21348,Killarney (Vic.),VIC,21704,86,196
21349,Killawarra (Vic.),VIC,20402,162,400
21350,Killingworth (Vic.),VIC,20401,81,154
21351,Kilmany,VIC,20505,76,165
21352,Kilmore,VIC,20401,3768,9253
21353,Kilmore East,VIC,20401,174,444
21354,Kilsyth,VIC,21103,787,1794
21354,Kilsyth,VIC,21105,4191,9893
21355,Kilsyth South,VIC,21103,956,2853
21356,Kimbolton (Vic.),VIC,20202,49,94
21357,King Valley,VIC,20402,37,87
21358,Kinglake,VIC,20903,730,1667
21359,Kinglake Central,VIC,20903,171,417
21360,Kinglake West,VIC,20903,460,1187
21360,Kinglake West,VIC,20904,42,101
21361,Kingower,VIC,20203,26,45
21362,Kings Park (Vic.),VIC,21301,2872,8222
21363,Kingsbury,VIC,20902,1555,3459
21364,Kingston (Vic.),VIC,20102,93,186
21365,Kingsville,VIC,21303,1858,3905
21366,Kinnabulla,VIC,21503,14,26
21367,Kinypanial,VIC,20203,5,12
21368,Kirkstall,VIC,21704,176,406
21369,Kirwans Bridge,VIC,20401,99,132
21370,Kithbrook,VIC,20401,46,71
21371,Knebsworth,VIC,21704,13,22
21372,Knockwood,VIC,20401,3,0
21373,Knowsley,VIC,20202,91,169
21374,Knoxfield,VIC,21101,3069,7632
21375,Koallah,VIC,21703,17,28
21376,Koetong,VIC,20403,11,25
21377,Kolora,VIC,21704,78,184
21378,Kongwak,VIC,20503,109,203
21379,Konongwootong,VIC,21701,34,60
21380,Koo Wee Rup,VIC,21201,1528,4059
21381,Koo Wee Rup North,VIC,21201,18,47
21382,Kooloonong,VIC,21503,16,19
21383,Koonda,VIC,20401,17,26
21384,Koondrook,VIC,21503,552,1091
21385,Koonoomoo,VIC,21602,129,303
21386,Koonwarra,VIC,20503,175,369
21387,Kooreh,VIC,21501,16,29
21388,Koorlong,VIC,21502,149,391
21389,Koornalla,VIC,20504,40,89
21390,Kooroocheang,VIC,20102,16,39
21391,Koorool,VIC,20505,0,0
21392,Koorooman,VIC,20503,47,115
21393,Kooyong,VIC,20804,382,853
21394,Koriella,VIC,20401,37,66
21395,Korobeit,VIC,20102,30,75
21396,Koroit,VIC,21704,971,2175
21397,Korong Vale,VIC,20203,111,149
21398,Koroop,VIC,21503,35,58
21399,Korumburra,VIC,20503,2207,4761
21400,Korumburra South,VIC,20503,51,114
21401,Korweinguboora,VIC,20102,107,193
21402,Kotta,VIC,21601,54,134
21403,Kotupna,VIC,21602,61,126
21404,Koyuga,VIC,21601,137,351
21405,Krowera,VIC,20503,60,134
21406,Kulwin (Vic.),VIC,21502,7,16
21407,Kunat,VIC,21503,13,45
21408,Kurraca,VIC,20203,0,5
21409,Kurraca West,VIC,20203,3,0
21410,Kurting,VIC,20203,35,61
21411,Kurunjang,VIC,21304,3961,10713
21412,Kyabram,VIC,21601,3436,7417
21413,Kyabram South,VIC,21603,28,69
21414,Kyneton,VIC,20202,3335,7492
21415,Kyneton South,VIC,20202,49,116
21416,Kyvalley,VIC,21601,137,363
21417,Laanecoorie,VIC,20203,111,181
21418,Laang,VIC,21704,53,115
21419,Labertouche,VIC,20501,146,390
21420,Laceby,VIC,20402,128,305
21421,Ladys Pass,VIC,20202,79,118
21422,Laen,VIC,21503,4,4
21423,Laen East,VIC,21503,3,6
21424,Laen North,VIC,21503,8,14
21425,Lah,VIC,21501,20,57
21426,Laharum,VIC,21501,92,164
21427,Lake Boga,VIC,21503,488,998
21428,Lake Bolac,VIC,21501,197,371
21429,Lake Bunga,VIC,20502,204,405
21430,Lake Charm,VIC,21503,62,149
21431,Lake Condah,VIC,21701,3,9
21432,Lake Eildon,VIC,20401,10,3
21433,Lake Eppalock,VIC,20202,0,0
21434,Lake Fyans,VIC,21501,13,23
21435,Lake Gardens,VIC,20101,811,1792
21436,Lake Goldsmith,VIC,20103,20,22
21437,Lake Lonsdale,VIC,21501,30,54
21438,Lake Marmal,VIC,20203,16,22
21438,Lake Marmal,VIC,21503,0,0
21439,Lake Meran,VIC,20203,0,0
21439,Lake Meran,VIC,21503,16,22
21440,Lake Mundi,VIC,21701,23,37
21441,Lake Powell,VIC,21503,38,86
21442,Lake Rowan,VIC,21602,28,61
21443,Lake Tyers,VIC,20502,8,4
21444,Lake Tyers Beach,VIC,20502,539,798
21445,Lake Tyrrell,VIC,21503,0,0
21446,Lake Wellington,VIC,20505,0,0
21447,Lake Wendouree,VIC,20101,1336,2870
21448,Lake Wongan,VIC,21501,3,3
21449,Lakes Entrance,VIC,20502,3120,5121
21450,Lal Lal,VIC,20102,257,624
21451,Lalbert,VIC,21503,68,136
21452,Lalor,VIC,20904,8728,23267
21453,Lamplough,VIC,20103,30,49
21454,Lancaster,VIC,21601,152,382
21454,Lancaster,VIC,21603,10,11
21455,Lance Creek,VIC,20503,56,143
21456,Lancefield,VIC,21002,1131,2735
21457,Landsborough (Vic.),VIC,20103,124,193
21458,Landsborough West,VIC,21501,21,49
21459,Lang Lang,VIC,20503,17,43
21459,Lang Lang,VIC,21201,1012,2527
21460,Lang Lang East,VIC,21201,36,94
21461,Langdons Hill,VIC,20102,16,23
21462,Langi Kal Kal,VIC,20103,14,328
21463,Langi Logan,VIC,21501,11,23
21464,Langkoop,VIC,21501,57,101
21465,Langley,VIC,20202,24,52
21466,Langsborough,VIC,20505,52,100
21467,Langwarrin,VIC,21401,9090,23623
21468,Langwarrin South,VIC,21401,420,1350
21469,Lara,VIC,20302,6864,19009
21470,Lardner,VIC,20501,53,110
21471,Larpent,VIC,21703,88,195
21472,Lascelles,VIC,21501,47,81
21473,Launching Place,VIC,21105,944,2488
21474,Lauriston,VIC,20202,119,248
21475,Lavers Hill,VIC,21703,67,94
21476,Laverton (Vic.),VIC,21305,2157,4744
21477,Laverton North,VIC,21305,82,125
21478,Lawler,VIC,21503,3,16
21479,Lawloit,VIC,21501,8,14
21480,Lawrence (Vic.),VIC,20102,6,8
21481,Leaghur,VIC,20203,9,20
21482,Learmonth (Vic.),VIC,20102,171,392
21483,Ledcourt,VIC,21501,19,40
21484,Leichardt,VIC,20202,57,172
21485,Leigh Creek (Vic.),VIC,20102,27,65
21486,Leitchville,VIC,20203,5,10
21486,Leitchville,VIC,21503,293,565
21487,Lemnos,VIC,21603,98,250
21488,Leneva,VIC,20403,453,1320
21489,Leonards Hill,VIC,20102,24,51
21490,Leongatha,VIC,20503,2764,5856
21491,Leongatha North,VIC,20503,58,141
21492,Leongatha South,VIC,20503,240,608
21493,Leopold,VIC,20302,5383,13264
21494,Lerderderg,VIC,20102,0,0
21495,Leslie Manor,VIC,21703,30,66
21496,Lethbridge,VIC,20301,427,1185
21497,Lexton,VIC,20103,143,280
21498,Licola,VIC,20505,12,7
21499,Licola North,VIC,20401,0,0
21499,Licola North,VIC,20505,8,9
21500,Lillico (Vic.),VIC,20501,35,94
21501,Lillicur,VIC,20103,38,87
21502,Lillimur,VIC,21501,53,112
21503,Lilliput,VIC,20402,31,84
21504,Lilydale (Vic.),VIC,21105,7144,17361
21505,Lima,VIC,20402,40,92
21506,Lima East,VIC,20402,81,168
21507,Lima South,VIC,20402,68,140
21508,Limestone (Vic.),VIC,20401,71,120
21509,Lindenow,VIC,20502,214,521
21510,Lindenow South,VIC,20502,197,485
21511,Lindsay,VIC,21701,6,9
21512,Lindsay Point,VIC,21502,20,32
21513,Linga,VIC,21502,9,13
21514,Linton,VIC,20103,345,636
21515,Liparoo,VIC,21503,13,33
21516,Lismore (Vic.),VIC,21703,301,478
21517,Litchfield,VIC,21503,19,36
21518,Little Desert,VIC,21501,3,5
21519,Little Hampton,VIC,20102,45,74
21520,Little River (Vic.),VIC,20302,201,619
21520,Little River (Vic.),VIC,21305,277,741
21521,Llanelly,VIC,20203,31,66
21522,Llowalong,VIC,20505,15,42
21523,Loch,VIC,20503,319,702
21524,Loch Sport,VIC,20505,1790,1028
21525,Loch Valley,VIC,20501,0,0
21526,Lockington,VIC,21601,368,856
21527,Locksley (Vic.),VIC,20401,54,131
21528,Lockwood,VIC,20202,290,808
21529,Lockwood South,VIC,20202,380,1049
21530,Loddon Vale,VIC,20203,12,24
21531,Logan,VIC,20203,30,47
21531,Logan,VIC,21501,3,11
21532,Londrigan,VIC,20402,67,164
21533,Long Forest,VIC,21304,109,344
21534,Long Gully,VIC,20201,1642,3414
21535,Longerenong,VIC,21501,90,240
21536,Longford (Vic.),VIC,20505,561,1507
21537,Longlea,VIC,20203,208,566
21538,Longwarry,VIC,20501,974,2395
21538,Longwarry,VIC,21201,27,58
21539,Longwarry North,VIC,20501,128,237
21540,Longwood (Vic.),VIC,20401,133,268
21541,Longwood East,VIC,20401,89,131
21542,Lorne (Vic.),VIC,20303,1784,1323
21543,Lorquon,VIC,21501,5,8
21544,Lovely Banks,VIC,20302,1003,2770
21545,Lower Moira,VIC,21602,30,30
21546,Lower Norton,VIC,21501,91,238
21547,Lower Plenty,VIC,20901,1589,3965
21548,Loy Yang,VIC,20504,8,7
21549,Lubeck,VIC,21501,18,39
21550,Lucas,VIC,20101,1122,2985
21551,Lucknow (Vic.),VIC,20502,616,1441
21552,Lucyvale,VIC,20403,7,25
21553,Lurg,VIC,20402,95,224
21554,Lynbrook,VIC,21203,2572,9103
21555,Lyndhurst (Vic.),VIC,21203,2639,8882
21555,Lyndhurst (Vic.),VIC,21204,5,14
21556,Lyons (Vic.),VIC,21701,18,31
21557,Lyonville,VIC,20102,118,188
21558,Lysterfield,VIC,21101,2135,6579
21558,Lysterfield,VIC,21105,28,96
21559,Lysterfield South,VIC,21202,300,988
21560,Macarthur (Vic.),VIC,21704,265,465
21561,Macclesfield (Vic.),VIC,21105,336,882
21562,Macedon,VIC,21002,776,2069
21563,Macks Creek,VIC,20505,15,35
21564,Macleod (Vic.),VIC,20901,3285,7581
21564,Macleod (Vic.),VIC,20902,945,2345
21565,Macorna,VIC,20203,10,12
21565,Macorna,VIC,21503,34,54
21566,Macorna North,VIC,21503,10,31
21567,Macs Cove,VIC,20401,143,124
21568,Madalya,VIC,20505,21,21
21569,Maddingley,VIC,21304,2054,5469
21570,Mafeking,VIC,21501,9,20
21571,Maffra (Vic.),VIC,20505,2435,5365
21572,Maffra West Upper,VIC,20505,37,73
21573,Magpie,VIC,20101,124,365
21574,Maiden Gully,VIC,20201,1849,5402
21575,Maidstone,VIC,21303,4068,9414
21576,Mailors Flat,VIC,21704,165,485
21577,Main Lead,VIC,20103,25,42
21578,Main Ridge,VIC,21402,286,454
21579,Maindample,VIC,20401,122,244
21580,Maintongoon,VIC,20401,55,72
21581,Major Plains,VIC,20402,18,33
21582,Majorca,VIC,20103,106,195
21583,Maldon (Vic.),VIC,20202,1043,1647
21584,Mallacoota,VIC,20502,816,1184
21585,Malmsbury,VIC,20202,415,903
21586,Malvern (Vic.),VIC,20606,171,310
21586,Malvern (Vic.),VIC,20804,4623,9627
21587,Malvern East,VIC,20804,9970,22283
21588,Mambourin,VIC,21305,113,315
21589,Manangatang,VIC,21503,148,273
21590,Mandurang,VIC,20202,289,762
21591,Mandurang South,VIC,20202,103,279
21592,Mangalore (Vic.),VIC,20401,89,179
21593,Manifold Heights,VIC,20302,1180,2664
21594,Mannerim,VIC,20303,50,103
21595,Mannibadar,VIC,20103,28,65
21596,Manns Beach,VIC,20505,77,32
21597,Manor Lakes,VIC,21305,4046,12631
21598,Manorina,VIC,20502,9,7
21599,Mansfield (Vic.),VIC,20401,2728,5533
21600,Maramingo Creek,VIC,20502,9,6
21601,Marcus Hill,VIC,20303,79,166
21602,Mardan,VIC,20503,103,245
21603,Marengo (Vic.),VIC,21703,301,273
21604,Maribyrnong,VIC,21303,6040,12588
21605,Marionvale,VIC,21603,45,117
21606,Markwood,VIC,20402,128,228
21607,Marlbed,VIC,21503,5,6
21608,Marlo,VIC,20502,432,595
21609,Marnoo,VIC,21501,43,104
21610,Marnoo East,VIC,21501,7,6
21611,Marnoo West,VIC,21501,10,11
21612,Marong,VIC,20202,715,1968
21612,Marong,VIC,20203,11,24
21613,Maroona,VIC,21501,46,80
21614,Marraweeney,VIC,20401,43,77
21615,Marshall,VIC,20302,1093,2289
21616,Marthavale,VIC,20502,0,0
21617,Marungi,VIC,21602,37,72
21617,Marungi,VIC,21603,16,25
21618,Maryborough (Vic.),VIC,20103,4216,8164
21619,Maryknoll,VIC,21201,214,645
21620,Marysville,VIC,20401,365,492
21621,Maryvale (Vic.),VIC,20504,18,40
21622,Massey,VIC,21503,12,23
21623,Matlock,VIC,20401,12,9
21624,Maude (Vic.),VIC,20301,76,211
21625,McCrae,VIC,21402,2150,3349
21626,McIntyre,VIC,20203,41,47
21627,McKenzie Creek,VIC,21501,58,140
21628,McKenzie Hill,VIC,20202,352,769
21629,McKinnon,VIC,20802,2565,6894
21630,McLoughlins Beach,VIC,20505,150,118
21631,McMahons Creek,VIC,20401,77,137
21632,McMillans,VIC,21503,37,87
21633,Mead,VIC,21503,44,102
21634,Meadow Creek,VIC,20402,44,109
21635,Meadow Heights,VIC,21005,4775,14879
21636,Meatian,VIC,21503,10,24
21637,Meeniyan,VIC,20503,377,836
21638,Meering West,VIC,20203,3,6
21638,Meering West,VIC,21503,4,9
21639,Meerlieu,VIC,20505,33,90
21640,Melbourne,VIC,20604,35997,45819
21640,Melbourne,VIC,20605,6557,9105
21641,Melbourne Airport,VIC,21005,14,64
21642,Melton (Vic.),VIC,21304,3527,7996
21643,Melton South,VIC,21304,4472,11358
21644,Melton West,VIC,21304,3292,8782
21645,Melville Forest,VIC,21701,25,63
21646,Melwood,VIC,20502,14,17
21647,Mena Park,VIC,20103,19,32
21648,Mentone,VIC,20803,6381,13168
21649,Menzies Creek,VIC,21105,347,969
21650,Mepunga,VIC,21704,18,36
21651,Mepunga East,VIC,21704,27,73
21652,Mepunga West,VIC,21704,36,83
21653,Merbein,VIC,21502,1269,2740
21654,Merbein South,VIC,21502,163,410
21655,Merbein West,VIC,21502,85,224
21656,Meredith,VIC,20301,353,819
21657,Meringur,VIC,21502,48,70
21658,Merino,VIC,21701,148,257
21659,Mernda,VIC,20904,8113,23424
21660,Merriang,VIC,20403,71,178
21661,Merriang South,VIC,20403,17,43
21662,Merricks,VIC,21402,108,188
21663,Merricks Beach,VIC,21402,249,154
21664,Merricks North,VIC,21402,246,419
21665,Merrigum,VIC,21603,317,676
21666,Merrijig (East Gippsland - Vic.),VIC,20502,0,0
21667,Merrijig (Mansfield - Vic.),VIC,20401,434,712
21668,Merrimu,VIC,21304,130,395
21669,Merrinee,VIC,21502,18,42
21670,Merton,VIC,20401,180,215
21671,Metcalfe,VIC,20202,106,196
21672,Metcalfe East,VIC,20202,19,25
21673,Metung,VIC,20502,1232,1898
21674,Mia Mia (Vic.),VIC,20202,120,170
21674,Mia Mia (Vic.),VIC,20401,28,43
21675,Mickleham,VIC,21005,5701,17432
21676,Middle Creek,VIC,20103,11,25
21677,Middle Park (Vic.),VIC,20605,2013,3994
21678,Middle Tarwin,VIC,20503,40,91
21679,Miepoll,VIC,20401,104,224
21680,Miga Lake,VIC,21501,17,33
21681,Milawa,VIC,20402,256,583
21682,Mildura,VIC,21502,15659,34594
21683,Mill Park,VIC,20904,10777,28687
21684,Millbrook (Vic.),VIC,20102,69,183
21685,Millgrove,VIC,21105,785,1678
21686,Milloo,VIC,20203,0,0
21686,Milloo,VIC,21601,19,37
21687,Milltown,VIC,21701,31,51
21688,Milnes Bridge,VIC,21503,12,31
21689,Mincha,VIC,20203,28,62
21690,Mincha West,VIC,21503,16,16
21691,Miners Rest,VIC,20101,1378,3831
21692,Mingay,VIC,21703,20,44
21693,Minhamite,VIC,21704,42,106
21694,Minimay,VIC,21501,44,64
21695,Mininera,VIC,21501,24,51
21696,Minjah,VIC,21704,30,65
21697,Minmindie,VIC,20203,4,13
21698,Minyip,VIC,21501,292,522
21699,Miowera,VIC,20505,0,0
21700,Miralie,VIC,21503,0,0
21701,Miram,VIC,21501,20,36
21702,Mirboo,VIC,20503,129,252
21702,Mirboo,VIC,20504,51,85
21703,Mirboo North,VIC,20503,982,2260
21704,Mirimbah,VIC,20401,0,0
21705,Mirranatwa,VIC,21701,19,31
21706,Mitcham (Vic.),VIC,21104,7062,16816
21707,Mitchell Park (Vic.),VIC,20101,359,893
21708,Mitchellstown,VIC,20401,48,71
21709,Mitiamo,VIC,20203,61,107
21709,Mitiamo,VIC,21601,8,6
21710,Mitre,VIC,21501,42,71
21711,Mitta Mitta,VIC,20403,112,171
21711,Mitta Mitta,VIC,20502,0,0
21712,Mittyack,VIC,21502,9,12
21713,Mockinya,VIC,21501,11,30
21714,Modella,VIC,20501,40,105
21714,Modella,VIC,21201,23,64
21715,Modewarre,VIC,20301,104,277
21716,Moe,VIC,20504,4985,9431
21717,Moe South,VIC,20504,202,534
21718,Moggs Creek,VIC,20303,191,119
21719,Moglonemby,VIC,20401,14,28
21720,Mokepilly,VIC,21501,0,6
21721,Molesworth (Vic.),VIC,20401,52,91
21722,Moliagul,VIC,20103,53,76
21723,Molka,VIC,20401,19,34
21724,Mollongghip,VIC,20102,45,100
21725,Mologa,VIC,20203,19,21
21726,Molyullah,VIC,20402,83,169
21727,Monbulk,VIC,21105,1438,3657
21728,Monegeetta,VIC,21002,79,204
21729,Mongans Bridge,VIC,20403,24,49
21730,Monomak,VIC,20505,0,0
21731,Monomeith,VIC,21201,34,74
21732,Mont Albert,VIC,20701,57,150
21732,Mont Albert,VIC,20703,2132,4801
21733,Mont Albert North,VIC,20703,2293,5633
21734,Montgomery,VIC,20505,22,65
21735,Montmorency,VIC,20901,3830,9263
21736,Montrose (Vic.),VIC,21105,2506,6888
21737,Moolap,VIC,20302,762,1814
21738,Moolerr,VIC,21501,11,23
21739,Moolort,VIC,20103,18,47
21740,Moonambel,VIC,20103,128,193
21741,Moondarra,VIC,20501,23,49
21742,Moonee Ponds,VIC,20603,8120,16154
21743,Moonlight Flat (Central Goldfields - Vic.),VIC,20103,48,86
21744,Moonlight Flat (Mount Alexander - Vic.),VIC,20202,35,81
21745,Moora (Vic.),VIC,21601,12,32
21746,Moorabbin,VIC,20803,2803,6285
21747,Moorabbin Airport,VIC,20803,3,26
21748,Moorabool,VIC,20302,39,85
21749,Mooralla,VIC,21701,42,79
21750,Moorilim,VIC,20401,11,13
21750,Moorilim,VIC,21603,6,16
21751,Moormbool West,VIC,20401,43,46
21752,Moornapa,VIC,20505,0,5
21753,Moorngag,VIC,20402,40,75
21754,Moorooduc,VIC,21402,396,995
21755,Mooroolbark,VIC,21105,8622,23107
21756,Mooroopna,VIC,21603,3905,8295
21757,Mooroopna North,VIC,21603,55,152
21758,Mooroopna North West,VIC,21603,37,67
21759,Moranding,VIC,20401,79,191
21760,Mordialloc,VIC,20803,3867,8895
21761,Morgiana,VIC,21701,16,29
21762,Moriac,VIC,20301,298,867
21763,Mornington (Vic.),VIC,21402,11927,25761
21764,Moroka,VIC,20505,0,0
21765,Morrisons,VIC,20102,62,120
21766,Morrl Morrl,VIC,21501,0,0
21767,Mortlake (Vic.),VIC,21704,750,1460
21768,Morton Plains,VIC,21503,4,10
21769,Morwell,VIC,20504,7014,14389
21770,Mossiface,VIC,20502,56,138
21771,Mount Alfred,VIC,20403,21,39
21772,Mount Beauty,VIC,20403,580,911
21773,Mount Beckworth,VIC,20102,9,15
21774,Mount Best,VIC,20503,33,46
21775,Mount Bolton,VIC,20102,16,29
21776,Mount Bruno,VIC,20402,27,47
21777,Mount Buffalo,VIC,20403,0,5
21778,Mount Buller,VIC,20401,354,330
21779,Mount Burnett,VIC,21201,70,178
21780,Mount Bute,VIC,21703,28,61
21781,Mount Camel,VIC,20202,98,128
21782,Mount Cameron,VIC,20103,8,15
21783,Mount Clear,VIC,20101,1514,3680
21784,Mount Cole,VIC,21501,8,21
21785,Mount Cole Creek,VIC,21501,3,10
21786,Mount Cottrell,VIC,21304,89,247
21786,Mount Cottrell,VIC,21305,89,247
21787,Mount Dandenong,VIC,21105,529,1270
21788,Mount Doran,VIC,20102,68,118
21789,Mount Dryden,VIC,21501,8,8
21790,Mount Duneed,VIC,20302,2241,5739
21790,Mount Duneed,VIC,20303,149,422
21791,Mount Eccles,VIC,20503,53,139
21792,Mount Egerton,VIC,20102,355,691
21793,Mount Eliza,VIC,21402,6917,18728
21794,Mount Emu,VIC,20103,15,28
21795,Mount Evelyn,VIC,21105,3559,9791
21796,Mount Franklin,VIC,20102,51,98
21797,Mount Glasgow,VIC,20103,54,91
21798,Mount Helen,VIC,20101,1071,3028
21799,Mount Hooghly,VIC,20103,11,18
21800,Mount Lonarch,VIC,20103,30,44
21801,Mount Macedon,VIC,21002,640,1451
21802,Mount Major,VIC,21603,6,10
21803,Mount Martha,VIC,21402,8422,19856
21804,Mount Mercer,VIC,20301,42,94
21805,Mount Moriac,VIC,20301,89,256
21806,Mount Napier,VIC,21701,4,16
21807,Mount Pleasant (Vic.),VIC,20101,1058,2229
21808,Mount Prospect,VIC,20102,22,41
21809,Mount Richmond,VIC,21701,14,40
21810,Mount Rowan,VIC,20101,120,290
21811,Mount Sabine,VIC,21703,0,0
21812,Mount Tassie,VIC,20504,0,0
21813,Mount Taylor,VIC,20502,145,329
21814,Mount Toolebewong,VIC,21105,80,119
21815,Mount Wallace,VIC,20102,54,117
21816,Mount Waverley,VIC,21205,13889,35354
21817,Mountain Bay,VIC,20401,56,54
21818,Mountain View (Vic.),VIC,20501,53,85
21819,Moutajup,VIC,21701,44,108
21820,Moyhu,VIC,20402,199,432
21821,Moyreisk,VIC,21501,20,31
21822,Moyston,VIC,21501,180,395
21823,Muckatah,VIC,21602,65,174
21824,Muckleford,VIC,20202,180,429
21825,Muckleford South,VIC,20202,27,35
21826,Mudgegonga,VIC,20403,90,188
21827,Mulgrave (Vic.),VIC,21205,7387,19870
21828,Mumbannar,VIC,21701,43,98
21829,Mundoona,VIC,21602,64,138
21830,Munro,VIC,20505,72,171
21831,Muntham,VIC,21701,14,27
21832,Murchison (Vic.),VIC,21603,451,890
21833,Murchison East,VIC,21603,99,145
21834,Murchison North,VIC,21603,80,181
21835,Murgheboluc,VIC,20301,41,132
21836,Murmungee,VIC,20402,36,69
21837,Murnungin,VIC,21503,6,14
21838,Murphys Creek (Vic.),VIC,20203,27,51
21839,Murra Warra,VIC,21501,28,67
21840,Murrabit,VIC,21503,104,235
21841,Murrabit West,VIC,21503,16,41
21842,Murrawee,VIC,21503,46,126
21843,Murray-sunset,VIC,21502,9,9
21844,Murraydale,VIC,21503,51,105
21845,Murrayville,VIC,21502,156,275
21846,Murrindal,VIC,20502,6,8
21847,Murrindindi,VIC,20401,90,119
21848,Murroon,VIC,21703,51,92
21849,Murrumbeena,VIC,20802,4658,10034
21850,Murtoa,VIC,21501,482,899
21851,Musk,VIC,20102,109,169
21852,Musk Vale,VIC,20102,82,171
21853,Muskerry,VIC,21601,35,59
21854,Myall (Buloke - Vic.),VIC,21503,5,17
21855,Myall (Gannawarra - Vic.),VIC,21503,49,98
21856,Myamyn,VIC,21701,35,62
21857,Myers Flat,VIC,20201,40,127
21857,Myers Flat,VIC,20203,171,415
21858,Myola (Vic.),VIC,21601,5,7
21859,Myrniong,VIC,20102,149,395
21860,Myrrhee,VIC,20402,95,162
21861,Myrtle Creek (Vic.),VIC,20202,25,70
21862,Myrtlebank,VIC,20505,48,131
21863,Myrtleford,VIC,20403,1602,3248
21864,Mysia,VIC,20203,16,26
21865,Mystic Park,VIC,21503,111,216
21866,Mywee,VIC,21602,16,20
21867,Nagambie,VIC,20401,1192,2257
21868,Nalangil,VIC,21703,22,72
21869,Nalinga,VIC,21603,15,26
21870,Nambrok,VIC,20505,120,284
21871,Nandaly,VIC,21503,27,29
21872,Nangana,VIC,21201,20,54
21873,Nangeela,VIC,21701,7,17
21874,Nangiloc,VIC,21502,93,147
21875,Nanneella,VIC,21601,153,426
21876,Nap Nap Marra,VIC,20505,0,0
21877,Napoleons,VIC,20103,209,553
21878,Nar Nar Goon,VIC,21201,393,1013
21879,Nar Nar Goon North,VIC,21201,299,831
21880,Narbethong,VIC,20401,108,197
21881,Nareeb,VIC,21704,25,49
21882,Nareen,VIC,21701,50,78
21883,Nareewillock,VIC,21503,10,24
21884,Nariel Valley,VIC,20403,40,92
21884,Nariel Valley,VIC,20502,0,0
21885,Naring,VIC,21602,49,120
21886,Naringal,VIC,21704,54,124
21887,Naringal East,VIC,21704,37,96
21888,Naroghid,VIC,21703,33,66
21889,Narracan,VIC,20501,131,266
21890,Narraport,VIC,21503,27,50
21891,Narrapumelap South,VIC,21501,14,31
21892,Narrawong,VIC,21701,214,461
21893,Narre Warren,VIC,21202,9949,27666
21893,Narre Warren,VIC,21203,0,0
21894,Narre Warren East,VIC,21105,140,436
21895,Narre Warren North,VIC,21202,2381,8025
21896,Narre Warren South,VIC,21202,314,1064
21896,Narre Warren South,VIC,21203,8967,29863
21897,Narrung (Vic.),VIC,21503,11,24
21898,Nathalia,VIC,21602,948,1979
21899,Natimuk,VIC,21501,291,545
21900,Natte Yallock,VIC,20103,42,68
21900,Natte Yallock,VIC,21501,7,29
21901,Natya,VIC,21503,21,40
21902,Navarre,VIC,20103,3,13
21902,Navarre,VIC,21501,47,83
21903,Navigators,VIC,20102,106,267
21904,Nayook,VIC,20501,38,70
21905,Neds Corner,VIC,21502,5,3
21906,Neereman,VIC,20202,12,23
21907,Neerim,VIC,20501,98,214
21908,Neerim East,VIC,20501,93,197
21909,Neerim Junction,VIC,20501,71,139
21910,Neerim North,VIC,20501,18,42
21911,Neerim South,VIC,20501,681,1597
21912,Neilborough,VIC,20203,189,378
21913,Nelse,VIC,20502,0,0
21914,Nelson (Vic.),VIC,21701,263,188
21915,Nerrena,VIC,20503,93,243
21916,Nerrin Nerrin,VIC,21501,17,34
21916,Nerrin Nerrin,VIC,21704,8,12
21917,Nerrina,VIC,20101,371,982
21918,Nerring,VIC,20103,7,14
21919,Netherby (Vic.),VIC,21501,54,111
21920,Neuarpurr,VIC,21501,27,56
21921,New Gisborne,VIC,21002,885,2503
21922,Newborough,VIC,20504,3198,6929
21923,Newbridge (Vic.),VIC,20203,99,170
21924,Newbury,VIC,20102,48,84
21925,Newcomb,VIC,20302,2411,4694
21926,Newfield,VIC,21703,28,59
21927,Newham,VIC,20202,242,525
21928,Newhaven,VIC,20503,335,542
21929,Newington (Vic.),VIC,20101,795,1843
21930,Newlands Arm,VIC,20502,426,869
21931,Newlyn,VIC,20102,64,134
21932,Newlyn North,VIC,20102,107,231
21933,Newmerella,VIC,20502,187,423
21934,Newport (Vic.),VIC,21302,5542,13665
21935,Newry,VIC,20505,200,454
21936,Newstead (Vic.),VIC,20202,425,822
21937,Newtown (Golden Plains - Vic.),VIC,20103,73,191
21938,Newtown (Greater Geelong - Vic.),VIC,20302,4515,10459
21939,Nhill,VIC,21501,1142,2383
21940,Nichols Point,VIC,21502,642,1698
21941,Nicholson (Vic.),VIC,20502,572,1320
21942,Niddrie,VIC,21001,2434,5900
21943,Nilma,VIC,20501,138,409
21944,Nilma North,VIC,20501,137,344
21945,Ninda,VIC,21503,5,9
21946,Nine Mile (Vic.),VIC,20203,16,12
21946,Nine Mile (Vic.),VIC,21503,0,6
21947,Nintingbool,VIC,20101,62,168
21948,Ninyeunook,VIC,21503,9,13
21949,Nirranda,VIC,21704,32,50
21950,Nirranda East,VIC,21703,6,12
21951,Nirranda South,VIC,21704,38,90
21952,Noble Park,VIC,21204,12578,32311
21953,Noble Park North,VIC,21204,2862,7452
21954,Noojee,VIC,20501,113,184
21955,Noorat,VIC,21703,154,315
21956,Noorat East,VIC,21703,7,17
21957,Noorinbee,VIC,20502,43,89
21958,Noorinbee North,VIC,20502,17,37
21959,Noradjuha,VIC,21501,42,89
21960,Norlane,VIC,20302,4355,8669
21961,Normanville (Vic.),VIC,21503,9,34
21962,Norong,VIC,20402,53,130
21963,North Bendigo,VIC,20201,1942,4274
21964,North Blackwood,VIC,20102,37,50
21965,North Geelong,VIC,20302,1283,3215
21966,North Melbourne,VIC,20604,8842,14951
21967,North Shore (Vic.),VIC,20302,194,325
21968,North Wangaratta,VIC,20402,128,285
21969,North Warrandyte,VIC,20903,1047,3031
21970,North Wonthaggi,VIC,20503,1557,3465
21971,Northcote,VIC,20602,11610,25259
21972,Northwood (Vic.),VIC,20401,87,198
21973,Norval,VIC,21501,20,40
21974,Notting Hill,VIC,21205,1168,2884
21975,Nowa Nowa,VIC,20502,112,196
21976,Nowhere Creek,VIC,20103,7,20
21977,Nowie,VIC,21503,9,24
21978,Nug Nug,VIC,20403,15,36
21979,Nuggetty,VIC,20202,17,64
21980,Nulla Vale,VIC,20401,59,96
21981,Nullawarre,VIC,21704,88,236
21982,Nullawarre North,VIC,21704,17,46
21983,Nullawil,VIC,21503,42,98
21984,Numurkah,VIC,21602,2182,4626
21985,Nunawading,VIC,21104,5109,12431
21986,Nungurner,VIC,20502,166,326
21987,Nunniong,VIC,20502,0,0
21988,Nurcoung,VIC,21501,24,33
21989,Nurrabiel,VIC,21501,26,43
21990,Nurran,VIC,20502,6,0
21991,Nutfield,VIC,20903,55,159
21992,Nyah,VIC,21503,297,535
21993,Nyah West,VIC,21503,331,687
21994,Nyarrin,VIC,21503,5,17
21995,Nyerimilang,VIC,20502,0,3
21995,Nyerimilang,VIC,20505,0,0
21996,Nyora (Vic.),VIC,20503,590,1589
21996,Nyora (Vic.),VIC,21201,15,57
21997,Nyrraby,VIC,21503,10,18
21998,Oak Park,VIC,21003,2893,6719
21999,Oaklands Junction,VIC,21004,82,287
21999,Oaklands Junction,VIC,21005,62,151
22000,Oakleigh,VIC,21205,3809,8435
22001,Oakleigh East,VIC,21205,2770,6806
22002,Oakleigh South,VIC,21204,1579,4113
22002,Oakleigh South,VIC,21205,2360,5717
22003,Oakvale,VIC,21503,6,19
22004,Ocean Grange,VIC,20505,28,5
22005,Ocean Grove,VIC,20303,8670,17726
22006,Officer,VIC,21201,6525,18478
22007,Officer South,VIC,21201,467,1156
22008,Old Tallangatta,VIC,20403,20,45
22009,Olinda (Vic.),VIC,21105,782,1766
22010,Ombersley,VIC,21703,40,96
22011,Omeo,VIC,20502,309,397
22012,Omeo Valley,VIC,20502,6,9
22013,Ondit,VIC,21703,54,101
22014,Orbost,VIC,20502,1232,2257
22015,Orford (Vic.),VIC,21704,50,116
22016,Ormond,VIC,20802,3768,8342
22017,Orrvale,VIC,21603,195,451
22018,Osbornes Flat,VIC,20403,102,282
22019,Outtrim,VIC,20503,106,263
22020,Ouyen,VIC,21502,627,1165
22021,Ovens,VIC,20403,92,195
22022,Oxley (Vic.),VIC,20402,273,705
22023,Oxley Flats,VIC,20402,17,46
22024,Ozenkadnook,VIC,21501,10,23
22025,Paaratte,VIC,21703,16,36
22026,Painswick,VIC,20103,12,10
22027,Pakenham,VIC,21201,20180,54125
22028,Pakenham South,VIC,21201,83,226
22029,Pakenham Upper,VIC,21201,415,1198
22030,Panitya (Vic.),VIC,21502,18,67
22031,Panmure,VIC,21704,181,446
22032,Panton Hill,VIC,20903,392,1061
22033,Paradise (Vic.),VIC,21501,14,41
22034,Paradise Beach,VIC,20505,295,166
22035,Paraparap,VIC,20301,68,163
22036,Park Orchards,VIC,21102,1218,3769
22036,Park Orchards,VIC,21103,21,64
22037,Parkdale,VIC,20803,5215,12331
22038,Parkville (Vic.),VIC,20601,0,0
22038,Parkville (Vic.),VIC,20604,2848,7065
22039,Parwan,VIC,20102,66,170
22039,Parwan,VIC,21304,10,26
22040,Paschendale,VIC,21701,15,33
22041,Pascoe Vale,VIC,20601,26,52
22041,Pascoe Vale,VIC,21003,8108,18118
22042,Pascoe Vale South,VIC,20601,4096,10288
22042,Pascoe Vale South,VIC,21003,93,210
22043,Pastoria,VIC,20202,42,75
22044,Pastoria East,VIC,20202,27,51
22045,Patchewollock,VIC,21501,58,103
22045,Patchewollock,VIC,21502,20,48
22046,Patho,VIC,21601,72,145
22047,Patterson Lakes,VIC,20803,3384,7801
22048,Patyah,VIC,21501,33,58
22049,Paynesville (Vic.),VIC,20502,2219,3641
22050,Pearcedale,VIC,21203,1323,3725
22050,Pearcedale,VIC,21402,53,141
22051,Pearsondale,VIC,20505,51,126
22052,Peechelba,VIC,20402,69,150
22052,Peechelba,VIC,21602,19,27
22053,Peechelba East,VIC,20402,17,54
22054,Pelluebla,VIC,21602,12,29
22055,Pennyroyal,VIC,20301,51,112
22056,Penshurst (Vic.),VIC,21701,354,672
22057,Pental Island,VIC,21503,60,159
22058,Pentland Hills,VIC,21304,62,159
22059,Percydale,VIC,20103,33,22
22060,Peronne,VIC,21501,28,46
22061,Perry Bridge,VIC,20505,37,72
22062,Peterborough (Vic.),VIC,21703,33,72
22062,Peterborough (Vic.),VIC,21704,328,254
22063,Petticoat Creek,VIC,21703,3,7
22064,Pheasant Creek (Vic.),VIC,20903,132,356
22065,Piangil,VIC,21503,149,228
22066,Picola,VIC,21602,104,208
22067,Picola West,VIC,21602,7,14
22068,Piedmont,VIC,20501,27,52
22069,Pier Milan,VIC,21503,8,6
22070,Pigeon Ponds,VIC,21701,15,29
22071,Piggoreet,VIC,20103,8,17
22072,Pimpinio,VIC,21501,86,192
22073,Pine Grove (Vic.),VIC,21601,23,40
22074,Pine Lodge (Vic.),VIC,21603,107,268
22075,Pine Mountain (Vic.),VIC,20403,20,32
22076,Pine View,VIC,21503,0,4
22077,Pioneer Bay,VIC,20503,212,359
22078,Pipers Creek,VIC,20202,78,189
22079,Pira,VIC,21503,8,16
22080,Piries,VIC,20401,44,70
22081,Pirron Yallock,VIC,21703,72,133
22082,Pitfield,VIC,20103,7,14
22083,Pittong,VIC,20103,12,11
22084,Plenty (Vic.),VIC,20903,791,2583
22085,Plumpton (Vic.),VIC,21304,29,79
22086,Point Cook,VIC,21305,22545,66709
22087,Point Leo,VIC,21402,111,177
22088,Point Lonsdale,VIC,20303,2927,3798
22089,Point Wilson,VIC,20302,0,0
22090,Polisbet,VIC,21503,0,5
22091,Pomborneit,VIC,21703,39,73
22092,Pomborneit East,VIC,21703,14,42
22093,Pomborneit North,VIC,21703,29,48
22094,Pomonal,VIC,21501,188,359
22095,Pompapiel,VIC,20203,19,38
22096,Poolaijelo,VIC,21501,27,26
22097,Pootilla,VIC,20102,34,79
22098,Poowong,VIC,20503,312,715
22099,Poowong East,VIC,20503,49,86
22100,Poowong North,VIC,20503,76,205
22101,Porcupine Ridge,VIC,20102,112,157
22102,Porepunkah,VIC,20403,449,1023
22103,Port Albert,VIC,20505,296,392
22104,Port Campbell,VIC,21703,323,448
22105,Port Fairy,VIC,21704,2336,3735
22106,Port Franklin,VIC,20503,103,171
22107,Port Melbourne,VIC,20605,9706,17633
22108,Port Welshpool,VIC,20503,250,215
22109,Portarlington,VIC,20303,3229,4450
22110,Portland (Vic.),VIC,21701,5006,10001
22111,Portland North,VIC,21701,298,707
22112,Portland West,VIC,21701,253,621
22113,Portsea,VIC,21402,1466,817
22114,Pound Creek,VIC,20503,63,126
22115,Powelltown,VIC,21105,98,213
22116,Powers Creek,VIC,21501,6,5
22117,Powlett Plains,VIC,20203,17,38
22118,Prahran,VIC,20606,7927,12176
22119,Prairie (Vic.),VIC,20203,18,37
22120,Pranjip,VIC,20401,17,28
22121,Preston (Vic.),VIC,20902,15580,33703
22122,Princes Hill,VIC,20607,1028,2008
22123,Princetown,VIC,21703,114,242
22124,Puckapunyal,VIC,20401,295,1108
22125,Pura Pura,VIC,21501,15,29
22125,Pura Pura,VIC,21704,9,19
22126,Purdeet,VIC,21704,5,21
22127,Purnim,VIC,21704,120,294
22128,Purnim West,VIC,21704,12,50
22129,Pyalong,VIC,20401,300,770
22130,Pyramid Hill,VIC,20203,299,603
22131,Quambatook,VIC,21503,147,235
22132,Quandong,VIC,21305,7,5
22133,Quantong,VIC,21501,139,357
22134,Quarry Hill,VIC,20201,1131,2350
22135,Queenscliff (Vic.),VIC,20303,1165,1529
22136,Raglan (Vic.),VIC,20103,120,224
22137,Rainbow,VIC,21501,407,680
22138,Ranceby,VIC,20503,38,83
22139,Rathscar,VIC,20103,12,19
22140,Rathscar West,VIC,20103,11,31
22141,Ravenhall,VIC,21304,8,2292
22142,Ravenswood (Vic.),VIC,20202,183,441
22143,Ravenswood South,VIC,20202,39,76
22144,Rawson,VIC,20501,188,297
22145,Raymond Island,VIC,20502,480,581
22146,Raywood,VIC,20203,137,321
22147,Red Cliffs,VIC,21502,2303,5282
22148,Red Hill (Vic.),VIC,21402,468,1012
22149,Red Hill South,VIC,21402,418,697
22150,Red Lion,VIC,20103,54,107
22151,Redan,VIC,20101,1681,3016
22152,Redbank (Vic.),VIC,20103,56,84
22152,Redbank (Vic.),VIC,21501,6,21
22153,Redcastle,VIC,20202,21,18
22153,Redcastle,VIC,21601,39,50
22154,Redesdale,VIC,20202,210,300
22155,Reedy Creek (Vic.),VIC,20401,93,162
22156,Reedy Dam,VIC,21503,18,28
22157,Reedy Flat,VIC,20502,5,6
22158,Reedy Lake,VIC,21503,10,26
22159,Reefton (Vic.),VIC,20401,67,102
22160,Research,VIC,20903,933,2703
22161,Reservoir (Vic.),VIC,20902,23192,51157
22162,Reynard,VIC,20401,0,0
22162,Reynard,VIC,20505,0,0
22163,Rheola,VIC,20203,39,52
22164,Rhyll,VIC,20503,603,842
22165,Rhymney,VIC,21501,22,56
22166,Riachella,VIC,21501,3,13
22167,Rich Avon,VIC,21503,8,3
22168,Rich Avon East,VIC,21501,4,7
22169,Rich Avon West,VIC,21501,18,34
22170,Richmond (Vic.),VIC,20607,16264,28630
22171,Richmond Plains,VIC,20203,4,6
22171,Richmond Plains,VIC,21503,0,3
22172,Riddells Creek,VIC,21002,1640,4402
22173,Riggs Creek,VIC,20401,12,31
22174,Ringwood (Vic.),VIC,21103,8744,19153
22175,Ringwood East,VIC,21103,4464,10743
22176,Ringwood North,VIC,21102,116,378
22176,Ringwood North,VIC,21103,3492,9605
22177,Ripplebrook,VIC,20501,105,272
22178,Rippleside,VIC,20302,454,1006
22179,Ripponlea,VIC,20605,819,1546
22180,Riverside (Vic.),VIC,21501,105,284
22181,Riverslea,VIC,20505,68,158
22182,Robertsons Beach,VIC,20505,62,46
22183,Robinvale,VIC,21503,1279,3502
22184,Rochester (Vic.),VIC,21601,1538,3115
22185,Rochford,VIC,21002,39,67
22186,Rockbank,VIC,21304,1054,2586
22187,Rocklands,VIC,21701,9,29
22188,Rocklyn,VIC,20102,29,43
22189,Rocky Point (Vic.),VIC,21501,3,4
22190,Rokeby (Vic.),VIC,20501,86,208
22191,Rokewood,VIC,20301,114,207
22192,Rokewood Junction,VIC,20301,27,31
22193,Romsey,VIC,21002,2175,5806
22194,Rosanna,VIC,20901,3507,8624
22195,Rose River,VIC,20402,21,27
22196,Rosebery (Vic.),VIC,21501,5,0
22197,Rosebrook (Vic.),VIC,21704,53,128
22198,Rosebud,VIC,21402,8668,14383
22199,Rosedale (Vic.),VIC,20505,806,1731
22200,Roses Gap,VIC,21501,6,7
22201,Rosewhite,VIC,20403,63,141
22202,Roslynmead,VIC,21601,24,49
22203,Ross Creek (Vic.),VIC,20101,443,1222
22204,Rossbridge,VIC,21501,18,27
22205,Rostron,VIC,21501,3,10
22206,Rowsley,VIC,20102,83,231
22207,Rowville,VIC,21101,12099,33656
22208,Roxburgh Park,VIC,21005,6835,24136
22209,Rubicon,VIC,20401,32,44
22210,Ruby,VIC,20503,81,191
22211,Ruffy,VIC,20401,95,165
22212,Running Creek (Vic.),VIC,20403,18,36
22213,Runnymede (Vic.),VIC,21601,32,64
22214,Rupanyup,VIC,21501,284,538
22215,Rushworth,VIC,21601,772,1396
22216,Russells Bridge,VIC,20301,37,70
22217,Rutherglen,VIC,20402,1234,2584
22218,Ryans,VIC,20502,0,0
22219,Ryanston,VIC,20503,164,327
22220,Rye,VIC,21402,8699,9435
22221,Rythdale,VIC,21201,13,33
22222,Safety Beach (Vic.),VIC,21402,3931,6337
22223,Sailors Falls,VIC,20102,44,86
22224,Sailors Gully,VIC,20201,324,744
22225,Sailors Hill,VIC,20102,41,72
22226,Sale,VIC,20505,6715,14244
22227,Salisbury West,VIC,20203,17,38
22228,Samaria,VIC,20402,35,57
22229,San Remo (Vic.),VIC,20503,1041,1701
22230,Sandford (Vic.),VIC,21701,70,130
22231,Sandhill Lake,VIC,21503,7,9
22232,Sandhurst,VIC,21401,1822,5234
22233,Sandon (Vic.),VIC,20202,63,89
22234,Sandringham (Vic.),VIC,20801,4931,10937
22235,Sandy Creek (Vic.),VIC,20403,78,200
22236,Sandy Point (Vic.),VIC,20503,728,327
22237,Sargood,VIC,20505,0,0
22238,Sarsfield,VIC,20502,254,546
22239,Sassafras (Vic.),VIC,21105,414,970
22240,Sawmill Settlement,VIC,20401,192,83
22241,Scarsdale,VIC,20103,362,863
22242,Scoresby,VIC,21101,2221,6047
22243,Scotchmans Lead,VIC,20101,44,105
22244,Scotsburn,VIC,20102,102,242
22245,Scotts Creek (Vic.),VIC,21703,83,211
22246,Sea Lake,VIC,21503,378,630
22247,Seabrook,VIC,21302,1804,4948
22248,Seacombe,VIC,20505,33,15
22249,Seaford (Vic.),VIC,21401,8194,17187
22250,Seaholme,VIC,21302,846,2076
22251,Seaspray,VIC,20505,390,374
22252,Seaton (Vic.),VIC,20505,90,161
22253,Seaview,VIC,20501,57,149
22254,Sebastian,VIC,20203,100,251
22255,Sebastopol (Vic.),VIC,20101,5026,10173
22256,Seddon (Vic.),VIC,21303,2405,5136
22257,Sedgwick,VIC,20202,257,616
22258,Selby,VIC,21105,585,1614
22259,Selwyn (Vic.),VIC,20403,0,0
22260,Separation Creek,VIC,21703,25,27
22261,Serpentine (Vic.),VIC,20203,97,224
22262,Serviceton,VIC,21501,68,126
22263,Seville,VIC,21105,922,2562
22264,Seville East,VIC,21105,294,841
22265,Seymour (Vic.),VIC,20401,3154,6583
22266,Shady Creek,VIC,20501,81,185
22267,Shays Flat,VIC,21501,3,3
22268,She Oaks,VIC,20301,50,126
22269,Sheans Creek,VIC,20401,21,38
22270,Sheep Hills,VIC,21501,23,27
22271,Shelbourne,VIC,20202,158,416
22272,Shelford,VIC,20301,111,266
22273,Shelley (Vic.),VIC,20403,5,5
22274,Shepherds Flat,VIC,20102,57,75
22275,Shepparton,VIC,21603,14016,32011
22276,Shepparton East,VIC,21603,427,1194
22277,Shepparton North,VIC,21603,613,2056
22278,Sherbrooke,VIC,21105,124,295
22279,Shoreham,VIC,21402,566,682
22280,Sidonia,VIC,20202,8,28
22281,Silvan,VIC,21105,477,1319
22282,Silverleaves,VIC,20503,544,327
22283,Simpson (Vic.),VIC,21703,246,583
22284,Simpsons Creek,VIC,20502,25,39
22285,Simson,VIC,20103,33,77
22286,Skenes Creek,VIC,21703,369,245
22287,Skenes Creek North,VIC,21703,30,19
22288,Skibo,VIC,21703,32,70
22289,Skinners Flat,VIC,20203,18,27
22290,Skipton,VIC,20103,29,61
22290,Skipton,VIC,21703,277,540
22291,Skye (Vic.),VIC,21401,2846,8088
22292,Slaty Creek,VIC,21501,15,34
22293,Smeaton,VIC,20102,133,238
22294,Smiths Beach,VIC,20503,571,306
22295,Smiths Gully,VIC,20903,123,357
22296,Smokeytown,VIC,20102,12,32
22297,Smoko,VIC,20403,40,56
22298,Smythes Creek,VIC,20101,578,1754
22299,Smythesdale,VIC,20103,455,1196
22300,Snake Island,VIC,20505,0,0
22301,Snake Valley,VIC,20103,409,805
22302,Soldiers Hill (Vic.),VIC,20101,1471,2811
22303,Somers,VIC,21402,1245,1866
22304,Somerton (Vic.),VIC,21005,7,0
22305,Somerville (Vic.),VIC,21402,4671,11763
22306,Sorrento (Vic.),VIC,21402,3082,1982
22307,South Dudley,VIC,20503,215,422
22308,South Geelong,VIC,20302,499,1014
22309,South Kingsville,VIC,21302,1014,2154
22310,South Melbourne,VIC,20605,7223,11546
22311,South Morang,VIC,20904,8513,25021
22312,South Purrumbete,VIC,21703,49,124
22313,South Wharf,VIC,20604,31,71
22314,South Yarra,VIC,20604,2700,3891
22314,South Yarra,VIC,20606,14982,21125
22315,Southbank,VIC,20604,17403,22503
22315,Southbank,VIC,20605,97,142
22316,Southern Cross (Vic.),VIC,21704,49,128
22317,Spargo Creek,VIC,20102,15,42
22318,Speed,VIC,21501,37,48
22319,Spotswood,VIC,21302,1242,2819
22320,Spring Gully (Vic.),VIC,20201,1435,3079
22321,Spring Hill (Vic.),VIC,20102,46,96
22321,Spring Hill (Vic.),VIC,20202,47,105
22322,Springbank,VIC,20102,46,117
22323,Springdallah,VIC,20103,19,35
22324,Springfield (Buloke - Vic.),VIC,21503,3,9
22325,Springfield (Macedon Ranges - Vic.),VIC,21002,90,198
22326,Springhurst,VIC,20402,136,351
22327,Springmount,VIC,20102,64,182
22328,Springvale (Vic.),VIC,21204,8081,22184
22329,Springvale South,VIC,21204,4168,12783
22330,St Albans (Vic.),VIC,21301,14399,38034
22331,St Albans Park,VIC,20302,2138,4926
22332,St Andrews (Vic.),VIC,20903,468,1177
22333,St Andrews Beach,VIC,21402,658,987
22334,St Arnaud,VIC,21501,1254,2313
22335,St Arnaud East,VIC,21501,40,100
22336,St Arnaud North,VIC,21501,19,43
22337,St Clair (Vic.),VIC,20503,18,44
22338,St Germains,VIC,21603,25,75
22339,St Helena,VIC,20901,1059,2891
22340,St Helens (Vic.),VIC,21704,17,34
22341,St Helens Plains,VIC,21501,24,40
22342,St James (Vic.),VIC,21602,64,125
22343,St Kilda (Vic.),VIC,20605,14197,19499
22344,St Kilda East,VIC,20605,5222,8430
22344,St Kilda East,VIC,20802,1577,4161
22345,St Kilda West,VIC,20605,1852,2947
22346,St Leonards (Vic.),VIC,20303,2959,3565
22347,Staceys Bridge,VIC,20505,38,44
22348,Staffordshire Reef,VIC,20103,43,58
22349,Staghorn Flat,VIC,20403,130,362
22350,Stanhope (Vic.),VIC,21601,413,808
22351,Stanley (Vic.),VIC,20403,184,374
22352,Staughton Vale,VIC,20302,41,106
22353,Stavely,VIC,21501,18,47
22354,Stawell,VIC,21501,3061,6226
22355,Steels Creek,VIC,21105,113,270
22356,Steiglitz (Vic.),VIC,20301,28,58
22357,Stewarton (Vic.),VIC,20402,50,119
22358,Stirling (Vic.),VIC,20502,0,0
22359,Stockdale,VIC,20505,26,41
22360,Stockyard Hill,VIC,20103,26,49
22361,Stonehaven,VIC,20301,30,79
22362,Stoneleigh (Vic.),VIC,20103,25,45
22363,Stony Creek (Central Goldfields - Vic.),VIC,20103,3,3
22364,Stony Creek (South Gippsland - Vic.),VIC,20503,129,305
22365,Stonyford,VIC,21703,35,61
22366,Stradbroke,VIC,20505,95,185
22367,Strangways,VIC,20102,11,19
22367,Strangways,VIC,20202,41,78
22368,Straten,VIC,21503,0,11
22369,Stratford (Vic.),VIC,20505,1295,2977
22370,Strath Creek,VIC,20401,116,230
22371,Strathallan,VIC,21601,65,188
22372,Strathbogie,VIC,20401,229,353
22373,Strathdale,VIC,20201,2598,5735
22374,Strathdownie,VIC,21701,76,171
22375,Strathewen,VIC,20903,81,192
22376,Strathfieldsaye,VIC,20201,2369,6810
22377,Strathkellar,VIC,21701,42,84
22378,Strathlea,VIC,20202,25,31
22379,Strathmerton,VIC,21602,436,1071
22380,Strathmore (Vic.),VIC,21001,3407,8973
22381,Strathmore Heights,VIC,21001,407,1051
22382,Strathtulloh,VIC,21304,1276,4017
22383,Streatham,VIC,21501,68,160
22384,Strzelecki (Vic.),VIC,20503,65,107
22385,Stuart Mill,VIC,21501,68,79
22386,Sugarloaf (Vic.),VIC,21703,13,20
22387,Sugarloaf Creek,VIC,20401,83,251
22388,Suggan Buggan,VIC,20502,4,5
22389,Sulky,VIC,20102,82,244
22390,Summerlands,VIC,20503,0,0
22391,Sunbury,VIC,21004,15293,38854
22392,Sunday Creek,VIC,20401,143,361
22393,Sunderland Bay,VIC,20503,320,313
22394,Sunset Strip (Vic.),VIC,20503,343,499
22395,Sunshine (Vic.),VIC,21301,3973,9408
22396,Sunshine North,VIC,21301,4414,12032
22397,Sunshine West,VIC,21301,7049,18542
22398,Surf Beach (Vic.),VIC,20503,666,674
22399,Surrey Hills,VIC,20701,3417,8274
22399,Surrey Hills,VIC,20703,2174,5364
22400,Sutherland (Vic.),VIC,21501,11,16
22401,Sutherlands Creek,VIC,20301,40,129
22402,Sutton (Vic.),VIC,21503,0,3
22403,Sutton Grange,VIC,20202,74,155
22404,Swan Bay (Vic.),VIC,20303,55,103
22405,Swan Hill,VIC,21503,5105,11213
22406,Swan Hill West,VIC,21503,0,11
22407,Swan Island,VIC,20303,0,0
22408,Swan Marsh,VIC,21703,64,125
22409,Swan Reach (Vic.),VIC,20502,407,866
22410,Swanpool,VIC,20402,115,233
22411,Swanwater,VIC,21501,3,10
22412,Swanwater West,VIC,21501,8,17
22413,Swifts Creek,VIC,20502,163,229
22414,Sydenham (Vic.),VIC,21301,3758,10562
22415,Sylvaterre,VIC,20203,4,22
22416,Tabberabbera,VIC,20502,0,0
22417,Tabilk,VIC,20401,77,160
22418,Tabor,VIC,21701,17,38
22419,Taggerty,VIC,20401,252,413
22420,Tahara,VIC,21701,15,35
22421,Tahara Bridge,VIC,21701,8,20
22422,Tahara West,VIC,21701,9,17
22423,Talbot (Vic.),VIC,20103,293,459
22424,Talgarno,VIC,20403,106,242
22425,Tallandoon,VIC,20403,54,93
22426,Tallangatta,VIC,20403,531,1172
22427,Tallangatta East,VIC,20403,15,39
22428,Tallangatta South,VIC,20403,63,137
22429,Tallangatta Valley,VIC,20403,85,194
22430,Tallarook,VIC,20401,365,737
22431,Tallygaroopna,VIC,21603,239,596
22432,Tambo Crossing,VIC,20502,17,25
22433,Tambo Upper,VIC,20502,141,316
22434,Tamboon,VIC,20502,5,3
22435,Tamboritha,VIC,20505,0,0
22436,Taminick,VIC,20402,70,139
22437,Tamleugh,VIC,20401,31,54
22438,Tamleugh North,VIC,21603,11,24
22439,Tandarook,VIC,21703,12,46
22440,Tandarra,VIC,20203,28,55
22441,Tangambalanga,VIC,20403,342,903
22442,Tanjil,VIC,20501,0,0
22443,Tanjil Bren,VIC,20501,41,7
22444,Tanjil South,VIC,20501,227,541
22445,Tanwood,VIC,20103,15,15
22446,Tanybryn,VIC,21703,17,15
22447,Taradale (Vic.),VIC,20102,0,0
22447,Taradale (Vic.),VIC,20202,268,526
22448,Tarcombe,VIC,20401,25,38
22449,Tarilta,VIC,20102,0,12
22449,Tarilta,VIC,20202,5,15
22450,Tarnagulla,VIC,20203,128,158
22451,Tarneit,VIC,21305,17223,56454
22452,Tarnook,VIC,20402,48,103
22453,Taroon,VIC,21703,8,32
22454,Tarra Valley,VIC,20505,48,85
22455,Tarranyurk,VIC,21501,18,36
22456,Tarraville,VIC,20505,57,69
22457,Tarrawarra,VIC,21105,30,81
22458,Tarrawingee,VIC,20402,168,415
22459,Tarrayoukyan,VIC,21701,17,25
22460,Tarrengower,VIC,20202,28,56
22461,Tarrenlea,VIC,21701,16,25
22462,Tarrington,VIC,21701,143,327
22463,Tarrone,VIC,21704,44,63
22464,Tarwin,VIC,20503,24,59
22465,Tarwin Lower,VIC,20503,297,468
22466,Tatong,VIC,20402,138,279
22467,Tatura,VIC,21603,2236,4927
22468,Tatura East,VIC,21603,52,139
22469,Tatyoon,VIC,21501,52,132
22470,Tawonga,VIC,20403,307,562
22471,Tawonga South,VIC,20403,617,1026
22472,Taylor Bay,VIC,20401,182,71
22473,Taylors Hill,VIC,21304,4517,15437
22474,Taylors Lakes,VIC,21301,5306,15166
22475,Teal Point,VIC,21503,34,54
22476,Tecoma,VIC,21105,847,2069
22477,Teddywaddy,VIC,21503,11,23
22478,Teddywaddy West,VIC,21503,7,15
22479,Teesdale (Vic.),VIC,20301,741,2310
22480,Telangatuk East,VIC,21501,32,75
22481,Telford,VIC,21602,10,21
22482,Telopea Downs,VIC,21501,18,44
22483,Templestowe,VIC,20702,6342,16955
22484,Templestowe Lower,VIC,20702,5451,14103
22485,Tempy,VIC,21501,27,39
22485,Tempy,VIC,21502,11,21
22486,Tenby Point,VIC,20503,122,216
22487,Tennyson (Vic.),VIC,21601,30,60
22488,Terang,VIC,21703,1094,2250
22489,Terip Terip,VIC,20401,45,76
22490,Terrappee,VIC,20203,7,24
22490,Terrappee,VIC,21503,0,0
22491,Terrick Terrick,VIC,20203,4,8
22492,Terrick Terrick East,VIC,21601,3,8
22493,Tesbury,VIC,21703,37,110
22494,Tetoora Road,VIC,20501,38,93
22495,Thalia,VIC,21503,9,3
22496,The Basin (Vic.),VIC,21101,1680,4500
22497,The Cove,VIC,21704,5,18
22498,The Gurdies,VIC,20503,133,235
22499,The Heart,VIC,20505,14,30
22500,The Honeysuckles,VIC,20505,199,124
22501,The Patch,VIC,21105,405,1050
22502,The Sisters,VIC,21704,47,110
22503,Thologolong,VIC,20403,14,19
22504,Thomastown,VIC,20904,8193,20185
22505,Thomson (Baw Baw - Vic.),VIC,20501,0,0
22506,Thomson (Greater Geelong - Vic.),VIC,20302,916,1604
22507,Thoona,VIC,20402,67,133
22508,Thornbury,VIC,20602,9150,18994
22509,Thornhill Park,VIC,21304,1094,3056
22510,Thornton (Vic.),VIC,20401,207,310
22511,Thorpdale,VIC,20501,220,478
22512,Thorpdale South,VIC,20501,21,27
22513,Thowgla Valley,VIC,20403,32,69
22514,Three Bridges,VIC,21105,85,189
22515,Timbarra (Vic.),VIC,20502,0,0
22516,Timboon,VIC,21703,589,1254
22517,Timboon West,VIC,21703,23,57
22518,Timmering,VIC,21601,40,90
22519,Timor (Vic.),VIC,20103,33,69
22520,Timor West,VIC,20103,13,23
22521,Tinamba,VIC,20505,157,357
22522,Tinamba West,VIC,20505,24,63
22523,Tintaldra,VIC,20403,37,66
22524,Tittybong,VIC,21503,3,3
22525,Tol Tol,VIC,21503,52,180
22526,Tolmie,VIC,20401,347,517
22526,Tolmie,VIC,20402,25,41
22527,Tom Groggin,VIC,20403,3,7
22527,Tom Groggin,VIC,20502,0,0
22528,Tongala,VIC,21601,831,1989
22529,Tonghi Creek,VIC,20502,4,5
22530,Tongio,VIC,20502,42,46
22531,Tonimbuk,VIC,21201,106,234
22532,Tooan,VIC,21501,15,23
22533,Tooborac,VIC,20401,190,327
22534,Toolamba,VIC,21603,320,832
22535,Toolamba West,VIC,21603,46,110
22536,Toolangi,VIC,20903,136,309
22536,Toolangi,VIC,21105,25,53
22537,Toolern Vale,VIC,21304,300,808
22538,Toolleen,VIC,20202,28,67
22538,Toolleen,VIC,21601,93,159
22539,Toolome,VIC,20505,0,0
22540,Toolondo,VIC,21501,49,74
22541,Toolong,VIC,21704,44,88
22542,Toombon,VIC,20501,0,0
22543,Toongabbie (Vic.),VIC,20504,407,992
22543,Toongabbie (Vic.),VIC,20505,37,91
22544,Toora (Vic.),VIC,20503,387,715
22545,Toora North,VIC,20503,87,106
22545,Toora North,VIC,20505,0,0
22546,Tooradin,VIC,21201,7,21
22546,Tooradin,VIC,21203,609,1701
22547,Toorak,VIC,20606,7192,12832
22548,Toorloo Arm,VIC,20502,222,512
22549,Toorongo,VIC,20401,0,0
22549,Toorongo,VIC,20501,0,0
22550,Tootgarook,VIC,21402,2700,3195
22551,Torquay (Vic.),VIC,20303,8320,18512
22552,Torrita,VIC,21502,23,51
22553,Torrumbarry,VIC,21601,139,250
22554,Torwood,VIC,20501,19,49
22555,Tostaree,VIC,20502,10,27
22556,Tottenham (Vic.),VIC,21303,0,0
22557,Tottington,VIC,21501,4,5
22558,Tourello,VIC,20102,14,46
22559,Towan,VIC,21503,7,13
22560,Towaninny,VIC,21503,3,4
22561,Towaninny South,VIC,21503,3,0
22562,Tower Hill,VIC,21704,29,88
22563,Towong,VIC,20403,68,143
22564,Towong Upper,VIC,20403,11,37
22565,Trafalgar (Vic.),VIC,20501,1850,4354
22566,Trafalgar East,VIC,20501,163,403
22567,Trafalgar South,VIC,20501,137,303
22568,Tragowel,VIC,21503,41,83
22569,Traralgon,VIC,20504,12139,26964
22570,Traralgon East,VIC,20504,666,1762
22571,Traralgon South,VIC,20504,184,552
22572,Travancore,VIC,20603,1308,2108
22573,Trawalla,VIC,20103,73,139
22574,Trawool,VIC,20401,50,88
22575,Traynors Lagoon,VIC,21501,7,22
22576,Tremont,VIC,21105,23,67
22577,Trentham,VIC,20102,775,1382
22578,Trentham East,VIC,20102,40,69
22578,Trentham East,VIC,20202,57,108
22579,Tresco,VIC,21503,80,156
22580,Tresco West,VIC,21503,60,153
22581,Trida,VIC,20503,37,84
22582,Truganina,VIC,21304,457,1163
22582,Truganina,VIC,21305,10412,35106
22583,Tubbut,VIC,20502,18,13
22584,Tuerong,VIC,21402,149,356
22585,Tulkara,VIC,21501,4,9
22586,Tullamarine,VIC,21001,0,9
22586,Tullamarine,VIC,21003,71,141
22586,Tullamarine,VIC,21005,3082,6552
22587,Tungamah,VIC,21602,206,440
22588,Turoar,VIC,21503,9,8
22589,Turriff,VIC,21501,13,30
22590,Turriff East,VIC,21503,3,7
22591,Turtons Creek,VIC,20503,32,33
22592,Tutye,VIC,21502,18,21
22593,Tyaak,VIC,20401,37,82
22594,Tyabb,VIC,21402,1328,3450
22595,Tyenna (Vic.),VIC,21503,0,4
22596,Tyers,VIC,20504,369,888
22597,Tylden,VIC,20102,11,25
22597,Tylden,VIC,20202,260,627
22598,Tynong,VIC,21201,191,526
22599,Tynong North,VIC,21201,177,441
22600,Tyntynder,VIC,21503,68,154
22601,Tyntynder South,VIC,21503,91,253
22602,Tyrendarra,VIC,21701,96,193
22603,Tyrendarra East,VIC,21704,11,19
22604,Tyrrell,VIC,21503,0,13
22605,Tyrrell Downs,VIC,21503,11,9
22606,Ullina,VIC,20102,10,25
22607,Ullswater,VIC,21501,23,47
22608,Ultima,VIC,21503,101,171
22609,Ultima East,VIC,21503,0,0
22610,Ulupna,VIC,21602,5,17
22611,Undera,VIC,21603,184,451
22612,Underbool,VIC,21502,119,223
22613,Upotipotpon,VIC,20401,33,56
22614,Upper Ferntree Gully,VIC,21101,977,2522
22614,Upper Ferntree Gully,VIC,21105,352,898
22615,Upper Gundowring,VIC,20403,59,117
22616,Upper Lurg,VIC,20402,50,107
22617,Upper Plenty,VIC,20904,155,413
22618,Upper Ryans Creek,VIC,20402,22,40
22619,Upton Hill,VIC,20401,24,29
22620,Upwey,VIC,21105,2593,6840
22621,Valencia Creek,VIC,20505,88,189
22622,Vasey,VIC,21701,19,45
22623,Vaughan,VIC,20202,46,57
22624,Vectis,VIC,21501,79,186
22625,Ventnor (Vic.),VIC,20503,1100,981
22626,Venus Bay (Vic.),VIC,20503,1828,908
22627,Vermont,VIC,21104,4081,11010
22628,Vermont South,VIC,21104,4461,11945
22629,Vervale,VIC,21201,25,45
22630,Vesper,VIC,20501,31,50
22631,Victoria Point (Vic.),VIC,21701,4,16
22632,Victoria Valley (Vic.),VIC,21701,33,69
22633,Viewbank,VIC,20901,2670,7009
22634,Vinifera,VIC,21503,75,162
22635,Violet Town,VIC,20401,498,928
22635,Violet Town,VIC,21603,0,0
22636,Vite Vite,VIC,21703,15,37
22637,Vite Vite North,VIC,21703,18,32
22638,W Tree,VIC,20502,33,43
22639,Waaia,VIC,21602,167,420
22640,Waanyarra,VIC,20203,40,55
22641,Waarre,VIC,21703,5,0
22642,Wabonga,VIC,20402,0,0
22643,Waggarandall,VIC,21602,29,50
22644,Wahgunyah,VIC,20402,506,1070
22645,Wahring,VIC,20401,43,88
22646,Wail,VIC,21501,20,48
22647,Wairewa,VIC,20502,38,72
22648,Waitchie,VIC,21503,19,43
22649,Wal Wal,VIC,21501,18,37
22650,Waldara,VIC,20402,241,669
22651,Walhalla,VIC,20501,54,35
22651,Walhalla,VIC,20505,0,0
22652,Walhalla East,VIC,20505,0,0
22653,Walkerville (Vic.),VIC,20503,223,134
22654,Walkerville North,VIC,20503,34,5
22655,Walkerville South,VIC,20503,53,13
22656,Wallace,VIC,20102,86,226
22657,Wallacedale,VIC,21701,44,95
22658,Wallagaraugh,VIC,20502,0,0
22659,Wallaloo,VIC,21501,3,11
22660,Wallaloo East,VIC,21501,3,12
22661,Wallan,VIC,20904,5323,14997
22662,Wallinduc,VIC,20103,23,42
22663,Wallington,VIC,20303,512,1512
22664,Wallup,VIC,21501,20,28
22665,Walmer (Vic.),VIC,20202,135,262
22666,Walpa,VIC,20502,67,155
22667,Walpeup,VIC,21502,94,176
22668,Walwa,VIC,20403,131,190
22669,Wandana Heights,VIC,20302,789,2185
22670,Wandella (Vic.),VIC,21503,29,67
22671,Wandiligong,VIC,20403,283,522
22672,Wandin East,VIC,21105,168,400
22673,Wandin North,VIC,21105,1186,3133
22674,Wando Bridge,VIC,21701,21,41
22675,Wando Vale,VIC,21701,45,96
22676,Wandong,VIC,20904,513,1484
22677,Wandown,VIC,21503,0,0
22678,Wangandary,VIC,20402,93,214
22679,Wangarabell,VIC,20502,0,8
22680,Wangaratta (Vic.),VIC,20402,8936,19241
22681,Wangaratta South,VIC,20402,222,540
22682,Wangie,VIC,21503,6,11
22683,Wangoom,VIC,21704,85,239
22684,Wannon,VIC,21701,54,124
22685,Wantirna,VIC,21101,5301,14205
22686,Wantirna South,VIC,21101,7948,20715
22687,Waranga Shores,VIC,21601,177,315
22688,Waratah Bay,VIC,20503,130,53
22689,Warburton (Vic.),VIC,21105,1169,2006
22690,Wareek,VIC,20103,41,69
22691,Wargan,VIC,21502,25,53
22692,Warmur,VIC,21503,12,33
22693,Warncoort,VIC,21703,61,146
22694,Warne,VIC,21503,0,13
22695,Warneet,VIC,21203,261,561
22696,Warrabkook,VIC,21704,20,42
22697,Warracknabeal,VIC,21501,1271,2348
22698,Warragul,VIC,20501,8340,19834
22699,Warragul South,VIC,20501,106,280
22700,Warragul West,VIC,20501,16,33
22701,Warrak,VIC,21501,32,70
22702,Warrandyte,VIC,21102,1940,5520
22703,Warrandyte South,VIC,21102,207,665
22704,Warranwood,VIC,21103,1603,4804
22705,Warrayure,VIC,21701,20,50
22706,Warrenbayne,VIC,20402,78,146
22707,Warrenheip,VIC,20101,280,717
22708,Warrenmang,VIC,20103,9,16
22709,Warrion,VIC,21703,100,203
22710,Warrnambool,VIC,21704,14419,31290
22711,Warrock,VIC,21701,21,46
22712,Warrong,VIC,21704,35,77
22713,Wartook,VIC,21501,71,88
22714,Watchem,VIC,21503,82,127
22715,Watchem West,VIC,21501,7,15
22715,Watchem West,VIC,21503,7,17
22716,Watchupga,VIC,21503,23,43
22717,Waterford Park,VIC,20904,93,215
22718,Waterholes,VIC,20502,17,12
22719,Waterloo (Vic.),VIC,20103,73,129
22720,Waterways,VIC,20803,732,2419
22721,Watsonia,VIC,20901,2345,5329
22722,Watsonia North,VIC,20901,1461,3782
22723,Watsons Creek (Vic.),VIC,20903,18,58
22724,Wattle Bank,VIC,20503,100,250
22725,Wattle Creek,VIC,21501,0,0
22726,Wattle Flat (Vic.),VIC,20102,43,101
22727,Wattle Glen,VIC,20903,640,1924
22728,Wattle Hill (Vic.),VIC,21703,4,11
22729,Waubra,VIC,20103,139,310
22730,Waurn Ponds,VIC,20302,1452,4948
22731,Waygara,VIC,20502,5,20
22732,Weatherboard,VIC,20102,30,52
22733,Wedderburn (Vic.),VIC,20203,592,940
22734,Wedderburn Junction,VIC,20203,8,20
22735,Wee Wee Rup,VIC,21503,19,31
22736,Weeaproinah,VIC,21703,10,15
22737,Weering,VIC,21703,32,62
22738,Weerite,VIC,21703,53,121
22739,Wehla,VIC,20203,29,41
22740,Weir Views,VIC,21304,1397,4354
22741,Wellsford,VIC,20201,3,3
22741,Wellsford,VIC,20203,65,135
22742,Welshmans Reef,VIC,20202,127,218
22743,Welshpool (Vic.),VIC,20503,209,363
22744,Wemen,VIC,21503,50,121
22745,Wendouree,VIC,20101,5167,10412
22746,Wensleydale,VIC,20303,49,96
22747,Wentworth (Vic.),VIC,20502,0,0
22748,Werneth,VIC,20103,26,41
22748,Werneth,VIC,21703,5,24
22749,Werona,VIC,20102,12,8
22749,Werona,VIC,20202,15,31
22750,Werribee,VIC,21305,19905,50059
22751,Werribee South,VIC,21305,1180,2400
22752,Werrimull,VIC,21502,65,93
22753,Wesburn,VIC,21105,416,1060
22754,West Bendigo,VIC,20201,180,374
22755,West Creek,VIC,20503,45,114
22756,West Footscray,VIC,21303,5377,11751
22757,West Melbourne,VIC,20604,5189,8004
22758,West Wodonga,VIC,20403,6264,14779
22759,Westbury (Vic.),VIC,20501,71,164
22760,Westby,VIC,21503,11,27
22761,Westmeadows,VIC,21005,2693,6501
22762,Westmere,VIC,21501,28,62
22763,Whanregarwen,VIC,20401,63,128
22764,Wharparilla,VIC,21601,211,479
22765,Wheatsheaf,VIC,20102,184,251
22766,Wheelers Hill,VIC,21205,7931,20612
22767,Whipstick,VIC,20203,8,18
22768,Whirily,VIC,21503,9,25
22769,White Hills (Vic.),VIC,20201,1607,3630
22770,Whiteheads Creek,VIC,20401,164,345
22771,Whitelaw,VIC,20503,17,30
22772,Whitfield (Vic.),VIC,20402,129,218
22773,Whitlands,VIC,20402,24,36
22774,Whittington,VIC,20302,1864,3975
22775,Whittlesea,VIC,20904,2324,6149
22776,Whoorel,VIC,21703,14,25
22777,Whorouly,VIC,20402,187,379
22778,Whorouly East,VIC,20402,46,92
22779,Whorouly South,VIC,20402,28,64
22780,Whroo,VIC,20401,44,45
22780,Whroo,VIC,21601,5,5
22781,Wickliffe,VIC,21501,71,124
22782,Wilby,VIC,21602,85,189
22783,Wild Dog Valley (Vic.),VIC,20503,28,72
22784,Wildwood,VIC,21004,92,244
22785,Wilkur,VIC,21503,13,28
22786,Willangie,VIC,21503,23,35
22787,Willatook,VIC,21704,26,53
22788,Willaura,VIC,21501,262,438
22789,Willaura North,VIC,21501,10,33
22790,Willenabrina,VIC,21501,9,17
22791,Williams Landing,VIC,21305,3194,9453
22792,Williamstown (Vic.),VIC,21302,6416,14341
22793,Williamstown North,VIC,21302,756,1605
22794,Willow Grove,VIC,20501,258,663
22795,Willowmavin,VIC,20401,106,240
22796,Willowvale (Vic.),VIC,20103,6,10
22797,Willung,VIC,20505,29,77
22798,Willung South,VIC,20505,61,144
22799,Wilsons Hill,VIC,20202,37,88
22800,Wilsons Promontory,VIC,20503,13,16
22801,Wimbledon Heights,VIC,20503,327,418
22802,Winchelsea,VIC,20301,1119,2442
22802,Winchelsea,VIC,21703,0,0
22803,Winchelsea South,VIC,20301,70,164
22804,Windermere (Vic.),VIC,20102,45,93
22805,Windsor (Vic.),VIC,20605,361,562
22805,Windsor (Vic.),VIC,20606,4129,6718
22806,Wingan River,VIC,20502,0,4
22807,Wingeel,VIC,20301,12,8
22807,Wingeel,VIC,21703,9,16
22808,Winjallok,VIC,21501,5,18
22809,Winlaton,VIC,21503,0,0
22810,Winnambool,VIC,21503,3,8
22811,Winnap,VIC,21701,10,14
22812,Winnindoo,VIC,20505,50,127
22813,Winslow,VIC,21704,166,438
22814,Winter Valley,VIC,20101,1262,3432
22815,Winton (Vic.),VIC,20402,52,103
22816,Winton North,VIC,20402,5,8
22817,Wirrate,VIC,20401,9,3
22818,Wiseleigh,VIC,20502,75,177
22819,Wodonga,VIC,20403,9220,20238
22820,Wollert,VIC,20904,8033,24398
22821,Wombat Creek (Vic.),VIC,20502,16,26
22822,Wombelano,VIC,21501,25,49
22823,Won Wron,VIC,20505,90,195
22824,Wonga,VIC,20503,35,41
22825,Wonga Park,VIC,21102,1198,3530
22825,Wonga Park,VIC,21103,103,308
22826,Wongarra,VIC,21703,56,47
22827,Wongungarra,VIC,20403,0,0
22827,Wongungarra,VIC,20505,0,0
22828,Wonnangatta,VIC,20403,0,0
22829,Wonthaggi,VIC,20503,2788,5213
22830,Wonwondah,VIC,21501,48,114
22831,Wonyip,VIC,20505,25,39
22832,Wood Wood,VIC,21503,47,91
22833,Woodend (Vic.),VIC,20202,2794,6717
22834,Woodend North,VIC,20202,120,316
22835,Woodfield,VIC,20401,40,62
22836,Woodford (Vic.),VIC,21704,137,437
22837,Woodglen,VIC,20502,16,52
22838,Woodhouse,VIC,21701,17,34
22839,Woodleigh (Vic.),VIC,20503,60,126
22840,Woods Point (Vic.),VIC,20401,79,38
22840,Woods Point (Vic.),VIC,20505,0,0
22841,Woodside (Vic.),VIC,20505,221,371
22842,Woodside Beach,VIC,20505,107,114
22843,Woodstock (Vic.),VIC,20904,72,147
22844,Woodstock On Loddon,VIC,20203,13,36
22845,Woodstock West,VIC,20203,16,45
22846,Woodvale (Vic.),VIC,20201,28,55
22846,Woodvale (Vic.),VIC,20203,197,501
22847,Wool Wool,VIC,21703,18,54
22848,Woolamai,VIC,20503,129,244
22849,Woolenook,VIC,20505,0,0
22850,Woolshed Flat (Vic.),VIC,20203,17,13
22851,Woolsthorpe,VIC,21704,164,364
22852,Woomelang,VIC,21501,132,192
22853,Wooragee,VIC,20403,149,343
22854,Woorarra East,VIC,20503,26,43
22855,Woorarra West,VIC,20503,42,48
22856,Wooreen,VIC,20503,44,91
22857,Woori Yallock,VIC,21105,1163,2985
22858,Woorinen,VIC,21503,131,262
22859,Woorinen North,VIC,21503,37,89
22860,Woorinen South,VIC,21503,163,410
22861,Woorndoo,VIC,21501,5,10
22861,Woorndoo,VIC,21704,77,144
22862,Wooroonook,VIC,21503,14,32
22863,Woosang,VIC,20203,7,12
22863,Woosang,VIC,21503,0,0
22864,Wootong Vale,VIC,21701,9,32
22865,Worrowing,VIC,20505,0,0
22866,Wrathung,VIC,20505,0,0
22867,Wrixon,VIC,20505,0,0
22868,Wroxham,VIC,20502,0,0
22869,Wuk Wuk,VIC,20502,42,86
22870,Wulgulmerang,VIC,20502,13,18
22871,Wulgulmerang East,VIC,20502,5,12
22872,Wulgulmerang West,VIC,20502,0,0
22873,Wunghnu,VIC,21602,159,329
22874,Wurdiboluc,VIC,20301,56,147
22875,Wurruk,VIC,20505,472,1177
22876,Wy Yung,VIC,20502,839,1954
22877,Wycheproof,VIC,21503,339,615
22878,Wycheproof South,VIC,21503,5,6
22879,Wychitella,VIC,20203,21,29
22880,Wychitella North,VIC,20203,7,23
22881,Wye River,VIC,21703,249,57
22882,Wyelangta,VIC,21703,23,40
22883,Wyndham Vale,VIC,21305,7255,20493
22884,Wyuna (Vic.),VIC,21601,123,278
22885,Wyuna East,VIC,21601,36,106
22886,Yaapeet,VIC,21501,57,81
22887,Yabba North,VIC,21602,35,103
22888,Yabba South,VIC,21602,15,32
22889,Yackandandah,VIC,20403,871,2013
22890,Yalca,VIC,21602,96,216
22891,Yalla-Y-Poora,VIC,21501,6,13
22892,Yallambie,VIC,20901,1420,4120
22893,Yallourn,VIC,20504,65,139
22894,Yallourn North,VIC,20504,716,1513
22895,Yalmy,VIC,20502,0,0
22896,Yambuk,VIC,21704,140,281
22897,Yambuna,VIC,21601,35,109
22898,Yan Yean,VIC,20904,106,245
22899,Yanac,VIC,21501,45,69
22900,Yanakie,VIC,20503,201,274
22901,Yando,VIC,20203,19,45
22902,Yandoit,VIC,20102,133,181
22903,Yandoit Hills,VIC,20202,26,44
22904,Yangery,VIC,21704,45,108
22905,Yangoura,VIC,20505,0,0
22906,Yannathan,VIC,21201,109,273
22907,Yapeen,VIC,20202,130,273
22908,Yarck,VIC,20401,110,186
22909,Yarpturk,VIC,21704,31,63
22910,Yarra Glen,VIC,21105,1209,3030
22911,Yarra Junction,VIC,21105,1191,2863
22912,Yarraberb,VIC,20203,8,17
22913,Yarragon,VIC,20501,824,1887
22914,Yarragon South,VIC,20501,97,205
22915,Yarram,VIC,20505,1133,2140
22916,Yarrambat,VIC,20903,522,1600
22917,Yarraville,VIC,21303,6847,15711
22918,Yarrawalla,VIC,20203,40,78
22919,Yarrawonga (Vic.),VIC,21602,4400,8661
22920,Yarrawonga South,VIC,21602,7,15
22921,Yarroweyah,VIC,21602,226,549
22922,Yatchaw,VIC,21701,15,35
22923,Yawong Hills,VIC,21503,0,5
22924,Yea,VIC,20401,940,1789
22925,Yellingbo,VIC,21105,207,581
22926,Yelta (Vic.),VIC,21502,134,321
22927,Yendon,VIC,20102,113,323
22928,Yeo,VIC,21703,51,124
22929,Yeodene,VIC,21703,47,107
22930,Yering,VIC,21105,52,135
22931,Yeungroon,VIC,21503,13,34
22932,Yeungroon East,VIC,21503,6,11
22933,Yielima,VIC,21602,43,92
22934,Yinnar,VIC,20504,453,1014
22935,Yinnar South,VIC,20504,286,670
22936,York Plains (Vic.),VIC,21501,0,0
22937,Youanmite,VIC,21602,19,52
22938,Youarang,VIC,21602,12,34
22939,Yulecart,VIC,21701,55,128
22940,Yundool,VIC,21602,22,52
22941,Yuroke,VIC,21005,60,126
22942,Yuulong,VIC,21703,23,49
22943,Zeerust,VIC,21603,56,147
22944,Zumsteins,VIC,21501,0,0
29494,No usual address (Vic.),VIC,29999,0,9089
29797,Migratory - Offshore - Shipping (Vic.),VIC,29797,44,35
30001,Abbeywood,QLD,31902,20,38
30002,Abbotsford (Qld),QLD,31901,7,20
30003,Abercorn,QLD,31902,25,41
30004,Abergowrie,QLD,31801,156,300
30005,Abingdon Downs,QLD,31501,14,17
30006,Abington (Qld),QLD,31901,27,60
30007,Acacia Ridge,QLD,30304,0,0
30007,Acacia Ridge,QLD,30305,3000,7469
30008,Acland,QLD,30702,3,3
30009,Adare,QLD,31701,373,1022
30010,Adavale,QLD,31503,34,79
30011,Adelaide Park,QLD,30803,167,452
30012,Advancetown,QLD,30904,194,437
30012,Advancetown,QLD,30906,25,80
30013,Aeroglen,QLD,30601,159,405
30014,Agnes Water,QLD,30805,1818,2724
30015,Airdmillan,QLD,31801,66,154
30016,Airlie Beach,QLD,31203,867,1297
30017,Airville,QLD,31801,113,306
30018,Aitkenvale,QLD,31802,2228,4817
30019,Alabama Hill,QLD,31801,51,104
30020,Albany Creek,QLD,31401,6039,16383
30021,Alberta,QLD,30804,22,36
30022,Alberton (Qld),QLD,30907,190,542
30023,Albinia,QLD,30801,21,165
30024,Albion (Brisbane - Qld),QLD,30503,2077,3463
30025,Albion (Richmond - Qld),QLD,31502,16,34
30026,Alderley,QLD,30404,108,158
30026,Alderley,QLD,30503,2843,6617
30027,Aldershot,QLD,31905,293,1306
30028,Aldoga,QLD,30805,0,0
30029,Alexandra (Qld),QLD,31202,86,190
30030,Alexandra Headland,QLD,31603,2525,4221
30031,Alexandra Hills,QLD,30101,6271,16457
30032,Algester,QLD,30305,3334,9062
30033,Alice Creek,QLD,31902,32,50
30034,Alice River,QLD,31802,890,2669
30035,Allan,QLD,30703,37,91
30036,Allandale (Qld),QLD,31002,31,72
30037,Allenstown,QLD,30803,1541,2765
30038,Allenview,QLD,31101,88,212
30039,Alligator Creek (Mackay - Qld),QLD,31202,351,889
30040,Alligator Creek (Townsville - Qld),QLD,31802,630,1549
30041,Allora,QLD,30703,607,1211
30042,Alloway,QLD,31901,187,485
30043,Almaden,QLD,31501,31,41
30044,Aloomba,QLD,30603,227,573
30045,Alpha,QLD,31503,295,534
30046,Alsace,QLD,30801,7,11
30047,Alton Downs,QLD,30803,504,1331
30048,Alva,QLD,31801,198,207
30049,Amamoor,QLD,31903,340,721
30050,Amamoor Creek,QLD,31903,41,60
30051,Amaroo (Qld),QLD,31503,9,17
30052,Amber,QLD,31501,0,0
30053,Amberley,QLD,31002,53,618
30054,Ambrose,QLD,30805,96,221
30055,Amby,QLD,30701,27,49
30056,Amiens,QLD,30703,141,334
30057,Amity,QLD,30102,422,450
30058,Anakie Siding,QLD,30801,108,164
30059,Andergrove,QLD,31202,4187,9915
30060,Anderleigh,QLD,31903,58,128
30061,Andromache,QLD,31203,8,17
30062,Anduramba,QLD,30702,49,87
30063,Annandale (Qld),QLD,31802,2998,8361
30064,Annerley,QLD,30302,5591,11879
30064,Annerley,QLD,30304,0,0
30065,Anstead,QLD,30402,516,1532
30066,Anthony,QLD,31002,47,133
30067,Antigua,QLD,31905,61,123
30068,Apple Tree Creek,QLD,31901,325,737
30069,Applethorpe,QLD,30703,235,574
30070,Arafura Sea,QLD,31501,0,0
30071,Araluen (Qld),QLD,31903,277,654
30072,Aramac,QLD,31503,304,360
30073,Aramara,QLD,31905,32,62
30074,Arana Hills,QLD,31401,2640,6966
30075,Aranbanga,QLD,31902,10,15
30076,Aratula (Qld),QLD,31002,279,605
30077,Arbouin,QLD,31501,3,4
30078,Arcadia (Qld),QLD,31802,336,243
30079,Arcadia Valley,QLD,30801,84,141
30080,Archer River,QLD,31501,56,30
30081,Archerfield,QLD,30305,242,534
30082,Arcturus,QLD,30801,60,130
30083,Argyll,QLD,30801,14,25
30084,Armstrong Beach,QLD,31202,434,886
30085,Armstrong Creek (Qld),QLD,31401,125,319
30086,Aroona,QLD,31602,1307,3464
30087,Arriga,QLD,31501,74,1318
30088,Arundel,QLD,30903,4269,11184
30088,Arundel,QLD,30909,0,0
30089,Ascot (Brisbane - Qld),QLD,30203,0,0
30089,Ascot (Brisbane - Qld),QLD,30503,3065,6552
30090,Ascot (Toowoomba - Qld),QLD,30703,39,109
30091,Ashfield (Qld),QLD,31901,351,1148
30092,Ashgrove,QLD,30504,5081,13427
30093,Ashmore,QLD,30909,5038,12437
30094,Ashwell,QLD,31002,40,97
30095,Aspley,QLD,30201,114,274
30095,Aspley,QLD,30202,5358,12564
30095,Aspley,QLD,30204,0,0
30096,Atherton,QLD,30605,3862,7690
30097,Athol,QLD,30702,61,139
30098,Atkinsons Dam,QLD,31002,98,196
30099,Aubigny,QLD,30702,112,279
30100,Auburn (Qld),QLD,30701,13,33
30101,Auchenflower,QLD,30504,2934,6037
30102,Augathella,QLD,31503,211,392
30103,Augustine Heights,QLD,31004,2009,6081
30104,Aurukun,QLD,31501,335,1101
30105,Austinville,QLD,30904,131,402
30106,Avenell Heights,QLD,31901,2283,5042
30107,Avoca (Qld),QLD,31901,2231,4893
30108,Avoca Vale,QLD,31303,17,20
30109,Avondale (Qld),QLD,31901,300,712
30110,Ayr,QLD,31801,4159,8583
30111,Babinda (Qld),QLD,30603,638,1284
30112,Back Plains,QLD,30703,36,104
30113,Badu Island,QLD,31501,239,704
30114,Baffle Creek,QLD,30805,124,152
30115,Baffle West,QLD,30701,3,3
30116,Bahrs Scrub,QLD,31102,1627,4514
30117,Bajool,QLD,30803,195,460
30118,Bakers Bend,QLD,31503,9,7
30119,Bakers Creek (Qld),QLD,31202,697,1592
30120,Baking Board,QLD,30701,40,114
30121,Balberra,QLD,31202,173,430
30122,Balcomba,QLD,30801,11,30
30123,Bald Hills (Qld),QLD,30201,2603,6992
30124,Bald Knob,QLD,31606,160,283
30125,Balgal Beach,QLD,31802,674,994
30126,Balgowan (Qld),QLD,30702,3,7
30127,Ball Bay,QLD,31202,239,393
30128,Ballandean,QLD,30703,173,315
30129,Ballard,QLD,31701,59,168
30130,Ballaroo,QLD,30701,20,51
30131,Ballogie,QLD,31902,173,278
30132,Balmoral (Qld),QLD,30502,1707,4195
30133,Balmoral Ridge,QLD,31606,166,306
30134,Balnagowan,QLD,31202,151,442
30135,Bamaga,QLD,31501,389,1185
30136,Bambaroo,QLD,31801,73,146
30137,Bamboo,QLD,30604,56,139
30138,Bamboo Creek,QLD,30603,37,88
30139,Ban Ban,QLD,31902,9,21
30140,Ban Ban Springs,QLD,31902,14,31
30141,Banana,QLD,30804,180,335
30142,Bancroft,QLD,31902,46,98
30143,Bangalee (Qld),QLD,30803,94,226
30144,Banks Creek,QLD,31002,9,11
30145,Banks Pocket,QLD,31903,62,187
30146,Banksia Beach,QLD,31301,3354,7169
30147,Bannockburn (Qld),QLD,31102,343,963
30148,Banyo,QLD,30203,2400,6096
30149,Bapaume,QLD,30703,53,123
30150,Barakula,QLD,30701,3,0
30151,Baralaba,QLD,30804,231,316
30152,Barambah,QLD,31903,26,39
30153,Barcaldine,QLD,31503,958,1526
30154,Bardon,QLD,30504,3771,10177
30155,Baree,QLD,30803,103,203
30156,Barellan Point,QLD,31003,443,1170
30157,Bargara,QLD,31901,4626,8870
30158,Bargunyah,QLD,30701,19,35
30159,Baringa,QLD,31602,1594,4595
30160,Barker Creek Flat,QLD,31902,20,60
30161,Barkly (Qld),QLD,31502,10,25
30162,Barlil,QLD,31902,20,46
30163,Barlows Hill,QLD,30803,351,833
30164,Barlyne,QLD,31902,0,0
30165,Barmaryee,QLD,30803,321,930
30166,Barmoya,QLD,30803,30,86
30167,Barnard,QLD,30801,23,32
30168,Barney Point,QLD,30805,718,1068
30169,Barney View,QLD,31101,30,36
30170,Baroondah,QLD,30804,8,57
30171,Barramornie,QLD,30701,5,15
30172,Barratta (Qld),QLD,31801,30,85
30173,Barrine,QLD,30605,160,305
30174,Barringha,QLD,31802,26,60
30175,Barringun,QLD,31503,22,17
30176,Barron,QLD,30601,29,71
30177,Barron Gorge,QLD,30601,0,0
30178,Bartle Frere,QLD,30603,82,169
30179,Barwidgi,QLD,31501,0,0
30180,Basalt (Qld),QLD,31801,187,215
30181,Basilisk,QLD,30603,0,0
30182,Basin Pocket,QLD,31003,431,932
30183,Battery Hill,QLD,31602,1185,2603
30184,Bauhinia,QLD,30801,28,31
30185,Bauple,QLD,31905,408,740
30186,Bauple Forest,QLD,31905,0,9
30187,Bayrick,QLD,31503,7,16
30188,Bayview Heights,QLD,30602,1649,4167
30189,Beach Holm,QLD,31802,33,37
30190,Beachmere,QLD,31301,2211,4692
30190,Beachmere,QLD,31302,38,92
30191,Beaconsfield (Qld),QLD,31202,2402,5899
30192,Beatrice,QLD,30605,64,126
30193,Beaudesert,QLD,31101,3104,6740
30194,Beaver Rock,QLD,31905,22,56
30195,Bedourie,QLD,31503,112,148
30196,Beebo,QLD,30701,28,48
30197,Beecher,QLD,30805,311,883
30198,Beechmont,QLD,30904,391,855
30199,Beelbee,QLD,30701,7,18
30200,Beelbi Creek,QLD,31905,53,141
30201,Beenaam Valley,QLD,31903,27,60
30202,Beenleigh,QLD,31102,3909,8427
30203,Beerburrum,QLD,31606,412,937
30204,Beeron,QLD,31902,16,34
30205,Beerwah,QLD,31606,3019,7717
30206,Begonia,QLD,30701,20,48
30207,Beilba,QLD,30701,23,35
30208,Belcong,QLD,30801,12,38
30209,Belgian Gardens,QLD,31802,1128,2072
30210,Belivah,QLD,31102,181,512
30211,Bell (Qld),QLD,30702,216,415
30212,Bella Creek,QLD,31903,29,50
30213,Bellara,QLD,31301,1905,3291
30214,Bellbird Park,QLD,31004,3422,9211
30215,Bellbowrie,QLD,30402,1919,5522
30216,Bellenden Ker,QLD,30603,101,225
30217,Bellevue (Qld),QLD,31501,0,0
30218,Bellfield (Qld),QLD,31501,8,10
30219,Belli Park,QLD,31606,284,724
30220,Bellmere,QLD,31302,2396,6573
30221,Bells Bridge,QLD,31903,77,220
30222,Bells Creek,QLD,31602,144,343
30223,Bellthorpe,QLD,31303,80,110
30224,Belmont (Qld),QLD,30101,1603,4517
30225,Belmunda,QLD,31202,9,6
30226,Belvedere,QLD,30603,375,936
30227,Belyando,QLD,31201,54,307
30228,Bemerside,QLD,31801,123,260
30229,Benair,QLD,31902,61,151
30230,Benaraby,QLD,30805,453,1168
30231,Benarkin,QLD,31902,44,62
30232,Benarkin North,QLD,31902,186,341
30233,Benholme,QLD,31202,27,81
30234,Benobble,QLD,30904,13,29
30235,Benowa,QLD,30910,3927,9878
30236,Bentley Park,QLD,30602,2951,8353
30237,Berajondo,QLD,30805,56,109
30238,Berat,QLD,30703,58,129
30239,Bergen,QLD,30702,34,82
30240,Berrinba,QLD,31103,779,2601
30240,Berrinba,QLD,31106,6,14
30241,Berserker,QLD,30803,3440,7022
30242,Bethania,QLD,31102,0,0
30242,Bethania,QLD,31105,2822,6359
30243,Biarra,QLD,31002,137,272
30244,Biboohra,QLD,31501,229,564
30245,Biddaddaba,QLD,31101,100,169
30246,Biddeston,QLD,30702,104,264
30247,Bidwill (Qld),QLD,31905,208,518
30248,Biggenden,QLD,31902,448,786
30249,Biggera Waters,QLD,30903,5048,10015
30250,Bilinga,QLD,30902,1231,1885
30251,Billa Billa,QLD,30701,52,111
30252,Biloela,QLD,30804,2756,5709
30253,Bilyana,QLD,30603,149,190
30254,Bindebango,QLD,30701,16,31
30255,Bingegang,QLD,30801,9,17
30256,Bingil Bay,QLD,30603,242,448
30257,Binjour,QLD,31902,47,84
30258,Binna Burra (Qld),QLD,30904,13,0
30259,Birdsville,QLD,31503,118,116
30260,Birkalla,QLD,30603,67,156
30261,Birkdale,QLD,30101,5677,14800
30262,Birnam (Scenic Rim - Qld),QLD,31101,39,109
30263,Birnam (Toowoomba - Qld),QLD,31701,23,63
30264,Birtinya,QLD,31602,2007,4384
30265,Black Duck Creek,QLD,31701,9,12
30266,Black Jack,QLD,31801,64,167
30267,Black Mountain (Qld),QLD,31608,626,1561
30268,Black River (Qld),QLD,31802,630,1488
30269,Black Snake,QLD,31903,41,84
30270,Blackall,QLD,31503,875,1366
30271,Blackbull,QLD,31501,8,17
30272,Blackbutt (Qld),QLD,31902,454,798
30273,Blackbutt North,QLD,31902,257,457
30274,Blackbutt South,QLD,31902,93,160
30275,Blackdown,QLD,30801,8,0
30276,Blackrock,QLD,31801,126,324
30277,Blacks Beach,QLD,31202,1593,4146
30278,Blacksoil,QLD,31003,28,108
30279,Blackstone,QLD,31003,452,1152
30280,Blackswamp,QLD,30701,23,54
30281,Blackwater,QLD,30801,2515,4718
30282,Blairmore,QLD,31902,3,8
30283,Blanchview,QLD,31701,74,205
30284,Blantyre,QLD,31002,27,54
30285,Blaxland (Qld),QLD,30702,28,58
30286,Blenheim,QLD,31002,122,260
30287,Bli Bli,QLD,31603,109,297
30287,Bli Bli,QLD,31607,3848,9849
30288,Bloomfield,QLD,30604,10,18
30288,Bloomfield,QLD,31501,141,214
30289,Bloomsbury,QLD,31202,264,544
30290,Blue Mountain,QLD,31201,33,83
30291,Blue Mountain Heights,QLD,31701,358,993
30292,Bluewater,QLD,31802,449,1082
30293,Bluewater Park,QLD,31802,368,1061
30294,Bluff,QLD,30801,220,333
30295,Blythdale,QLD,30701,17,47
30296,Boatman,QLD,31503,15,18
30297,Bogandilla,QLD,30701,18,37
30298,Bogie,QLD,31201,73,205
30299,Bohle,QLD,31802,89,112
30300,Bohle Plains,QLD,31802,1511,3987
30301,Boigu Island,QLD,31501,70,199
30302,Bokarina,QLD,31602,721,1924
30303,Bollier,QLD,31903,106,219
30304,Bollon,QLD,30701,151,169
30305,Bolwarra (Qld),QLD,31501,0,0
30306,Bombeeta,QLD,30603,60,147
30307,Bon Accord,QLD,31902,16,32
30308,Bondoola,QLD,30803,212,552
30309,Bongaree,QLD,31301,4786,8161
30310,Bongeen,QLD,30702,29,71
30311,Bonnie Doon (Qld),QLD,30604,233,559
30312,Bonogin,QLD,30905,1524,4910
30313,Bonshaw (Qld),QLD,30701,12,25
30314,Bony Mountain,QLD,30703,39,88
30315,Boodua,QLD,30702,31,95
30316,Boogan,QLD,30603,63,138
30317,Booie,QLD,31902,478,1108
30318,Boolboonda,QLD,31902,30,55
30319,Boolburra,QLD,30801,21,34
30320,Boompa,QLD,31905,41,88
30321,Boonah (Qld),QLD,31002,1135,2538
30322,Boonara,QLD,31903,29,60
30323,Boonarga,QLD,30701,17,37
30324,Boondall,QLD,30203,3748,9611
30325,Boondandilla,QLD,30701,0,0
30326,Boondooma,QLD,31902,45,68
30327,Boonooroo,QLD,31905,253,367
30328,Boonooroo Plains,QLD,31905,0,5
30329,Booral (Qld),QLD,31904,598,1610
30330,Booroobin,QLD,31303,60,129
30330,Booroobin,QLD,31606,79,133
30331,Booubyjan,QLD,31903,35,90
30332,Booval,QLD,31003,1501,2721
30333,Booyal,QLD,31901,136,284
30334,Borallon,QLD,31002,35,90
30335,Boreen Point,QLD,31608,258,366
30336,Boronia Heights,QLD,31103,2996,8165
30337,Bororen,QLD,30805,177,400
30338,Boulder Creek,QLD,30803,8,13
30339,Bouldercombe,QLD,30803,445,1120
30340,Boulia,QLD,31503,246,313
30341,Bountiful Islands,QLD,31502,0,0
30342,Bowen,QLD,31201,5629,11202
30343,Bowen Hills,QLD,30503,3327,4878
30344,Bowenville,QLD,30702,96,213
30345,Boyland,QLD,30904,306,862
30346,Boyne Island,QLD,30805,2134,4803
30347,Boyne Valley,QLD,30805,197,291
30348,Boynedale,QLD,30805,36,13
30349,Boyneside,QLD,31902,23,67
30350,Boynewood,QLD,31902,64,137
30351,Bracalba,QLD,31303,39,97
30352,Bracewell,QLD,30805,80,179
30353,Bracken Ridge,QLD,30204,6436,17456
30354,Braemeadows,QLD,31801,114,276
30355,Braemore,QLD,31002,64,130
30356,Bramston Beach,QLD,30603,166,184
30357,Branch Creek,QLD,31902,19,30
30358,Branchview,QLD,30702,15,37
30359,Brandon,QLD,31801,483,1100
30360,Brandy Creek (Qld),QLD,31203,49,114
30361,Branyan,QLD,31901,1703,4653
30362,Brassall,QLD,31003,5026,12105
30363,Bray Park (Qld),QLD,31403,3757,10271
30364,Breadalbane (Qld),QLD,31203,11,23
30365,Breakaway,QLD,31502,63,183
30366,Breddan,QLD,31801,219,479
30367,Brendale,QLD,31403,1443,3108
30368,Bribie Island North,QLD,31301,0,0
30369,Bridgeman Downs,QLD,30201,3811,10937
30370,Bridges,QLD,31607,104,297
30371,Brigalow,QLD,30701,95,173
30372,Brightly,QLD,31202,19,52
30373,Brighton (Qld),QLD,30204,3947,9666
30374,Brightview,QLD,31002,342,910
30375,Brigooda,QLD,31902,20,25
30376,Bringalily,QLD,30702,29,64
30377,Brinsmead,QLD,30601,2114,5554
30378,Brisbane Airport,QLD,30203,28,22
30379,Brisbane City,QLD,30501,8167,12561
30380,Broadbeach,QLD,30901,5927,6789
30381,Broadbeach Waters,QLD,30901,3629,8192
30382,Broadmere,QLD,30804,23,44
30383,Broadwater (Qld),QLD,30703,136,323
30384,Broken River,QLD,31202,10,18
30385,Bromelton,QLD,31101,59,125
30386,Brookfield (Qld),QLD,30402,1206,3642
30387,Brookhill,QLD,31802,40,88
30388,Brooklands,QLD,31902,144,328
30389,Brookstead,QLD,30702,83,173
30390,Brookwater,QLD,31004,989,2890
30391,Brooloo,QLD,31903,190,372
30392,Brooweena,QLD,31905,49,93
30393,Broughton (Qld),QLD,31801,301,719
30394,Brovinia,QLD,31902,10,5
30395,Browns Plains (Qld),QLD,31103,2496,6635
30396,Broxburn,QLD,30702,46,115
30397,Brush Creek,QLD,30701,19,41
30398,Bryden,QLD,31002,25,22
30399,Brymaroo,QLD,30702,53,128
30400,Buaraba,QLD,31002,76,169
30401,Buaraba South,QLD,31701,0,0
30402,Bucasia,QLD,31202,1950,4929
30403,Bucca (Qld),QLD,31901,446,1057
30404,Buccan,QLD,31104,653,2131
30405,Buckingham (Qld),QLD,31503,0,0
30406,Buckland (Qld),QLD,30801,17,43
30407,Buddina,QLD,31602,2025,4221
30408,Buderim,QLD,31601,13156,31418
30409,Budgee,QLD,30703,16,30
30410,Bukali,QLD,31902,22,57
30411,Bulgun,QLD,30603,119,287
30412,Bulimba,QLD,30502,3359,7645
30413,Bullcamp,QLD,31902,26,58
30414,Bulleringa,QLD,31501,0,0
30415,Bulli Creek,QLD,30702,0,3
30416,Bulloo Downs,QLD,31503,0,7
30417,Bullyard,QLD,31901,15,34
30417,Bullyard,QLD,31902,68,178
30418,Bulwer,QLD,31305,74,58
30419,Bunburra,QLD,31002,47,93
30420,Bundaberg Central,QLD,31901,72,160
30421,Bundaberg East,QLD,31901,1295,2843
30422,Bundaberg North,QLD,31901,2624,5523
30423,Bundaberg South,QLD,31901,1735,3473
30424,Bundaberg West,QLD,31901,1403,2618
30425,Bundall,QLD,30909,0,0
30425,Bundall,QLD,30910,2031,4886
30426,Bundamba,QLD,31003,2723,6536
30427,Bundi,QLD,30701,19,52
30428,Bundoora (Qld),QLD,30801,3,7
30429,Bungaban,QLD,30701,32,62
30429,Bungaban,QLD,30804,0,0
30430,Bungadoo,QLD,31902,142,342
30431,Bungalow,QLD,30602,1208,2349
30432,Bungeworgorai,QLD,30701,29,61
30433,Bungil (Qld),QLD,30701,31,68
30434,Bungundarra,QLD,30803,227,658
30435,Bungunya,QLD,30701,41,59
30436,Bunjurgen,QLD,31002,54,107
30437,Bunya,QLD,31401,619,1964
30438,Bunya Creek,QLD,31904,28,75
30439,Bunya Mountains,QLD,30702,38,79
30439,Bunya Mountains,QLD,31902,46,21
30440,Burbank,QLD,30303,359,1045
30441,Burdell,QLD,31802,2657,7165
30442,Burgowan,QLD,31905,25,56
30443,Burketown,QLD,31502,192,200
30444,Burleigh,QLD,31502,29,52
30445,Burleigh Heads,QLD,30901,5304,9183
30445,Burleigh Heads,QLD,30905,487,1386
30446,Burleigh Waters,QLD,30901,5787,14398
30446,Burleigh Waters,QLD,30908,61,149
30447,Burncluith,QLD,30701,55,137
30448,Burnett Creek,QLD,31002,15,16
30449,Burnett Heads,QLD,31901,1473,2908
30450,Burnside (Qld),QLD,31607,1201,3094
30451,Burpengary,QLD,31304,6219,16475
30452,Burpengary East,QLD,31302,2109,6531
30452,Burpengary East,QLD,31304,1503,3117
30453,Burra Burri,QLD,30701,22,32
30454,Burrar Islet,QLD,31501,0,0
30455,Burrum Heads,QLD,31905,1524,2542
30456,Burrum River,QLD,31905,109,261
30457,Burrum Town,QLD,31905,135,196
30458,Burton (Qld),QLD,31201,9,7
30459,Burua,QLD,30805,311,851
30460,Bushland Beach,QLD,31802,2368,6642
30461,Bushley,QLD,30803,16,37
30462,Butchers Creek,QLD,30605,35,85
30463,Buxton (Qld),QLD,31901,317,500
30464,Bybera,QLD,30701,0,0
30465,Byee,QLD,31902,16,39
30466,Byellee,QLD,30805,0,0
30467,Byfield,QLD,30803,155,326
30468,Bymount,QLD,30701,17,47
30469,Byrnestown,QLD,31902,21,27
30470,Cabarlah,QLD,31701,441,1309
30471,Caboolture,QLD,31302,11677,29488
30472,Caboolture South,QLD,31302,3179,7541
30473,Caboonbah,QLD,31002,7,13
30474,Cadarga,QLD,30701,11,28
30475,Caffey,QLD,31701,23,45
30476,Cainbable,QLD,31101,58,91
30477,Cairdbeign,QLD,30801,22,64
30478,Cairns City,QLD,30602,1609,3613
30479,Cairns North,QLD,30602,3064,5331
30480,Calamvale,QLD,30305,6320,18016
30481,Calavos,QLD,31901,181,357
30482,Calcium,QLD,31802,8,12
30483,Caldervale,QLD,31503,0,15
30484,Calen,QLD,31202,230,423
30485,Calgoa,QLD,31905,6,14
30486,Calico Creek,QLD,31903,67,185
30487,Calingunee,QLD,30701,10,18
30488,Callandoon,QLD,30701,20,32
30489,Callemondah,QLD,30805,34,36
30490,Callide,QLD,30804,30,80
30491,Calliope (Qld),QLD,30805,1941,5271
30492,Caloundra,QLD,31602,2688,3926
30493,Caloundra West,QLD,31602,2903,7266
30494,Calvert (Qld),QLD,31002,137,379
30495,Camboon (Qld),QLD,30804,24,78
30496,Cambooya,QLD,31701,955,2247
30497,Cambridge (Qld),QLD,31502,0,14
30498,Cambroon,QLD,31606,102,211
30499,Cameby,QLD,30701,30,53
30500,Cameron Corner,QLD,31503,7,19
30501,Camira (Qld),QLD,31004,2706,7428
30502,Camooweal,QLD,31502,217,247
30503,Camp Creek (Qld),QLD,30603,51,128
30504,Camp Hill,QLD,30301,4463,12012
30504,Camp Hill,QLD,30302,50,125
30504,Camp Hill,QLD,30502,47,141
30505,Camp Mountain,QLD,31401,448,1447
30506,Campaspe,QLD,31801,75,123
30507,Campbell Creek,QLD,31902,4,3
30508,Campbells Pocket,QLD,31303,39,77
30509,Campwin Beach,QLD,31202,276,499
30510,Canaga,QLD,30701,47,85
30511,Canal Creek,QLD,30803,5,12
30512,Cania,QLD,31902,36,27
30513,Canina,QLD,31903,144,368
30514,Cannindah,QLD,31902,21,35
30515,Canning Creek,QLD,30701,0,15
30515,Canning Creek,QLD,30702,4,4
30516,Canningvale,QLD,30703,45,115
30517,Cannon Creek (Scenic Rim - Qld),QLD,31002,37,75
30518,Cannon Creek (Southern Downs - Qld),QLD,30703,35,67
30519,Cannon Hill,QLD,30301,2790,6727
30520,Cannon Valley,QLD,31203,395,1142
30521,Cannonvale,QLD,31203,3423,6611
30522,Canoona,QLD,30803,37,89
30523,Canungra,QLD,30904,595,1426
30524,Capalaba,QLD,30101,7237,17991
30525,Cape Cleveland,QLD,31802,56,128
30526,Cape Conway,QLD,31203,0,0
30527,Cape Gloucester,QLD,31203,56,90
30528,Cape Hillsborough,QLD,31202,67,36
30529,Cape Tribulation,QLD,30604,106,124
30530,Capella,QLD,30801,501,987
30531,Captain Creek,QLD,30805,259,457
30532,Captains Mountain,QLD,30702,31,75
30533,Caravonica,QLD,30601,962,2172
30534,Carbine Creek,QLD,30801,15,33
30535,Carbrook,QLD,31105,484,1338
30536,Cardstone,QLD,30603,0,0
30537,Cardwell,QLD,30603,946,1331
30538,Carina (Qld),QLD,30301,5007,11652
30539,Carina Heights,QLD,30301,3169,7092
30540,Carindale,QLD,30301,6003,16522
30540,Carindale,QLD,30303,25,25
30541,Carmila,QLD,31201,221,350
30542,Carmoo,QLD,30603,91,182
30543,Carnarvon Park,QLD,30801,56,12
30544,Carneys Creek,QLD,31002,49,71
30545,Carole Park,QLD,31004,0,0
30546,Caroline Crossing,QLD,31503,20,44
30547,Carpendale,QLD,31701,44,110
30548,Carpentaria,QLD,31502,10,25
30549,Carrandotta,QLD,31503,0,5
30550,Carrara,QLD,30906,5679,13145
30551,Carrington (Qld),QLD,30605,78,186
30552,Carruchan,QLD,30603,124,244
30553,Carseldine,QLD,30201,3884,10085
30554,Carstairs,QLD,31801,39,91
30555,Carters Ridge,QLD,31903,211,495
30556,Cashmere,QLD,31401,1555,4960
30557,Cassowary,QLD,30604,55,119
30558,Castaways Beach,QLD,31605,299,679
30559,Castle Creek (Qld),QLD,30804,26,56
30560,Castle Hill (Qld),QLD,31802,392,980
30561,Cattle Creek (North Burnett - Qld),QLD,31902,14,13
30562,Cattle Creek (Toowoomba - Qld),QLD,30702,8,21
30563,Causeway Lake,QLD,30803,113,127
30564,Cawarral,QLD,30803,328,839
30565,Cawdor (Qld),QLD,31701,124,418
30566,Cecil Plains,QLD,30702,177,369
30567,Cedar Creek (Logan - Qld),QLD,30907,150,463
30567,Cedar Creek (Logan - Qld),QLD,31104,125,398
30568,Cedar Creek (Moreton Bay - Qld),QLD,31401,256,834
30569,Cedar Grove,QLD,31104,706,2013
30570,Cedar Pocket,QLD,31903,143,327
30571,Cedar Vale,QLD,31104,908,2861
30572,Cedarton,QLD,31303,62,129
30573,Cement Mills,QLD,30701,9,11
30574,Centenary Heights,QLD,31701,2862,6178
30575,Ceratodus,QLD,31902,18,34
30576,Chahpingah,QLD,31902,10,26
30577,Chambers Flat,QLD,31103,1039,2712
30578,Chances Plain,QLD,30701,58,158
30579,Chandler (Qld),QLD,30101,474,1467
30580,Chapel Hill (Qld),QLD,30402,3724,10538
30581,Charlestown (Qld),QLD,31902,36,83
30582,Charleville,QLD,31503,1726,2988
30583,Charlton (Qld),QLD,31701,42,106
30584,Charlwood,QLD,31002,79,146
30585,Charters Towers City,QLD,31801,1161,2246
30586,Chatsworth (Qld),QLD,31903,505,1356
30587,Cheeseborough,QLD,30801,4,16
30588,Chelmer,QLD,30403,1130,3323
30589,Chelmsford,QLD,31902,48,100
30590,Chelona,QLD,31202,47,120
30591,Cheltenham (Qld),QLD,31902,9,10
30592,Cherbourg,QLD,31902,332,1194
30593,Chermside,QLD,30202,6131,11409
30594,Chermside West,QLD,30202,2614,6959
30595,Cherry Creek,QLD,30702,18,38
30596,Cherry Gully,QLD,30703,8,18
30597,Cherwell,QLD,31905,4,10
30598,Chevallum,QLD,31606,156,469
30599,Chewko,QLD,31501,130,214
30600,Childers (Qld),QLD,31901,976,1711
30601,Chillagoe,QLD,31501,140,207
30602,Chinchilla,QLD,30701,3266,7055
30603,Chinghee Creek,QLD,31101,19,35
30604,Chirnside,QLD,30801,24,56
30605,Christmas Creek,QLD,31101,42,85
30606,Churchable,QLD,31002,118,258
30607,Churchill (Qld),QLD,31003,753,1844
30608,Chuwar,QLD,31003,809,2182
30609,Cinnabar,QLD,31903,41,79
30610,Clagiraba,QLD,30904,220,641
30611,Clairview,QLD,31201,221,171
30612,Clara Creek,QLD,31503,19,56
30613,Claraville,QLD,31501,7,6
30614,Clare (Qld),QLD,31801,81,193
30615,Clarendon (Qld),QLD,31002,93,229
30616,Clarke Creek,QLD,31201,16,32
30617,Clayfield,QLD,30503,5300,10907
30618,Clear Island Waters,QLD,30908,1823,4398
30619,Clear Mountain,QLD,31401,271,813
30620,Clemant,QLD,31802,0,14
30621,Clermont,QLD,31201,1668,2955
30622,Cleveland (Qld),QLD,30102,7247,15832
30623,Clifford,QLD,30701,21,25
30624,Clifton (Qld),QLD,30703,675,1513
30625,Clifton Beach (Qld),QLD,30601,1666,3184
30626,Clinton (Qld),QLD,30805,2553,6170
30627,Clintonvale,QLD,30703,38,72
30628,Cloncurry,QLD,31502,1866,3170
30629,Clontarf (Moreton Bay - Qld),QLD,31305,3844,8435
30630,Clontarf (Toowoomba - Qld),QLD,30702,14,28
30631,Closeburn,QLD,31401,193,561
30632,Cloyna,QLD,31902,61,157
30633,Cluden,QLD,31802,250,415
30634,Clumber,QLD,31002,41,91
30635,Coal Creek,QLD,31002,26,50
30636,Coalbank,QLD,30702,27,46
30637,Coalfalls,QLD,31003,381,901
30638,Coalstoun Lakes,QLD,31902,53,95
30639,Cobbs Hill,QLD,31902,3,13
30640,Cobraball,QLD,30803,33,81
30641,Cockatoo (Qld),QLD,30804,19,41
30642,Coconuts,QLD,30603,119,218
30643,Coen,QLD,31501,178,322
30644,Coes Creek,QLD,31607,581,1516
30645,Coles Creek,QLD,31903,35,68
30646,Colevale,QLD,31801,9,19
30647,Coleyville,QLD,31002,75,192
30648,Colinton (Qld),QLD,31303,35,58
30649,Collaroy (Qld),QLD,31201,6,0
30650,College View,QLD,31002,33,72
30651,Collingwood Park (Qld),QLD,31004,3169,9240
30652,Collinsville (Qld),QLD,31201,1018,1495
30653,Colosseum,QLD,30805,109,182
30654,Columbia,QLD,31801,34,91
30655,Columboola,QLD,30701,38,76
30656,Comet,QLD,30801,173,364
30657,Commissioners Flat,QLD,31303,7,23
30658,Como (Qld),QLD,31608,28,55
30659,Comoon Loop,QLD,30603,62,44
30660,Cona Creek,QLD,30801,15,57
30661,Condamine,QLD,30701,197,299
30662,Condamine Farms,QLD,30702,15,28
30663,Condamine Plains,QLD,30702,31,101
30664,Condon,QLD,31802,2531,5916
30665,Conjuboy,QLD,31501,3,7
30666,Conondale,QLD,31606,441,879
30667,Consuelo,QLD,30801,22,35
30668,Conway,QLD,31203,93,202
30669,Conway Beach,QLD,31203,144,75
30670,Coochiemudlo Island,QLD,30102,593,849
30671,Coochin,QLD,31002,55,115
30672,Coochin Creek,QLD,31606,52,73
30673,Cooee Bay,QLD,30803,599,932
30674,Cooeeimbardi,QLD,31002,6,9
30675,Cooktown,QLD,31501,1690,2726
30676,Coolabine,QLD,31606,48,76
30677,Coolabunia,QLD,31902,74,169
30678,Cooladdi,QLD,31503,8,7
30679,Coolana,QLD,31002,67,175
30680,Coolangatta (Qld),QLD,30902,4603,6472
30681,Coolbie,QLD,31801,84,110
30682,Coolmunda,QLD,30701,104,213
30683,Cooloola,QLD,31903,10,0
30684,Cooloola Cove,QLD,31903,1475,2929
30685,Cooloolabin,QLD,31606,116,305
30685,Cooloolabin,QLD,31607,0,0
30686,Coolum Beach,QLD,31603,4540,9077
30686,Coolum Beach,QLD,31607,51,89
30687,Coombabah,QLD,30903,5049,10276
30688,Coomera,QLD,30907,7011,20241
30689,Coominglah,QLD,31902,13,12
30690,Coominglah Forest,QLD,31902,0,0
30691,Coominya,QLD,31002,485,1028
30692,Coomoo,QLD,30801,9,24
30693,Coomrith,QLD,30701,22,52
30694,Coonambula,QLD,31902,45,80
30695,Coonarr,QLD,31901,141,262
30696,Coondoo,QLD,31903,37,43
30697,Coongoola,QLD,31503,7,16
30698,Coopers Plains,QLD,30304,2267,5515
30698,Coopers Plains,QLD,30305,9,16
30698,Coopers Plains,QLD,30306,54,145
30699,Coorada,QLD,30804,6,16
30700,Cooran,QLD,31608,760,1736
30701,Cooranga,QLD,30702,51,123
30702,Cooroibah,QLD,31608,804,2166
30703,Cooroo Lands,QLD,30603,4,8
30704,Coorooman,QLD,30803,43,100
30705,Cooroy,QLD,31608,2116,4789
30706,Cooroy Mountain,QLD,31608,63,148
30707,Coorparoo,QLD,30301,12,30
30707,Coorparoo,QLD,30302,8478,18134
30708,Coorumba,QLD,30603,54,137
30709,Coorumbene,QLD,30801,12,40
30710,Cootharaba,QLD,31608,372,873
30711,Coowonga,QLD,30803,112,253
30712,Cooya Beach,QLD,30604,264,518
30713,Cooyar,QLD,30702,121,225
30714,Coppabella (Qld),QLD,31201,130,595
30715,Coquette Point,QLD,30603,50,118
30716,Coral Cove,QLD,31901,575,1457
30717,Coral Sea,QLD,30803,0,0
30717,Coral Sea,QLD,30805,30,63
30717,Coral Sea,QLD,31201,0,0
30717,Coral Sea,QLD,31202,29,19
30717,Coral Sea,QLD,31203,0,0
30717,Coral Sea,QLD,31501,0,0
30717,Coral Sea,QLD,31801,0,0
30717,Coral Sea,QLD,31802,0,0
30717,Coral Sea,QLD,31901,0,0
30718,Coralie,QLD,31501,0,0
30719,Corbould Park,QLD,31602,0,8
30720,Cordalba,QLD,31901,235,473
30721,Cordelia,QLD,31801,89,176
30722,Corella,QLD,31903,23,68
30723,Corfield,QLD,31503,106,153
30724,Corinda,QLD,30403,2163,5430
30724,Corinda,QLD,31001,43,109
30725,Coringa,QLD,31902,41,89
30726,Corndale (Qld),QLD,31902,32,58
30727,Cornubia,QLD,31105,2732,7815
30728,Cornwall (Qld),QLD,30701,11,13
30729,Cosgrove (Qld),QLD,31802,278,657
30730,Cotherstone,QLD,30801,3,5
30731,Cotswold Hills,QLD,31701,595,1632
30732,Cottonvale (Qld),QLD,30703,72,145
30733,Coulson,QLD,31002,84,168
30734,Coverty,QLD,31902,69,98
30735,Cow Bay,QLD,30604,192,206
30736,Cowan Cowan,QLD,31305,73,27
30737,Cowley,QLD,30603,24,82
30738,Cowley Beach,QLD,30603,98,63
30739,Cowley Creek,QLD,30603,4,3
30740,Cracow,QLD,30804,70,114
30741,Craiglie,QLD,30604,472,1062
30742,Craignish,QLD,31904,819,2195
30743,Cranbrook (Qld),QLD,31802,2535,5871
30744,Cranley,QLD,31701,1040,2293
30745,Crawford,QLD,31902,71,179
30746,Crediton,QLD,31202,51,107
30747,Cremorne (Qld),QLD,31202,16,19
30748,Cressbrook,QLD,31002,55,121
30749,Cressbrook Creek,QLD,30702,15,10
30750,Crestmead,QLD,31103,4148,12268
30751,Crinum,QLD,30801,29,86
30752,Croftby,QLD,31002,81,130
30753,Crohamhurst,QLD,31606,86,213
30754,Cromarty,QLD,31801,17,43
30755,Crossdale,QLD,31002,53,73
30756,Crossroads,QLD,30701,59,129
30757,Crowley Vale,QLD,31002,36,106
30758,Crownthorpe,QLD,31902,17,46
30759,Crows Nest (Qld),QLD,30702,1055,2214
30760,Croydon (Qld),QLD,31501,175,219
30761,Cryna,QLD,31101,60,134
30762,Crystal Brook (Qld),QLD,31203,89,238
30763,Crystal Creek (Qld),QLD,31802,6,3
30764,Crystalbrook,QLD,31501,0,4
30765,Cullinane,QLD,30603,235,555
30766,Cungulla,QLD,31802,246,314
30767,Cunnamulla,QLD,31503,686,1235
30768,Cunningham (Qld),QLD,30703,28,58
30769,Curra,QLD,31903,888,2107
30770,Currajah,QLD,30603,27,57
30771,Currajong,QLD,31802,1284,2491
30772,Curramore (Qld),QLD,31606,92,197
30773,Currimundi,QLD,31602,2831,6603
30774,Currumbin,QLD,30902,1699,3289
30775,Currumbin Valley,QLD,30905,727,2082
30776,Currumbin Waters,QLD,30902,3784,9808
30777,Curtis Island,QLD,30805,93,36
30778,Cushnie,QLD,31902,74,145
30779,Cutella,QLD,31701,23,44
30780,Cuttaburra,QLD,31503,15,22
30781,Cynthia,QLD,31902,8,13
30782,Cypress Gardens,QLD,30702,58,95
30783,D'Aguilar,QLD,31303,518,1461
30784,Dagmar,QLD,30604,0,0
30785,Dagun,QLD,31903,60,137
30786,Daintree,QLD,30604,54,98
30787,Daisy Hill (Qld),QLD,31106,2575,6917
30788,Dajarra,QLD,31502,73,181
30789,Dakabin,QLD,31402,2138,5272
30790,Dakenba,QLD,30804,48,127
30791,Dalbeg,QLD,31801,39,34
30792,Dalby,QLD,30702,5557,12720
30793,Dalcouth,QLD,30703,70,220
30794,Dalga,QLD,31902,0,6
30795,Dallarnil,QLD,31902,122,248
30796,Dalma,QLD,30803,40,102
30797,Dalrymple Creek,QLD,31801,23,46
30798,Dalrymple Heights,QLD,31202,53,46
30799,Dalveen,QLD,30703,209,368
30800,Dalwogon,QLD,30701,19,52
30801,Dalysford,QLD,31902,60,136
30802,Damascus,QLD,31902,49,96
30803,Damper Creek,QLD,30603,18,34
30804,Danbulla,QLD,30605,71,92
30805,Danderoo,QLD,30703,10,40
30806,Dangore,QLD,31902,28,35
30807,Daradgee,QLD,30603,34,91
30808,Dargal Road,QLD,30701,63,202
30809,Darling Heights,QLD,31701,1845,5164
30810,Darlington (Qld),QLD,31101,40,100
30811,Darr Creek,QLD,30701,10,13
30812,Darra,QLD,30401,0,0
30812,Darra,QLD,31001,1640,4101
30813,Darts Creek,QLD,30805,67,165
30814,Dauan Island,QLD,31501,55,131
30815,Daveson,QLD,30603,11,33
30816,Dayboro,QLD,31401,867,2391
30817,Daymar,QLD,30701,18,36
30818,Deagon,QLD,30204,1686,3765
30819,Deception Bay,QLD,31304,7863,19619
30819,Deception Bay,QLD,31402,0,0
30820,Dedin,QLD,30604,0,0
30821,Deebing Heights,QLD,31003,1394,3963
30822,Deep Creek (Qld),QLD,31902,4,13
30823,Deepwater (Qld),QLD,30805,195,289
30824,Deeragun,QLD,31802,1763,4282
30825,Deeral,QLD,30603,67,151
30826,Degarra,QLD,31501,47,80
30827,Degilbo,QLD,31902,94,182
30828,Delan,QLD,31902,156,322
30829,Delaneys Creek,QLD,31303,491,1356
30830,Depot Hill,QLD,30803,478,1015
30831,Derri Derra,QLD,31902,68,115
30832,Derrymore,QLD,31701,33,85
30833,Desailly,QLD,31501,3,9
30834,Deuchar,QLD,30703,132,327
30835,Devereux Creek,QLD,31202,155,408
30836,Devon Park (Qld),QLD,30702,22,55
30837,Diamantina Lakes,QLD,31503,0,0
30838,Diamond Valley,QLD,31606,195,486
30839,Diamondvale,QLD,30703,23,52
30840,Diamondy,QLD,30702,39,72
30841,Dicky Beach,QLD,31602,1028,1922
30842,Didcot,QLD,31902,42,75
30843,Diddillibah,QLD,31607,706,1708
30844,Diglum,QLD,30805,25,53
30845,Dimbulah,QLD,31501,512,979
30846,Dingo,QLD,30801,124,228
30847,Dingo Beach,QLD,31203,182,161
30848,Dingo Pocket,QLD,30603,34,79
30849,Dinmore,QLD,31003,509,1114
30850,Dirnbir,QLD,31902,28,59
30851,Dirranbandi,QLD,30701,358,620
30852,Dittmer,QLD,31203,33,52
30853,Diwan,QLD,30604,137,169
30854,Dixalea,QLD,30804,45,98
30855,Dixie (Qld),QLD,31501,20,43
30856,Djarawong,QLD,30603,40,103
30857,Djiru,QLD,30603,0,0
30858,Djuan,QLD,30702,30,95
30859,Doctor Creek,QLD,30702,15,28
30860,Dolphin Heads,QLD,31202,188,417
30861,Domville,QLD,30702,0,0
30862,Donnybrook (Qld),QLD,31301,353,664
30863,Doolandella,QLD,31001,2339,7130
30864,Doolbi,QLD,31901,58,102
30865,Doomadgee,QLD,31502,376,1387
30866,Doonan,QLD,31608,1424,3716
30867,Doongul,QLD,31905,21,35
30868,Dotswood,QLD,31801,122,83
30869,Doughboy,QLD,31902,15,22
30870,Douglas (Toowoomba - Qld),QLD,30702,57,150
30871,Douglas (Townsville - Qld),QLD,31802,2802,7752
30872,Dowar Islet,QLD,31501,0,0
30873,Downsfield,QLD,31903,45,86
30874,Dows Creek,QLD,31202,44,146
30875,Draper,QLD,31401,223,697
30876,Drayton,QLD,31701,824,1800
30877,Drewvale,QLD,30305,1428,4783
30878,Drillham,QLD,30701,62,111
30879,Drillham South,QLD,30701,37,73
30880,Drinan,QLD,31902,59,135
30881,Dromedary (Qld),QLD,30801,6,5
30882,Duaringa,QLD,30801,172,261
30883,Duchess,QLD,31502,30,53
30884,Duckinwilla,QLD,31905,16,38
30885,Ducklo,QLD,30702,118,305
30886,Dugandan,QLD,31002,270,592
30887,Duingal,QLD,31901,38,73
30888,Dulacca,QLD,30701,69,135
30889,Dulong,QLD,31606,257,685
30890,Dululu,QLD,30804,51,100
30891,Dumbleton,QLD,31202,98,242
30892,Dumgree,QLD,30804,36,63
30893,Dumpy Creek,QLD,30804,7,16
30894,Dundarrah,QLD,31902,5,4
30895,Dundas (Qld),QLD,31002,36,58
30896,Dundathu,QLD,31905,103,232
30897,Dundowran,QLD,31904,398,1086
30898,Dundowran Beach,QLD,31904,899,2312
30899,Dunk,QLD,30603,20,29
30900,Dunkeld (Qld),QLD,30701,26,49
30901,Dunmora,QLD,31905,117,280
30902,Dunmore (Qld),QLD,30702,19,39
30903,Dunnrock,QLD,31202,39,57
30904,Dunwich,QLD,30102,412,743
30905,Durack (Qld),QLD,31001,3154,7809
30906,Durah,QLD,30701,0,0
30907,Durham,QLD,31503,30,31
30908,Durham Downs,QLD,30701,31,63
30909,Durong,QLD,31902,126,222
30910,Dutton Park,QLD,30302,910,1898
30910,Dutton Park,QLD,30501,88,228
30911,Dutton River,QLD,31502,56,66
30912,Dykehead,QLD,31902,4,11
30913,Dysart (Qld),QLD,31201,1621,2905
30914,Eagle Farm,QLD,30203,0,5
30915,Eagleby,QLD,31102,5955,13600
30916,Eaglefield,QLD,31201,0,3
30917,Earlville,QLD,30602,2131,4197
30918,East Barron,QLD,30605,151,272
30919,East Brisbane,QLD,30302,0,0
30919,East Brisbane,QLD,30501,40,74
30919,East Brisbane,QLD,30502,2966,6108
30920,East Cooyar,QLD,30702,12,27
30921,East Creek,QLD,31501,0,0
30922,East Deep Creek,QLD,31903,264,704
30923,East End,QLD,30805,39,94
30924,East Feluga,QLD,30603,111,265
30925,East Greenmount,QLD,30703,145,345
30926,East Haldon,QLD,31701,8,35
30927,East Innisfail,QLD,30603,828,1736
30928,East Ipswich,QLD,31003,1115,2336
30929,East Mackay,QLD,31202,1663,3729
30930,East Nanango,QLD,31902,134,273
30931,East Palmerston,QLD,30603,96,222
30932,East Russell,QLD,30603,52,85
30933,East Toowoomba,QLD,31701,2764,5921
30934,East Trinity,QLD,30602,114,235
30935,Eastern Heights,QLD,31003,1596,3613
30936,Eaton (Qld),QLD,30603,18,47
30937,Eatons Hill,QLD,31401,2540,7849
30938,Ebbw Vale,QLD,31003,252,542
30939,Ebenezer (Qld),QLD,31002,110,292
30940,Edens Landing,QLD,31102,1898,5096
30940,Edens Landing,QLD,31105,0,0
30941,Edge Hill,QLD,30602,1900,4080
30942,Edmonton,QLD,30602,4195,11403
30943,Edward River,QLD,31501,0,3
30944,Eerwah Vale,QLD,31607,271,665
30945,Egypt,QLD,31701,7,8
30946,Eidsvold,QLD,31902,294,541
30947,Eidsvold East,QLD,31902,21,27
30948,Eidsvold West,QLD,31902,41,82
30949,Eight Mile Creek (Qld),QLD,31801,0,0
30950,Eight Mile Plains,QLD,30303,5552,15039
30950,Eight Mile Plains,QLD,30306,116,287
30951,Eimeo,QLD,31202,1302,3291
30952,Einasleigh,QLD,31501,83,86
30953,El Arish,QLD,30603,167,327
30954,Elaman Creek,QLD,31606,46,92
30955,Elanora,QLD,30902,4755,12541
30956,Elbow Valley,QLD,30703,58,134
30957,Electra,QLD,31901,49,103
30958,Elgin (Qld),QLD,31201,30,52
30959,Elgin Vale,QLD,31903,14,14
30960,Eli Waters,QLD,31904,1616,3762
30961,Elimbah,QLD,31302,1404,4274
30962,Ellangowan (Qld),QLD,30703,52,95
30963,Ellen Grove,QLD,31001,1323,3588
30964,Ellerbeck,QLD,30603,130,211
30965,Ellesmere,QLD,31902,174,329
30966,Ellinjaa,QLD,30605,31,66
30967,Ellinthorp,QLD,30703,13,30
30968,Elliott (Qld),QLD,31901,58,165
30969,Elliott Heads,QLD,31901,677,1142
30970,Ellis Beach,QLD,30601,44,5
30971,Elphinstone (Isaac - Qld),QLD,31201,19,9
30972,Elphinstone (Toowoomba - Qld),QLD,30703,30,60
30973,Emerald (Qld),QLD,30801,6607,14922
30974,Emu Creek (Qld),QLD,30702,62,111
30975,Emu Park,QLD,30803,1316,2252
30976,Emu Vale,QLD,30703,93,161
30977,England Creek,QLD,31002,17,39
30978,Enoggera,QLD,30404,2271,5798
30978,Enoggera,QLD,30504,23,64
30979,Enoggera Reservoir,QLD,30404,11,33
30980,Epsom (Qld),QLD,31201,10,25
30981,Erakala,QLD,31202,249,755
30982,Eromanga,QLD,31503,70,95
30983,Erub Island,QLD,31501,102,326
30984,Esk (Qld),QLD,31002,909,1641
30985,Eskdale (Qld),QLD,31002,18,34
30986,Esmeralda,QLD,31501,3,10
30987,Etna Creek,QLD,30803,110,1030
30988,Eton,QLD,31202,282,725
30989,Etty Bay,QLD,30603,207,492
30990,Eubenangee,QLD,30603,115,253
30991,Eudlo,QLD,31606,434,1198
30992,Eukey,QLD,30703,83,143
30993,Euleilah,QLD,30805,100,197
30994,Eulo,QLD,31503,90,95
30995,Eumamurrin,QLD,30701,51,98
30996,Eumundi,QLD,31607,963,2510
30997,Eungella (Qld),QLD,31202,114,195
30998,Eungella Dam,QLD,31202,8,4
30999,Eungella Hinterland,QLD,31202,3,4
31000,Euramo,QLD,30603,65,114
31001,Eureka (Qld),QLD,31901,83,223
31002,Eurella,QLD,30701,22,45
31003,Eurimbula,QLD,30805,3,0
31004,Eurombah,QLD,30701,16,30
31004,Eurombah,QLD,30804,37,71
31005,Eurong,QLD,31905,9,17
31006,Euthulla,QLD,30701,133,361
31007,Evans Landing,QLD,31501,33,56
31008,Evanslea,QLD,30702,16,27
31009,Evelyn,QLD,30605,116,208
31010,Evergreen,QLD,30702,24,49
31011,Everton Hills,QLD,30404,0,0
31011,Everton Hills,QLD,31401,2581,6688
31012,Everton Park,QLD,30201,4488,10091
31013,Fairdale,QLD,31902,18,48
31014,Fairfield (Qld),QLD,30302,1303,3093
31015,Fairney View,QLD,31002,92,212
31016,Fairy Bower,QLD,30803,46,99
31017,Fairyland,QLD,30701,39,98
31018,Fairymead,QLD,31901,19,28
31019,Farleigh,QLD,31202,307,822
31020,Farnborough,QLD,30803,214,477
31021,Farnsfield,QLD,31901,42,92
31022,Farrars Creek,QLD,31503,0,16
31023,Fassifern (Qld),QLD,31002,12,18
31024,Fassifern Valley,QLD,31002,43,112
31025,Federal (Qld),QLD,31608,134,359
31026,Felton,QLD,30702,49,117
31026,Felton,QLD,30703,76,137
31027,Felton South,QLD,30703,31,74
31028,Feluga,QLD,30603,114,307
31029,Ferney,QLD,31905,35,93
31030,Fernvale (Qld),QLD,31002,1293,3633
31031,Ferny Glen,QLD,30904,39,91
31032,Ferny Grove,QLD,30404,2150,5880
31033,Ferny Hills,QLD,31401,3220,8726
31034,Ficks Crossing,QLD,31902,24,39
31035,Fielding,QLD,31502,4,13
31036,Fifteen Mile,QLD,31701,10,37
31037,Fig Tree Pocket,QLD,30402,1451,4347
31038,Finch Hatton,QLD,31202,293,522
31039,Finlayvale,QLD,30604,15,33
31040,Finnie,QLD,31701,27,69
31041,Fisher (Qld),QLD,31502,87,65
31042,Fishermans Pocket,QLD,31903,28,61
31043,Fishery Falls,QLD,30603,147,206
31044,Fitzgerald Creek,QLD,30603,42,98
31045,Fitzgibbon,QLD,30204,2676,6293
31046,Fitzroy Island,QLD,30602,11,85
31047,Flagstone,QLD,31104,2268,7085
31048,Flagstone Creek,QLD,31701,103,256
31049,Flametree,QLD,31203,109,143
31050,Flaxton,QLD,31606,464,997
31051,Fletcher (Qld),QLD,30703,70,128
31052,Fletcher Creek,QLD,30803,0,0
31053,Fleurbaix,QLD,30703,28,56
31054,Flinders View,QLD,31003,2214,5815
31055,Flinton,QLD,30701,15,29
31056,Florence Bay,QLD,31802,0,0
31057,Flying Fish Point,QLD,30603,244,401
31058,Flying Fox (Qld),QLD,30904,22,61
31059,Fordsdale,QLD,31701,34,50
31060,Foreshores,QLD,30805,75,140
31061,Forest Creek,QLD,30604,97,128
31062,Forest Glen (Qld),QLD,31601,644,1526
31062,Forest Glen (Qld),QLD,31607,53,142
31063,Forest Hill (Qld),QLD,31002,407,932
31064,Forest Lake,QLD,30305,422,1276
31064,Forest Lake,QLD,31001,7807,21437
31065,Forest Ridge,QLD,30702,22,30
31066,Forest Springs,QLD,30703,52,109
31067,Forestdale,QLD,31103,855,2569
31068,Foresthome,QLD,31801,42,84
31069,Forestvale,QLD,30701,20,47
31070,Fork Lagoons,QLD,30801,12,33
31071,Formartin,QLD,30702,40,87
31072,Forrest Beach (Qld),QLD,31801,802,1358
31073,Forsayth,QLD,31501,153,113
31074,Fortitude Valley,QLD,30501,6289,9087
31074,Fortitude Valley,QLD,30503,455,634
31075,Forty Mile,QLD,30605,0,0
31075,Forty Mile,QLD,31501,8,18
31076,Fossilbrook,QLD,31501,0,0
31077,Foulden,QLD,31202,0,9
31078,Four Ways,QLD,31502,50,76
31079,Foxdale,QLD,31203,43,99
31080,Frankfield,QLD,31201,52,100
31081,Fraser Island,QLD,31905,245,149
31082,Frazerview,QLD,31002,22,36
31083,Fredericksfield,QLD,31801,103,259
31084,Freestone,QLD,30703,95,206
31085,Frenches Creek,QLD,31002,36,91
31086,Frenchville,QLD,30803,3822,8963
31087,Freshwater (Qld),QLD,30601,999,2148
31088,Freshwater Point,QLD,31202,71,169
31089,Friday Pocket,QLD,30603,17,39
31090,Fulham (Qld),QLD,31002,22,53
31091,Gadgarra,QLD,30605,0,0
31092,Gaeta,QLD,31902,68,132
31093,Gailes,QLD,31004,733,1838
31094,Gainsford,QLD,30801,19,32
31095,Gairloch,QLD,31801,17,31
31096,Gamboola,QLD,31501,9,3
31097,Gangalidda,QLD,31502,0,0
31098,Garbutt,QLD,31802,1284,2301
31099,Gargett,QLD,31202,85,179
31100,Garnant,QLD,30803,52,98
31101,Garners Beach,QLD,30603,17,31
31102,Garradunga,QLD,30603,65,170
31103,Garrawalt,QLD,31801,0,0
31104,Gatton,QLD,31701,3115,7887
31105,Gaven,QLD,30906,553,1636
31106,Gayndah,QLD,31902,976,1959
31107,Gaythorne,QLD,30404,1598,3163
31108,Geebung,QLD,30202,1832,4830
31108,Geebung,QLD,30203,0,0
31109,Geham,QLD,31701,167,462
31110,Gemini Mountains,QLD,31201,35,65
31111,Georgetown (Qld),QLD,31501,192,254
31112,Georgina (Qld),QLD,31503,9,21
31113,Germantown (Qld),QLD,30603,53,52
31114,Gheerulla,QLD,31606,112,300
31115,Ghinghinda,QLD,30804,16,41
31116,Gidya,QLD,31502,0,0
31117,Gigoomgan,QLD,31905,26,46
31118,Gilbert River,QLD,31501,24,32
31119,Gilberton (Etheridge - Qld),QLD,31501,15,26
31120,Gilberton (Gold Coast - Qld),QLD,30907,14,28
31121,Gilla,QLD,30702,24,61
31122,Gilldora,QLD,31903,20,50
31123,Gilston,QLD,30906,858,2679
31124,Gin Gin (Qld),QLD,31902,633,1143
31125,Gindie,QLD,30801,112,232
31126,Gindoran,QLD,30805,3,0
31127,Ginoondan,QLD,31902,11,13
31128,Girraween (Qld),QLD,30703,12,5
31129,Giru,QLD,31801,212,389
31130,Givelda,QLD,31901,13,42
31131,Gladfield (Qld),QLD,30703,27,71
31132,Gladstone Central,QLD,30805,1176,1558
31133,Gladstone Harbour,QLD,30805,18,21
31134,Glamorgan Vale,QLD,31002,157,379
31135,Glan Devon,QLD,31902,126,223
31136,Glanmire (Qld),QLD,31903,26,33
31137,Glass House Mountains,QLD,31606,2115,5582
31138,Glastonbury,QLD,31903,148,359
31139,Glebe (Qld),QLD,30804,3,15
31140,Glen Allyn,QLD,30605,58,109
31141,Glen Aplin,QLD,30703,271,562
31142,Glen Boughton,QLD,30602,8,19
31143,Glen Cairn,QLD,31002,51,140
31144,Glen Echo,QLD,31903,20,45
31145,Glen Eden,QLD,30805,1132,2923
31146,Glen Esk,QLD,31002,21,55
31147,Glen Isla,QLD,31203,18,43
31148,Glen Niven,QLD,30703,44,99
31149,Glen Russell,QLD,31501,3,6
31150,Glen Ruth,QLD,30605,0,0
31151,Glenarbon,QLD,30701,22,33
31152,Glenaubyn,QLD,30701,17,50
31153,Glenaven,QLD,30702,32,68
31154,Glenbar,QLD,31905,5,7
31155,Glencoe (Qld),QLD,31701,114,303
31156,Glendale (Qld),QLD,30803,211,604
31157,Glenden,QLD,31201,411,488
31158,Gleneagle,QLD,31101,790,2107
31159,Glenella,QLD,31202,1623,4581
31160,Glenfern (Qld),QLD,31303,7,11
31161,Glengallan,QLD,30703,20,62
31162,Glenhaughton,QLD,30804,5,15
31163,Glenlee (Qld),QLD,30803,395,1192
31164,Glenleigh,QLD,31902,19,39
31165,Glenlogan,QLD,31104,344,1115
31166,Glenlyon (Qld),QLD,30703,22,32
31167,Glenmoral,QLD,30804,23,55
31168,Glenmorgan,QLD,30701,79,125
31169,Glenorchy (Qld),QLD,31905,29,84
31170,Glenore Grove,QLD,31002,359,948
31171,Glenrae,QLD,31902,32,67
31172,Glenrock (Qld),QLD,31902,17,35
31173,Glenroy (Qld),QLD,30803,7,19
31174,Glenvale,QLD,31701,3345,8116
31175,Glenview,QLD,31606,452,1399
31176,Glenwood (Qld),QLD,31905,1178,2145
31177,Godwin Beach,QLD,31301,207,484
31178,Gogango,QLD,30803,68,186
31179,Golden Beach (Qld),QLD,31602,3398,5662
31180,Golden Fleece,QLD,31902,25,45
31181,Goldfields,QLD,30703,23,49
31182,Goldsborough (Qld),QLD,30602,407,1087
31183,Gooburrum,QLD,31901,556,1516
31184,Good Night,QLD,31902,77,147
31185,Goodar,QLD,30701,53,104
31186,Goodger,QLD,31902,83,177
31187,Goodna,QLD,31004,3891,10392
31188,Goodwood (Qld),QLD,31901,66,159
31189,Googa Creek,QLD,30702,38,54
31190,Goolboo,QLD,30603,8,25
31191,Goolman,QLD,31002,19,47
31191,Goolman,QLD,31003,0,0
31192,Goomally,QLD,30801,3,5
31193,Goombi,QLD,30701,20,56
31194,Goomboorian,QLD,31903,230,573
31195,Goombungee,QLD,30702,424,1065
31196,Goomburra,QLD,30703,124,256
31197,Goomeri,QLD,31903,385,686
31198,Goomeribong,QLD,31903,27,49
31199,Goondi,QLD,30603,19,28
31200,Goondi Bend,QLD,30603,234,573
31201,Goondi Hill,QLD,30603,170,444
31202,Goondiwindi,QLD,30701,2744,6253
31203,Goorganga Creek,QLD,31203,0,0
31204,Goorganga Plains,QLD,31203,0,3
31205,Gooroolba,QLD,31902,9,21
31206,Gootchie,QLD,31905,51,96
31207,Goovigen,QLD,30804,158,353
31208,Goowarra,QLD,30801,10,27
31209,Goranba,QLD,30701,100,193
31210,Gordon Park,QLD,30202,1943,4377
31211,Gordonbrook,QLD,31902,83,188
31212,Gordonstone,QLD,30801,12,32
31213,Gordonvale,QLD,30602,2699,6950
31214,Gore,QLD,30701,17,24
31215,Gowrie Junction,QLD,31701,740,2239
31216,Gowrie Little Plain,QLD,30702,15,65
31216,Gowrie Little Plain,QLD,31701,6,14
31217,Gowrie Mountain,QLD,30702,92,230
31218,Gowrie Station,QLD,31503,8,11
31219,Gracemere,QLD,30803,4674,12045
31220,Graceville,QLD,30403,1718,4770
31221,Grahams Creek,QLD,31905,61,143
31222,Granadilla,QLD,30603,41,101
31223,Grand Secret,QLD,31801,72,157
31224,Grandchester,QLD,31002,196,467
31225,Grange (Qld),QLD,30503,1685,4625
31226,Granite Vale,QLD,31802,0,8
31227,Grantham,QLD,31701,283,793
31228,Granville (Qld),QLD,31905,1152,2534
31229,Grapetree,QLD,30702,23,42
31230,Grassdale (Qld),QLD,30702,3,5
31231,Grasstree Beach,QLD,31202,391,709
31232,Grays Gate,QLD,30702,17,28
31233,Great Sandy Strait,QLD,31905,0,0
31234,Green Hill,QLD,30602,66,177
31235,Green Island,QLD,30602,10,20
31236,Greenbank,QLD,31103,902,2524
31236,Greenbank,QLD,31104,2247,7035
31237,Greenlake,QLD,30803,0,3
31238,Greenlands (Qld),QLD,30703,111,240
31239,Greenmount (Mackay - Qld),QLD,31202,181,482
31240,Greenmount (Toowoomba - Qld),QLD,30703,297,760
31241,Greens Creek (Qld),QLD,31903,139,349
31242,Greenslopes,QLD,30302,3693,7938
31243,Greenswamp,QLD,30701,38,77
31244,Greenup,QLD,30701,6,9
31245,Greenvale (Qld),QLD,31801,140,186
31246,Greenview,QLD,31902,31,78
31247,Greenwood (Qld),QLD,30702,20,34
31248,Gregors Creek,QLD,31303,30,87
31249,Gregory (Qld),QLD,31502,205,123
31250,Gregory River (Bundaberg - Qld),QLD,31901,22,66
31251,Gregory River (Whitsunday - Qld),QLD,31203,166,428
31252,Greycliffe,QLD,30804,18,48
31253,Greymare,QLD,30703,21,70
31254,Griffin,QLD,31402,4445,12261
31255,Groganville,QLD,31501,0,4
31256,Groomsville,QLD,30702,53,134
31257,Groper Creek,QLD,31801,119,64
31258,Grosmont,QLD,30701,77,139
31259,Grosvenor,QLD,31902,12,29
31260,Guanaba,QLD,30904,303,843
31261,Guijar Islet,QLD,31501,0,0
31262,Gulf Of Carpentaria,QLD,31501,0,0
31262,Gulf Of Carpentaria,QLD,31502,0,0
31263,Gulliver,QLD,31802,1302,2876
31264,Gulngai,QLD,30603,0,0
31265,Guluguba,QLD,30701,48,86
31266,Gumdale,QLD,30101,369,1162
31266,Gumdale,QLD,30103,338,1148
31267,Gumlow,QLD,31802,41,146
31268,Gumlu,QLD,31201,92,126
31269,Gunalda,QLD,31903,233,429
31270,Gundiah,QLD,31905,57,94
31271,Gungaloon,QLD,31905,11,28
31272,Gunnawarra,QLD,30605,4,27
31273,Gunnewin,QLD,30701,35,55
31274,Gunpowder,QLD,31502,31,104
31275,Gunyarra,QLD,31203,14,30
31276,Gurgeena,QLD,31902,10,36
31277,Gurulmundi,QLD,30701,13,19
31278,Guthalungra,QLD,31201,78,107
31279,Gwambegwine,QLD,30804,6,27
31280,Gympie,QLD,31903,5290,11338
31281,Habana,QLD,31202,384,1030
31282,Haden,QLD,30702,106,235
31283,Haigslea,QLD,31002,208,506
31284,Hail Creek,QLD,31201,17,174
31285,Haliday Bay,QLD,31202,109,173
31286,Halifax,QLD,31801,270,471
31287,Halliford,QLD,30702,4,4
31288,Haly Creek,QLD,31902,56,124
31289,Hamilton (Qld),QLD,30203,1235,1823
31289,Hamilton (Qld),QLD,30503,4004,7089
31290,Hamilton Creek,QLD,30803,51,76
31291,Hamilton Plains,QLD,31203,34,80
31292,Hampden (Qld),QLD,31202,226,592
31293,Hampton (Qld),QLD,30702,205,465
31294,Hannaford,QLD,30701,57,137
31295,Happy Valley (Qld),QLD,31502,294,726
31296,Harlaxton,QLD,31701,1198,2831
31297,Harlin,QLD,31303,96,205
31298,Harrami,QLD,31902,15,22
31299,Harriet,QLD,31902,3,3
31300,Harristown,QLD,31701,4217,9046
31301,Harrisville,QLD,31002,266,662
31302,Hatton Vale,QLD,31002,555,1566
31303,Hawkins Creek,QLD,31801,107,241
31304,Hawkwood,QLD,31902,15,41
31305,Hawthorne,QLD,30502,2100,5071
31306,Hay Point,QLD,31202,615,1313
31307,Hazeldean,QLD,31303,184,326
31308,Hazledean,QLD,31202,7,32
31309,Headington Hill,QLD,30703,37,87
31310,Healy,QLD,31502,661,1816
31311,Heathwood,QLD,30305,1488,4943
31312,Heatley,QLD,31802,1773,3908
31313,Hebel,QLD,30701,48,68
31314,Helens Hill,QLD,31801,48,118
31315,Helensvale,QLD,30907,6873,18933
31316,Helidon,QLD,31701,473,1118
31317,Helidon Spa,QLD,31701,167,503
31318,Hemmant,QLD,30103,1083,2897
31319,Hendon (Qld),QLD,30703,110,227
31320,Hendra,QLD,30503,1979,4922
31321,Herberton,QLD,30605,394,875
31322,Heritage Park,QLD,31103,1627,4929
31323,Hermit Park,QLD,31802,1803,3484
31324,Herston,QLD,30503,929,2321
31325,Hervey Range,QLD,31801,86,198
31325,Hervey Range,QLD,31802,42,102
31326,Hibernia,QLD,30801,39,86
31327,Hidden Valley (Qld),QLD,30803,328,885
31328,Hideaway Bay,QLD,31203,249,235
31329,Highbury (Qld),QLD,31501,10,9
31330,Highfields (Qld),QLD,31701,3252,8565
31331,Highgate Hill,QLD,30501,2923,6211
31332,Highgrove,QLD,30702,15,28
31333,Highland Park,QLD,30906,2530,6583
31334,Highland Plains (Maranoa - Qld),QLD,30701,9,16
31335,Highland Plains (Toowoomba - Qld),QLD,30702,26,60
31336,Highvale,QLD,31401,666,1986
31337,Highworth,QLD,31607,134,355
31338,Hillcrest (Qld),QLD,31103,2347,6265
31339,Hillview,QLD,31101,40,76
31340,Hinchinbrook (Qld),QLD,30603,16,5
31341,Hirstglen,QLD,30703,38,77
31342,Hivesville,QLD,31902,85,178
31343,Hodgleigh,QLD,31902,57,134
31344,Hodgson,QLD,30701,33,95
31345,Hodgson Vale,QLD,31701,485,1450
31346,Holland Park,QLD,30302,3411,8646
31346,Holland Park,QLD,30303,0,0
31347,Holland Park West,QLD,30302,2705,6479
31347,Holland Park West,QLD,30303,0,0
31347,Holland Park West,QLD,30304,0,0
31348,Holloways Beach,QLD,30601,1196,2383
31349,Hollywell,QLD,30903,1311,2907
31350,Holmview,QLD,31102,1636,4457
31351,Holroyd River,QLD,31501,3,4
31352,Home Hill,QLD,31801,1423,2874
31353,Homebush (Qld),QLD,31202,102,265
31354,Homestead,QLD,31801,32,38
31355,Hookswood,QLD,30701,44,58
31356,Hope Island,QLD,30907,6749,14513
31357,Hope Vale,QLD,31501,414,1006
31358,Hopeland (Qld),QLD,30701,46,130
31359,Horn,QLD,31501,214,532
31360,Horse Camp,QLD,31902,254,491
31361,Horse Creek,QLD,30803,39,83
31362,Horseshoe Bay,QLD,31802,419,609
31363,Horseshoe Lagoon,QLD,31801,120,206
31364,Horton,QLD,31901,91,207
31365,Howard,QLD,31905,729,1391
31366,Howitt,QLD,31502,23,48
31367,Hoya,QLD,31002,110,258
31368,Hudson,QLD,30603,92,235
31369,Hughenden,QLD,31502,724,1105
31370,Hull Heads,QLD,30603,160,132
31371,Humboldt,QLD,30801,27,49
31372,Humeburn,QLD,31503,14,9
31373,Humphery,QLD,31902,15,24
31374,Hunchy,QLD,31606,235,600
31375,Hungerford (Qld),QLD,31503,16,12
31376,Hurricane,QLD,31501,3,4
31377,Hutton Creek,QLD,30701,17,32
31378,Hyde Park (Qld),QLD,31802,735,1386
31379,Iama Island,QLD,31501,97,275
31380,Idalia,QLD,31802,1795,4547
31381,Ideraway,QLD,31902,16,32
31382,Ilbilbie,QLD,31201,311,388
31383,Ilfracombe,QLD,31503,209,306
31384,Ilkley,QLD,31606,292,820
31385,Illinbah,QLD,30904,53,126
31386,Image Flat,QLD,31607,158,459
31387,Imbil,QLD,31903,521,1071
31388,Inala,QLD,31001,5415,15285
31389,Indooroopilly,QLD,30402,51,156
31389,Indooroopilly,QLD,30403,5687,13509
31390,Ingham,QLD,31801,2356,4468
31391,Inglestone,QLD,30701,19,63
31392,Inglewood (Qld),QLD,30701,500,938
31393,Ingoldsby,QLD,31701,36,64
31394,Injinoo,QLD,31501,169,497
31395,Injune,QLD,30701,264,420
31396,Inkerman (Qld),QLD,31801,51,119
31397,Innes Park,QLD,31901,998,2658
31398,Innisfail,QLD,30603,544,1102
31399,Innisfail Estate,QLD,30603,629,1470
31400,Innisplain,QLD,31101,45,79
31401,Innot Hot Springs,QLD,30605,115,180
31402,Inskip,QLD,31903,72,22
31403,Inverlaw,QLD,31902,95,193
31404,Inverness,QLD,30803,152,454
31405,Ipswich,QLD,31003,1155,2484
31406,Iredale,QLD,31701,69,177
31407,Iron Range,QLD,31501,68,31
31408,Ironbark (Qld),QLD,31002,129,1168
31409,Irongate,QLD,30702,49,135
31410,Ironpot (Livingstone - Qld),QLD,30803,73,184
31411,Ironpot (South Burnett - Qld),QLD,31902,22,44
31412,Irvinebank,QLD,31501,93,109
31413,Irvingdale,QLD,30702,67,164
31414,Isis Central,QLD,31901,97,205
31415,Isis River,QLD,31901,51,100
31416,Isisford,QLD,31503,181,208
31417,Isla,QLD,30804,114,212
31418,Island Plantation,QLD,31905,64,155
31419,Iveragh,QLD,30805,45,122
31420,Ivory Creek,QLD,31002,24,49
31421,Jackson,QLD,30701,30,52
31422,Jackson North,QLD,30701,35,45
31423,Jackson South,QLD,30701,0,17
31424,Jacobs Well,QLD,30907,1125,2895
31425,Jaffa,QLD,30603,13,35
31426,Jaggan,QLD,30605,101,211
31427,Jambin,QLD,30804,106,211
31428,Jamboree Heights,QLD,30401,1178,3157
31429,Jandowae,QLD,30702,541,1004
31430,Japoonvale,QLD,30603,56,108
31431,Jardine,QLD,30803,23,72
31432,Jardine River,QLD,31501,8,0
31433,Jarra Creek,QLD,30603,63,102
31434,Jarvisfield,QLD,31801,151,339
31435,Jeebropilly,QLD,31002,0,3
31436,Jellinbah,QLD,30801,14,49
31437,Jensen,QLD,31802,601,1793
31438,Jericho (Qld),QLD,31503,193,230
31439,Jerona,QLD,31801,112,41
31440,Jimboomba,QLD,31104,2449,7429
31441,Jimbour East,QLD,30702,79,198
31442,Jimbour West,QLD,30702,37,97
31443,Jimna,QLD,31303,46,71
31444,Jindalee (Qld),QLD,30401,1968,5285
31445,Jinghi,QLD,30702,28,70
31446,Jobs Gate,QLD,31503,3,11
31447,Johnsons Hill,QLD,30803,5,7
31448,Johnstown,QLD,31902,16,31
31448,Johnstown,QLD,31903,8,12
31449,Jollys Lookout,QLD,31401,29,73
31450,Jondaryan,QLD,30702,168,424
31451,Jones Gully,QLD,30702,10,15
31452,Jones Hill,QLD,31903,447,1149
31453,Josephville,QLD,31101,70,172
31454,Joskeleigh,QLD,30803,31,60
31455,Joyner,QLD,31401,815,2394
31455,Joyner,QLD,31403,398,1185
31456,Jubilee Heights,QLD,30603,71,158
31457,Jubilee Pocket,QLD,31203,1110,2046
31458,Julago,QLD,31802,166,384
31459,Julatten,QLD,31501,493,1021
31460,Julia Creek,QLD,31502,406,552
31461,Junabee,QLD,30703,83,200
31462,Junction View,QLD,31701,27,60
31463,Jundah,QLD,31503,112,130
31464,Kaban,QLD,30605,38,94
31465,Kabra,QLD,30803,175,429
31466,Kagaru,QLD,31002,7,13
31466,Kagaru,QLD,31104,3,9
31467,Kaimkillenbun,QLD,30702,106,248
31468,Kairabah,QLD,31104,0,4
31469,Kairi,QLD,30605,228,488
31470,Kalapa,QLD,30803,42,95
31471,Kalbar,QLD,31002,512,1239
31472,Kalinga,QLD,30503,720,2140
31473,Kalkadoon,QLD,31502,13,27
31474,Kalkie,QLD,31901,1149,2980
31475,Kallangur,QLD,31402,8894,21704
31475,Kallangur,QLD,31403,7,11
31476,Kalpowar,QLD,31902,40,57
31477,Kalunga,QLD,30605,46,103
31478,Kamerunga,QLD,30601,388,957
31479,Kandanga,QLD,31903,298,658
31480,Kandanga Creek,QLD,31903,69,129
31481,Kangaroo Point (Qld),QLD,30501,6111,9671
31482,Kanigan,QLD,31905,64,147
31483,Kanimbla (Qld),QLD,30602,1023,2844
31484,Kapaldo,QLD,31902,27,41
31485,Karalee,QLD,31003,1852,5515
31486,Karana Downs,QLD,31003,1417,3790
31487,Karara,QLD,30703,79,131
31488,Karawatha,QLD,30305,107,333
31489,Karrabin,QLD,31003,152,410
31490,Karragarra Island,QLD,30102,174,235
31491,Karron,QLD,31501,0,0
31492,Karumba,QLD,31502,842,482
31493,Kawana,QLD,30803,1851,4446
31494,Kawl Kawl,QLD,31902,10,24
31495,Kawungan,QLD,31904,2329,5443
31496,Kearneys Spring,QLD,31701,4184,9432
31497,Kedron,QLD,30202,4406,9955
31497,Kedron,QLD,30503,0,0
31498,Kelsey Creek,QLD,31203,66,157
31499,Kelso (Qld),QLD,31802,3990,10629
31500,Kelvin Grove,QLD,30503,3651,7834
31500,Kelvin Grove,QLD,30504,39,56
31501,Kelvinhaugh,QLD,30702,20,49
31502,Kemmis,QLD,31201,6,6
31503,Kenilworth,QLD,31606,312,605
31504,Kenmore,QLD,30402,3560,9654
31505,Kenmore Hills,QLD,30402,851,2458
31506,Kennedy,QLD,30603,70,126
31507,Kensington (Qld),QLD,31901,315,729
31508,Kensington Grove,QLD,31002,751,2061
31509,Kents Lagoon,QLD,31002,25,60
31510,Kents Pocket,QLD,31002,9,21
31511,Kentville,QLD,31002,47,108
31512,Keperra,QLD,30404,3005,7010
31513,Kepnock,QLD,31901,1883,4496
31514,Keppel Sands,QLD,30803,286,381
31515,Keriri Island,QLD,31501,84,261
31516,Kerry,QLD,31101,144,299
31517,Kewarra Beach,QLD,30601,2578,6130
31518,Keysland,QLD,31902,9,19
31519,Kholo,QLD,31003,146,377
31520,Khosh Bulduk,QLD,30801,31,61
31521,Kia Ora (Qld),QLD,31903,112,224
31522,Kiamba,QLD,31606,70,184
31522,Kiamba,QLD,31607,5,16
31523,Kianga (Qld),QLD,30804,114,215
31524,Kidaman Creek,QLD,31606,63,129
31525,Kiels Mountain,QLD,31607,253,718
31526,Kilbirnie,QLD,30702,32,68
31527,Kilcoy,QLD,31303,847,1981
31528,Kilcummin,QLD,31201,119,228
31529,Kilkivan,QLD,31903,387,697
31530,Killaloe,QLD,30604,62,124
31531,Killarney (Qld),QLD,30703,459,920
31532,Kilmorey Falls,QLD,30701,15,23
31533,Kimberley (Qld),QLD,30604,30,27
31534,Kin Kin,QLD,31608,410,861
31535,Kin Kora,QLD,30805,1080,2389
31536,Kinbombi,QLD,31903,20,38
31537,Kinchant Dam,QLD,31202,78,180
31538,Kincora,QLD,30702,29,68
31539,Kindon,QLD,30701,8,20
31540,King Scrub,QLD,31401,112,359
31541,Kingaham,QLD,31303,9,21
31542,Kingaroy,QLD,31902,4579,10242
31543,Kings Beach,QLD,31602,2493,3030
31544,Kings Creek,QLD,30703,21,61
31545,Kings Siding,QLD,30702,5,15
31546,Kingsholme,QLD,30907,217,786
31547,Kingsthorpe,QLD,30702,51,144
31547,Kingsthorpe,QLD,31701,745,2026
31548,Kingston (Qld),QLD,31103,0,0
31548,Kingston (Qld),QLD,31105,0,0
31548,Kingston (Qld),QLD,31106,3880,10514
31549,Kinka Beach,QLD,30803,513,678
31550,Kinkuna,QLD,31901,48,105
31551,Kinleymore,QLD,31902,34,69
31552,Kinnoul,QLD,30804,40,80
31553,Kioma,QLD,30701,12,32
31554,Kippa-Ring,QLD,31305,4061,9770
31555,Kirknie,QLD,31801,19,70
31556,Kirkwood,QLD,30805,899,2539
31557,Kirrama,QLD,30605,6,6
31558,Kirwan,QLD,31802,8409,20782
31559,Kitoba,QLD,31902,14,17
31560,Kleinton,QLD,31701,772,2215
31561,Knapp Creek,QLD,31101,27,59
31562,Koah,QLD,30605,308,687
31563,Kobble Creek,QLD,31401,229,650
31564,Kogan,QLD,30701,106,207
31564,Kogan,QLD,30702,11,6
31565,Kokotungo,QLD,30804,45,87
31566,Kolonga,QLD,31902,28,31
31567,Koombooloomba,QLD,30605,0,0
31568,Koongal,QLD,30803,1867,4251
31569,Kooralbyn,QLD,31101,873,1683
31570,Kooralgin,QLD,30702,35,47
31571,Kooringal (Qld),QLD,31305,139,49
31572,Kooroomool,QLD,30603,0,0
31573,Kooroongarra,QLD,30702,35,49
31574,Koumala,QLD,31202,320,767
31575,Kowanyama,QLD,31501,308,1079
31576,Kowguran,QLD,30701,37,62
31577,Kragra,QLD,30701,12,28
31578,Kulangoor,QLD,31607,170,457
31579,Kulgun,QLD,31002,35,104
31580,Kullogum,QLD,31901,43,118
31581,Kulpi,QLD,30702,41,74
31582,Kuluin,QLD,31603,1000,2698
31583,Kumbarilla,QLD,30702,120,231
31584,Kumbia,QLD,31902,165,296
31585,Kunda Park,QLD,31601,10,15
31586,Kunioon,QLD,31902,11,28
31587,Kunwarara,QLD,30803,40,72
31588,Kuraby,QLD,30306,2719,8746
31589,Kuranda,QLD,30605,1466,3246
31590,Kureelpa,QLD,31606,350,970
31591,Kureen,QLD,30605,70,155
31592,Kuridala,QLD,31502,30,38
31593,Kurrimine Beach,QLD,30603,641,741
31594,Kurrowah,QLD,30702,8,10
31595,Kurumbul,QLD,30701,15,36
31596,Kurwongbah,QLD,31401,492,1546
31597,Kuttabul,QLD,31202,300,715
31598,Kybong,QLD,31903,186,359
31599,Kynuna,QLD,31502,27,42
31599,Kynuna,QLD,31503,0,6
31600,Kyoomba,QLD,30703,39,83
31601,Labrador,QLD,30903,9411,18672
31602,Laceys Creek,QLD,31401,105,281
31603,Laglan,QLD,31201,12,21
31604,Lagoon Pocket,QLD,31903,62,169
31605,Laguna Quays,QLD,31202,153,89
31606,Laidley,QLD,31002,1744,3824
31607,Laidley Creek West,QLD,31002,71,141
31608,Laidley Heights,QLD,31002,556,1435
31609,Laidley North,QLD,31002,229,588
31610,Laidley South,QLD,31002,121,286
31611,Lake Barrine,QLD,30605,85,173
31612,Lake Borumba,QLD,31903,4,9
31613,Lake Clarendon,QLD,31002,121,291
31614,Lake Eacham,QLD,30605,224,451
31615,Lake Macdonald,QLD,31608,543,1341
31616,Lake Manchester,QLD,31002,5,17
31617,Lake Mary,QLD,30803,38,96
31618,Lake Monduran,QLD,31902,0,0
31619,Lake Proserpine,QLD,31203,19,6
31620,Lake Tinaroo,QLD,30605,21,3
31621,Lake Wivenhoe,QLD,31002,3,7
31622,Lakefield,QLD,31501,109,24
31623,Lakeland,QLD,31501,190,338
31624,Lakes Creek,QLD,30803,245,623
31625,Lakeside,QLD,31902,27,69
31626,Lamb Island,QLD,30102,360,506
31627,Lamb Range,QLD,30602,0,7
31628,Lamington (Qld),QLD,31101,71,95
31629,Lammermoor,QLD,30803,1039,2548
31630,Landers Shoot,QLD,31606,104,307
31631,Landsborough (Qld),QLD,31606,1752,4434
31632,Lanefield,QLD,31002,41,97
31633,Langlands,QLD,30701,11,30
31634,Langlo,QLD,31503,15,34
31635,Langshaw,QLD,31903,81,167
31636,Lannercost,QLD,31801,74,165
31637,Lansdowne (Qld),QLD,31503,13,36
31638,Lanskey,QLD,31502,126,101
31639,Larapinta (Qld),QLD,30305,3,3
31640,Laravale,QLD,31101,85,182
31641,Lark Hill,QLD,31002,31,69
31642,Laura (Qld),QLD,31501,79,124
31643,Lavelle,QLD,30702,12,27
31644,Lawes,QLD,31701,32,105
31645,Lawgi Dawes,QLD,30804,61,137
31646,Lawn Hill,QLD,31502,122,66
31647,Lawnton,QLD,31403,2523,5929
31648,Leafdale,QLD,31902,5,12
31649,Lefthand Branch,QLD,31701,42,69
31650,Leichhardt (Qld),QLD,31003,1863,4487
31651,Lemontree,QLD,30702,10,27
31652,Leslie,QLD,30703,6,12
31653,Leslie Dam,QLD,30703,58,115
31654,Lethebrook,QLD,31203,23,51
31655,Leyburn,QLD,30703,330,561
31656,Leydens Hill,QLD,30803,0,10
31657,Lilydale (Qld),QLD,31701,32,77
31658,Lilyvale (Central Highlands - Qld),QLD,30801,18,58
31659,Lilyvale (Toowoomba - Qld),QLD,31701,19,45
31660,Limestone (Qld),QLD,30803,3,16
31661,Limestone Creek,QLD,30803,67,175
31662,Limestone Ridges,QLD,31002,52,135
31663,Limevale,QLD,30701,25,49
31664,Linden (Qld),QLD,31503,12,5
31665,Linthorpe,QLD,30702,177,416
31666,Linville,QLD,31303,97,134
31667,Little Mountain,QLD,31602,4132,11076
31668,Little Mulgrave,QLD,30602,116,266
31669,Lizard,QLD,31501,3,65
31670,Llanarth (Qld),QLD,31801,41,81
31671,Loch Lomond,QLD,30703,58,117
31672,Lochington,QLD,30801,56,123
31673,Lockhart River,QLD,31501,226,633
31674,Lockrose,QLD,31002,221,571
31675,Lockyer (Qld),QLD,31701,39,89
31676,Lockyer Waters,QLD,31002,216,541
31677,Logan Central,QLD,31106,2344,6218
31678,Logan Reserve,QLD,31103,2119,6135
31678,Logan Reserve,QLD,31105,254,872
31679,Logan Village,QLD,31104,1826,5340
31680,Loganholme,QLD,31105,2455,6746
31681,Loganlea,QLD,31103,0,0
31681,Loganlea,QLD,31105,3301,8743
31681,Loganlea,QLD,31106,0,0
31682,Lonesome Creek,QLD,30804,83,179
31683,Long Flat (Qld),QLD,31903,31,98
31684,Long Pocket,QLD,31801,60,150
31685,Longreach (Qld),QLD,31503,1755,3113
31686,Lota,QLD,30103,1305,3494
31687,Lotus Creek,QLD,31201,45,113
31688,Low Isles,QLD,30604,0,8
31689,Lower Beechmont,QLD,30904,471,1059
31690,Lower Cowley,QLD,30603,24,55
31691,Lower Cressbrook,QLD,31002,14,21
31692,Lower Daintree,QLD,30604,45,83
31693,Lower Mount Walker,QLD,31002,73,187
31694,Lower Tenthill,QLD,31701,92,231
31695,Lower Tully,QLD,30603,34,87
31696,Lower Wonga,QLD,31903,135,310
31697,Lowesby,QLD,30801,12,21
31698,Lowestoff,QLD,30801,15,36
31699,Lowmead,QLD,30805,102,171
31700,Lowood,QLD,31002,1690,4063
31701,Lucinda,QLD,31801,451,437
31702,Lumeah (Qld),QLD,31503,0,11
31703,Lumholtz,QLD,30603,0,0
31704,Lundavra,QLD,30701,24,56
31705,Luscombe,QLD,30907,89,265
31706,Lutwyche,QLD,30503,2437,4602
31707,Lynam,QLD,31802,5,8
31708,Lyndhurst (Qld),QLD,31501,8,12
31709,Lyndside,QLD,31501,8,3
31710,Lyons (Qld),QLD,31104,12,39
31711,Lyra,QLD,30703,23,35
31712,Lytton,QLD,30103,11,0
31713,Ma Ma Creek,QLD,31701,76,156
31714,Maadi,QLD,30603,26,49
31715,Maalan,QLD,30605,14,26
31716,Maaroom,QLD,31905,205,244
31717,Mabuiag Island,QLD,31501,60,253
31718,Macalister,QLD,30702,55,153
31719,Macalister Range,QLD,30601,0,0
31720,Macfarlane,QLD,31503,6,17
31721,Macgregor (Qld),QLD,30303,2156,5944
31722,Machans Beach,QLD,30601,468,937
31723,Machine Creek,QLD,30805,57,131
31724,Mackay,QLD,31202,2335,4007
31725,Mackay Harbour,QLD,31202,444,687
31726,Mackenzie (Brisbane - Qld),QLD,30303,721,2343
31727,Mackenzie (Central Highlands - Qld),QLD,30801,14,30
31728,Mackenzie River,QLD,31201,58,84
31729,Macknade,QLD,31801,117,202
31730,Maclagan,QLD,30702,61,139
31731,Macleay Island,QLD,30102,2049,3225
31732,Magnolia,QLD,31905,54,113
31733,Maidenhead,QLD,30701,6,20
31734,Maidenwell,QLD,31902,123,223
31735,Main Beach,QLD,30910,3061,3979
31736,Majors Creek (Qld),QLD,31802,183,321
31737,Malanda,QLD,30605,962,1982
31738,Malarga,QLD,31905,4,15
31739,Maleny,QLD,31606,1953,3947
31740,Malling,QLD,30702,18,40
31741,Malmoe,QLD,31902,17,37
31742,Malpas-Trenton,QLD,31502,0,5
31743,Malu,QLD,30702,10,18
31744,Mamu,QLD,30603,0,0
31745,Manapouri,QLD,30703,12,47
31746,Mandalay,QLD,31203,145,333
31747,Mango Hill,QLD,31402,5195,14942
31748,Manly (Qld),QLD,30103,1881,4256
31749,Manly West,QLD,30103,4871,12435
31750,Mannuem,QLD,31902,42,87
31751,Manoora (Qld),QLD,30602,3006,6190
31752,Mansfield (Qld),QLD,30303,3152,8861
31753,Mantuan Downs,QLD,30801,8,23
31754,Manumbar,QLD,31903,25,38
31755,Manunda,QLD,30602,2652,5180
31756,Manyung,QLD,31902,20,55
31756,Manyung,QLD,31903,9,35
31757,Mapleton,QLD,31606,819,1660
31758,Mapoon,QLD,31501,159,467
31759,Maramie,QLD,31502,19,29
31760,Marburg,QLD,31002,413,1013
31761,Marcoola,QLD,31603,1824,3376
31762,Marcus Beach,QLD,31605,387,836
31763,Mareeba,QLD,30605,5347,11828
31764,Margate (Qld),QLD,31305,3650,7572
31765,Maria Creeks,QLD,30603,74,141
31766,Marian,QLD,31202,1457,4249
31767,Marlborough,QLD,30803,170,151
31768,Marmadua,QLD,30701,7,15
31769,Marmor,QLD,30803,90,203
31770,Marodian,QLD,31905,0,4
31771,Maroochy River,QLD,31607,601,1670
31772,Maroochydore,QLD,31603,11401,20598
31773,Maroon,QLD,31002,98,149
31774,Maroondan,QLD,31902,168,340
31775,Marsden,QLD,31103,4793,14806
31775,Marsden,QLD,31106,0,0
31776,Marshlands,QLD,31902,14,23
31777,Martyville,QLD,30603,49,116
31778,Maryborough (Qld),QLD,31905,7433,15284
31779,Maryborough West,QLD,31905,262,568
31780,Marys Creek,QLD,31903,35,86
31781,Maryvale (Livingstone - Qld),QLD,30803,17,48
31782,Maryvale (Southern Downs - Qld),QLD,30703,235,389
31783,Masig Island,QLD,31501,86,283
31784,Massie,QLD,30703,50,113
31785,Maudsland,QLD,30906,0,0
31785,Maudsland,QLD,30907,2447,8089
31786,Maxwelton,QLD,31502,16,29
31787,May Downs,QLD,31201,42,93
31788,McCutcheon,QLD,30603,13,34
31789,McDesme,QLD,31801,111,252
31790,McDowall,QLD,30201,2761,7579
31791,McEwens Beach,QLD,31202,85,160
31792,McIlwraith,QLD,31902,93,199
31793,McIntosh Creek,QLD,31903,57,173
31794,McKinlay,QLD,31502,47,162
31795,Meadowbrook,QLD,31105,1043,3065
31796,Meadowvale,QLD,31901,160,437
31797,Meandarra,QLD,30701,150,250
31798,Meikleville Hill,QLD,30803,228,454
31799,Melawondi,QLD,31903,18,34
31800,Meldale,QLD,31301,111,234
31801,Melrose (Qld),QLD,31902,25,39
31802,Memerambi,QLD,31902,145,343
31803,Mena Creek,QLD,30603,99,210
31804,Mentmore,QLD,31202,0,0
31805,Menzies (Qld),QLD,31502,525,837
31806,Mer Island,QLD,31501,113,406
31807,Meridan Plains,QLD,31602,1857,4611
31808,Meringandan,QLD,31701,185,527
31809,Meringandan West,QLD,31701,830,2508
31810,Merlwood,QLD,31902,45,104
31811,Mermaid Beach,QLD,30901,4399,7365
31812,Mermaid Waters,QLD,30901,5657,13046
31813,Merrimac,QLD,30906,0,0
31813,Merrimac,QLD,30908,2787,7191
31814,Merritts Creek,QLD,30702,43,106
31815,Merryburn,QLD,30603,70,192
31816,Merryvale,QLD,31002,13,32
31817,Mia Mia (Qld),QLD,31202,41,118
31818,Miallo,QLD,30604,176,414
31819,Miami,QLD,30901,3836,7402
31820,Miara,QLD,31901,36,28
31821,Mica Creek,QLD,31502,78,182
31822,Middle Park (Qld),QLD,30401,1415,3848
31823,Middle Ridge,QLD,31701,2818,7599
31824,Middlebrook,QLD,30605,27,65
31825,Middlemount,QLD,31201,933,1897
31826,Middleton (Qld),QLD,31503,30,42
31827,Midge Point,QLD,31202,334,425
31828,Midgee (Qld),QLD,30803,51,90
31829,Midgenoo,QLD,30603,36,77
31830,Midgeree Bar,QLD,30603,32,75
31831,Mighell,QLD,30603,265,367
31832,Milbong,QLD,31002,76,190
31833,Miles,QLD,30701,1088,1857
31834,Miles End,QLD,31502,138,279
31835,Milford,QLD,31002,90,190
31836,Millaa Millaa,QLD,30605,305,525
31837,Millaroo,QLD,31801,65,86
31838,Millbank (Qld),QLD,31901,1168,2499
31839,Millchester,QLD,31801,230,535
31840,Millmerran,QLD,30702,757,1532
31841,Millmerran Downs,QLD,30702,64,107
31842,Millmerran Woods,QLD,30702,68,148
31843,Millstream (Qld),QLD,30605,584,974
31844,Millwood,QLD,30702,15,22
31845,Milman,QLD,30803,61,115
31846,Milora,QLD,31002,47,136
31847,Milton (Qld),QLD,30504,1802,3123
31848,Mimosa (Qld),QLD,30801,5,23
31849,Min Min,QLD,31503,4,5
31850,Minbun,QLD,30605,33,60
31851,Minden,QLD,31002,456,1230
31852,Minerva,QLD,30801,21,52
31853,Mingela,QLD,31801,8,14
31854,Mingo,QLD,31902,14,12
31855,Mingoola (Qld),QLD,30703,8,14
31856,Minnamoolka,QLD,30605,66,27
31857,Minnie Downs,QLD,31503,7,12
31858,Minyama,QLD,31602,1265,2732
31859,Mirani,QLD,31202,652,1801
31860,Miriam Vale,QLD,30805,285,479
31861,Mirriwinni,QLD,30603,229,488
31862,Missen Flat,QLD,30703,9,21
31863,Mission Beach,QLD,30603,775,1025
31864,Mission River,QLD,31501,274,972
31865,Mitchell (Qld),QLD,30701,585,998
31866,Mitchelton,QLD,30404,3719,9255
31867,Miva,QLD,31903,30,55
31868,Moa Island,QLD,31501,174,434
31869,Moffat Beach,QLD,31602,1327,2708
31870,Moffatdale,QLD,31902,145,255
31871,Moggill,QLD,30402,1744,5050
31872,Molangul,QLD,31902,5,3
31873,Molendinar,QLD,30909,2265,6443
31874,Mon Repos,QLD,31901,19,26
31875,Mona Mona,QLD,30605,14,34
31876,Mona Park,QLD,31801,39,97
31877,Monal,QLD,31902,19,40
31878,Monarch Glen,QLD,31104,0,0
31879,Monduran,QLD,31902,48,84
31880,Mondure,QLD,31902,51,104
31881,Monkland,QLD,31903,521,1138
31882,Monogorilby,QLD,31902,23,33
31883,Mons,QLD,31601,383,1174
31884,Monsildale,QLD,31303,22,16
31885,Monto,QLD,31902,705,1140
31886,Montrose (Southern Downs - Qld),QLD,30703,0,0
31887,Montrose (Western Downs - Qld),QLD,30701,19,49
31888,Montville,QLD,31606,539,1099
31889,Moodlu,QLD,31302,111,282
31890,Mooga,QLD,30701,11,30
31891,Moogerah,QLD,31002,147,242
31892,Moola,QLD,30702,87,222
31893,Moolboolaman,QLD,31902,245,484
31894,Mooloo,QLD,31903,70,172
31895,Mooloolaba,QLD,31603,4775,8176
31896,Mooloolah Valley,QLD,31606,1340,3631
31897,Moombra,QLD,31002,5,9
31898,Moomin,QLD,30605,109,190
31899,Moondooner,QLD,31902,22,45
31900,Moonford,QLD,31902,73,159
31901,Moongan,QLD,30803,64,114
31902,Moonie,QLD,30701,103,180
31903,Moorang,QLD,31002,19,47
31904,Moore,QLD,31303,167,289
31905,Moore Park Beach,QLD,31901,1394,2901
31906,Moores Pocket,QLD,31003,411,777
31907,Moorina (Qld),QLD,31304,150,409
31908,Moorland (Qld),QLD,31901,117,280
31909,Mooroobool,QLD,30602,2926,7142
31910,Moorooka,QLD,30304,4910,10765
31911,Moraby,QLD,30701,19,43
31912,Moranbah,QLD,31201,4090,9429
31913,Morayfield,QLD,31302,7453,19026
31913,Morayfield,QLD,31304,2091,5897
31914,Moregatta,QLD,30605,26,62
31915,Moresby (Qld),QLD,30603,68,149
31916,Moreton Bay,QLD,30102,0,0
31916,Moreton Bay,QLD,30103,0,0
31916,Moreton Bay,QLD,31305,0,0
31917,Moreton Island,QLD,31305,66,182
31918,Morgan Park,QLD,30703,43,100
31919,Morganville,QLD,31902,67,122
31920,Morinish,QLD,30803,23,59
31921,Morinish South,QLD,30803,8,13
31922,Morningside,QLD,30301,29,52
31922,Morningside,QLD,30502,5318,11659
31923,Mornington (Qld),QLD,31502,1019,1844
31924,Morton Vale,QLD,31002,61,114
31925,Morven (Qld),QLD,31503,116,184
31926,Morwincha,QLD,31002,16,35
31927,Mosman Park (Qld),QLD,31801,226,338
31928,Mosquito Creek,QLD,30701,8,8
31929,Mossman,QLD,30604,893,1921
31930,Mossman Gorge,QLD,30604,82,249
31931,Mothar Mountain,QLD,31903,228,562
31932,Motley,QLD,30702,9,10
31933,Mount Abundance,QLD,30701,83,175
31934,Mount Alford,QLD,31002,152,291
31935,Mount Alma,QLD,30805,32,56
31936,Mount Archer (Rockhampton - Qld),QLD,30803,42,80
31937,Mount Archer (Somerset - Qld),QLD,31303,152,336
31938,Mount Barney,QLD,31101,25,46
31939,Mount Beppo,QLD,31002,126,249
31940,Mount Berryman,QLD,31002,39,96
31941,Mount Bindango,QLD,30701,12,26
31942,Mount Binga,QLD,30702,45,85
31943,Mount Britton,QLD,31201,6,4
31944,Mount Byron,QLD,31002,22,21
31945,Mount Carbine,QLD,31501,87,94
31946,Mount Chalmers,QLD,30803,102,227
31947,Mount Charlton,QLD,31202,64,151
31948,Mount Colliery,QLD,30703,72,113
31949,Mount Coolon,QLD,31201,31,172
31950,Mount Coolum,QLD,31603,2066,4540
31950,Mount Coolum,QLD,31607,3,12
31951,Mount Coot-tha,QLD,30404,0,0
31951,Mount Coot-tha,QLD,30504,0,0
31952,Mount Cotton,QLD,30102,2387,7313
31953,Mount Crosby,QLD,31003,617,1852
31954,Mount Darry,QLD,30702,18,46
31955,Mount Debateable,QLD,31902,16,40
31956,Mount Delaney,QLD,31303,28,80
31957,Mount Edwards,QLD,31002,37,60
31958,Mount Elliot (Qld),QLD,31802,0,0
31959,Mount Emlyn,QLD,30702,10,11
31960,Mount Enniskillen,QLD,31503,16,44
31961,Mount Forbes,QLD,31002,99,268
31962,Mount Fox,QLD,31801,62,85
31963,Mount French,QLD,31002,43,111
31964,Mount Gardiner,QLD,30803,9,19
31965,Mount Garnet,QLD,30605,287,534
31966,Mount Gipps,QLD,31101,6,12
31967,Mount Glorious,QLD,31401,181,343
31968,Mount Gravatt,QLD,30303,1677,3748
31969,Mount Gravatt East,QLD,30303,5026,12436
31970,Mount Hallen,QLD,31002,195,452
31971,Mount Howe,QLD,30701,10,20
31972,Mount Hutton (Qld),QLD,30701,18,32
31973,Mount Irving,QLD,30702,16,34
31974,Mount Isa,QLD,31502,94,174
31975,Mount Isa City,QLD,31502,72,174
31976,Mount Jukes,QLD,31202,134,375
31977,Mount Julian,QLD,31203,208,482
31978,Mount Kelly,QLD,31801,113,297
31979,Mount Kilcoy,QLD,31303,109,277
31980,Mount Kynoch,QLD,31701,103,271
31981,Mount Larcom,QLD,30805,169,333
31982,Mount Lawless,QLD,31902,4,9
31983,Mount Lindesay (Qld),QLD,31101,6,14
31984,Mount Lofty,QLD,31701,1611,3828
31985,Mount Louisa,QLD,31802,3466,9220
31986,Mount Low,QLD,31802,1888,5462
31987,Mount Luke,QLD,30702,18,51
31988,Mount Macarthur,QLD,30801,9,31
31989,Mount Mackay,QLD,30603,0,0
31990,Mount Maria,QLD,30805,123,227
31991,Mount Marlow,QLD,31203,49,158
31992,Mount Marrow,QLD,31002,61,182
31993,Mount Marshall,QLD,30703,104,225
31994,Mount Martin,QLD,31202,72,186
31995,Mount Mceuen,QLD,31902,22,34
31996,Mount Mee,QLD,31303,255,518
31997,Mount Mellum,QLD,31606,186,461
31998,Mount Moffatt,QLD,30701,9,14
31999,Mount Molar,QLD,30703,53,117
32000,Mount Molloy,QLD,31501,186,267
32001,Mount Morgan,QLD,30803,1142,2012
32002,Mount Moriah,QLD,30702,5,9
32003,Mount Mort,QLD,31002,44,84
32004,Mount Mulgrave,QLD,31501,7,11
32005,Mount Mulligan,QLD,31501,0,4
32006,Mount Murchison,QLD,30804,48,128
32007,Mount Nathan,QLD,30906,443,1366
32008,Mount Nebo,QLD,31401,197,432
32009,Mount Ommaney,QLD,30401,924,2523
32010,Mount Ossa,QLD,31202,97,257
32011,Mount Pelion,QLD,31202,41,90
32012,Mount Perry,QLD,31902,353,492
32013,Mount Peter,QLD,30602,252,689
32014,Mount Pleasant (Mackay - Qld),QLD,31202,2022,4667
32015,Mount Pleasant (Moreton Bay - Qld),QLD,31401,149,386
32016,Mount Pluto,QLD,31203,5,8
32017,Mount Rascal,QLD,31701,123,399
32018,Mount Rooper,QLD,31203,0,0
32019,Mount Samson,QLD,31401,200,624
32020,Mount Sheridan (Qld),QLD,30602,3296,8685
32021,Mount St John,QLD,31802,79,101
32022,Mount Stanley,QLD,31303,13,10
32023,Mount Steadman,QLD,31902,3,5
32024,Mount Stuart (Qld),QLD,31802,0,95
32025,Mount Sturt,QLD,30703,7,14
32026,Mount Surprise,QLD,31501,264,139
32027,Mount Surround,QLD,31801,63,130
32028,Mount Sylvia,QLD,31701,35,70
32029,Mount Tabor,QLD,30703,8,19
32030,Mount Tarampa,QLD,31002,192,495
32031,Mount Tom,QLD,30805,30,44
32032,Mount Tully,QLD,30703,67,117
32033,Mount Tyson,QLD,30702,100,285
32034,Mount Urah,QLD,31905,22,47
32035,Mount Walker (Qld),QLD,31002,45,129
32036,Mount Walker West,QLD,31002,8,31
32037,Mount Warren Park,QLD,31102,2362,5707
32038,Mount Whitestone,QLD,31701,61,129
32039,Mount Wyatt,QLD,31201,15,34
32040,Mountain Camp,QLD,30702,16,24
32041,Mountain Creek (Qld),QLD,31601,4402,11926
32042,Moura,QLD,30804,1053,1987
32043,Mourilyan,QLD,30603,240,519
32044,Mourilyan Harbour,QLD,30603,81,140
32045,Mowbray (Qld),QLD,30604,280,366
32046,Mowbullan,QLD,30702,11,11
32047,Moy Pocket,QLD,31903,54,120
32048,Mp Creek,QLD,31902,15,29
32049,Muckadilla,QLD,30701,21,31
32050,Mudgeeraba,QLD,30905,5194,14567
32051,Mudjimba,QLD,31603,1284,2657
32052,Mudlo,QLD,31903,0,3
32053,Muirlea,QLD,31003,74,173
32054,Mulambin,QLD,30803,503,900
32055,Mulara,QLD,30803,31,93
32056,Muldu,QLD,30702,0,0
32057,Mulgildie,QLD,31902,67,140
32058,Mulgowie,QLD,31002,78,166
32059,Mulgrave (Qld),QLD,31801,6,19
32060,Mullett Creek,QLD,31901,35,70
32061,Munbilla,QLD,31002,39,93
32062,Munbura,QLD,31202,40,89
32063,Munderra,QLD,31501,0,6
32064,Mundingburra,QLD,31802,1618,3588
32065,Mundoo,QLD,30603,99,195
32066,Mundoolun,QLD,31104,576,1835
32067,Mundowran,QLD,31902,58,114
32068,Mundubbera,QLD,31902,609,1142
32069,Mungabunda,QLD,30801,52,91
32070,Mungallala,QLD,30701,48,83
32071,Mungallala South,QLD,30701,17,38
32072,Mungalli,QLD,30605,32,40
32073,Mungar,QLD,31905,139,333
32074,Mungindi (Qld),QLD,30701,70,124
32075,Mungungo,QLD,31902,28,84
32076,Mungy,QLD,31902,4,4
32077,Muniganeen,QLD,30702,25,47
32078,Munna Creek,QLD,31905,18,27
32079,Munro Plains,QLD,30603,29,72
32080,Munruben,QLD,31103,897,2750
32081,Murarrie,QLD,30103,1893,4779
32081,Murarrie,QLD,30301,113,174
32082,Murgon,QLD,31902,1101,2249
32083,Murphys Creek (Qld),QLD,31701,233,643
32084,Murray,QLD,31802,40,1739
32085,Murray Upper,QLD,30603,104,218
32086,Murrays Bridge,QLD,30703,44,100
32087,Murrigal,QLD,30603,45,106
32088,Murrumba,QLD,31002,7,11
32089,Murrumba Downs,QLD,31402,4189,10780
32090,Murweh,QLD,31503,4,9
32091,Mutarnee,QLD,31802,67,121
32092,Mutchilba,QLD,31501,279,627
32093,Mutdapilly,QLD,31002,114,314
32094,Muttaburra,QLD,31503,132,158
32095,Myall Park (Qld),QLD,30701,12,17
32096,Myrtlevale,QLD,31203,93,205
32097,Mysterton,QLD,31802,357,794
32098,Nahrunda,QLD,31903,72,195
32099,Nambour,QLD,31607,5450,12121
32100,Nanango,QLD,31902,1861,3637
32101,Nandi,QLD,30702,45,105
32102,Nandowrie,QLD,30801,9,31
32103,Nangram,QLD,30701,0,6
32104,Nangwee,QLD,30702,22,59
32105,Nankin,QLD,30803,83,170
32106,Nanum,QLD,31501,502,895
32107,Narangba,QLD,31304,6855,20874
32108,Narko,QLD,30702,14,16
32109,Nathan,QLD,30304,355,1092
32110,Natural Bridge,QLD,30904,57,85
32111,Nearum,QLD,31902,12,24
32112,Nebine,QLD,31503,22,29
32113,Nebo,QLD,31201,398,856
32114,Neerdie,QLD,31903,62,113
32115,Nelly Bay,QLD,31802,707,1214
32116,Nerada,QLD,30603,44,90
32117,Nerang,QLD,30906,7184,17028
32118,Neranwood,QLD,30905,23,79
32119,Nerimbera,QLD,30803,118,287
32120,Netherby (Qld),QLD,31905,7,25
32121,Netherdale,QLD,31202,60,121
32122,Neumgna,QLD,31902,6,18
32123,Neurum,QLD,31303,80,176
32124,Neusa Vale,QLD,31903,24,54
32125,Nevilton,QLD,30703,12,25
32126,New Auckland,QLD,30805,2173,5270
32127,New Beith,QLD,31104,1638,5633
32128,New Chum,QLD,31004,0,3
32129,New Farm,QLD,30501,6789,12207
32130,New Harbourline,QLD,30603,82,215
32131,New Mapoon,QLD,31501,182,410
32132,New Moonta,QLD,31902,42,83
32133,Newell,QLD,30604,230,336
32134,Newlands (Qld),QLD,31201,29,99
32135,Newmarket,QLD,30503,2253,5082
32136,Newport (Qld),QLD,31305,2325,5945
32137,Newstead (Qld),QLD,30501,385,528
32137,Newstead (Qld),QLD,30503,4369,6952
32138,Newtown (Ipswich - Qld),QLD,31003,618,1502
32139,Newtown (Toowoomba - Qld),QLD,31701,4911,10039
32140,Ngatjan,QLD,30603,0,0
32141,Nicholson (Qld),QLD,31502,31,32
32142,Nikenbah,QLD,31904,454,1236
32143,Nindaroo,QLD,31202,77,259
32144,Ninderry,QLD,31607,450,1309
32145,Nindooinbah,QLD,31101,42,102
32146,Nine Mile (Qld),QLD,30803,41,84
32147,Nine Mile Creek,QLD,30803,16,23
32148,Ningi,QLD,31301,2037,5347
32149,Nirimba (Qld),QLD,31602,779,2226
32150,Nive,QLD,31503,19,44
32151,No 4 Branch,QLD,30603,32,87
32152,No 5 Branch,QLD,30603,3,12
32153,No 6 Branch,QLD,30603,35,73
32154,Noah,QLD,30604,0,0
32155,Nobby,QLD,30703,258,606
32156,Noccundra,QLD,31503,14,16
32157,Nome,QLD,31802,573,983
32158,Noorama,QLD,31503,19,15
32159,Noorindoo,QLD,30701,40,78
32160,Noosa Heads,QLD,31605,3529,5118
32161,Noosa North Shore,QLD,31608,289,246
32162,Noosaville,QLD,31605,5188,8703
32163,Norman Gardens,QLD,30803,4209,10501
32164,Norman Park,QLD,30502,2866,6858
32165,Normanton,QLD,31502,696,1394
32166,North Aramara,QLD,31905,27,53
32167,North Arm (Qld),QLD,31607,252,731
32168,North Booval,QLD,31003,1237,3039
32169,North Branch (Southern Downs - Qld),QLD,30703,22,46
32170,North Branch (Toowoomba - Qld),QLD,30702,21,48
32171,North Bungunya,QLD,30701,22,35
32172,North Deep Creek,QLD,31903,173,381
32173,North Eton,QLD,31202,82,186
32174,North Gregory,QLD,31901,39,86
32175,North Ipswich,QLD,31003,1953,4517
32176,North Isis,QLD,31901,290,573
32177,North Johnstone,QLD,30605,30,67
32178,North Lakes,QLD,31402,8208,23062
32179,North Mackay,QLD,31202,2995,6199
32180,North Maclagan,QLD,30702,9,12
32181,North Maclean,QLD,31104,542,1553
32182,North Maleny,QLD,31606,348,711
32183,North Stradbroke Island,QLD,30102,143,180
32184,North Talwood,QLD,30701,73,106
32185,North Tivoli,QLD,31003,37,84
32186,North Toowoomba,QLD,31701,1562,3323
32187,North Ward,QLD,31802,3146,5105
32188,Northgate (Qld),QLD,30203,2188,4866
32189,Northhead,QLD,31501,0,6
32190,Norville,QLD,31901,1135,2477
32191,Norwell,QLD,30907,74,182
32192,Norwin,QLD,30702,34,99
32193,Nudgee,QLD,30203,1579,4381
32194,Nudgee Beach,QLD,30203,129,310
32195,Nukku,QLD,31902,19,40
32196,Numinbah Valley,QLD,30904,53,212
32197,Nundah,QLD,30203,7066,13133
32197,Nundah,QLD,30503,0,0
32198,Nundubbermere,QLD,30703,67,102
32199,Nutgrove,QLD,30702,5,26
32200,Nychum,QLD,31501,0,0
32201,O'Bil Bil,QLD,31902,20,28
32202,O'Briens Hill,QLD,30603,8,11
32203,O'Connell (Qld),QLD,30805,150,399
32204,O'Reilly,QLD,30904,12,114
32205,Oak Beach,QLD,30604,107,193
32206,Oak Valley (Qld),QLD,31802,171,474
32207,Oakdale (Qld),QLD,31902,24,49
32208,Oakenden,QLD,31202,143,426
32209,Oakey,QLD,30702,1955,4777
32210,Oakey Creek,QLD,30803,10,12
32211,Oakhurst (Qld),QLD,31905,628,1714
32212,Oakview,QLD,31903,12,45
32213,Oakwood (Qld),QLD,31901,204,359
32214,Oaky Creek,QLD,31101,44,101
32215,Oberina,QLD,30701,14,31
32216,Obi Obi,QLD,31606,87,206
32217,Obum Obum,QLD,31002,61,129
32218,Ocean View,QLD,31401,449,1029
32219,Ogmore,QLD,30803,60,71
32220,Okeden,QLD,31902,38,53
32221,Old Cooranga,QLD,31902,19,29
32222,Old Talgai,QLD,30703,17,28
32223,Oman Ama,QLD,30701,22,31
32224,One Mile (Qld),QLD,31003,897,2043
32225,Oombabeer,QLD,30801,32,45
32226,Oonoonba,QLD,31802,1079,2051
32227,Ooralea,QLD,31202,1387,3678
32228,Opalton,QLD,31503,106,59
32229,Orallo,QLD,30701,28,43
32230,Orange Creek,QLD,30804,76,195
32231,Orange Hill,QLD,30701,82,177
32232,Orient,QLD,31801,0,6
32233,Orion,QLD,30801,44,87
32234,Ormeau,QLD,30907,5270,15989
32235,Ormeau Hills,QLD,30907,1513,4520
32236,Ormiston,QLD,30101,0,0
32236,Ormiston,QLD,30102,2566,6388
32237,Osborne (Qld),QLD,31801,113,245
32238,Ottaba,QLD,31002,19,52
32239,Owanyilla,QLD,31905,98,241
32240,Owens Creek,QLD,31202,80,193
32241,Oxenford,QLD,30907,4576,12297
32242,Oxford,QLD,31201,24,45
32243,Oxley (Qld),QLD,30401,96,255
32243,Oxley (Qld),QLD,31001,3377,8874
32244,Oyster Creek,QLD,30805,26,39
32245,Pacific Haven,QLD,31905,394,779
32246,Pacific Heights,QLD,30803,435,1121
32247,Pacific Paradise,QLD,31603,1128,2660
32248,Pacific Pines,QLD,30906,5559,16632
32249,Packers Camp,QLD,30602,55,136
32250,Paddington (Qld),QLD,30504,3896,9056
32251,Paddys Green,QLD,31501,157,405
32252,Paget,QLD,31202,196,326
32253,Palen Creek,QLD,31101,75,367
32254,Palgrave,QLD,30703,20,35
32255,Pallara,QLD,30305,1280,3867
32256,Pallarenda,QLD,31802,349,779
32257,Palm Beach (Qld),QLD,30902,8353,16347
32258,Palm Cove,QLD,30601,1579,2445
32259,Palm Grove (Qld),QLD,31203,50,86
32260,Palm Island,QLD,31801,571,2134
32261,Palmer (Qld),QLD,31501,23,46
32262,Palmerston (Qld),QLD,30603,0,0
32262,Palmerston (Qld),QLD,30605,3,8
32263,Palmtree,QLD,30702,48,80
32264,Palmview,QLD,31606,1810,5241
32265,Palmwoods (Qld),QLD,31606,2442,6353
32266,Palmyra (Qld),QLD,31202,101,251
32267,Paluma,QLD,31801,26,39
32267,Paluma,QLD,31802,77,45
32268,Pampas,QLD,30702,30,80
32269,Paradise Point,QLD,30903,3526,7076
32270,Park Avenue,QLD,30803,2348,5295
32271,Park Ridge,QLD,31103,3422,8477
32272,Park Ridge South,QLD,31103,587,1663
32273,Parkhurst,QLD,30803,1103,3028
32274,Parkinson,QLD,30305,3625,11138
32275,Parklands (Qld),QLD,31607,77,193
32276,Parknook,QLD,30701,19,55
32277,Parkside (Qld),QLD,31502,771,1519
32278,Parkwood (Qld),QLD,30909,2992,8841
32279,Parramatta Park,QLD,30602,1784,3596
32280,Parrearra,QLD,31602,2279,4666
32281,Pasha,QLD,31201,23,73
32282,Passchendaele,QLD,30703,18,42
32283,Paterson (Qld),QLD,31905,63,155
32284,Patrick Estate,QLD,31002,101,181
32285,Pauls Pocket,QLD,31203,13,38
32286,Peachester,QLD,31606,538,1457
32287,Peacock Siding,QLD,31801,33,85
32288,Peak Crossing,QLD,31002,391,1007
32289,Pechey,QLD,30702,51,99
32290,Peel Island,QLD,30102,0,0
32291,Peeramon,QLD,30605,328,780
32292,Pelham (Qld),QLD,30701,12,14
32293,Pelican (Qld),QLD,30701,20,40
32294,Pelican Waters,QLD,31602,3026,7397
32295,Pentland,QLD,31801,190,248
32296,Penwhaupell,QLD,31902,0,0
32297,Peranga,QLD,30702,41,104
32298,Peregian Beach,QLD,31605,2218,4431
32298,Peregian Beach,QLD,31608,174,542
32299,Peregian Springs,QLD,31605,3559,9513
32300,Perseverance,QLD,30702,33,72
32301,Perwillowen,QLD,31607,85,216
32302,Petford,QLD,31501,22,22
32303,Petrie,QLD,31403,3386,8714
32304,Petrie Terrace,QLD,30501,557,1167
32305,Pheasant Creek (Qld),QLD,30804,25,48
32306,Philpott,QLD,31902,21,32
32307,Pialba,QLD,31904,2212,4142
32308,Pickanjinnie,QLD,30701,17,30
32309,Picnic Bay,QLD,31802,276,359
32310,Pie Creek,QLD,31903,439,1135
32311,Pierces Creek,QLD,30702,40,95
32312,Pikedale,QLD,30703,22,24
32313,Pikes Creek,QLD,30703,15,19
32314,Pile Gully,QLD,31902,4,7
32315,Pilerwa,QLD,31905,19,50
32316,Pilton,QLD,30703,31,71
32317,Pimlico (Qld),QLD,31802,1412,2557
32318,Pimpama,QLD,30907,8502,24580
32319,Pimpimbudgee,QLD,31902,32,61
32320,Pin Gin Hill,QLD,30603,90,195
32321,Pinbarren,QLD,31608,184,456
32322,Pindi Pindi,QLD,31202,49,86
32323,Pine Creek (Qld),QLD,31901,100,254
32324,Pine Hills,QLD,30701,3,10
32325,Pine Mountain (Qld),QLD,31003,575,1689
32326,Pinelands (Qld),QLD,30702,36,80
32327,Pinevale,QLD,31202,15,55
32328,Pinjarra Hills,QLD,30402,240,764
32329,Pink Lily,QLD,30803,96,191
32330,Pinkenba,QLD,30203,137,353
32331,Pinnacle (Qld),QLD,31202,106,210
32332,Pinnacles,QLD,31802,24,83
32333,Pioneer (Qld),QLD,31502,1010,2348
32334,Pioneers Rest,QLD,31905,34,78
32335,Pirrinuan,QLD,30702,83,224
32336,Pittsworth,QLD,30702,1391,3295
32337,Piturie,QLD,31503,23,57
32338,Placid Hills,QLD,31701,286,794
32339,Plainby,QLD,30702,27,52
32340,Plainland,QLD,31002,736,1932
32341,Pleystowe,QLD,31202,151,409
32342,Point Arkwright,QLD,31603,190,319
32343,Point Lookout,QLD,30102,1016,795
32344,Point Vernon,QLD,31904,2633,5723
32345,Pomona (Qld),QLD,31608,1219,2929
32346,Pony Hills,QLD,30701,6,12
32347,Poona,QLD,31905,447,560
32348,Porcupine,QLD,31502,16,42
32349,Pormpuraaw,QLD,31501,252,616
32350,Port Alma,QLD,30803,0,0
32351,Port Curtis,QLD,30803,133,305
32352,Port Douglas,QLD,30604,2399,3654
32353,Port Of Brisbane,QLD,30103,6,3
32354,Portsmith,QLD,30602,102,324
32355,Poruma Island,QLD,31501,55,164
32356,Postmans Ridge,QLD,31701,148,359
32357,Pozieres,QLD,30703,103,207
32358,Prairie (Qld),QLD,31502,73,122
32359,Pratten,QLD,30703,106,228
32360,Prawle,QLD,31905,15,34
32361,Prenzlau,QLD,31002,172,410
32362,Preston (Lockyer Valley - Qld),QLD,31701,227,637
32363,Preston (Whitsunday - Qld),QLD,31203,138,347
32364,Priestdale,QLD,31106,48,163
32365,Prince Henry Heights,QLD,31701,240,602
32366,Prince Of Wales,QLD,31501,61,62
32367,Promisedland,QLD,31901,23,29
32368,Proserpine,QLD,31203,1632,3619
32369,Prospect (Qld),QLD,30804,119,289
32370,Proston,QLD,31902,220,416
32371,Pullenvale,QLD,30402,1051,3278
32372,Punchs Creek,QLD,30702,19,35
32373,Punsand,QLD,31501,89,19
32374,Purga,QLD,31002,175,465
32374,Purga,QLD,31003,34,96
32375,Purrawunda,QLD,30702,4,12
32376,Queenton,QLD,31801,583,1235
32377,Quilpie,QLD,31503,406,536
32378,Quinalow,QLD,30702,85,211
32379,Qunaba,QLD,31901,351,835
32380,Racecourse,QLD,31202,78,180
32381,Raceview,QLD,31003,3934,9702
32382,Radford,QLD,31002,17,31
32383,Raglan (Qld),QLD,30805,70,141
32384,Railway Estate,QLD,31802,1490,2878
32385,Rainbow Beach,QLD,31903,1078,1224
32386,Ramsay (Qld),QLD,30703,132,368
32387,Rangemore (Burdekin - Qld),QLD,31801,0,0
32388,Rangemore (Toowoomba - Qld),QLD,30702,3,8
32389,Ranges Bridge,QLD,30702,37,98
32390,Rangeville,QLD,31701,3734,8663
32391,Rangewood,QLD,31802,384,1081
32392,Ransome,QLD,30101,125,427
32393,Rasmussen,QLD,31802,1886,4656
32394,Rathdowney,QLD,31101,174,320
32395,Ravensbourne,QLD,30702,181,303
32396,Ravenshoe,QLD,30605,728,1342
32397,Ravenswood (Qld),QLD,31801,176,293
32398,Ravensworth (Qld),QLD,31501,0,0
32399,Rawbelle,QLD,31902,15,51
32400,Red Hill (Brisbane - Qld),QLD,30504,2535,5817
32401,Red Hill (Western Downs - Qld),QLD,30701,59,163
32402,Red River,QLD,31501,0,0
32403,Redbank (Qld),QLD,31004,1136,2928
32404,Redbank Creek,QLD,31002,67,124
32405,Redbank Plains,QLD,31004,8438,24308
32406,Redcliffe (Qld),QLD,31305,5633,10437
32407,Redford,QLD,30701,4,17
32407,Redford,QLD,31503,0,0
32408,Redgate (Qld),QLD,31902,38,94
32409,Redhill Farms,QLD,31902,16,32
32410,Redland Bay,QLD,30102,6301,17020
32411,Redlynch,QLD,30601,3687,10539
32412,Redridge,QLD,31901,334,719
32413,Redwood,QLD,31701,68,159
32414,Reedy Creek (Qld),QLD,30905,2511,7404
32415,Reesville,QLD,31606,270,571
32416,Regency Downs,QLD,31002,931,2625
32417,Regents Park (Qld),QLD,31103,3763,11117
32418,Reid River,QLD,31801,18,40
32418,Reid River,QLD,31802,47,104
32419,Reids Creek,QLD,31902,31,39
32420,Retro,QLD,30801,29,54
32421,Rewan,QLD,30801,81,49
32422,Rhydding,QLD,30801,26,43
32423,Richlands (Qld),QLD,31001,2170,5612
32424,Richmond (Mackay - Qld),QLD,31202,304,850
32425,Richmond (Richmond - Qld),QLD,31502,358,580
32426,Richmond Hill (Qld),QLD,31801,1050,2454
32427,Ridgelands,QLD,30803,72,189
32428,Ridgewood (Qld),QLD,31608,128,315
32429,Rifle Range,QLD,31002,77,191
32430,Ringtail Creek,QLD,31608,85,201
32431,Ringwood (Qld),QLD,31701,27,57
32432,Riordanvale,QLD,31203,156,393
32433,Ripley,QLD,31003,1714,4303
32434,Rita Island,QLD,31801,82,171
32435,River Heads,QLD,31904,892,2053
32435,River Heads,QLD,31905,0,0
32436,River Ranch,QLD,30805,141,272
32437,Riverbend,QLD,31104,203,661
32438,Riverhills,QLD,30401,1596,4141
32439,Riverleigh,QLD,31902,41,89
32440,Riversleigh,QLD,31503,6,6
32441,Riverton (Qld),QLD,30701,7,29
32442,Riverview (Qld),QLD,31003,1171,3070
32442,Riverview (Qld),QLD,31004,0,0
32443,Roadvale,QLD,31002,124,310
32444,Robertson (Qld),QLD,30304,1789,4760
32445,Robina,QLD,30908,10208,25674
32446,Roche Creek,QLD,30701,25,50
32447,Rochedale,QLD,30303,2593,7671
32448,Rochedale South,QLD,31106,5721,15232
32449,Rockhampton City,QLD,30803,1168,2034
32450,Rockingham (Qld),QLD,30603,49,108
32451,Rocklea (Qld),QLD,30305,739,1662
32452,Rockmount,QLD,31701,37,82
32453,Rocksberg,QLD,31304,119,274
32454,Rockside,QLD,31701,12,29
32455,Rockville,QLD,31701,1413,3195
32456,Rocky Creek (Qld),QLD,30702,16,35
32457,Rocky Point (Douglas - Qld),QLD,30604,72,148
32458,Rocky Point (Weipa - Qld),QLD,31501,876,2220
32459,Rockyview,QLD,30803,572,1732
32460,Rodds Bay,QLD,30805,137,136
32461,Rodgers Creek,QLD,30703,9,15
32462,Rolleston,QLD,30801,120,125
32463,Rollingstone,QLD,31802,238,140
32464,Roma,QLD,30701,3492,6853
32465,Rookwood (Qld),QLD,31501,13,9
32466,Ropeley,QLD,31701,96,209
32467,Rosalie Plains,QLD,30702,28,54
32468,Rosedale (Qld),QLD,30805,234,465
32468,Rosedale (Qld),QLD,31902,0,0
32469,Rosehill (Qld),QLD,30703,50,137
32470,Rosella,QLD,31202,33,76
32471,Rosemount,QLD,31607,748,1863
32472,Roseneath,QLD,31802,79,124
32473,Rosenthal Heights,QLD,30703,1050,2666
32474,Rosevale (Qld),QLD,31002,94,213
32475,Rosewood (Qld),QLD,31002,1421,3260
32476,Ross Creek (Qld),QLD,31903,27,63
32477,Ross River,QLD,31802,0,0
32478,Rosslea,QLD,31802,1111,1919
32479,Rosslyn,QLD,30803,354,609
32480,Rossmoya,QLD,30803,16,67
32481,Rossvale,QLD,30702,36,85
32482,Rossville,QLD,31501,181,250
32483,Rothwell,QLD,31305,2996,7540
32484,Round Hill (Qld),QLD,30805,146,186
32485,Roundstone,QLD,30804,31,75
32486,Rowes Bay,QLD,31802,268,542
32487,Royston,QLD,31303,133,343
32488,Rubyanna,QLD,31901,101,255
32489,Rules Beach,QLD,30805,52,59
32490,Runaway Bay,QLD,30903,4675,9350
32491,Runcorn,QLD,30303,59,149
32491,Runcorn,QLD,30306,5164,14038
32492,Rungoo,QLD,30603,4,11
32493,Running Creek (Qld),QLD,31101,68,144
32494,Runnymede (Qld),QLD,31902,90,191
32495,Rural View,QLD,31202,2002,5661
32496,Rush Creek,QLD,31401,52,152
32497,Russell Island,QLD,30102,2278,3694
32498,Ryan (Qld),QLD,31502,61,106
32499,Ryeford,QLD,30703,22,54
32500,Rywung,QLD,30701,8,18
32501,Sabine,QLD,30702,5,3
32502,Sadliers Crossing,QLD,31003,593,1361
32503,Saibai Island,QLD,31501,113,340
32504,Salisbury (Qld),QLD,30304,2609,6791
32505,Samford Valley,QLD,31401,1027,3207
32506,Samford Village,QLD,31401,339,816
32507,Samsonvale,QLD,31401,213,665
32508,Sandgate (Qld),QLD,30204,2054,4910
32509,Sandiford,QLD,31202,70,170
32510,Sandringham (Qld),QLD,30803,22,49
32511,Sandstone Point,QLD,31301,2042,4093
32512,Sandy Camp,QLD,30703,47,106
32513,Sandy Creek (Qld),QLD,31303,257,598
32514,Sandy Pocket,QLD,30603,12,38
32515,Sandy Ridges,QLD,31902,59,108
32516,Sapphire Central,QLD,30801,1138,1223
32517,Sarabah,QLD,30904,42,68
32517,Sarabah,QLD,31101,0,0
32518,Sarina,QLD,31202,2390,5614
32519,Sarina Beach,QLD,31202,321,663
32520,Sarina Range,QLD,31202,120,274
32521,Saunders Beach,QLD,31802,222,381
32522,Savannah,QLD,31502,4,0
32523,Saxby,QLD,31502,5,35
32524,Scarborough (Qld),QLD,31305,4669,9177
32525,Scarness,QLD,31904,2116,3649
32526,Scotchy Pocket,QLD,31903,21,55
32527,Scottville,QLD,31201,173,277
32528,Scrub Creek,QLD,31002,19,33
32529,Scrubby Creek (Blackall Tambo - Qld),QLD,31503,7,14
32530,Scrubby Creek (Gympie - Qld),QLD,31903,26,62
32531,Scrubby Mountain,QLD,30702,70,201
32532,Seaforth (Qld),QLD,31202,588,783
32533,Seisia,QLD,31501,238,295
32534,Selene,QLD,31902,17,27
32535,Selwyn (Qld),QLD,31502,18,25
32536,Septimus,QLD,31202,56,120
32537,Seven Hills (Qld),QLD,30301,14,45
32537,Seven Hills (Qld),QLD,30502,949,2700
32538,Seventeen Mile,QLD,31701,8,22
32539,Seventeen Mile Rocks,QLD,30401,962,2702
32540,Seventeen Seventy,QLD,30805,259,118
32541,Seventy Mile,QLD,31801,116,201
32542,Severnlea,QLD,30703,176,380
32543,Sexton,QLD,31903,73,188
32544,Shailer Park,QLD,31105,4296,12104
32544,Shailer Park,QLD,31106,41,110
32545,Shannonvale,QLD,30604,81,194
32546,Sharon,QLD,31901,456,1200
32547,Shaw,QLD,31802,343,768
32548,Sheep Station Creek,QLD,31303,64,117
32549,Shelburne,QLD,31501,185,39
32550,Sheldon,QLD,30102,582,1771
32551,Shell Pocket,QLD,30603,34,83
32552,Shelly Beach (Sunshine Coast - Qld),QLD,31602,435,915
32553,Shelly Beach (Townsville - Qld),QLD,31802,0,0
32554,Sherwood (Qld),QLD,30403,2797,6081
32555,Shirbourne,QLD,31801,21,48
32556,Shoal Point,QLD,31202,443,1116
32557,Shoalwater (Qld),QLD,30803,0,6
32558,Shorncliffe,QLD,30204,792,1898
32559,Shute Harbour,QLD,31203,76,113
32560,Silkstone,QLD,31003,1697,3847
32561,Silkwood,QLD,30603,201,414
32562,Silky Oak,QLD,30603,66,175
32563,Silver Creek,QLD,31203,8,18
32564,Silver Ridge,QLD,31701,78,189
32565,Silver Spur,QLD,30701,43,97
32566,Silver Valley,QLD,30605,91,145
32567,Silverbark Ridge,QLD,31104,0,0
32568,Silverdale (Qld),QLD,31002,41,112
32569,Silverleaf,QLD,31902,26,69
32570,Silverleigh,QLD,30702,30,80
32571,Silverwood,QLD,30703,22,59
32572,Simmie,QLD,30701,6,16
32573,Sinnamon Park,QLD,30401,2394,6572
32574,Sippy Downs,QLD,31601,4200,11552
32575,Skyring Reserve,QLD,31902,19,47
32576,Slacks Creek,QLD,31106,4015,10421
32577,Slade Point,QLD,31202,1516,3439
32578,Sladevale,QLD,30703,172,439
32579,Smithfield (Qld),QLD,30601,2554,6634
32580,Smithlea,QLD,30701,23,42
32581,Soldiers Hill (Qld),QLD,31502,791,1798
32582,Somerset (Qld),QLD,31501,21,0
32583,Somerset Dam,QLD,31002,120,74
32584,Sommariva,QLD,31503,12,25
32585,Somme,QLD,30703,26,39
32586,South Bingera,QLD,31901,266,672
32587,South Brisbane,QLD,30501,8037,14287
32588,South East Nanango,QLD,31902,155,339
32589,South Gladstone,QLD,30805,1834,3480
32590,South Innisfail,QLD,30603,269,508
32591,South Isis,QLD,31901,168,383
32592,South Johnstone,QLD,30603,200,452
32593,South Kolan,QLD,31901,519,1258
32594,South Mackay,QLD,31202,3198,6938
32595,South Maclean,QLD,31104,746,2238
32596,South Mission Beach,QLD,30603,613,962
32597,South Nanango,QLD,31902,432,880
32598,South Ripley,QLD,31003,1428,4074
32599,South Stradbroke,QLD,30907,163,137
32600,South Talwood,QLD,30701,36,101
32601,South Toowoomba,QLD,31701,2782,5551
32602,South Townsville,QLD,31802,1425,2436
32603,South Trees,QLD,30805,0,0
32604,South Wellesley Islands,QLD,31502,0,0
32605,South Yaamba,QLD,30803,41,82
32606,Southbrook,QLD,30702,248,629
32607,Southedge,QLD,31501,7,21
32608,Southern Cross (Qld),QLD,31801,231,575
32609,Southern Lamington,QLD,30904,0,0
32610,Southern Moreton Bay Islands,QLD,30907,0,0
32611,Southport (Qld),QLD,30909,18482,36798
32612,Southside,QLD,31903,2757,6332
32613,Southwood,QLD,30701,42,57
32614,Speedwell,QLD,31902,17,42
32615,Speewah,QLD,30605,395,854
32616,Splinter Creek,QLD,31902,16,32
32617,Split Yard Creek,QLD,31002,23,29
32618,Spreadborough,QLD,31502,23,55
32619,Spring Bluff,QLD,31701,0,15
32620,Spring Creek (Banana - Qld),QLD,30804,20,20
32621,Spring Creek (Lockyer Valley - Qld),QLD,31002,90,495
32622,Spring Creek (Toowoomba - Qld),QLD,30703,91,197
32623,Spring Hill (Qld),QLD,30501,3417,6606
32624,Spring Mountain (Qld),QLD,31003,0,0
32624,Spring Mountain (Qld),QLD,31004,1920,6071
32625,Springbrook,QLD,30904,409,701
32626,Springdale (Qld),QLD,30703,13,28
32627,Springfield (Ipswich - Qld),QLD,31004,2476,7321
32628,Springfield (Mareeba - Qld),QLD,31501,4,14
32629,Springfield Central,QLD,31004,246,234
32630,Springfield Lakes,QLD,31004,6100,17231
32631,Springlands,QLD,31201,21,39
32632,Springside (Qld),QLD,30702,42,102
32633,Springsure,QLD,30801,490,946
32634,Springvale (Qld),QLD,30702,21,52
32635,Springwood (Qld),QLD,31106,3820,9737
32636,Spurgeon,QLD,30604,0,0
32637,St Agnes (Qld),QLD,31902,4,20
32638,St Aubyn,QLD,30702,10,14
32639,St George (Qld),QLD,30701,1525,3126
32640,St Helens (Fraser Coast - Qld),QLD,31905,67,132
32641,St Helens (Toowoomba - Qld),QLD,30702,19,37
32642,St Helens Beach,QLD,31202,121,175
32643,St Kilda (Qld),QLD,31902,43,99
32644,St Lawrence,QLD,31201,194,246
32645,St Lucia,QLD,30403,4676,12198
32646,St Mary,QLD,31905,19,34
32647,St Ruth,QLD,30702,57,166
32648,Staaten,QLD,31501,0,0
32649,Stafford,QLD,30202,3324,6969
32650,Stafford Heights,QLD,30201,40,106
32650,Stafford Heights,QLD,30202,2745,6881
32651,Stalworth,QLD,31902,18,37
32652,Stamford,QLD,31502,58,72
32653,Stanage,QLD,30803,141,84
32654,Stanmore (Qld),QLD,31303,171,454
32655,Stanthorpe,QLD,30703,2789,5284
32656,Stanwell,QLD,30803,137,303
32657,Stapylton,QLD,30907,210,420
32658,Starcke,QLD,31501,17,3
32659,Steiglitz (Qld),QLD,30907,321,692
32660,Stewart Creek Valley,QLD,30604,20,24
32661,Stewarton (Qld),QLD,30801,33,52
32662,Stockhaven,QLD,31902,5,6
32663,Stockleigh,QLD,31104,375,1156
32664,Stockton (Qld),QLD,30603,20,57
32665,Stockyard (Livingstone - Qld),QLD,30803,32,16
32666,Stockyard (Lockyer Valley - Qld),QLD,31701,28,65
32667,Stokes,QLD,31502,34,78
32668,Stonehenge (Barcoo - Qld),QLD,31503,41,60
32669,Stonehenge (Toowoomba - Qld),QLD,30702,12,25
32670,Stonelands,QLD,31902,26,34
32671,Stoneleigh (Qld),QLD,30702,46,124
32672,Stones Corner,QLD,30302,1397,2323
32673,Stony Creek (Qld),QLD,31303,93,246
32674,Storm King,QLD,30703,51,106
32675,Stoters Hill,QLD,30603,54,97
32676,Stratford (Qld),QLD,30601,525,1192
32677,Strathdickie,QLD,31203,386,1001
32678,Strathfield (Qld),QLD,31201,8,8
32679,Strathmore (Qld),QLD,31501,4,14
32680,Strathpine,QLD,31403,4182,10656
32681,Stretton,QLD,30305,1461,4692
32682,Struck Oil,QLD,30803,82,151
32683,Stuart (Qld),QLD,31802,199,1574
32684,Sturt (Qld),QLD,31503,0,0
32685,Sugarloaf (Southern Downs - Qld),QLD,30703,111,161
32686,Sugarloaf (Whitsunday - Qld),QLD,31203,130,308
32687,Sujeewong,QLD,30701,10,6
32688,Summerholm,QLD,31002,249,641
32689,Sumner,QLD,31001,220,603
32690,Sun Valley (Qld),QLD,30805,559,1300
32691,Sundown (Cassowary Coast - Qld),QLD,30603,67,144
32692,Sundown (Southern Downs - Qld),QLD,30703,0,0
32693,Sunny Nook,QLD,31902,12,27
32694,Sunnybank,QLD,30303,0,3
32694,Sunnybank,QLD,30304,0,0
32694,Sunnybank,QLD,30306,3238,8891
32695,Sunnybank Hills,QLD,30305,0,0
32695,Sunnybank Hills,QLD,30306,6320,18070
32696,Sunnyside (Qld),QLD,31202,49,125
32697,Sunrise Beach,QLD,31605,1759,3709
32698,Sunset,QLD,31502,885,2132
32699,Sunshine Acres,QLD,31904,331,1010
32700,Sunshine Beach,QLD,31605,1765,2469
32701,Surat,QLD,30701,233,402
32702,Surfers Paradise,QLD,30910,19037,26437
32703,Susan River,QLD,31904,0,0
32703,Susan River,QLD,31905,41,115
32704,Suttor,QLD,31201,16,75
32705,Svensson Heights,QLD,31901,1542,3336
32706,Swan Creek (Qld),QLD,30703,74,157
32707,Swanbank,QLD,31003,0,4
32708,Swanfels,QLD,30703,59,132
32709,Swans Lagoon,QLD,31801,6,11
32710,Sweers Island,QLD,31502,4,4
32711,Syndicate,QLD,30604,0,0
32712,Taabinga,QLD,31902,233,598
32713,Tablelands (Gladstone - Qld),QLD,30805,3,9
32714,Tablelands (South Burnett - Qld),QLD,31902,50,116
32715,Tabooba,QLD,31101,32,57
32716,Tabragalba,QLD,31101,24,48
32717,Taigum,QLD,30204,3256,7784
32718,Takilberan,QLD,31902,22,47
32719,Takura,QLD,31905,200,545
32720,Talaroo,QLD,31501,8,5
32721,Taldora,QLD,31502,25,78
32722,Talegalla Weir,QLD,31905,51,125
32723,Talgai,QLD,30703,45,106
32724,Tallai,QLD,30906,1445,4489
32725,Tallebudgera,QLD,30905,1163,3839
32726,Tallebudgera Valley,QLD,30905,605,1765
32727,Tallegalla,QLD,31002,143,356
32728,Tam O'Shanter,QLD,30603,0,0
32729,Tamaree,QLD,31903,342,1013
32730,Tambo,QLD,31503,190,317
32731,Tamborine,QLD,30904,998,3015
32731,Tamborine,QLD,31104,493,1390
32732,Tamborine Mountain,QLD,30904,3511,8136
32733,Tamrookum,QLD,31101,39,94
32734,Tamrookum Creek,QLD,31101,14,35
32735,Tanah Merah,QLD,31105,1792,4758
32736,Tanawha,QLD,31601,471,1322
32737,Tanbar,QLD,31503,0,0
32738,Tanby,QLD,30803,210,575
32739,Tandora,QLD,31905,0,12
32740,Tandur,QLD,31903,81,194
32741,Tangorin,QLD,31502,22,47
32742,Tannum Sands,QLD,30805,2274,5246
32743,Tannymorel,QLD,30703,80,142
32744,Tansey,QLD,31903,72,158
32745,Tara (Qld),QLD,30701,1181,1983
32746,Taragoola,QLD,30805,0,0
32747,Tarampa,QLD,31002,99,289
32748,Taranganba,QLD,30803,959,2278
32749,Tarawera,QLD,30701,31,69
32750,Targinnie,QLD,30805,8,30
32751,Taringa,QLD,30403,4222,8679
32751,Taringa,QLD,30504,31,61
32752,Tarome,QLD,31002,63,135
32753,Taromeo,QLD,31902,240,366
32754,Tarong,QLD,31902,100,187
32755,Taroom,QLD,30804,468,888
32756,Taroomball,QLD,30803,418,1137
32757,Tarragindi,QLD,30302,22,47
32757,Tarragindi,QLD,30304,3926,11004
32758,Tarramba,QLD,30804,22,38
32759,Tarzali,QLD,30605,183,429
32760,Taunton (Qld),QLD,30805,36,57
32761,Taylors Beach (Qld),QLD,31801,296,287
32762,Te Kowai,QLD,31202,86,227
32763,Teddington,QLD,31905,93,232
32764,Teebar,QLD,31905,31,58
32765,Teelah,QLD,31902,58,91
32766,Teelba,QLD,30701,21,82
32767,Telina,QLD,30805,935,2209
32768,Tellebang,QLD,31902,32,60
32769,Templin,QLD,31002,45,86
32770,Teneriffe,QLD,30503,3291,5519
32771,Tennyson (Qld),QLD,30302,496,1111
32772,Terrica,QLD,30701,19,29
32773,Teviotville,QLD,31002,56,114
32774,Tewantin,QLD,31605,5154,11170
32775,Texas (Qld),QLD,30701,460,791
32776,Thabeban,QLD,31901,1308,2978
32777,Thagoona,QLD,31002,372,1088
32778,Thallon,QLD,30701,124,234
32779,Thane,QLD,30703,13,19
32780,Thanes Creek,QLD,30703,38,61
32781,Thangool,QLD,30804,335,678
32782,Thargomindah,QLD,31503,164,243
32783,The Bluff (Ipswich - Qld),QLD,31002,25,53
32784,The Bluff (Toowoomba - Qld),QLD,30702,3,0
32785,The Caves,QLD,30803,268,682
32786,The Common,QLD,30803,0,5
32787,The Dawn,QLD,31903,219,610
32788,The Dimonds,QLD,31905,0,0
32789,The Falls,QLD,30703,30,53
32790,The Gap (Brisbane - Qld),QLD,30404,6210,17083
32790,The Gap (Brisbane - Qld),QLD,30504,75,205
32791,The Gap (Mount Isa - Qld),QLD,31502,444,821
32792,The Glen (Qld),QLD,30703,16,32
32793,The Gums,QLD,30701,83,165
32794,The Head,QLD,30703,10,12
32795,The Hermitage,QLD,30703,28,55
32796,The Keppels,QLD,30803,55,59
32797,The Leap,QLD,31202,252,655
32798,The Limits,QLD,31902,0,0
32799,The Mine,QLD,30803,14,18
32800,The Narrows (Qld),QLD,30805,0,0
32801,The Palms,QLD,31903,429,1087
32802,The Percy Group,QLD,31201,11,4
32803,The Pines (Qld),QLD,30702,29,41
32804,The Range (Qld),QLD,30803,2094,5237
32805,The Summit,QLD,30703,194,431
32806,Theebine,QLD,31903,77,142
32807,Theodore (Qld),QLD,30804,290,462
32808,Theresa Creek (Qld),QLD,30801,19,42
32809,Thinoomba,QLD,31905,8,7
32810,Thompson Point,QLD,30803,6,4
32811,Thoopara,QLD,31203,25,52
32812,Thornborough,QLD,31501,15,20
32813,Thorndale,QLD,30703,60,134
32814,Thorneside,QLD,30101,1722,3888
32815,Thornlands,QLD,30102,6823,19260
32816,Thornton (Qld),QLD,31002,99,212
32817,Thornton Beach,QLD,30604,17,8
32818,Thornville,QLD,30702,19,39
32819,Three Moon,QLD,31902,67,176
32820,Three Rivers,QLD,31502,69,94
32821,Thulimbah,QLD,30703,164,349
32822,Thuringowa Central,QLD,31802,736,1930
32823,Thursday Island,QLD,31501,972,2809
32824,Tiaro,QLD,31905,378,783
32825,Tieri,QLD,30801,503,749
32826,Tin Can Bay,QLD,31903,1539,2281
32827,Tinana,QLD,31905,2462,5895
32828,Tinana South,QLD,31905,211,546
32829,Tinaroo,QLD,30605,228,287
32830,Tinbeerwah,QLD,31608,456,1156
32831,Tingalpa,QLD,30103,3457,8441
32832,Tingoora,QLD,31902,155,277
32833,Tingun,QLD,30701,78,184
32834,Tinnanbar,QLD,31905,100,61
32835,Tipton,QLD,30702,11,37
32836,Tirroan,QLD,31902,69,150
32837,Tivoli,QLD,31003,658,1450
32838,Togara,QLD,30801,12,30
32839,Toko,QLD,31503,0,0
32840,Tolga,QLD,30605,1343,3172
32841,Toll,QLD,31801,372,709
32842,Toobanna,QLD,31801,131,271
32843,Toobeah,QLD,30701,76,151
32844,Toogoolawah,QLD,31002,648,1199
32845,Toogoom,QLD,31905,1268,2600
32846,Toolakea,QLD,31802,115,221
32847,Toolara Forest,QLD,31903,0,0
32848,Toolburra,QLD,30703,22,56
32849,Toolooa,QLD,30805,442,980
32850,Toomulla,QLD,31802,136,186
32851,Toondahra,QLD,31902,5,0
32852,Toonpan,QLD,31802,28,62
32853,Toorbul,QLD,31301,534,956
32854,Toowong,QLD,30403,156,316
32854,Toowong,QLD,30504,6030,12211
32855,Toowoomba City,QLD,31701,1279,2306
32856,Top Camp,QLD,31701,300,894
32857,Topaz,QLD,30605,92,177
32858,Torbanlea,QLD,31905,334,832
32859,Torquay (Qld),QLD,31904,3752,6521
32860,Torrens Creek,QLD,31502,32,43
32861,Torres Strait,QLD,31501,0,0
32862,Torrington (Qld),QLD,31701,389,1065
32863,Towen Mountain,QLD,31607,101,298
32864,Towers Hill,QLD,31801,111,192
32865,Town Common,QLD,31802,0,3
32866,Townson,QLD,31002,24,52
32867,Townsville City,QLD,31802,1910,2945
32868,Townview,QLD,31502,871,2054
32869,Traveston,QLD,31903,202,511
32870,Trebonne,QLD,31801,172,427
32871,Tregony,QLD,30703,14,36
32872,Trinity Beach,QLD,30601,3113,6608
32873,Trinity Park,QLD,30601,1373,3515
32874,Trotter Creek,QLD,30803,8,12
32875,Trunding,QLD,31501,425,931
32876,Tuan,QLD,31905,101,135
32877,Tuan Forest,QLD,31905,3,5
32878,Tuchekoi,QLD,31903,92,199
32879,Tuckerang,QLD,30702,53,114
32880,Tuen,QLD,31503,4,12
32881,Tugun,QLD,30902,3263,7184
32882,Tully,QLD,30603,1059,2364
32883,Tully Heads,QLD,30603,226,344
32884,Tummaville,QLD,30702,31,53
32885,Tumoulin,QLD,30605,65,134
32886,Tungamull,QLD,30803,150,433
32887,Turallin,QLD,30702,32,64
32888,Turkey Beach,QLD,30805,202,143
32889,Turrawulla,QLD,31201,3,5
32890,Twin Waters,QLD,31603,1312,2946
32891,Two Mile,QLD,31903,24,69
32892,Tyrconnel,QLD,30701,8,17
32893,Ugar Island,QLD,31501,29,69
32894,Ulogie,QLD,30804,11,31
32895,Umagico,QLD,31501,124,394
32896,Umbiram,QLD,30702,56,146
32897,Underwood (Qld),QLD,31106,2325,6841
32898,Undullah,QLD,31002,6,19
32898,Undullah,QLD,31104,7,10
32899,Upper Barron,QLD,30605,212,500
32900,Upper Brookfield,QLD,30402,301,848
32901,Upper Caboolture,QLD,31302,865,2510
32901,Upper Caboolture,QLD,31304,874,2590
32902,Upper Coomera,QLD,30907,9033,27195
32903,Upper Cooyar Creek,QLD,30702,7,16
32904,Upper Daintree,QLD,30604,7,21
32905,Upper Daradgee,QLD,30603,47,99
32906,Upper Dawson,QLD,30701,3,14
32907,Upper Flagstone,QLD,31701,86,191
32908,Upper Freestone,QLD,30703,30,72
32909,Upper Glastonbury,QLD,31903,18,51
32910,Upper Haughton,QLD,31801,13,27
32911,Upper Kandanga,QLD,31903,28,49
32912,Upper Kedron,QLD,30404,1855,5806
32913,Upper Lockyer,QLD,31701,217,538
32914,Upper Mount Gravatt,QLD,30303,4600,10848
32915,Upper Pilton,QLD,30703,30,85
32916,Upper Pinelands,QLD,30702,22,49
32917,Upper Stone,QLD,31801,51,113
32918,Upper Tenthill,QLD,31701,110,276
32919,Upper Warrego,QLD,31503,16,38
32920,Upper Wheatvale,QLD,30703,11,45
32921,Upper Yarraman,QLD,30702,49,80
32922,Urangan,QLD,31904,5640,11018
32923,Urraween,QLD,31904,3632,7955
32924,Utchee Creek,QLD,30603,102,261
32925,V Gate,QLD,30701,17,40
32926,Valdora,QLD,31607,255,774
32927,Vale View,QLD,31701,157,457
32928,Valentine Plains,QLD,30804,159,372
32929,Valkyrie,QLD,31201,27,71
32930,Valley Of Lagoons,QLD,31801,19,39
32931,Varsity Lakes,QLD,30908,6825,16506
32932,Vasa Views,QLD,30603,52,136
32933,Ventnor (Qld),QLD,31902,10,13
32934,Veradilla,QLD,31701,40,126
32935,Veresdale,QLD,31101,88,265
32935,Veresdale,QLD,31104,63,142
32936,Veresdale Scrub,QLD,31101,140,453
32936,Veresdale Scrub,QLD,31104,34,90
32937,Vernor,QLD,31002,92,236
32938,Verrierdale,QLD,31607,315,810
32939,Veteran,QLD,31903,401,957
32940,Victoria Hill,QLD,30703,20,50
32941,Victoria Plains,QLD,31202,132,338
32942,Victoria Plantation,QLD,31801,69,167
32943,Victoria Point (Qld),QLD,30102,6266,15158
32944,Victoria Vale,QLD,31501,4,12
32945,Victory Heights (Qld),QLD,31903,215,487
32946,Villeneuve,QLD,31303,94,200
32947,Vincent,QLD,31802,949,2195
32948,Vinegar Hill,QLD,31701,24,57
32949,Virginia (Qld),QLD,30202,40,102
32949,Virginia (Qld),QLD,30203,897,2296
32950,Wacol,QLD,31001,355,4273
32951,Wahoon,QLD,31902,0,0
32952,Waikola,QLD,30701,12,26
32953,Wainui,QLD,30702,9,8
32954,Wairuna,QLD,30605,0,0
32955,Wakerley,QLD,30103,2907,8727
32956,Walhallow,QLD,30701,15,31
32957,Walkamin,QLD,30605,288,534
32958,Walkers Point,QLD,31905,34,75
32959,Walkerston,QLD,31202,1403,3603
32960,Walkervale,QLD,31901,1321,2959
32961,Wallaces Creek,QLD,31002,30,74
32962,Wallaman,QLD,31801,6,0
32963,Wallangarra,QLD,30703,257,440
32964,Wallaroo (Qld),QLD,30801,9,13
32965,Wallaville,QLD,31902,168,356
32966,Walliebum,QLD,31905,0,0
32967,Walligan,QLD,31904,149,412
32967,Walligan,QLD,31905,13,34
32968,Walloon,QLD,31002,829,2303
32969,Wallu,QLD,31903,46,109
32970,Wallumbilla,QLD,30701,180,323
32971,Wallumbilla North,QLD,30701,65,149
32972,Wallumbilla South,QLD,30701,30,80
32973,Walmul,QLD,30803,12,21
32974,Walter Hill,QLD,30603,0,0
32975,Walter Lever Estate,QLD,30603,25,44
32976,Walterhall,QLD,30803,90,155
32977,Wamuran,QLD,31302,1125,3361
32978,Wamuran Basin,QLD,31303,80,198
32979,Wandal,QLD,30803,1914,3958
32980,Wandoan,QLD,30701,418,667
32981,Wangan,QLD,30603,266,608
32982,Wangaratta (Qld),QLD,31801,8,29
32983,Wangetti,QLD,30604,23,75
32984,Wanjuru,QLD,30603,0,0
32985,Wanora,QLD,31002,106,263
32986,Warana,QLD,31602,1569,3820
32987,Warburton (Qld),QLD,31503,0,0
32988,Ward,QLD,31503,63,87
32989,Warenda,QLD,31503,3,5
32990,Warkon,QLD,30701,10,30
32991,Warner,QLD,31401,4286,12274
32992,Warnoah,QLD,30804,39,84
32993,Warnung,QLD,31902,4,6
32994,Warra,QLD,30702,104,181
32995,Warraber Islet,QLD,31501,72,287
32996,Warrami,QLD,30603,21,39
32997,Warrill View,QLD,31002,77,200
32998,Warroo (Qld),QLD,30701,18,39
32999,Warrubullen,QLD,30603,30,59
33000,Warwick (Qld),QLD,30703,5907,12300
33001,Washpool (Qld),QLD,31002,48,101
33002,Watalgan,QLD,31901,26,32
33003,Wateranga,QLD,31902,0,0
33004,Waterford (Qld),QLD,31105,2145,5763
33005,Waterford West,QLD,31105,2840,6938
33006,Waterloo (Qld),QLD,31901,89,163
33007,Watsons Crossing,QLD,30701,10,16
33008,Watsonville,QLD,31501,89,170
33009,Wattle Camp,QLD,31902,263,542
33010,Wattle Grove (Qld),QLD,31902,41,100
33011,Wattle Ridge (Qld),QLD,30702,13,21
33012,Wattlebank,QLD,30803,30,74
33013,Waua Islet,QLD,31501,0,0
33014,Waugh Pocket,QLD,30603,20,46
33015,Wavell Heights,QLD,30202,3964,10229
33015,Wavell Heights,QLD,30203,49,103
33015,Wavell Heights,QLD,30503,0,0
33016,Waverley (Qld),QLD,31503,5,6
33017,Wealwandangie,QLD,30801,12,39
33018,Webb,QLD,30603,188,385
33019,Weengallon,QLD,30701,21,46
33020,Weerriba,QLD,30803,0,0
33021,Weipa Airport,QLD,31501,0,0
33022,Weir River,QLD,30701,13,19
33023,Welcome Creek,QLD,31901,163,423
33024,Wellcamp,QLD,31701,119,348
33025,Wellesley (Qld),QLD,30701,41,95
33026,Wellesley Islands,QLD,31502,366,1022
33027,Wellington Point,QLD,30101,4703,12650
33028,Welsby,QLD,31301,0,0
33029,Wengenville,QLD,31902,36,54
33030,Wenlock,QLD,31501,47,9
33031,Weranga,QLD,30701,97,210
33032,Weribone,QLD,30701,10,14
33033,West End (Brisbane - Qld),QLD,30501,7602,14718
33034,West End (Townsville - Qld),QLD,31802,2241,3887
33035,West Gladstone,QLD,30805,2569,4848
33036,West Haldon,QLD,30703,32,48
33036,West Haldon,QLD,31701,7,12
33037,West Ipswich,QLD,31003,235,498
33038,West Mackay,QLD,31202,2881,6548
33039,West Point,QLD,31802,22,32
33040,West Prairie,QLD,30702,36,78
33041,West Rockhampton,QLD,30803,852,1855
33042,West Stowe,QLD,30805,111,387
33043,West Wellesley Islands,QLD,31502,0,0
33044,West Woombye,QLD,31606,289,830
33044,West Woombye,QLD,31607,78,252
33045,Westbrook (Qld),QLD,31701,1482,4406
33046,Westcourt,QLD,30602,1993,3843
33047,Western Creek (Qld),QLD,30702,0,0
33048,Westgrove,QLD,30701,6,4
33049,Westlake,QLD,30401,1585,4568
33050,Westmar,QLD,30701,27,59
33051,Westvale,QLD,31303,0,0
33052,Westwood (Qld),QLD,30803,75,187
33052,Westwood (Qld),QLD,30804,6,12
33053,Wetheron,QLD,31902,23,43
33054,Weyba Downs,QLD,31608,136,356
33055,Wharps,QLD,31801,0,0
33056,Wheatlands,QLD,31902,36,82
33057,Wheatvale,QLD,30703,24,57
33058,Whetstone,QLD,30701,25,72
33059,Whichello,QLD,30702,17,31
33060,White Mountain,QLD,31701,6,16
33061,White Patch,QLD,31301,67,147
33062,White Rock (Cairns - Qld),QLD,30602,1950,4926
33063,White Rock (Ipswich - Qld),QLD,31003,3,3
33064,Whiteside,QLD,31401,266,806
33065,Whitfield (Qld),QLD,30601,0,0
33065,Whitfield (Qld),QLD,30602,1913,4273
33066,Whitsundays,QLD,31203,290,2285
33067,Whyanbeel,QLD,30604,97,176
33068,Widgee,QLD,31903,371,859
33069,Widgee Crossing North,QLD,31903,11,20
33070,Widgee Crossing South,QLD,31903,20,35
33071,Widgeegoara,QLD,31503,12,19
33072,Wieambilla,QLD,30701,42,78
33073,Wights Mountain,QLD,31401,288,772
33074,Wigton,QLD,31902,9,5
33075,Wildash,QLD,30703,38,71
33076,Wilkesdale,QLD,31902,70,100
33077,Willawong,QLD,30305,68,148
33077,Willawong,QLD,31001,0,0
33078,Willow Vale (Qld),QLD,30907,792,2276
33079,Willowbank,QLD,31002,556,1364
33080,Willows,QLD,30801,129,143
33081,Willowvale (Qld),QLD,30703,41,113
33082,Wills,QLD,31503,24,31
33083,Wilson Beach,QLD,31203,49,68
33084,Wilson Valley,QLD,31902,18,20
33085,Wilsons Plains,QLD,31002,28,62
33086,Wilsons Pocket,QLD,31903,76,188
33087,Wilsonton,QLD,31701,2879,5894
33088,Wilsonton Heights,QLD,31701,1197,2744
33089,Wilston,QLD,30503,1610,4125
33090,Winchester,QLD,31201,0,13
33091,Windaroo,QLD,31102,995,2757
33092,Windera (Qld),QLD,31902,48,90
33092,Windera (Qld),QLD,31903,5,11
33093,Windermere (Qld),QLD,31901,67,181
33094,Windeyer (Qld),QLD,31503,12,29
33095,Windorah,QLD,31503,112,108
33096,Windsor (Qld),QLD,30503,3711,7820
33097,Winfield,QLD,31901,108,156
33098,Winston,QLD,31502,700,1086
33099,Winton (Qld),QLD,31503,633,853
33100,Winwill,QLD,31701,62,145
33101,Winya,QLD,31303,69,130
33102,Wishart (Qld),QLD,30303,3939,11334
33103,Withcott,QLD,31701,734,2067
33104,Witheren,QLD,30904,206,579
33105,Witta,QLD,31606,585,1297
33106,Wivenhoe Hill,QLD,31002,3,13
33107,Wivenhoe Pocket,QLD,31002,172,412
33108,Wiyarra,QLD,30703,6,20
33109,Woleebee,QLD,30701,37,65
33110,Wolfang,QLD,31201,41,84
33111,Wolffdene,QLD,31102,99,263
33112,Wolvi,QLD,31903,210,518
33113,Womalilla,QLD,30701,26,72
33114,Womblebank,QLD,30701,18,40
33115,Womina,QLD,30703,79,204
33116,Wonbah,QLD,31902,59,80
33117,Wonbah Forest,QLD,31902,0,3
33118,Wondai,QLD,31902,1011,1986
33119,Wondalli,QLD,30701,15,46
33120,Wondecla,QLD,30605,321,660
33121,Wondunna,QLD,31904,1175,3301
33122,Wonga Beach,QLD,30604,580,1043
33123,Wongabel,QLD,30605,85,252
33124,Wongaling Beach,QLD,30603,843,1334
33125,Wongawallan,QLD,30907,484,1420
33126,Wonglepong,QLD,30904,139,364
33127,Woocoo,QLD,31905,30,56
33128,Woodbine (Qld),QLD,31701,14,27
33129,Woodbury (Qld),QLD,30803,195,514
33130,Woodend (Qld),QLD,31003,589,1473
33131,Wooderson,QLD,30805,86,216
33132,Woodford (Qld),QLD,31303,1088,4028
33133,Woodgate,QLD,31901,1346,1514
33134,Woodhill (Qld),QLD,31104,378,1228
33135,Woodlands (Qld),QLD,31701,50,119
33136,Woodleigh (Qld),QLD,30702,4,10
33137,Woodmillar,QLD,31902,55,113
33138,Woodridge (Qld),QLD,31106,5040,12959
33139,Woodstock (Qld),QLD,31802,142,274
33140,Woodwark,QLD,31203,241,563
33141,Woody Point,QLD,31305,2468,4578
33142,Woolein,QLD,30804,8,0
33143,Woolgar,QLD,31502,8,17
33144,Woolloongabba,QLD,30302,4071,8590
33144,Woolloongabba,QLD,30501,44,93
33144,Woolloongabba,QLD,30502,0,0
33145,Woolmar,QLD,31303,215,563
33146,Woolmer,QLD,31701,18,38
33147,Woolooga,QLD,31903,139,305
33148,Woolooman,QLD,31002,17,33
33149,Wooloowin,QLD,30503,1926,4019
33150,Woolshed,QLD,31002,7,8
33151,Woombye,QLD,31607,1515,3946
33152,Woondum,QLD,31903,20,59
33153,Woongarra,QLD,31901,211,588
33154,Woongoolba,QLD,30907,96,281
33155,Woopen Creek,QLD,30603,65,135
33156,Woorabinda,QLD,30801,312,1019
33157,Woorim,QLD,31301,1220,1826
33158,Wooroolin,QLD,31902,144,318
33159,Wooroona,QLD,30801,4,12
33160,Wooroonden,QLD,31902,25,54
33161,Wooroonooran (Cairns - Qld),QLD,30603,0,0
33162,Wooroonooran (Cassowary Coast - Qld),QLD,30603,8,0
33163,Wootha,QLD,31606,119,254
33164,Woowoonga,QLD,31902,55,122
33165,Woree,QLD,30602,2454,5112
33166,Worongary,QLD,30906,1957,6033
33167,Wowan,QLD,30804,101,168
33168,Wrattens Forest,QLD,31903,5,0
33169,Wrights Creek (Qld),QLD,30602,62,160
33170,Wrotham,QLD,31501,32,27
33171,Wujal Wujal,QLD,31501,93,276
33172,Wulguru,QLD,31802,1986,4401
33173,Wulkuraka,QLD,31003,520,1322
33174,Wunjunga,QLD,31801,47,14
33175,Wura,QLD,30803,4,17
33176,Wurdong Heights,QLD,30805,172,471
33177,Wurtulla,QLD,31602,2524,6225
33178,Wuruma Dam,QLD,31902,12,34
33179,Wutul,QLD,30702,26,57
33180,Wyaga,QLD,30701,27,77
33181,Wyalla,QLD,31902,16,43
33182,Wyandra,QLD,31503,67,76
33183,Wyaralong,QLD,31002,6,18
33184,Wyberba,QLD,30703,39,63
33185,Wycarbah,QLD,30803,28,38
33186,Wychie,QLD,30701,17,30
33187,Wycombe,QLD,30701,23,39
33188,Wynnum,QLD,30103,6050,14024
33189,Wynnum West,QLD,30103,5090,12798
33190,Wyreema,QLD,31701,760,2091
33191,Wyuna (Qld),QLD,30801,17,46
33192,Yaamba,QLD,30803,42,56
33193,Yabulu,QLD,31802,331,708
33194,Yagaburne,QLD,30701,9,28
33195,Yagoonya,QLD,31502,18,11
33196,Yalangur,QLD,30702,29,56
33197,Yalboroo,QLD,31202,88,145
33198,Yamanto,QLD,31003,1871,4967
33199,Yandaran,QLD,31901,211,481
33200,Yandarlo,QLD,31503,20,39
33201,Yandilla,QLD,30702,24,50
33202,Yandina,QLD,31607,1252,3069
33203,Yandina Creek,QLD,31607,311,872
33204,Yangan,QLD,30703,182,410
33205,Yargullen,QLD,30702,12,27
33206,Yaroomba,QLD,31603,825,2033
33207,Yarrabah,QLD,30603,525,2507
33208,Yarrabilba,QLD,31104,3422,10254
33209,Yarraden,QLD,31501,83,53
33210,Yarraman (Qld),QLD,30702,593,1127
33211,Yarranlea,QLD,30702,31,79
33212,Yarrol,QLD,31902,10,15
33213,Yarwun,QLD,30805,40,85
33214,Yatala,QLD,30907,434,1385
33215,Yeerongpilly,QLD,30302,882,2049
33216,Yelarbon,QLD,30701,150,313
33217,Yenda (Qld),QLD,31902,4,16
33218,Yengarie,QLD,31905,219,607
33219,Yeppoon,QLD,30803,3670,7063
33220,Yeronga,QLD,30302,3290,7030
33221,Yerra,QLD,31905,50,106
33222,Yimbun,QLD,31002,12,30
33223,Yorkeys Knob,QLD,30601,1598,2796
33224,Yowah,QLD,31503,167,122
33225,Yugar,QLD,31401,146,407
33226,Yulabilla,QLD,30701,25,41
33227,Yuleba,QLD,30701,117,268
33228,Yuleba North,QLD,30701,24,26
33229,Yuleba South,QLD,30701,4,21
33230,Yungaburra,QLD,30605,759,1270
33231,Yuruga,QLD,31801,36,64
33232,Zillmere,QLD,30204,4348,9349
33233,Zilzie,QLD,30803,1280,2839
39494,No usual address (Qld),QLD,39999,0,14670
39797,Migratory - Offshore - Shipping (Qld),QLD,39797,93,184
40001,Aberfoyle Park,SA,40304,4385,11226
40002,Adelaide,SA,40101,11127,18223
40003,Adelaide Airport,SA,40403,0,4
40004,Agery,SA,40504,43,90
40005,Alawoona,SA,40703,17,27
40006,Albert Park (SA),SA,40401,818,1791
40007,Alberton (SA),SA,40402,935,1844
40008,Aldgate,SA,40102,1284,3483
40009,Aldinga,SA,40304,380,760
40010,Aldinga Beach,SA,40304,5015,10682
40011,Alford,SA,40502,81,160
40012,Allenby Gardens,SA,40401,841,2047
40013,Allendale East,SA,40702,194,483
40014,Allendale North,SA,40501,58,162
40015,Alma (SA),SA,40502,34,69
40016,Altona (SA),SA,40501,53,109
40017,Amata,SA,40602,113,393
40018,American Beach,SA,40701,0,0
40019,American River,SA,40701,272,286
40020,Amyton,SA,40503,0,9
40021,Anama,SA,40502,0,7
40022,Anangu Pitjantjatjara Yankunytjatjara,SA,40602,161,209
40023,Andamooka,SA,40602,546,275
40024,Andamooka Station,SA,40602,23,7
40025,Andrews,SA,40503,11,32
40026,Andrews Farm,SA,40202,3150,8728
40027,Angas Plains,SA,40701,34,81
40028,Angas Valley,SA,40703,22,52
40029,Angaston,SA,40501,1053,2197
40030,Angle Park,SA,40402,596,1546
40031,Angle Vale,SA,40202,1363,4046
40032,Anna Creek,SA,40602,13,176
40033,Annadale,SA,40703,19,37
40034,Antechamber Bay,SA,40701,15,13
40035,Apamurra,SA,40703,8,11
40036,Apoinga,SA,40502,17,29
40037,Appila,SA,40503,45,94
40038,Arcoona,SA,40602,38,82
40039,Ardrossan,SA,40504,812,1271
40040,Arkaroola,SA,40602,45,32
40041,Armagh,SA,40502,153,346
40042,Arno Bay,SA,40601,263,317
40043,Arthurton,SA,40504,87,152
40044,Ascot Park,SA,40302,1756,3596
40045,Ashbourne (SA),SA,40701,136,304
40046,Ashford (SA),SA,40403,572,1155
40047,Ashton,SA,40102,201,487
40048,Ashville,SA,40703,12,28
40049,Athelstone,SA,40104,3747,9599
40050,Athol Park,SA,40401,779,2019
40051,Auburn (SA),SA,40502,359,670
40052,Auldana,SA,40103,234,631
40053,Australia Plains,SA,40502,16,41
40054,Avenue Range,SA,40702,57,116
40055,Avoca Dell,SA,40703,65,166
40056,Avon (SA),SA,40502,24,64
40057,Back Valley,SA,40701,92,173
40058,Bagot Well,SA,40501,36,67
40059,Baird Bay,SA,40601,24,5
40060,Bakara,SA,40703,7,9
40061,Bakara Well,SA,40703,3,6
40062,Balaklava,SA,40502,976,2096
40063,Bald Hills (SA),SA,40701,23,44
40064,Baldina,SA,40502,7,12
40065,Balgowan (SA),SA,40504,236,83
40066,Balhannah,SA,40102,709,1750
40067,Ballast Head,SA,40701,9,21
40068,Bangham,SA,40702,32,81
40069,Bangor (SA),SA,40503,21,36
40070,Banksia Park,SA,40205,1327,3359
40071,Barabba,SA,40501,36,110
40071,Barabba,SA,40502,14,22
40072,Barinia,SA,40502,10,22
40073,Barmera,SA,40703,1551,2880
40074,Barna,SA,40601,27,30
40075,Barndioota,SA,40602,3,6
40076,Baroota,SA,40503,36,52
40077,Barossa Goldfields,SA,40501,25,63
40078,Barunga Gap,SA,40502,14,23
40079,Basket Range,SA,40102,141,363
40080,Baudin Beach,SA,40701,64,86
40081,Bay Of Shoals,SA,40701,21,30
40082,Beachport,SA,40702,561,745
40083,Beatty,SA,40703,5,0
40084,Beaufort (SA),SA,40502,45,81
40085,Beaumont (SA),SA,40103,1043,2722
40086,Beaumonts,SA,40703,15,0
40087,Bedford Park,SA,40302,23,9
40087,Bedford Park,SA,40303,580,1866
40088,Beetaloo Valley,SA,40503,41,75
40089,Belair,SA,40102,3,5
40089,Belair,SA,40303,1814,4687
40090,Belalie East,SA,40503,19,62
40091,Belalie North,SA,40503,36,85
40092,Bellevue Heights,SA,40303,1115,2710
40093,Beltana,SA,40602,14,37
40094,Beltana Station,SA,40602,17,30
40095,Belton,SA,40503,16,19
40096,Belvidere,SA,40701,51,118
40097,Benbournie,SA,40502,11,11
40098,Berri,SA,40703,2184,4150
40099,Bethany,SA,40501,63,146
40100,Bethel,SA,40501,28,52
40101,Beulah Park,SA,40103,735,1607
40102,Beverley (SA),SA,40401,698,1563
40103,Bibaringa,SA,40202,88,248
40104,Big Bend,SA,40703,4,4
40105,Biggs Flat,SA,40102,35,84
40106,Billiatt,SA,40703,0,0
40107,Binnum,SA,40702,33,87
40108,Birchmore,SA,40701,23,49
40109,Birdwood (SA),SA,40102,555,1371
40110,Birkenhead,SA,40402,821,1785
40111,Black Forest,SA,40107,939,1976
40112,Black Hill (SA),SA,40703,45,46
40113,Black Point,SA,40504,216,66
40114,Black Rock (SA),SA,40503,21,36
40115,Black Springs (SA),SA,40502,20,49
40116,Blackfellows Caves,SA,40702,77,74
40117,Blackfellows Creek,SA,40701,14,28
40118,Blackford,SA,40702,24,35
40119,Blackwood (SA),SA,40303,1867,4251
40120,Blair Athol (SA),SA,40203,2000,5265
40121,Blakeview,SA,40202,3400,8970
40122,Blakiston,SA,40102,131,381
40123,Blanche Harbor,SA,40602,51,32
40124,Blanchetown,SA,40703,422,305
40125,Bletchley,SA,40701,30,76
40126,Blewitt Springs,SA,40304,150,345
40127,Blinman,SA,40602,40,42
40128,Bluff Beach,SA,40504,52,43
40129,Blyth,SA,40502,228,508
40130,Boatswain Point,SA,40702,77,38
40131,Bockelberg,SA,40601,0,0
40132,Boconnoc Park,SA,40502,13,28
40133,Bolivar,SA,40202,21,50
40133,Bolivar,SA,40204,246,314
40134,Bolto,SA,40703,39,14
40135,Booborowie,SA,40502,112,197
40136,Bookpurnong,SA,40703,58,157
40137,Bool Lagoon,SA,40702,23,42
40138,Booleroo Centre,SA,40503,276,485
40139,Boolgun,SA,40703,7,11
40140,Boonerdo,SA,40601,4,13
40141,Boors Plain,SA,40504,26,56
40142,Bordertown,SA,40702,1383,3090
40143,Bordertown South,SA,40702,18,45
40144,Borrika,SA,40703,18,29
40145,Boston,SA,40601,417,1165
40146,Bowden,SA,40401,1136,1810
40147,Bower,SA,40502,24,41
40148,Bowhill,SA,40703,210,118
40149,Bowillia,SA,40502,13,20
40150,Bowmans,SA,40502,43,60
40151,Bradbury (SA),SA,40102,75,180
40152,Brady Creek,SA,40502,15,19
40153,Brahma Lodge,SA,40204,1379,3393
40154,Bramfield,SA,40601,20,31
40155,Bray,SA,40702,25,44
40156,Brenda Park,SA,40703,121,16
40157,Brentwood (SA),SA,40504,35,71
40158,Bridgewater (SA),SA,40102,1476,3731
40159,Bright (SA),SA,40502,14,18
40160,Brighton (SA),SA,40301,1826,3812
40161,Brimbago,SA,40702,23,64
40162,Brinkley,SA,40703,57,107
40163,Brinkworth,SA,40502,147,244
40164,Broadview,SA,40106,912,1905
40164,Broadview,SA,40203,1162,2531
40165,Brompton,SA,40401,1799,3742
40166,Brooker,SA,40601,37,90
40167,Brooklyn Park,SA,40403,2406,5017
40168,Broughton River Valley,SA,40503,5,0
40169,Brown Beach,SA,40701,10,3
40170,Brown Hill Creek,SA,40303,25,71
40171,Brownlow,SA,40502,27,43
40171,Brownlow,SA,40703,0,0
40172,Brownlow Ki,SA,40701,145,238
40173,Bruce (SA),SA,40503,11,17
40173,Bruce (SA),SA,40602,0,0
40174,Brukunga,SA,40102,173,405
40175,Buchanan (SA),SA,40502,24,51
40176,Buchfelde,SA,40201,81,192
40177,Buckingham (SA),SA,40702,19,40
40178,Buckland Park,SA,40202,49,96
40179,Buckleboo,SA,40601,19,40
40180,Bugle Hut,SA,40703,22,38
40181,Bugle Ranges,SA,40102,115,291
40182,Bull Creek (SA),SA,40102,32,79
40182,Bull Creek (SA),SA,40701,14,35
40183,Bumbunga,SA,40502,15,20
40184,Bunbury (SA),SA,40703,0,3
40185,Bundaleer Gardens,SA,40503,12,8
40186,Bundaleer North,SA,40503,12,42
40187,Bundey,SA,40502,0,0
40188,Bungama,SA,40503,52,117
40189,Bungaree (SA),SA,40502,9,23
40190,Burdett,SA,40703,90,232
40191,Burnsfield,SA,40502,6,6
40192,Burnside (SA),SA,40103,1268,3086
40193,Burra (SA),SA,40502,677,1117
40194,Burra Eastern Districts,SA,40502,0,7
40195,Burrungule,SA,40702,44,111
40196,Burton (SA),SA,40204,2157,6525
40197,Bute,SA,40502,228,389
40198,Butler (SA),SA,40601,31,69
40199,Cadell,SA,40703,286,556
40200,Cadgee (SA),SA,40702,19,53
40201,Calca,SA,40601,13,13
40202,Caliph,SA,40703,0,3
40203,Callington,SA,40102,146,296
40203,Callington,SA,40703,129,325
40204,Calomba,SA,40501,20,46
40205,Caloote,SA,40703,127,136
40206,Calperum Station,SA,40602,0,0
40207,Caltowie,SA,40503,62,123
40208,Caltowie North,SA,40503,10,21
40209,Caltowie West,SA,40503,16,28
40210,Cambrai,SA,40703,154,266
40211,Camden Park (SA),SA,40403,1658,3343
40212,Campbelltown (SA),SA,40104,4180,9237
40213,Campoona,SA,40601,16,47
40214,Cannawigara,SA,40702,68,150
40215,Canowie,SA,40502,4,3
40216,Canowie Belt,SA,40502,17,29
40217,Canunda,SA,40702,10,21
40218,Cape Borda,SA,40701,3,9
40219,Cape Douglas,SA,40702,56,68
40220,Cape Jaffa,SA,40702,82,61
40221,Cape Jervis,SA,40701,304,346
40222,Caralue,SA,40601,16,43
40223,Carawa,SA,40601,3,7
40224,Carcuma,SA,40703,0,3
40225,Carew,SA,40702,15,32
40226,Carey Gully,SA,40102,184,427
40227,Caroline,SA,40702,3,11
40228,Carpenter Rocks,SA,40702,92,87
40229,Carrickalinga,SA,40701,830,407
40230,Carrieton,SA,40503,46,46
40231,Cassini,SA,40701,42,73
40232,Castambul,SA,40102,11,18
40233,Caurnamont,SA,40703,100,30
40234,Cavan (SA),SA,40204,3,32
40235,Cavenagh,SA,40503,4,6
40236,Caveton,SA,40702,18,36
40237,Ceduna,SA,40601,1031,1952
40238,Ceduna Waters,SA,40601,85,186
40239,Chaffey,SA,40703,94,184
40240,Chain Of Ponds,SA,40102,14,37
40241,Chandada,SA,40601,20,37
40242,Chandlers Hill,SA,40304,274,786
40243,Chapel Hill (SA),SA,40102,54,127
40244,Chapman Bore,SA,40703,13,26
40245,Charleston,SA,40102,209,549
40246,Charlton Gully,SA,40601,20,39
40247,Charra,SA,40601,11,26
40248,Cheltenham (SA),SA,40401,978,2230
40249,Cherry Gardens,SA,40304,242,633
40250,Cherryville,SA,40102,52,132
40251,Chilpenunda,SA,40601,6,17
40252,Chinaman Wells,SA,40504,41,4
40253,Chinbingina,SA,40601,3,8
40254,Chiton,SA,40701,342,434
40255,Chowilla,SA,40602,0,5
40256,Christie Downs,SA,40304,2518,5218
40257,Christies Beach,SA,40304,2976,5968
40258,Clapham,SA,40303,654,1682
40259,Clare (SA),SA,40502,1701,3248
40260,Clarence Gardens,SA,40303,914,2372
40261,Clarence Park,SA,40107,1182,2646
40262,Clarendon (SA),SA,40304,267,634
40263,Clay Wells,SA,40702,16,33
40264,Claypans,SA,40703,8,4
40265,Clayton Bay,SA,40701,455,463
40266,Clearview,SA,40203,1800,4255
40267,Cleland,SA,40102,0,0
40268,Clements Gap,SA,40502,21,51
40269,Cleve,SA,40601,468,962
40270,Clinton (SA),SA,40504,344,308
40271,Clinton Centre,SA,40504,16,40
40272,Clovelly Park,SA,40302,1301,3110
40273,Cobdogla,SA,40703,178,382
40274,Cocata,SA,40601,6,0
40275,Cockaleechie,SA,40601,28,79
40276,Cockatoo Valley,SA,40501,251,706
40277,Cockburn,SA,40602,16,12
40278,Coffin Bay,SA,40601,711,660
40279,Colebatch,SA,40703,49,56
40280,Coles,SA,40702,21,35
40281,College Park,SA,40105,332,755
40282,Colley,SA,40601,26,40
40283,Collinsfield,SA,40503,4,6
40284,Collinsville (SA),SA,40502,4,11
40285,Collinswood,SA,40106,690,1495
40286,Colonel Light Gardens,SA,40303,1197,3307
40287,Colton,SA,40601,22,24
40288,Comaum,SA,40702,19,42
40289,Commissariat Point,SA,40602,266,248
40290,Commonwealth Hill,SA,40601,0,0
40291,Compton,SA,40702,306,806
40292,Concordia,SA,40201,72,151
40293,Condowie,SA,40502,33,61
40294,Conmurra,SA,40702,37,76
40295,Coober Pedy,SA,40602,1477,1569
40296,Coobowie,SA,40504,279,247
40297,Cooke Plains,SA,40703,29,69
40298,Coolillie,SA,40601,3,8
40299,Cooltong,SA,40703,150,319
40300,Coomandook,SA,40703,36,82
40301,Coombe,SA,40703,28,63
40302,Coomooroo,SA,40503,10,13
40303,Coomunga,SA,40601,41,133
40304,Coonalpyn,SA,40703,198,348
40305,Coonamia,SA,40503,44,98
40306,Coonawarra (SA),SA,40702,85,133
40307,Coorabie,SA,40601,98,71
40308,Coorong,SA,40702,3,4
40308,Coorong,SA,40703,50,55
40309,Cootra,SA,40601,13,19
40310,Copeville,SA,40703,32,44
40311,Copley (SA),SA,40602,80,83
40312,Corny Point,SA,40504,161,125
40313,Coromandel East,SA,40304,132,341
40314,Coromandel Valley,SA,40304,1558,4373
40315,Cortlinye,SA,40601,26,44
40316,Corunna Station,SA,40602,14,19
40317,Coulta,SA,40601,108,214
40318,Cowandilla,SA,40403,610,1450
40319,Cowell,SA,40601,653,1116
40320,Cowirra,SA,40703,118,157
40321,Cradock,SA,40503,5,4
40321,Cradock,SA,40602,23,35
40322,Crafers,SA,40102,770,2014
40323,Crafers West,SA,40102,492,1231
40323,Crafers West,SA,40303,31,80
40324,Craigburn Farm,SA,40303,1034,3095
40325,Craigmore,SA,40202,4036,10920
40326,Crescent,SA,40703,95,226
40327,Cromer (SA),SA,40102,24,54
40327,Cromer (SA),SA,40501,62,164
40328,Cross Roads (SA),SA,40504,95,156
40329,Croydon (SA),SA,40401,512,1210
40330,Croydon Park (SA),SA,40402,1705,4238
40331,Crystal Brook (SA),SA,40503,753,1537
40332,Cudlee Creek,SA,40102,161,418
40333,Culburra,SA,40703,46,81
40334,Cultana,SA,40602,4,9
40335,Cumberland Park,SA,40303,1083,2574
40336,Cummins,SA,40601,451,973
40337,Cungena,SA,40601,15,25
40338,Cunliffe,SA,40504,21,50
40339,Cunningham (SA),SA,40504,25,78
40340,Cunyarie,SA,40601,6,12
40341,Curramulka,SA,40504,169,305
40342,Currency Creek,SA,40701,204,441
40343,Custon,SA,40702,4,19
40344,Cuttlefish Bay,SA,40701,11,13
40345,Cygnet River,SA,40701,42,72
40346,D'Estrees Bay,SA,40701,15,9
40347,Dalkey,SA,40502,4,16
40348,Danggali,SA,40602,0,0
40349,Darke Peak,SA,40601,50,89
40350,Darlington (SA),SA,40302,257,616
40350,Darlington (SA),SA,40304,280,651
40351,Davenport (SA),SA,40602,37,153
40352,Daveyston,SA,40501,31,85
40353,Davoren Park,SA,40202,2706,6378
40354,Daw Park,SA,40303,1152,2720
40355,Dawesley,SA,40102,120,317
40356,Dawson (SA),SA,40503,5,3
40357,De Mole River,SA,40701,0,5
40358,Deep Creek (SA),SA,40701,35,27
40359,Deepwater (SA),SA,40703,8,12
40360,Delamere (SA),SA,40701,103,161
40361,Denial Bay,SA,40601,86,160
40362,Dernancourt,SA,40205,1628,4074
40363,Devlins Pound,SA,40703,8,13
40364,Devon Park (SA),SA,40402,604,1184
40365,Dingabledinga,SA,40701,34,80
40366,Direk,SA,40204,328,919
40367,Dismal Swamp,SA,40702,22,63
40368,Donovans,SA,40702,92,107
40369,Dorset Vale,SA,40102,0,0
40369,Dorset Vale,SA,40304,0,0
40370,Douglas Point,SA,40601,64,47
40371,Dover Gardens,SA,40302,1446,3062
40372,Dowlingville,SA,40504,14,33
40373,Dry Creek (SA),SA,40203,117,232
40373,Dry Creek (SA),SA,40204,0,0
40373,Dry Creek (SA),SA,40402,0,0
40374,Dublin,SA,40501,182,395
40375,Duck Ponds,SA,40601,51,278
40376,Dudley East,SA,40701,32,58
40377,Dudley Park (SA),SA,40402,319,669
40378,Dudley West,SA,40701,15,25
40379,Dulwich,SA,40103,741,1662
40380,Duncan,SA,40701,37,69
40381,Dutton,SA,40502,9,14
40381,Dutton,SA,40703,65,118
40382,Dutton East,SA,40703,5,13
40383,East Moonta,SA,40504,60,130
40384,Eastwood (SA),SA,40103,453,712
40385,Eba,SA,40703,21,27
40386,Eba Anchorage,SA,40601,31,25
40387,Ebenezer (SA),SA,40501,64,184
40388,Echunga,SA,40102,475,1221
40389,Eden Hills,SA,40303,1186,3004
40390,Eden Valley,SA,40501,189,356
40390,Eden Valley,SA,40703,14,33
40391,Edillilie,SA,40601,60,126
40392,Edinburgh,SA,40204,16,371
40393,Edinburgh North,SA,40202,0,0
40394,Edithburgh,SA,40504,528,546
40395,Edwardstown,SA,40302,2188,4497
40396,Eight Mile Creek (SA),SA,40702,93,163
40397,Elizabeth,SA,40202,520,1032
40398,Elizabeth Downs,SA,40202,2220,5162
40399,Elizabeth East,SA,40202,2045,4594
40400,Elizabeth Grove,SA,40202,1168,2537
40401,Elizabeth North,SA,40202,1758,3585
40402,Elizabeth Park,SA,40202,1781,4436
40403,Elizabeth South,SA,40202,1343,2921
40404,Elizabeth Vale,SA,40202,1897,4330
40405,Elliston,SA,40601,269,382
40406,Elwomple,SA,40703,48,90
40407,Emu Bay,SA,40701,80,93
40408,Emu Downs,SA,40502,21,52
40409,Emu Flat (SA),SA,40502,53,106
40410,Encounter Bay,SA,40701,3504,5304
40411,Enfield (SA),SA,40203,2578,6188
40412,Erindale,SA,40103,473,1170
40413,Erith,SA,40502,23,51
40414,Erskine (SA),SA,40503,6,4
40415,Ethelton,SA,40402,743,1479
40416,Ettrick (SA),SA,40703,20,37
40417,Eudunda,SA,40502,447,815
40418,Eurelia,SA,40503,13,21
40419,Euromina,SA,40503,9,25
40420,Evandale (SA),SA,40105,624,1383
40421,Evanston,SA,40201,1229,2571
40422,Evanston Gardens,SA,40201,946,2357
40423,Evanston Park,SA,40201,1622,4158
40423,Evanston Park,SA,40202,29,83
40424,Evanston South,SA,40201,300,765
40425,Everard Central,SA,40502,12,33
40426,Everard Park,SA,40107,562,1070
40427,Exeter (SA),SA,40402,569,1075
40428,Eyre,SA,40202,418,1129
40429,Fairview Park,SA,40205,1481,3792
40430,False Bay,SA,40601,0,0
40431,Farina,SA,40602,21,15
40432,Farrell Flat,SA,40502,121,195
40433,Felixstow,SA,40105,1109,2481
40434,Ferryden Park,SA,40402,1742,4493
40435,Field,SA,40703,46,83
40436,Findon,SA,40401,3239,7035
40437,Finniss,SA,40701,160,298
40438,Firle,SA,40105,713,1508
40439,Fischer,SA,40501,23,78
40440,Fisher (SA),SA,40703,118,63
40441,Fisherman Bay,SA,40502,398,141
40442,Fitzroy (SA),SA,40106,305,784
40443,Five Miles,SA,40703,31,6
40444,Flagstaff Hill,SA,40304,3871,10173
40445,Flaxley,SA,40102,72,182
40446,Flaxman Valley,SA,40501,116,290
40447,Flinders Chase,SA,40701,0,0
40448,Flinders Park,SA,40401,2209,5487
40449,Flinders Ranges,SA,40602,35,21
40450,Florina Station,SA,40602,12,15
40451,Fords,SA,40501,33,83
40452,Forest Range,SA,40102,122,287
40453,Forestville (SA),SA,40107,635,1395
40454,Forreston,SA,40102,156,410
40455,Forster (SA),SA,40703,16,11
40456,Foul Bay,SA,40504,104,40
40457,Fountain,SA,40601,8,9
40458,Fox,SA,40702,26,49
40459,Frahns,SA,40703,6,5
40460,Frances,SA,40702,49,94
40461,Franklyn,SA,40502,0,0
40462,Frankton,SA,40502,10,15
40462,Frankton,SA,40703,0,3
40463,Frayville,SA,40703,6,8
40464,Freeling,SA,40501,939,2702
40465,Frewville,SA,40103,368,896
40466,Frome Downs,SA,40602,10,9
40467,Fulham (SA),SA,40403,1254,2919
40468,Fulham Gardens,SA,40401,2707,6578
40469,Fullarton,SA,40107,1947,4500
40470,Furner,SA,40702,69,156
40471,Galga,SA,40703,11,25
40472,Gammon Ranges,SA,40602,7,7
40473,Garden Island (SA),SA,40402,3,4
40474,Gawler (SA),SA,40201,391,659
40475,Gawler Belt,SA,40201,346,992
40476,Gawler East,SA,40201,2349,5697
40477,Gawler Ranges,SA,40602,0,0
40478,Gawler River,SA,40201,46,104
40479,Gawler South,SA,40201,1288,2620
40480,Gawler West,SA,40201,505,984
40481,Gemmells,SA,40701,36,99
40482,Georgetown (SA),SA,40503,114,186
40483,Gepps Cross,SA,40203,260,653
40484,Geranium,SA,40703,42,80
40485,Geranium Plains,SA,40502,8,5
40486,Gerard,SA,40703,30,50
40487,German Creek,SA,40702,8,25
40488,German Flat,SA,40702,6,18
40489,Germein Bay,SA,40503,0,5
40490,Gidgealpa,SA,40602,73,100
40491,Gifford Hill,SA,40703,15,38
40492,Gilberton (SA),SA,40106,848,1513
40493,Giles Corner,SA,40502,13,26
40494,Gillentown,SA,40502,54,108
40495,Gilles Plains,SA,40203,1653,4098
40496,Gillman,SA,40402,40,73
40497,Gladstone (SA),SA,40503,398,730
40498,Glandore,SA,40302,784,1731
40498,Glandore,SA,40403,557,1306
40499,Glanville,SA,40402,376,734
40500,Glen Osmond,SA,40103,743,2162
40501,Glenalta,SA,40303,814,2038
40502,Glenburnie,SA,40702,167,391
40503,Glencoe (SA),SA,40702,273,641
40504,Glendambo,SA,40602,3,0
40505,Glenelg (SA),SA,40301,2321,3428
40506,Glenelg East,SA,40301,1880,3867
40507,Glenelg North,SA,40301,2803,5211
40507,Glenelg North,SA,40403,513,1358
40508,Glenelg South,SA,40301,1194,2198
40509,Glengowrie,SA,40302,2513,5792
40510,Glenroy (SA),SA,40702,36,76
40511,Glenside,SA,40103,1557,2867
40512,Glenunga,SA,40103,881,2192
40513,Globe Derby Park,SA,40204,133,364
40514,Glossop,SA,40703,419,925
40515,Glynde,SA,40105,995,2100
40516,Golden Grove,SA,40205,4111,10297
40517,Golden Heights,SA,40703,129,271
40518,Gomersal,SA,40501,19,60
40519,Good Hope Landing,SA,40703,16,30
40520,Goodwood (SA),SA,40107,1362,2803
40521,Goolwa,SA,40701,1514,2534
40522,Goolwa Beach,SA,40701,1667,2235
40523,Goolwa North,SA,40701,772,1307
40524,Goolwa South,SA,40701,1088,1032
40525,Gosse,SA,40701,15,25
40526,Gould Creek,SA,40202,41,120
40526,Gould Creek,SA,40205,42,119
40527,Goyder,SA,40502,13,24
40528,Grace Plains,SA,40501,31,55
40528,Grace Plains,SA,40502,5,6
40529,Grampus,SA,40602,12,11
40530,Grange (SA),SA,40401,2742,6134
40531,Green Fields,SA,40204,65,178
40532,Green Hills Range,SA,40102,34,88
40533,Green Patch,SA,40601,21,57
40534,Greenacres,SA,40203,1304,3368
40535,Greenhill (SA),SA,40102,175,462
40536,Greenock,SA,40501,491,1194
40537,Greenways,SA,40702,20,35
40538,Greenwith,SA,40204,341,1089
40538,Greenwith,SA,40205,3486,9017
40539,Gulfview Heights,SA,40204,1307,3673
40540,Gulnare,SA,40503,56,81
40541,Gum Creek,SA,40502,14,30
40542,Gumeracha,SA,40102,356,849
40543,Gurra Gurra,SA,40703,42,108
40544,Hackham,SA,40304,1976,4505
40545,Hackham West,SA,40304,1677,3605
40546,Hacklins Corner,SA,40503,13,29
40547,Hackney,SA,40105,340,587
40548,Hahndorf,SA,40102,1128,2827
40549,Haines,SA,40701,71,163
40550,Halbury,SA,40502,99,205
40551,Halidon,SA,40703,9,13
40552,Hallelujah Hills,SA,40502,0,0
40553,Hallett,SA,40502,107,170
40554,Hallett Cove,SA,40302,4992,12528
40555,Hambidge,SA,40601,0,0
40556,Hamilton (SA),SA,40501,36,93
40557,Hamley,SA,40504,23,31
40558,Hamley Bridge,SA,40501,9,16
40558,Hamley Bridge,SA,40502,306,695
40559,Hammond,SA,40503,23,22
40560,Hampden (SA),SA,40502,36,70
40561,Hampstead Gardens,SA,40203,683,1530
40562,Hansborough,SA,40501,5,15
40562,Hansborough,SA,40502,23,36
40563,Hanson,SA,40502,14,23
40564,Happy Valley (SA),SA,40304,4762,11411
40565,Hardwicke Bay,SA,40504,294,142
40566,Hardy,SA,40503,0,0
40567,Harrogate,SA,40102,175,431
40568,Hart (SA),SA,40502,23,47
40569,Hartley (SA),SA,40701,68,149
40570,Haslam,SA,40601,50,64
40571,Hatherleigh,SA,40702,76,154
40572,Hawker (SA),SA,40602,273,290
40573,Hawson,SA,40601,52,119
40574,Hawthorn (SA),SA,40303,935,2216
40575,Hawthorndene,SA,40303,1280,3379
40576,Hay Flat,SA,40701,37,72
40577,Hay Valley,SA,40102,14,25
40578,Hayborough,SA,40701,1306,2224
40579,Hazelwood Park,SA,40103,815,1963
40580,Heathfield,SA,40102,390,1064
40581,Heathpool,SA,40105,234,608
40582,Hectorville,SA,40104,1964,4248
40583,Hendon (SA),SA,40401,555,1276
40584,Henley Beach,SA,40401,2936,6223
40585,Henley Beach South,SA,40401,1281,2794
40586,Hewett,SA,40201,965,2951
40587,Highbury (SA),SA,40205,2647,6931
40588,Highgate (SA),SA,40107,615,1501
40589,Highland Valley,SA,40701,140,380
40590,Hill River (SA),SA,40502,40,98
40591,Hillbank,SA,40202,1896,5017
40592,Hillcrest (SA),SA,40203,1484,3637
40593,Hillier,SA,40201,452,754
40593,Hillier,SA,40202,21,51
40594,Hilltown,SA,40502,22,42
40595,Hilton (SA),SA,40403,399,906
40596,Hincks,SA,40601,0,0
40597,Hindmarsh (SA),SA,40401,125,229
40598,Hindmarsh Island,SA,40701,1380,1835
40599,Hindmarsh Tiers,SA,40701,49,111
40600,Hindmarsh Valley,SA,40701,260,655
40601,Holden Hill,SA,40205,1655,3701
40602,Holder (SA),SA,40703,60,126
40603,Holder Siding,SA,40703,8,13
40604,Honiton,SA,40504,28,46
40605,Hope Forest,SA,40701,55,143
40606,Hope Gap,SA,40502,0,3
40607,Hope Valley (SA),SA,40205,3573,8208
40608,Hornsdale,SA,40503,15,36
40609,Horsnell Gully,SA,40102,3,17
40610,Hoskin Corner,SA,40502,3,16
40611,Houghton,SA,40102,163,422
40611,Houghton,SA,40205,32,91
40612,Hove,SA,40301,1473,3196
40613,Hoyleton,SA,40502,54,124
40614,Huddleston,SA,40503,6,22
40615,Humbug Scrub,SA,40102,62,178
40615,Humbug Scrub,SA,40202,91,229
40616,Huntfield Heights,SA,40304,1750,4191
40617,Hyde Park (SA),SA,40107,777,1671
40618,Hynam,SA,40702,86,194
40619,Ingle Farm,SA,40204,3918,9519
40620,Inglewood (SA),SA,40102,146,377
40621,Ingomar,SA,40602,10,19
40622,Inkerman (SA),SA,40502,13,23
40623,Inkster,SA,40601,3,14
40624,Inman Valley,SA,40701,184,358
40625,Innamincka,SA,40602,13,20
40626,Inneston,SA,40504,24,6
40627,Iron Knob,SA,40602,96,102
40628,Ironbank,SA,40102,120,337
40628,Ironbank,SA,40304,76,197
40629,Ironstone,SA,40701,10,21
40630,Island Beach,SA,40701,156,82
40631,Island Lagoon,SA,40602,0,0
40632,Iwantja,SA,40602,82,338
40633,Jabuk,SA,40703,38,59
40634,James Well,SA,40504,137,54
40635,Jamestown,SA,40503,808,1567
40636,Jamieson (SA),SA,40601,3,0
40637,Jericho (SA),SA,40504,14,17
40638,Jerusalem,SA,40504,162,421
40639,Jervois,SA,40703,113,253
40640,Joanna,SA,40702,60,106
40641,Johnburgh,SA,40503,12,10
40642,Joslin,SA,40105,456,1244
40643,Julanka Holdings,SA,40703,0,0
40644,Julia,SA,40502,11,21
40645,Jupiter Creek,SA,40102,86,226
40646,Kadina,SA,40504,1427,2950
40647,Kainton,SA,40504,27,54
40648,Kalamurina,SA,40602,23,3
40649,Kalanbi,SA,40601,12,27
40650,Kalangadoo,SA,40702,242,459
40651,Kalbeeba,SA,40201,150,407
40652,Kaldoonera,SA,40601,12,38
40653,Kalka,SA,40602,20,112
40654,Kallora,SA,40502,7,17
40655,Kaltjiti,SA,40602,79,261
40656,Kangarilla,SA,40102,21,50
40656,Kangarilla,SA,40304,361,856
40657,Kangaroo Flat (SA),SA,40201,41,104
40658,Kangaroo Head,SA,40701,17,18
40659,Kangaroo Inn,SA,40702,4,0
40660,Kanmantoo,SA,40102,279,688
40661,Kanni,SA,40703,15,36
40662,Kanpi,SA,40602,12,56
40663,Kanyaka,SA,40602,5,8
40664,Kapinnie,SA,40601,18,42
40665,Kappawanta,SA,40601,3,0
40666,Kapunda,SA,40501,1380,2917
40667,Karatta,SA,40701,39,35
40668,Karcultaby,SA,40601,7,25
40669,Karkoo,SA,40601,23,52
40670,Karoonda,SA,40703,294,519
40671,Karte,SA,40703,12,32
40672,Katarapko,SA,40703,0,0
40673,Keilira,SA,40702,46,58
40674,Keith,SA,40702,695,1405
40675,Kellidie Bay,SA,40601,23,21
40676,Kelly,SA,40601,22,59
40677,Kensington (SA),SA,40105,1017,1812
40678,Kensington Gardens,SA,40103,1206,2487
40679,Kensington Park,SA,40103,1085,2619
40680,Kent Town,SA,40105,855,1440
40681,Kenton Valley,SA,40102,103,262
40682,Kepa,SA,40703,24,60
40683,Keppoch,SA,40702,26,65
40684,Kersbrook,SA,40102,454,1114
40685,Keswick,SA,40107,0,0
40685,Keswick,SA,40403,359,739
40686,Keswick Terminal,SA,40403,0,0
40687,Keyneton,SA,40703,160,316
40688,Ki Ki,SA,40703,39,47
40689,Kiana,SA,40601,6,10
40690,Kidman Park,SA,40401,1641,3860
40691,Kielpa,SA,40601,30,55
40692,Kilburn,SA,40203,2361,5631
40693,Kilkenny,SA,40401,776,1850
40694,Kimba,SA,40601,388,614
40695,Kingoonya,SA,40602,0,4
40696,Kings Park (SA),SA,40107,281,581
40697,Kingscote,SA,40701,1131,1980
40698,Kingsford (SA),SA,40201,18,58
40699,Kingston On Murray,SA,40703,146,314
40700,Kingston Park,SA,40301,301,631
40701,Kingston Se,SA,40702,890,1353
40702,Kingswood (SA),SA,40303,987,2546
40703,Klemzig,SA,40203,2949,6672
40704,Kohinoor,SA,40701,23,39
40705,Kondoolka,SA,40602,3,0
40706,Kongal,SA,40702,9,14
40707,Kongorong,SA,40702,87,225
40708,Koolgera,SA,40601,0,0
40709,Koolunga,SA,40503,99,185
40710,Koolywurtie,SA,40504,46,101
40711,Koonamore,SA,40602,9,5
40712,Koongawa,SA,40601,33,49
40713,Koonibba,SA,40601,59,143
40714,Koonoona,SA,40502,3,7
40715,Koonunga,SA,40501,27,38
40716,Koorine,SA,40702,18,53
40717,Kooroona,SA,40504,7,17
40718,Koppamurra,SA,40702,33,60
40719,Koppio,SA,40601,31,61
40720,Korunye,SA,40501,89,225
40721,Kringin,SA,40703,0,3
40722,Krondorf,SA,40501,22,63
40723,Krongart,SA,40702,0,4
40724,Kudla,SA,40201,209,556
40725,Kuitpo,SA,40102,13,44
40725,Kuitpo,SA,40304,25,56
40725,Kuitpo,SA,40701,38,107
40726,Kuitpo Colony,SA,40701,22,47
40727,Kulpara,SA,40502,32,56
40728,Kurralta Park,SA,40403,1481,3141
40729,Kyancutta,SA,40601,34,67
40730,Kybunga,SA,40502,32,69
40731,Kybybolite,SA,40702,59,105
40732,Kyeema,SA,40701,14,21
40733,Laffer,SA,40702,23,53
40734,Lake Albert (SA),SA,40703,0,0
40735,Lake Alexandrina,SA,40701,0,0
40735,Lake Alexandrina,SA,40703,0,0
40736,Lake Carlet,SA,40703,24,8
40737,Lake Everard,SA,40602,6,3
40738,Lake Eyre,SA,40602,0,0
40739,Lake Frome,SA,40602,0,0
40740,Lake Gairdner,SA,40602,0,0
40741,Lake Gilles,SA,40601,0,0
40741,Lake Gilles,SA,40602,0,0
40742,Lake Macfarlane,SA,40602,0,0
40743,Lake Plains,SA,40701,34,48
40744,Lake Torrens,SA,40602,0,0
40745,Lake View,SA,40502,7,11
40746,Lameroo,SA,40703,441,844
40747,Langhorne Creek,SA,40701,223,439
40748,Langs Landing,SA,40703,21,4
40749,Largs Bay,SA,40402,1766,4120
40750,Largs North,SA,40402,1792,3988
40751,Laura (SA),SA,40503,387,766
40752,Laura Bay,SA,40601,15,12
40753,Leabrook,SA,40103,836,1612
40754,Leasingham,SA,40502,67,115
40755,Leawood Gardens,SA,40103,5,17
40755,Leawood Gardens,SA,40303,19,37
40756,Leigh Creek (SA),SA,40602,127,89
40757,Leigh Creek Station,SA,40602,4,8
40758,Leighton,SA,40502,23,46
40759,Lenswood,SA,40102,231,529
40760,Lewiston,SA,40201,1176,3267
40761,Light Pass,SA,40501,107,260
40762,Lightsview,SA,40203,2656,6098
40763,Lincoln National Park,SA,40601,0,0
40764,Linden Park,SA,40103,902,2364
40765,Lindley,SA,40703,0,0
40766,Lindon,SA,40602,15,8
40767,Linwood,SA,40501,19,41
40768,Lipson,SA,40601,134,213
40769,Little Douglas,SA,40601,17,8
40770,Littlehampton,SA,40102,1272,3312
40771,Lobethal,SA,40102,1064,2522
40772,Lochaber,SA,40702,56,122
40773,Lochiel (SA),SA,40502,62,105
40774,Lock,SA,40601,141,250
40775,Lockleys,SA,40403,2501,5983
40776,Long Flat (SA),SA,40703,57,102
40777,Long Plains,SA,40501,12,39
40777,Long Plains,SA,40502,7,17
40778,Longwood (SA),SA,40102,120,323
40779,Lonsdale,SA,40302,0,0
40779,Lonsdale,SA,40304,13,18
40780,Louth Bay,SA,40601,91,127
40781,Loveday,SA,40703,293,643
40782,Lowan Vale,SA,40702,16,32
40783,Lowbank,SA,40703,10,22
40784,Lower Broughton,SA,40503,15,40
40785,Lower Hermitage,SA,40102,66,195
40786,Lower Inman Valley,SA,40701,200,515
40787,Lower Light,SA,40501,90,201
40788,Lower Mitcham,SA,40303,922,2191
40789,Loxton,SA,40703,2224,4679
40790,Loxton North,SA,40703,379,901
40791,Lucindale,SA,40702,316,630
40792,Lucky Bay,SA,40601,122,15
40793,Lyndhurst (SA),SA,40602,3,3
40794,Lyndoch,SA,40501,909,2153
40795,Lynton,SA,40303,95,217
40796,Lyrup,SA,40703,182,345
40797,Maaoupe,SA,40702,41,93
40798,Mabel Creek,SA,40602,10,9
40799,Macclesfield (SA),SA,40102,606,1358
40799,Macclesfield (SA),SA,40701,14,42
40800,Macdonald Park,SA,40202,189,504
40801,Macgillivray,SA,40701,49,117
40802,Macumba,SA,40602,15,15
40803,Magarey,SA,40702,13,30
40804,Magdala,SA,40501,34,79
40805,Maggea,SA,40703,15,16
40806,Magill,SA,40103,1107,2575
40806,Magill,SA,40104,3124,7115
40807,Mahanewo,SA,40602,0,3
40808,Maitland (SA),SA,40504,649,1312
40809,Makin,SA,40702,6,17
40810,Malinong,SA,40703,19,47
40811,Mallala,SA,40501,421,1037
40812,Malpas,SA,40703,11,9
40813,Maltee,SA,40601,7,13
40814,Malvern (SA),SA,40107,1066,2723
40815,Mambray Creek,SA,40503,22,26
40816,Mangalo,SA,40601,18,56
40817,Manna Hill,SA,40602,5,4
40818,Mannanarie,SA,40503,27,52
40819,Manningham,SA,40203,588,1396
40820,Mannum,SA,40703,1663,2943
40821,Manoora (SA),SA,40502,82,135
40822,Mansfield Park,SA,40402,1604,4614
40823,Mantung,SA,40703,7,23
40824,Marama,SA,40703,35,51
40825,Marananga,SA,40501,54,119
40826,Marble Hill,SA,40102,29,69
40827,Marcollat,SA,40702,43,98
40828,Marden,SA,40105,1337,2640
40829,Marino,SA,40302,925,2284
40830,Marion,SA,40302,1787,4098
40831,Marion Bay (SA),SA,40504,370,200
40832,Markaranka,SA,40703,18,37
40833,Marks Landing,SA,40703,143,63
40834,Marla,SA,40602,49,35
40835,Marleston,SA,40403,910,1961
40836,Marola,SA,40502,3,8
40837,Marrabel,SA,40502,50,101
40838,Marree,SA,40602,83,66
40839,Marryatville,SA,40105,290,646
40840,Maryvale (SA),SA,40601,9,11
40841,Maslin Beach,SA,40304,584,1207
40842,Matta Flat,SA,40504,40,84
40843,Maude (SA),SA,40703,3,3
40844,Mawson Lakes,SA,40204,5495,13809
40845,Mayfield (SA),SA,40503,4,4
40846,Maylands (SA),SA,40105,711,1496
40847,McBean Pound,SA,40703,79,22
40848,McCallum,SA,40702,11,16
40849,McCracken,SA,40701,1211,2078
40850,McHarg Creek,SA,40701,36,72
40851,McLaren Flat,SA,40304,573,1621
40852,McLaren Vale,SA,40304,1842,4062
40853,Meadows,SA,40102,669,1732
40854,Medindie,SA,40106,416,1167
40855,Medindie Gardens,SA,40106,118,353
40856,Melrose (SA),SA,40503,217,343
40857,Melrose Park (SA),SA,40303,1055,2317
40858,Melton (SA),SA,40502,19,29
40859,Meningie,SA,40703,642,1111
40860,Meningie East,SA,40703,11,18
40861,Meningie West,SA,40703,49,33
40862,Menzies (SA),SA,40701,32,83
40863,Mercunda,SA,40703,4,8
40864,Merghiny,SA,40601,15,17
40865,Meribah,SA,40703,15,38
40866,Merriton,SA,40503,26,55
40867,Middle Beach,SA,40501,70,93
40868,Middle River,SA,40701,40,22
40869,Middleback Range,SA,40602,5,3
40870,Middleton (SA),SA,40701,1278,1271
40871,Midgee (SA),SA,40601,12,21
40872,Mil-Lel,SA,40702,141,384
40873,Milang,SA,40701,527,962
40874,Mile End,SA,40403,2081,4536
40875,Mile End South,SA,40403,13,21
40876,Milendella,SA,40703,27,56
40877,Millbrook (SA),SA,40102,64,133
40878,Millicent,SA,40702,2532,5109
40879,Millswood,SA,40107,828,2186
40880,Miltalie,SA,40601,32,67
40881,Mimili,SA,40602,83,277
40882,Minbrie,SA,40601,17,33
40883,Minburra,SA,40503,0,4
40884,Mindarie (SA),SA,40703,14,25
40885,Mingbool,SA,40702,52,123
40886,Minlaton,SA,40504,543,1015
40887,Minnipa,SA,40601,99,172
40888,Mintaro,SA,40502,144,211
40889,Minvalara,SA,40503,8,18
40890,Miranda (SA),SA,40602,67,33
40891,Mitcham (SA),SA,40303,818,1837
40892,Mitchell (SA),SA,40601,24,47
40893,Mitchell Park (SA),SA,40302,2799,5729
40894,Mitchellville,SA,40601,16,21
40895,Moana,SA,40304,1447,3331
40896,Mobilong,SA,40703,0,7
40897,Moculta,SA,40501,104,230
40898,Modbury,SA,40205,2389,5585
40899,Modbury Heights,SA,40204,536,1329
40899,Modbury Heights,SA,40205,2228,5634
40900,Modbury North,SA,40205,2284,5729
40901,Moerlong,SA,40702,12,24
40902,Monarto,SA,40703,84,202
40903,Monarto South,SA,40703,67,156
40904,Monash (SA),SA,40703,497,1112
40905,Monbulla,SA,40702,60,122
40906,Mongolata,SA,40502,7,7
40907,Montacute,SA,40102,118,320
40908,Montarra,SA,40701,12,28
40909,Monteith,SA,40703,56,104
40910,Moockra,SA,40503,12,3
40910,Moockra,SA,40602,3,4
40911,Moody,SA,40601,7,19
40912,Mooleulooloo,SA,40602,22,25
40913,Moonaree,SA,40602,3,4
40914,Moonta,SA,40504,460,617
40915,Moonta Bay,SA,40504,1855,2647
40916,Moonta Mines,SA,40504,114,183
40917,Moorak,SA,40702,298,1408
40918,Moorlands,SA,40703,27,64
40919,Moorook,SA,40703,104,171
40920,Moorook South,SA,40703,98,166
40921,Moppa,SA,40501,23,69
40922,Morchard,SA,40503,12,19
40923,Morgan,SA,40703,534,508
40924,Morn Hill,SA,40501,5,12
40925,Morphett Vale,SA,40304,10869,23968
40926,Morphetts Flat,SA,40703,25,9
40927,Morphettville,SA,40302,1692,3683
40928,Mortana,SA,40601,12,23
40929,Moseley,SA,40601,11,19
40930,Mosquito Hill,SA,40701,59,137
40931,Motpena,SA,40602,20,6
40932,Mount Barker (SA),SA,40102,7767,18285
40933,Mount Barker Junction,SA,40102,4,8
40934,Mount Barker Springs,SA,40102,66,174
40935,Mount Barker Summit,SA,40102,39,100
40936,Mount Benson,SA,40702,63,119
40937,Mount Bryan,SA,40502,68,112
40938,Mount Bryan East,SA,40502,11,7
40939,Mount Burr,SA,40702,192,373
40940,Mount Charles,SA,40702,22,58
40941,Mount Compass,SA,40701,585,1584
40942,Mount Cooper (SA),SA,40601,4,14
40943,Mount Crawford,SA,40102,0,0
40943,Mount Crawford,SA,40501,63,138
40944,Mount Damper,SA,40601,18,38
40945,Mount Drummond,SA,40601,7,14
40946,Mount Dutton Bay,SA,40601,79,51
40947,Mount Gambier,SA,40702,12305,25633
40948,Mount George (SA),SA,40102,121,272
40949,Mount Hope (SA),SA,40601,22,41
40950,Mount Ive,SA,40602,17,12
40951,Mount Jagged,SA,40701,77,158
40952,Mount Joy,SA,40601,0,7
40953,Mount Light,SA,40702,69,160
40954,Mount Magnificent,SA,40701,32,60
40955,Mount Mary,SA,40703,31,36
40956,Mount Mcintyre,SA,40702,35,69
40957,Mount Mckenzie,SA,40501,30,58
40958,Mount Observation (SA),SA,40701,6,10
40959,Mount Osmond,SA,40103,174,465
40960,Mount Pleasant (SA),SA,40501,474,975
40960,Mount Pleasant (SA),SA,40703,32,70
40961,Mount Schank,SA,40702,97,264
40962,Mount Serle,SA,40602,11,11
40963,Mount Templeton,SA,40502,25,50
40964,Mount Torrens,SA,40102,288,704
40964,Mount Torrens,SA,40703,24,61
40965,Mount Wedge,SA,40601,4,17
40966,Mount Willoughby,SA,40602,7,17
40967,Moyhall,SA,40702,28,52
40968,Mudamuckla,SA,40601,28,83
40969,Mulgundawa,SA,40703,27,41
40970,Mullaquana,SA,40601,156,273
40971,Muloorina,SA,40602,25,26
40972,Mundallio,SA,40602,0,0
40973,Mundic Creek,SA,40703,17,30
40974,Mundoo Island,SA,40701,0,0
40975,Mundoora,SA,40502,69,135
40976,Mundulla,SA,40702,202,431
40977,Mundulla West,SA,40702,35,91
40978,Mungeranie,SA,40602,13,14
40979,Munno Para,SA,40202,1975,4724
40980,Munno Para Downs,SA,40202,58,187
40981,Munno Para West,SA,40202,2788,7592
40982,Murbko,SA,40703,197,100
40983,Murdinga,SA,40601,42,72
40984,Murlong,SA,40601,12,27
40985,Murputja - Nyapari,SA,40602,24,13
40986,Murrawong,SA,40703,32,19
40987,Murray Bridge,SA,40703,7046,15027
40988,Murray Bridge East,SA,40703,527,1204
40989,Murray Bridge North,SA,40703,64,142
40990,Murray Bridge South,SA,40703,73,189
40991,Murray Town,SA,40503,38,57
40992,Murtho,SA,40703,89,195
40993,Muston,SA,40701,24,34
40994,Mutooroo,SA,40602,22,36
40995,Mylor,SA,40102,427,1057
40996,Mypolonga,SA,40703,244,507
40997,Myponga,SA,40701,307,769
40998,Myponga Beach,SA,40701,73,45
40999,Myrtle Bank (SA),SA,40107,1293,3159
41000,Nackara,SA,40503,0,0
41001,Nadia,SA,40601,4,3
41002,Naidia,SA,40703,4,0
41003,Nailsworth,SA,40106,917,2227
41004,Nain,SA,40501,18,32
41005,Nairne,SA,40102,2105,5332
41006,Nalyappa,SA,40504,17,18
41007,Nangkita,SA,40701,98,242
41008,Nangwarry,SA,40702,247,510
41009,Nantawarra,SA,40502,28,67
41010,Napperby,SA,40503,289,664
41011,Naracoorte,SA,40702,2893,6239
41012,Narridy,SA,40503,35,59
41013,Narrung (SA),SA,40703,105,181
41014,Naturi,SA,40703,14,25
41015,Neales Flat,SA,40502,34,78
41016,Nectar Brook,SA,40503,14,17
41017,Nelshaby,SA,40503,83,190
41018,Nene Valley,SA,40702,83,103
41019,Nepabunna,SA,40602,45,28
41020,Nepean Bay,SA,40701,92,145
41021,Netherby (SA),SA,40303,574,1500
41022,Netherton,SA,40703,13,36
41023,Netley,SA,40403,839,1904
41024,New Port,SA,40402,445,642
41025,New Residence,SA,40703,46,97
41026,New Town (SA),SA,40504,532,1293
41027,New Well,SA,40703,8,21
41028,Newland,SA,40701,32,52
41029,Newton,SA,40104,2165,5140
41030,Ngapala,SA,40502,27,61
41031,Ngarkat,SA,40702,0,4
41031,Ngarkat,SA,40703,0,0
41032,Nildottie,SA,40703,209,212
41033,Ninnes,SA,40502,31,65
41034,Noarlunga Centre,SA,40304,108,203
41035,Noarlunga Downs,SA,40304,1841,4057
41036,Nora Creina,SA,40702,75,42
41037,Normanville (SA),SA,40701,1405,1979
41038,North Adelaide,SA,40101,3568,6876
41039,North Beach (SA),SA,40504,677,672
41040,North Booborowie,SA,40502,8,21
41041,North Brighton,SA,40301,1034,2668
41042,North Cape,SA,40701,3,0
41043,North Haven (SA),SA,40402,2567,5590
41044,North Moonta,SA,40504,260,614
41045,North Plympton,SA,40403,1572,3618
41046,North Shields,SA,40601,158,333
41047,North West Bend,SA,40703,70,18
41048,North Yelta,SA,40504,0,0
41049,Northern Heights,SA,40703,119,304
41050,Northfield,SA,40203,1755,5066
41051,Northgate (SA),SA,40203,1072,3172
41052,Norton Summit,SA,40102,202,550
41053,Norwood (SA),SA,40105,3419,6348
41054,Notts Well,SA,40703,3,0
41055,Novar Gardens,SA,40403,1022,2508
41056,Nullarbor,SA,40601,72,69
41057,Nunjikompita,SA,40601,21,34
41058,Nuriootpa,SA,40501,3164,6918
41059,Nurom,SA,40503,13,33
41060,Nurragi,SA,40701,18,30
41061,O'Halloran Hill,SA,40302,129,358
41061,O'Halloran Hill,SA,40304,1023,2357
41062,O'Sullivan Beach,SA,40304,941,1863
41063,Oak Valley (SA),SA,40601,40,96
41064,Oakbank,SA,40102,364,864
41065,Oakden,SA,40203,1529,3609
41066,Oakden Hills,SA,40602,8,5
41067,Oaklands Park,SA,40302,2021,3952
41068,Ob Flat,SA,40702,190,469
41069,Olary,SA,40602,12,4
41070,Old Calperum,SA,40703,4,12
41071,Old Noarlunga,SA,40304,636,1515
41072,Old Reynella,SA,40304,1490,3460
41073,Old Teal Flat,SA,40703,8,0
41074,Olympic Dam,SA,40602,5,308
41075,One Tree Hill,SA,40202,353,1057
41076,Onkaparinga Hills,SA,40304,915,2624
41077,Oodla Wirra,SA,40503,4,5
41078,Oodnadatta,SA,40602,74,102
41079,Orroroo,SA,40503,331,579
41080,Osborne (SA),SA,40402,891,1958
41081,Ottoway,SA,40402,1108,2762
41082,Outer Harbor,SA,40402,8,13
41083,Overland Corner,SA,40703,32,61
41084,Ovingham,SA,40106,118,239
41084,Ovingham,SA,40401,276,530
41085,Owen,SA,40502,242,514
41086,Padthaway,SA,40702,160,321
41087,Paechtown,SA,40102,71,205
41088,Pages Flat,SA,40701,70,164
41089,Paisley,SA,40703,55,102
41090,Palkagee,SA,40601,4,15
41091,Pallamana,SA,40703,29,68
41092,Palmer (SA),SA,40703,98,211
41093,Pandurra,SA,40602,12,15
41094,Panitya (SA),SA,40601,3,10
41095,Panorama,SA,40303,970,2363
41096,Para Hills,SA,40204,2754,6825
41097,Para Hills West,SA,40204,1474,3291
41098,Para Vista,SA,40204,1300,3026
41099,Parachilna,SA,40602,3,0
41100,Paracombe,SA,40102,150,399
41100,Paracombe,SA,40205,13,30
41101,Paradise (SA),SA,40104,3122,7237
41102,Parafield,SA,40204,5,21
41103,Parafield Gardens,SA,40204,6626,18472
41104,Parakylia,SA,40602,10,6
41105,Paralowie,SA,40204,6279,17482
41106,Paramatta,SA,40504,5,9
41107,Paratoo,SA,40503,6,5
41108,Parawa,SA,40701,56,91
41109,Parham,SA,40501,185,188
41110,Parilla,SA,40703,101,160
41111,Paringa,SA,40703,527,1137
41112,Paris Creek,SA,40102,41,100
41112,Paris Creek,SA,40701,50,107
41113,Park Holme,SA,40302,1513,3187
41114,Parkside (SA),SA,40107,2391,5092
41115,Parnaroo,SA,40503,4,6
41116,Parndana,SA,40701,86,155
41117,Parrakie,SA,40703,32,76
41118,Parsons Beach,SA,40504,50,19
41119,Paruna,SA,40703,26,40
41120,Pasadena,SA,40303,1371,3087
41121,Paskeville,SA,40504,90,147
41122,Pata,SA,40703,49,81
41123,Payneham,SA,40105,1270,2444
41124,Payneham South,SA,40105,760,1723
41125,Peake,SA,40703,63,104
41126,Pearlah,SA,40601,26,64
41127,Peebinga,SA,40703,16,35
41128,Peep Hill,SA,40502,9,22
41129,Pekina,SA,40503,41,67
41130,Pelican Lagoon,SA,40701,44,48
41131,Pelican Point (SA),SA,40702,125,83
41132,Pellaring Flat,SA,40703,29,7
41133,Penfield,SA,40202,260,417
41134,Penfield Gardens,SA,40202,106,301
41135,Penneshaw,SA,40701,292,272
41136,Pennington,SA,40401,1583,3783
41137,Penola,SA,40702,823,1621
41138,Penong,SA,40601,201,272
41139,Penrice,SA,40501,184,491
41140,Penwortham,SA,40502,90,163
41141,Perlubie,SA,40601,25,43
41142,Perponda,SA,40703,32,45
41143,Peterborough (SA),SA,40503,974,1491
41144,Peterhead,SA,40402,617,1197
41145,Petersville,SA,40504,29,75
41146,Petherick,SA,40702,18,40
41147,Petina,SA,40601,13,36
41148,Petwood,SA,40102,29,90
41149,Pewsey Vale,SA,40501,36,83
41150,Piccadilly (SA),SA,40102,150,402
41151,Piednippie,SA,40601,14,16
41152,Pike River,SA,40703,23,52
41153,Pimba,SA,40602,19,25
41154,Pimbaacla,SA,40601,12,18
41155,Pine Creek (SA),SA,40502,0,0
41156,Pine Creek Station,SA,40602,0,0
41157,Pine Hill,SA,40702,30,66
41158,Pine Point,SA,40504,133,100
41159,Pinery,SA,40502,38,87
41160,Pinkawillinie,SA,40601,31,51
41161,Pinkerton Plains,SA,40501,34,69
41162,Pinks Beach,SA,40702,152,83
41163,Pinnaroo,SA,40703,436,763
41164,Pipalyatjara,SA,40602,61,159
41165,Pirie East,SA,40503,22,40
41166,Pleasant Park,SA,40702,17,37
41167,Plympton,SA,40403,2602,5443
41168,Plympton Park,SA,40302,1752,3864
41169,Point Boston,SA,40601,29,63
41170,Point Lowly,SA,40601,38,34
41171,Point Pass,SA,40502,68,123
41172,Point Pearce,SA,40504,58,145
41173,Point Souttar,SA,40504,74,34
41174,Point Sturt,SA,40701,39,64
41175,Point Turton,SA,40504,487,352
41176,Polda,SA,40601,3,9
41177,Polish Hill River,SA,40502,17,38
41178,Poltalloch,SA,40703,19,41
41179,Pompoota,SA,40703,45,65
41180,Ponde,SA,40703,40,59
41181,Poochera,SA,40601,32,63
41182,Pooginagoric,SA,40702,27,55
41183,Pooginook,SA,40703,8,8
41184,Poonindie,SA,40601,74,210
41185,Pooraka,SA,40204,3101,7572
41186,Porky Flat,SA,40701,6,16
41187,Port Adelaide,SA,40402,798,1341
41188,Port Arthur (SA),SA,40504,0,0
41189,Port Augusta,SA,40602,3465,6426
41190,Port Augusta West,SA,40602,2041,4070
41191,Port Bonython,SA,40601,13,14
41192,Port Broughton,SA,40502,875,1303
41193,Port Davis,SA,40503,3,4
41194,Port Elliot,SA,40701,1638,2236
41195,Port Gawler,SA,40501,39,112
41196,Port Germein,SA,40503,313,362
41197,Port Gibbon,SA,40601,28,11
41198,Port Hughes,SA,40504,661,653
41199,Port Julia,SA,40504,151,56
41200,Port Kenny,SA,40601,73,63
41201,Port Lincoln,SA,40601,7009,14460
41202,Port Macdonnell,SA,40702,604,858
41203,Port Mannum,SA,40703,168,234
41204,Port Moorowie,SA,40504,130,97
41205,Port Neill,SA,40601,219,210
41206,Port Noarlunga,SA,40304,1473,3266
41207,Port Noarlunga South,SA,40304,1313,3061
41208,Port Paterson,SA,40602,31,73
41209,Port Pirie,SA,40503,82,168
41210,Port Pirie South,SA,40503,1919,3868
41211,Port Pirie West,SA,40503,1426,2575
41212,Port Rickaby,SA,40504,63,67
41213,Port Victoria,SA,40504,507,397
41214,Port Vincent,SA,40504,732,533
41215,Port Wakefield,SA,40502,379,669
41216,Port Willunga,SA,40304,1057,1794
41217,Porter Lagoon,SA,40502,3,8
41218,Price,SA,40504,113,211
41219,Proof Range,SA,40502,12,20
41220,Prospect (SA),SA,40106,6133,14606
41221,Prospect Hill,SA,40102,42,124
41221,Prospect Hill,SA,40701,10,29
41222,Pukatja,SA,40602,141,519
41223,Puntabie,SA,40601,3,4
41224,Punthari,SA,40703,19,42
41225,Punyelroo,SA,40703,155,35
41226,Pureba,SA,40601,0,0
41227,Purnong,SA,40703,56,49
41228,Pyap,SA,40703,73,175
41229,Pyap West,SA,40703,19,35
41230,Pygery,SA,40601,33,66
41231,Qualco,SA,40703,37,47
41232,Queenstown (SA),SA,40402,1006,1941
41233,Quorn,SA,40602,737,1238
41234,Racecourse Bay,SA,40702,20,27
41235,Ramco,SA,40703,75,135
41236,Ramco Heights,SA,40703,57,135
41237,Ramsay (SA),SA,40504,34,74
41238,Rapid Bay,SA,40701,45,16
41239,Red Creek,SA,40701,45,145
41240,Redbanks,SA,40501,78,182
41241,Redhill,SA,40503,82,156
41242,Redwood Park,SA,40205,2162,5362
41243,Reedy Creek (SA),SA,40702,57,93
41244,Reeves Plains,SA,40501,43,132
41245,Regency Park,SA,40402,3,58
41246,Reid (SA),SA,40201,153,430
41247,Rendelsham,SA,40702,98,226
41248,Renmark,SA,40703,2396,4700
41249,Renmark North,SA,40602,27,26
41249,Renmark North,SA,40703,267,650
41250,Renmark South,SA,40703,173,424
41251,Renmark West,SA,40703,568,1364
41252,Renown Park,SA,40401,835,1656
41253,Reynella,SA,40304,2101,4836
41254,Reynella East,SA,40304,942,2002
41255,Rhynie,SA,40502,84,140
41256,Richmond (SA),SA,40403,1652,3448
41257,Ridgehaven,SA,40205,1916,4315
41258,Ridleyton,SA,40401,600,1179
41259,Risdon Park,SA,40503,1854,3864
41260,Risdon Park South,SA,40503,991,2238
41261,Riverglades,SA,40703,356,859
41262,Riverglen,SA,40703,10,19
41263,Riverton (SA),SA,40502,491,1036
41264,Robe,SA,40702,1405,1259
41265,Robertstown,SA,40502,142,224
41266,Rochester (SA),SA,40502,0,5
41267,Rockleigh,SA,40703,131,283
41268,Rocky Camp,SA,40702,58,133
41269,Rocky Gully (SA),SA,40703,52,113
41270,Rocky Plain (SA),SA,40502,10,8
41271,Rocky Point (SA),SA,40703,3,0
41272,Rogues Point,SA,40504,90,41
41273,Rose Park,SA,40103,613,1359
41274,Rosedale (SA),SA,40501,73,194
41275,Rosetown,SA,40702,103,168
41276,Rosewater,SA,40402,1637,3580
41277,Roseworthy,SA,40201,371,1033
41278,Rosslyn Park,SA,40103,629,1463
41279,Rostrevor,SA,40104,3319,8407
41280,Rowland Flat,SA,40501,43,109
41281,Roxby Downs,SA,40602,1788,3668
41282,Royal Park,SA,40401,1578,3451
41283,Royston Park,SA,40105,523,1259
41284,Rudall,SA,40601,44,70
41285,SA Remainder,SA,40601,8,0
41286,Saddleworth,SA,40502,266,487
41287,Saints,SA,40502,4,11
41288,Salisbury (SA),SA,40204,3792,8827
41289,Salisbury Downs,SA,40204,2504,6286
41290,Salisbury East,SA,40204,3953,9272
41291,Salisbury Heights,SA,40204,1695,4483
41292,Salisbury North,SA,40204,4323,10705
41293,Salisbury Park,SA,40204,943,2281
41294,Salisbury Plain,SA,40204,528,1328
41295,Salisbury South,SA,40204,18,78
41296,Salt Creek,SA,40703,29,32
41297,Salter Springs,SA,40502,23,61
41298,Saltia,SA,40602,7,21
41299,Sampson Flat,SA,40202,53,147
41300,Sandalwood,SA,40703,46,61
41301,Sandergrove,SA,40701,45,98
41302,Sanderston,SA,40703,40,79
41303,Sandilands (SA),SA,40504,48,85
41304,Sandleton,SA,40703,19,20
41305,Sandy Creek (SA),SA,40501,114,365
41306,Sandy Grove,SA,40702,56,124
41307,Sapphiretown,SA,40701,17,21
41308,Sceale Bay,SA,40601,78,55
41309,Schell Well,SA,40703,0,8
41310,Scott Creek,SA,40102,146,223
41311,Seacliff,SA,40301,920,2114
41312,Seacliff Park,SA,40302,1143,2651
41313,Seacombe Gardens,SA,40302,1570,3381
41314,Seacombe Heights,SA,40302,628,1550
41315,Seaford (SA),SA,40304,1979,4493
41316,Seaford Heights,SA,40304,406,1075
41317,Seaford Meadows,SA,40304,1995,5115
41318,Seaford Rise,SA,40304,2423,6101
41319,Seal Bay,SA,40701,4,7
41320,Seaton (SA),SA,40401,5034,10893
41321,Seaview Downs,SA,40302,1091,2718
41322,Sebastopol (SA),SA,40702,26,49
41323,Second Valley,SA,40701,244,157
41324,Sedan,SA,40703,112,211
41325,Seddon (SA),SA,40701,70,107
41326,Sefton Park,SA,40106,186,489
41326,Sefton Park,SA,40203,350,777
41327,Sellicks Beach,SA,40304,1382,2711
41328,Sellicks Hill,SA,40304,116,283
41328,Sellicks Hill,SA,40701,13,22
41329,Semaphore,SA,40402,1312,2738
41330,Semaphore Park,SA,40401,2253,4536
41331,Semaphore South,SA,40402,498,1032
41332,Senior,SA,40702,45,120
41333,Seppeltsfield,SA,40501,69,144
41334,Sevenhill,SA,40502,86,168
41335,Shaugh,SA,40702,21,54
41336,Shea-Oak Log,SA,40201,3,10
41336,Shea-Oak Log,SA,40501,48,130
41337,Sheaoak Flat,SA,40504,79,28
41338,Sheidow Park,SA,40302,2452,6721
41339,Sheringa,SA,40601,17,32
41340,Sherlock (SA),SA,40703,45,76
41341,Sherwood (SA),SA,40702,46,89
41342,Short,SA,40702,12,22
41343,Silverton (SA),SA,40701,33,35
41344,Skye (SA),SA,40103,113,294
41345,Sleaford,SA,40601,24,31
41346,Smithfield (SA),SA,40202,1023,2476
41347,Smithfield Plains,SA,40202,1303,3325
41348,Smoky Bay,SA,40601,218,226
41349,Snowtown,SA,40502,269,419
41350,Solomon,SA,40601,29,65
41351,Solomontown,SA,40503,627,1098
41352,Somerton Park,SA,40301,2809,5801
41353,South Brighton,SA,40301,1234,2775
41354,South Hummocks,SA,40502,22,25
41355,South Kilkerran,SA,40504,36,59
41356,South Plympton,SA,40302,2112,4728
41357,Southend,SA,40702,189,302
41358,Spalding (SA),SA,40503,128,252
41359,Spectacle Lake,SA,40703,4,5
41360,Spence (SA),SA,40702,25,50
41361,Spring Farm (SA),SA,40502,50,105
41362,Spring Gully (SA),SA,40502,31,60
41363,Springfield (SA),SA,40303,202,546
41364,Springton,SA,40501,312,650
41364,Springton,SA,40703,16,26
41365,Square Mile,SA,40702,9,31
41366,St Agnes (SA),SA,40205,1780,4233
41367,St Clair (SA),SA,40401,1200,2626
41368,St Georges,SA,40103,665,1714
41369,St Ives (SA),SA,40102,13,35
41370,St Johns,SA,40501,8,8
41371,St Kilda (SA),SA,40202,57,86
41371,St Kilda (SA),SA,40204,0,0
41372,St Kitts,SA,40501,21,43
41373,St Marys (SA),SA,40303,1350,3026
41374,St Morris,SA,40105,704,1616
41375,St Peters (SA),SA,40105,1357,3235
41376,Stanley (SA),SA,40502,13,27
41377,Stanley Flat,SA,40502,196,402
41378,Stansbury,SA,40504,533,582
41379,Steelton,SA,40502,13,31
41380,Steinfeld,SA,40502,8,4
41380,Steinfeld,SA,40703,22,28
41381,Stephenston,SA,40602,3,0
41382,Stepney,SA,40105,492,929
41383,Stewart Range,SA,40702,35,67
41384,Stirling (SA),SA,40102,1275,3066
41385,Stirling North,SA,40602,955,2786
41386,Stockport,SA,40502,121,279
41387,Stockwell,SA,40501,175,515
41388,Stockyard Creek (SA),SA,40502,9,15
41389,Stockyard Plain,SA,40703,8,17
41390,Stokes Bay,SA,40701,49,52
41391,Stone Hut,SA,40503,21,27
41392,Stone Well,SA,40501,46,104
41393,Stonyfell,SA,40103,461,1263
41394,Stow,SA,40502,5,9
41395,Strathalbyn (SA),SA,40701,3148,7225
41396,Streaky Bay,SA,40601,899,1422
41397,Struan,SA,40702,18,40
41398,Stuart (SA),SA,40703,10,15
41399,Stuarts Creek,SA,40602,10,10
41400,Stun'Sail Boom,SA,40701,11,7
41401,Sturt (SA),SA,40302,1289,2798
41402,Sturt Vale,SA,40602,8,15
41403,Sultana Point,SA,40504,95,25
41404,Summertown,SA,40102,273,749
41405,Sunlands,SA,40703,186,352
41406,Sunnybrae,SA,40503,16,24
41407,Sunnydale,SA,40703,50,39
41408,Sunnyside (SA),SA,40703,120,104
41409,Sunnyvale,SA,40504,22,38
41410,Surrey Downs,SA,40205,1365,3354
41411,Sutherlands,SA,40502,26,33
41412,Suttontown,SA,40702,253,690
41413,Swan Reach (SA),SA,40703,289,269
41414,Swanport,SA,40703,63,157
41415,Swede Flat,SA,40702,11,18
41416,Tailem Bend,SA,40703,920,1708
41417,Taldra,SA,40703,20,57
41418,Talia,SA,40601,8,5
41419,Tantanoola,SA,40702,233,453
41420,Tanunda,SA,40501,2217,4710
41421,Taperoo,SA,40402,1527,3259
41422,Taplan,SA,40703,26,41
41423,Taratap,SA,40702,22,38
41424,Tarcoola,SA,40602,0,0
41425,Tarcowie,SA,40503,23,37
41426,Tarlee,SA,40502,130,314
41427,Tarnma,SA,40502,18,20
41428,Tarpeena,SA,40702,223,401
41429,Tatachilla,SA,40304,84,230
41430,Taunton (SA),SA,40501,7,7
41431,Taylorville,SA,40703,130,262
41432,Tea Tree Gully,SA,40205,1457,3499
41433,Teal Flat,SA,40703,64,13
41434,Telowie,SA,40503,51,89
41435,Templers,SA,40501,54,143
41436,Tennyson (SA),SA,40401,598,1138
41437,Tepko,SA,40703,13,31
41438,Teringie,SA,40102,333,827
41439,Terowie,SA,40502,98,131
41440,The Gap (SA),SA,40702,16,26
41441,The Pines (SA),SA,40504,245,136
41442,The Range (SA),SA,40304,47,106
41442,The Range (SA),SA,40701,18,57
41443,Thebarton,SA,40403,780,1438
41444,Thevenard,SA,40601,283,558
41445,Thomas Plain,SA,40502,19,46
41446,Thompson Beach,SA,40501,186,225
41447,Thorngate,SA,40106,67,176
41448,Thornlea,SA,40702,27,46
41449,Thrington,SA,40504,13,23
41450,Tiatukia,SA,40601,135,369
41451,Tickera,SA,40502,141,198
41452,Tiddy Widdy Beach,SA,40504,281,196
41453,Tieyon,SA,40602,29,40
41454,Tilley Swamp,SA,40702,11,16
41455,Tintinara,SA,40703,261,548
41456,Tolderol,SA,40701,8,21
41457,Tonsley,SA,40302,404,748
41458,Tooligie,SA,40601,26,25
41459,Tooperang,SA,40701,112,271
41460,Toora (SA),SA,40703,16,41
41461,Toorak Gardens,SA,40103,1113,2598
41462,Tootenilla,SA,40601,9,12
41463,Torrens Island,SA,40402,0,0
41464,Torrens Park,SA,40303,1112,2676
41465,Torrens Vale,SA,40701,34,71
41466,Torrensville,SA,40403,1881,4098
41467,Tothill Belt,SA,40502,6,18
41468,Tothill Creek,SA,40502,12,9
41469,Totness,SA,40102,41,94
41470,Towitta,SA,40703,16,26
41471,Tranmere (SA),SA,40104,1739,4161
41472,Trinity Gardens,SA,40105,524,1255
41473,Trott Park,SA,40302,1180,3125
41474,Truro,SA,40501,10,25
41474,Truro,SA,40703,198,503
41475,Tulka,SA,40601,76,130
41476,Tumby Bay,SA,40601,1077,1793
41477,Tungkillo,SA,40703,181,352
41478,Tunkalilla,SA,40701,9,6
41479,Tusmore,SA,40103,625,1498
41480,Two Wells,SA,40201,1210,3213
41481,Tyringa,SA,40601,12,18
41482,Ucolta,SA,40503,5,13
41483,Uley,SA,40601,0,0
41484,Uleybury,SA,40202,102,292
41485,Ulooloo,SA,40502,0,0
41486,Ulyerra,SA,40601,16,28
41487,Undalya,SA,40502,16,35
41488,Underdale,SA,40403,1108,2407
41489,Ungarra,SA,40601,73,155
41490,Unley,SA,40107,1927,3978
41491,Unley Park,SA,40107,595,1382
41492,Uno,SA,40602,4,0
41493,Upper Hermitage,SA,40102,46,116
41493,Upper Hermitage,SA,40205,63,157
41494,Upper Sturt,SA,40102,316,826
41494,Upper Sturt,SA,40303,67,174
41495,Uraidla,SA,40102,233,588
41496,Urania,SA,40504,26,44
41497,Urrbrae,SA,40303,416,1062
41498,Uworra,SA,40601,8,14
41499,Vale Park,SA,40106,1031,2443
41500,Valley View,SA,40203,2590,6391
41501,Veitch,SA,40703,3,16
41502,Venus Bay (SA),SA,40601,183,53
41503,Verdun,SA,40102,99,228
41504,Verran,SA,40601,32,88
41505,Victor Harbor,SA,40701,2811,4496
41506,Vine Vale,SA,40501,38,90
41507,Virginia (SA),SA,40202,1038,2764
41508,Vista,SA,40205,417,1028
41509,Vivonne Bay,SA,40701,72,99
41510,Waddikee,SA,40601,24,26
41511,Waikerie,SA,40703,1397,2666
41512,Waitpinga,SA,40701,186,379
41513,Walker Flat,SA,40703,244,108
41514,Walkerville (SA),SA,40106,1330,2875
41515,Walkley Heights,SA,40203,137,399
41515,Walkley Heights,SA,40204,1174,3121
41516,Wall Flat,SA,40703,30,62
41517,Wallala,SA,40601,5,10
41518,Wallaroo (SA),SA,40504,2362,3683
41519,Wallaroo Mines,SA,40504,204,404
41520,Wallaroo Plain,SA,40504,43,51
41521,Walloway,SA,40503,7,8
41522,Waltowa,SA,40703,25,33
41523,Wami Kata,SA,40602,12,19
41524,Wanbi,SA,40703,13,23
41525,Wandana (SA),SA,40601,14,21
41526,Wandearah East,SA,40503,42,95
41527,Wandearah West,SA,40503,6,17
41528,Wandilo,SA,40702,74,194
41529,Wangary,SA,40601,115,204
41530,Wangolina,SA,40702,46,69
41531,Wanilla,SA,40601,51,92
41532,Wappilka,SA,40703,6,17
41533,Warburto,SA,40504,27,58
41534,Ward Belt,SA,40201,55,157
41535,Ward Hill,SA,40502,24,56
41536,Warnertown,SA,40503,98,208
41537,Warnes,SA,40602,12,21
41538,Warooka,SA,40504,215,356
41539,Warradale,SA,40302,2637,5803
41540,Warramboo,SA,40601,57,106
41541,Washpool (SA),SA,40503,15,43
41542,Wasleys,SA,40201,18,23
41542,Wasleys,SA,40501,283,858
41543,Watarru,SA,40602,0,0
41544,Watchman,SA,40502,15,31
41545,Waterfall Gully,SA,40103,52,152
41546,Waterloo (SA),SA,40502,47,82
41547,Waterloo Corner,SA,40202,517,1110
41547,Waterloo Corner,SA,40204,0,0
41548,Watervale,SA,40502,151,338
41549,Watraba,SA,40601,0,0
41550,Wattle Flat (SA),SA,40701,64,149
41551,Wattle Park,SA,40103,732,1897
41552,Wattle Range,SA,40702,33,68
41553,Wattle Range East,SA,40702,17,41
41554,Wauraltee,SA,40504,33,69
41555,Wayville,SA,40107,865,1925
41556,Webb Beach,SA,40501,42,40
41557,Wedge Island (SA),SA,40504,5,0
41557,Wedge Island (SA),SA,40601,0,0
41558,Weeroona Island,SA,40503,98,115
41559,Weetulta,SA,40504,30,69
41560,Welland,SA,40401,402,877
41561,Wellington (SA),SA,40703,144,190
41562,Wellington East,SA,40703,220,286
41563,Wepar,SA,40702,17,47
41564,West Beach (SA),SA,40403,2401,5155
41565,West Bundaleer,SA,40503,10,15
41566,West Croydon,SA,40401,1740,4238
41567,West Hindmarsh,SA,40401,735,1569
41568,West Lakes,SA,40401,3219,6764
41569,West Lakes Shore,SA,40401,1406,3254
41570,West Range,SA,40702,17,25
41571,West Richmond,SA,40403,456,1087
41572,Westall,SA,40601,20,7
41573,Westbourne Park,SA,40303,982,2572
41574,Western Flat,SA,40702,61,121
41575,Western River,SA,40701,12,14
41576,Wharminda,SA,40601,10,19
41577,White Hill,SA,40703,45,111
41578,White Hut,SA,40504,13,12
41579,White Sands,SA,40703,105,194
41580,White Well Corner,SA,40601,0,3
41581,Whites Flat,SA,40601,24,54
41582,Whites River,SA,40601,10,9
41583,Whites Valley,SA,40304,130,316
41584,Whitwarta,SA,40502,25,48
41585,Whyalla,SA,40601,1830,3601
41586,Whyalla Barson,SA,40601,0,0
41587,Whyalla Jenkins,SA,40601,848,1969
41588,Whyalla Norrie,SA,40601,3363,6295
41589,Whyalla Playford,SA,40601,1308,2534
41590,Whyalla Stuart,SA,40601,3621,6487
41591,Whyte Yarcowie,SA,40502,20,50
41592,Wigley Flat,SA,40703,17,41
41593,Wilcherry,SA,40601,0,5
41594,Wild Dog Valley (SA),SA,40702,74,153
41595,Wild Horse Plains,SA,40501,39,65
41595,Wild Horse Plains,SA,40502,11,24
41596,Wilgena,SA,40602,21,40
41597,Willalo,SA,40502,31,59
41598,Willalooka,SA,40702,71,134
41599,Willamulka,SA,40504,24,65
41600,Willaston,SA,40201,1600,3467
41601,William Creek,SA,40602,15,17
41602,Williamstown (SA),SA,40501,1157,2974
41603,Willippa,SA,40602,16,15
41604,Willochra,SA,40602,12,12
41605,Willoughby (SA),SA,40701,5,10
41606,Willow Creek,SA,40701,22,48
41607,Willow Springs,SA,40602,103,72
41608,Willowie,SA,40503,20,33
41609,Willson River,SA,40701,8,6
41610,Willunga,SA,40304,1015,2445
41611,Willunga Hill,SA,40701,56,150
41612,Willunga South,SA,40304,186,465
41613,Willyaroo,SA,40701,137,370
41614,Wilmington,SA,40503,394,653
41614,Wilmington,SA,40602,5,3
41615,Windsor (SA),SA,40501,59,131
41616,Windsor Gardens,SA,40203,2512,5810
41617,Wingfield,SA,40402,208,426
41618,Winkie,SA,40703,159,333
41619,Winninowie,SA,40503,0,3
41619,Winninowie,SA,40602,3,3
41620,Winulta,SA,40504,18,41
41621,Wirrabara,SA,40503,249,359
41622,Wirraminna,SA,40602,0,0
41623,Wirrega,SA,40702,18,35
41624,Wirrina Cove,SA,40701,170,184
41625,Wirrulla,SA,40601,53,109
41626,Wisanger,SA,40701,66,141
41627,Wistow,SA,40102,124,285
41628,Witera,SA,40601,5,3
41629,Wokurna,SA,40502,23,61
41630,Wolseley,SA,40702,87,207
41631,Wombats Rest,SA,40703,13,3
41632,Wongulla,SA,40703,88,71
41633,Wongyarra,SA,40503,16,49
41634,Wonna,SA,40502,0,0
41635,Wonuarra,SA,40703,24,44
41636,Woodchester,SA,40701,107,255
41637,Woodcroft (SA),SA,40304,4489,11321
41638,Woodforde,SA,40102,408,1025
41639,Woodlane,SA,40703,74,100
41640,Woodleigh (SA),SA,40703,27,73
41641,Woods Point (SA),SA,40703,87,188
41642,Woodside (SA),SA,40102,1134,2700
41643,Woodville (SA),SA,40401,925,2176
41644,Woodville Gardens,SA,40402,990,2404
41645,Woodville North,SA,40401,1133,2718
41646,Woodville Park,SA,40401,775,1834
41647,Woodville South,SA,40401,1423,3453
41648,Woodville West,SA,40401,1673,3845
41649,Wool Bay,SA,40504,169,149
41650,Woolpunda,SA,40703,11,13
41651,Woolshed Flat (SA),SA,40502,14,30
41652,Woolsheds,SA,40501,15,27
41653,Woolumbool,SA,40702,31,75
41654,Woolundunga,SA,40503,30,32
41654,Woolundunga,SA,40602,0,0
41655,Woomera,SA,40602,240,130
41656,Worlds End (SA),SA,40502,10,14
41657,Worrolong,SA,40702,466,1303
41658,Wrattonbully,SA,40702,15,41
41659,Wudinna,SA,40601,321,578
41660,Wunkar,SA,40703,31,51
41661,Wye,SA,40702,40,95
41662,Wynarka,SA,40703,55,69
41663,Wynn Vale,SA,40205,3189,7858
41664,Wyomi,SA,40702,158,96
41665,Yacka,SA,40503,86,139
41666,Yadlamalka,SA,40602,3,6
41667,Yahl,SA,40702,268,823
41668,Yalanda,SA,40601,5,16
41669,Yalata,SA,40601,91,311
41670,Yallunda Flat,SA,40601,42,122
41671,Yalpara,SA,40503,5,6
41672,Yamba (SA),SA,40703,4,3
41673,Yanerbie,SA,40601,16,17
41674,Yaninee,SA,40601,25,62
41675,Yankalilla,SA,40701,478,966
41676,Yantanabie,SA,40601,7,11
41677,Yanyarrie,SA,40503,4,10
41678,Yardea,SA,40602,9,5
41679,Yarrah,SA,40602,26,29
41680,Yatala Vale,SA,40205,91,259
41681,Yatina,SA,40503,23,21
41682,Yattalunga (SA),SA,40202,114,322
41683,Yeelanna,SA,40601,37,88
41684,Yellabinna,SA,40601,0,0
41685,Yelta (SA),SA,40504,14,21
41686,Yinkanie,SA,40703,6,24
41687,Yongala,SA,40503,26,69
41688,Yorke Valley,SA,40504,16,23
41689,Yorketown,SA,40504,535,990
41690,Younghusband,SA,40703,233,225
41691,Younghusband Holdings,SA,40703,0,0
41692,Yumali,SA,40703,26,60
41693,Yumbarra,SA,40601,0,0
41694,Yundi,SA,40701,64,168
41695,Yunta,SA,40602,54,63
41696,Zadows Landing,SA,40703,41,25
49494,No usual address (SA),SA,49999,0,3377
49797,Migratory - Offshore - Shipping (SA),SA,49797,10,12
50001,Abba River,WA,50101,32,83
50002,Abbey,WA,50101,648,1322
50003,Acton Park (WA),WA,50101,38,92
50004,Adamsvale,WA,50903,17,41
50005,Ajana,WA,51104,28,52
50006,Albany,WA,50901,842,1376
50007,Aldersyde,WA,50903,15,41
50008,Alexander Heights,WA,50503,2798,7794
50009,Alexandra Bridge,WA,50101,11,3
50010,Alfred Cove,WA,50704,1160,2819
50011,Alkimos,WA,50503,3872,10168
50012,Allanooka,WA,51104,13,19
50013,Allanson,WA,50102,231,589
50014,Alma (WA),WA,51104,53,116
50015,Ambania,WA,51104,7,15
50016,Ambergate,WA,50101,190,563
50017,Amelup,WA,50901,43,71
50018,Angelo River,WA,51104,3,3
50019,Anketell,WA,50703,115,279
50020,Anniebrook,WA,50101,23,53
50021,Antonymyre,WA,51003,0,0
50022,Applecross,WA,50704,3293,7221
50023,Ardath,WA,50902,24,50
50024,Ardross,WA,50704,1843,4591
50025,Argyle (WA),WA,50103,236,577
50026,Armadale (WA),WA,50601,6578,13367
50027,Arrino,WA,51104,24,48
50028,Arrowsmith,WA,51104,25,14
50029,Arrowsmith East,WA,51104,29,61
50030,Arthur River (WA),WA,50903,31,66
50031,Ascot (WA),WA,50602,1403,3123
50032,Ashby (WA),WA,50503,1234,2850
50033,Ashendon,WA,50601,4,3
50034,Ashfield (WA),WA,50401,621,1395
50035,Attadale,WA,50704,2611,6649
50036,Atwell,WA,50701,3262,9287
50037,Aubin Grove,WA,50701,2259,6804
50038,Augusta,WA,50101,1245,1454
50039,Australind,WA,50102,6396,16011
50040,Aveley,WA,50403,5050,13989
50041,Avon Valley National Park,WA,50403,3,6
50042,Baandee,WA,50902,17,12
50043,Babakin,WA,50902,27,58
50044,Babbage Island,WA,51102,16,17
50045,Badgebup,WA,50901,15,37
50046,Badgerin Rock,WA,50902,9,25
50047,Badgin,WA,50902,7,11
50048,Badgingarra,WA,50902,66,172
50049,Badjaling,WA,50902,13,26
50050,Bailup,WA,50402,31,54
50051,Bakers Hill,WA,50902,542,1271
50052,Balbarrup,WA,50103,71,142
50053,Balcatta,WA,50502,5171,10844
50054,Baldivis,WA,50705,13659,37674
50055,Balga,WA,50502,6280,13872
50055,Balga,WA,50503,0,0
50056,Balingup,WA,50103,352,570
50057,Balkuling,WA,50902,13,21
50058,Balla Balla,WA,51003,4,8
50059,Balladong,WA,50902,58,93
50060,Balladonia,WA,51103,4,0
50061,Ballajura,WA,50403,6651,18470
50062,Ballaying,WA,50903,20,33
50063,Ballidu,WA,50902,41,51
50064,Bally Bally,WA,50902,28,54
50065,Bambun,WA,50902,33,60
50066,Bandy Creek,WA,51101,156,379
50067,Bandya,WA,51103,15,281
50068,Banjup,WA,50701,484,1369
50069,Banksia Grove,WA,50503,4022,11356
50070,Banksiadale,WA,50903,0,0
50071,Bannister (WA),WA,50903,24,72
50072,Barbalin,WA,50902,13,17
50073,Barberton,WA,50902,6,16
50074,Barrabup,WA,50103,25,48
50075,Barragup,WA,50201,334,941
50076,Barrow Island,WA,51003,6,44
50077,Baskerville,WA,50403,126,301
50078,Bassendean (WA),WA,50401,5034,10826
50079,Bateman,WA,50704,1382,3836
50080,Baudin,WA,50101,0,0
50081,Baynton (WA),WA,51003,1883,4490
50082,Bayonet Head,WA,50901,1396,3274
50083,Bayswater (WA),WA,50401,6963,15271
50084,Beachlands,WA,51104,799,1414
50085,Beacon,WA,50902,81,123
50086,Beaconsfield (WA),WA,50702,2350,5344
50087,Beadell,WA,51103,0,0
50088,Beaufort River,WA,50901,29,54
50089,Beaumont (WA),WA,51101,17,53
50090,Beckenham,WA,50604,3670,9122
50091,Bedford,WA,50401,2435,5727
50092,Bedfordale,WA,50601,1040,3038
50093,Beechboro,WA,50403,3583,9076
50094,Beechina,WA,50402,54,118
50095,Beedelup,WA,50103,20,58
50096,Beela,WA,50102,19,56
50097,Beelerup,WA,50103,51,123
50098,Beeliar,WA,50701,3187,8632
50099,Beenong,WA,50903,15,41
50100,Beermullah,WA,50902,44,109
50101,Bejoording,WA,50902,63,159
50102,Beldon,WA,50501,1692,4094
50103,Belhus,WA,50403,106,261
50104,Bellevue (WA),WA,50403,733,1509
50105,Belmont (WA),WA,50602,3415,6988
50106,Bencubbin,WA,50902,140,210
50107,Benger,WA,50102,58,161
50108,Benjaberring,WA,50902,17,23
50109,Benjinup,WA,50103,69,143
50110,Bennett Springs,WA,50403,1815,5942
50111,Bentley (WA),WA,50603,3964,9072
50112,Beresford,WA,51104,828,1453
50113,Berkshire Valley,WA,50902,15,38
50114,Bernier Island,WA,51102,0,0
50115,Bertram,WA,50703,2125,6194
50116,Beverley (WA),WA,50902,645,1098
50117,Bibra Lake,WA,50701,2432,5881
50118,Bickley,WA,50605,248,708
50119,Bicton,WA,50704,3081,6964
50120,Biddelia,WA,50103,9,20
50121,Big Grove,WA,50901,119,227
50122,Bilbarin,WA,50903,4,18
50123,Bilingurr,WA,51001,652,1550
50124,Bimbijy,WA,50902,0,0
50125,Bindi Bindi,WA,50902,27,59
50126,Bindoon,WA,50902,576,1228
50127,Bindoon Training Area,WA,50902,3,0
50128,Binduli,WA,51103,0,4
50129,Binningup,WA,50102,742,1292
50130,Binnu,WA,51104,23,54
50131,Birchmont,WA,50201,41,83
50132,Bluff Point,WA,51104,675,1369
50133,Blythewood,WA,50201,42,85
50134,Boallia,WA,50101,20,39
50135,Bobalong,WA,50901,19,45
50136,Bodallin,WA,50902,31,46
50137,Boddington,WA,50903,588,1177
50138,Boilup,WA,50901,16,32
50139,Bokal,WA,50903,21,39
50140,Bolgart,WA,50902,72,127
50141,Bonnie Rock,WA,50902,21,60
50142,Bonniefield,WA,51104,100,217
50143,Boodarie,WA,51002,73,184
50144,Boodarockin,WA,50902,3,11
50145,Bookara,WA,51104,59,149
50146,Boonanarring,WA,50902,20,32
50147,Boorabbin,WA,51103,6,42
50148,Booragoon,WA,50704,2426,5706
50149,Booralaming,WA,50902,15,22
50150,Boorara,WA,51103,0,0
50151,Boorara Brook,WA,50103,96,141
50152,Bootenal,WA,51104,22,48
50153,Boothendarra,WA,50902,16,31
50154,Boranup,WA,50101,3,11
50155,Borden,WA,50901,22,37
50156,Borderdale,WA,50901,15,29
50157,Bornholm,WA,50901,62,110
50158,Boscabel,WA,50901,35,71
50159,Boulder,WA,51103,2351,4851
50160,Boundain,WA,50903,34,53
50161,Bouvard,WA,50201,512,916
50162,Bovell,WA,50101,174,469
50163,Bow Bridge,WA,50901,50,78
50164,Bowelling,WA,50903,36,90
50165,Bowes,WA,51104,63,104
50166,Bowgada,WA,51104,12,33
50167,Boxwood Hill,WA,50901,46,92
50168,Boya,WA,50402,286,669
50169,Boyanup,WA,50102,536,1315
50170,Boyatup,WA,51101,12,28
50171,Boyerine,WA,50901,18,38
50172,Boyup Brook,WA,50103,487,932
50173,Brabham,WA,50403,3031,8627
50174,Bramley,WA,50101,56,119
50175,Brazier,WA,50103,20,39
50176,Breera,WA,50902,16,29
50177,Bremer Bay,WA,50901,500,426
50177,Bremer Bay,WA,51101,0,0
50178,Brentwood (WA),WA,50704,948,2152
50179,Breton Bay,WA,50902,3,0
50180,Bridgetown,WA,50103,1656,3189
50181,Brigadoon,WA,50403,349,1021
50182,Bringo,WA,51104,10,25
50183,Broadwater (WA),WA,50101,2105,4264
50184,Broadwood,WA,51103,241,758
50185,Brockman,WA,51102,565,995
50186,Broke (WA),WA,50103,7,13
50187,Brookdale (WA),WA,50601,1103,2974
50188,Brookhampton,WA,50103,110,252
50189,Brookton,WA,50903,381,742
50190,Broome,WA,51001,1954,3786
50191,Broomehill East,WA,50901,59,109
50192,Broomehill Village,WA,50901,122,203
50193,Broomehill West,WA,50901,85,182
50194,Brown Hill (WA),WA,51103,0,0
50195,Brown Range,WA,51102,136,124
50196,Bruce Rock,WA,50902,309,753
50197,Brunswick (WA),WA,50102,548,1195
50198,Buckingham (WA),WA,50102,10,23
50199,Buckland (WA),WA,50902,28,56
50200,Bulgarra,WA,51003,1382,2974
50201,Bull Creek (WA),WA,50704,3150,8022
50202,Bullabulling,WA,51103,0,0
50203,Bullaring,WA,50903,30,82
50204,Buller,WA,51104,94,159
50205,Bullfinch,WA,50902,32,26
50206,Bullock Hills,WA,50903,3,6
50207,Bullsbrook,WA,50403,2158,5592
50208,Bulong,WA,51103,6,0
50209,Bulyee,WA,50903,17,48
50210,Bunbury (WA),WA,50102,2229,3961
50211,Bundanoon (WA),WA,51104,7,19
50212,Buniche,WA,50903,15,26
50213,Bunjil,WA,51104,21,64
50214,Buntine,WA,50902,17,55
50215,Burakin,WA,50902,13,30
50216,Buraminya,WA,51101,0,0
50217,Burekup,WA,50102,318,783
50218,Burges,WA,50902,11,11
50219,Burlong,WA,50902,21,340
50220,Burma Road,WA,51104,4,3
50221,Burns Beach,WA,50501,1316,4062
50222,Burnside (WA),WA,50101,171,308
50223,Burracoppin,WA,50902,48,112
50224,Burran Rock,WA,50902,4,22
50225,Burrup,WA,51003,7,0
50226,Burswood,WA,50602,1671,2789
50227,Bushmead,WA,50403,286,677
50228,Busselton,WA,50101,1211,1820
50229,Butler (WA),WA,50503,5110,13466
50230,Byford,WA,50606,6523,18835
50231,Cable Beach,WA,51001,3105,5718
50232,Cadoux,WA,50902,17,52
50233,Caiguna,WA,51103,3,4
50234,Calingiri,WA,50902,97,198
50235,Calista,WA,50703,972,1973
50236,Caljie,WA,50902,23,38
50237,Callcup,WA,50103,0,5
50238,Camballin,WA,51001,181,507
50239,Cambridge Gulf,WA,51001,8,26
50240,Camillo,WA,50601,1862,4441
50241,Cancanning,WA,50903,19,35
50242,Cane,WA,51003,13,5
50243,Canna,WA,51104,26,53
50244,Canning Mills,WA,50605,11,26
50245,Canning Vale,WA,50603,3396,10076
50245,Canning Vale,WA,50604,7665,24384
50246,Cannington,WA,50603,3182,6867
50247,Cape Arid,WA,51101,0,4
50248,Cape Burney,WA,51104,283,549
50249,Cape Le Grand,WA,51101,4,0
50250,Cape Range National Park,WA,51102,120,18
50251,Capel,WA,50102,1126,2602
50252,Capel River,WA,50102,61,138
50253,Capricorn,WA,51104,19,79
50254,Caraban,WA,50902,20,25
50255,Carabooda,WA,50503,159,449
50256,Carani,WA,50902,19,29
50257,Carbla,WA,51102,0,0
50258,Carbunup River,WA,50101,60,112
50259,Cardiff (WA),WA,50102,59,124
50260,Cardup,WA,50606,382,1155
50261,Carey Park,WA,50102,2627,5153
50262,Carine,WA,50502,2592,7337
50263,Carlisle,WA,50602,3210,6723
50264,Carlotta,WA,50103,62,103
50265,Carmel,WA,50605,229,755
50266,Carnamah,WA,51104,239,406
50267,Carnarvon,WA,51102,230,280
50268,Carrabin,WA,50902,0,0
50269,Carramar (WA),WA,50503,2453,7174
50270,Carrolup,WA,50901,28,49
50271,Cartmeticup,WA,50901,23,57
50272,Cascade (WA),WA,51101,52,100
50273,Castletown,WA,51101,1879,3956
50274,Casuarina (WA),WA,50703,274,1984
50275,Cataby,WA,50902,17,103
50276,Catterick,WA,50103,74,164
50277,Caversham,WA,50403,2633,7437
50278,Centennial Park (WA),WA,50901,452,686
50279,Cervantes,WA,50902,577,492
50280,Chadwick,WA,51101,74,154
50281,Champion Lakes,WA,50601,553,1359
50282,Chandler (WA),WA,50902,10,18
50283,Changerup,WA,50901,27,60
50284,Channybearup,WA,50103,71,127
50285,Chapman Hill,WA,50101,46,109
50286,Charley Creek,WA,50103,32,68
50287,Cherry Tree Pool,WA,50901,30,72
50288,Cheynes,WA,50901,60,37
50289,Chichester (WA),WA,51003,11,46
50290,Chidlow,WA,50402,726,1819
50291,Chittering,WA,50902,455,1036
50292,Chowerup,WA,50103,19,34
50293,Churchlands,WA,50502,1471,3625
50294,City Beach,WA,50301,2553,6817
50295,Clackline,WA,50902,163,326
50296,Claremont (WA),WA,50301,4624,9257
50297,Clarkson,WA,50503,5571,13889
50298,Cleary,WA,50902,3,3
50299,Cleaverville,WA,51003,78,8
50300,Clifton (WA),WA,50102,0,0
50300,Clifton (WA),WA,50201,0,0
50301,Cloverdale,WA,50602,4049,8863
50302,Coblinine,WA,50901,15,49
50303,Coburn,WA,51102,0,0
50304,Cockburn Central,WA,50701,909,1523
50305,Cocklebiddy,WA,51103,9,15
50306,Codjatotine,WA,50903,16,42
50307,Cold Harbour,WA,50902,48,109
50308,Collanilling,WA,50903,8,17
50309,College Grove,WA,50102,496,1822
50310,Collie (WA),WA,50102,3586,7608
50311,Collie Burn,WA,50102,24,55
50312,Collingwood Heights,WA,50901,310,698
50313,Collingwood Park (WA),WA,50901,135,199
50314,Collins,WA,50103,31,41
50315,Commodine,WA,50903,10,15
50316,Como (WA),WA,50607,7658,14831
50317,Condingup,WA,51101,138,288
50318,Connolly,WA,50501,1406,3675
50319,Contine,WA,50903,12,16
50320,Coodanup,WA,50201,2193,4380
50321,Coogee (WA),WA,50701,2150,5370
50322,Cookernup,WA,50102,257,609
50323,Cooladar Hill,WA,51104,0,34
50324,Coolbellup,WA,50701,2910,5713
50325,Coolbinia,WA,50302,35,78
50325,Coolbinia,WA,50502,627,1671
50326,Coolcalalaya,WA,51104,5,11
50327,Coolgardie (WA),WA,51103,460,783
50328,Cooljarloo,WA,50902,9,9
50329,Cooloongup,WA,50705,2909,6680
50330,Coolup,WA,50201,156,419
50331,Coomalbidgup,WA,51101,91,142
50332,Coomberdale,WA,50902,31,56
50333,Coonabidgee,WA,50902,72,121
50334,Coondle,WA,50902,393,661
50335,Coorow,WA,51104,116,173
50336,Cooya Pooya,WA,51003,3,0
50337,Copley (WA),WA,50902,35,70
50338,Coral Bay,WA,51102,392,245
50339,Corinthia,WA,50902,3,9
50340,Corrigin,WA,50903,390,701
50341,Cosmo Newbery,WA,51103,43,141
50342,Cossack (WA),WA,51003,19,14
50343,Cottesloe,WA,50301,3478,7742
50344,Courtenay,WA,50101,25,55
50345,Cowalellup,WA,50901,22,19
50346,Cowalla,WA,50902,35,54
50347,Cowaramup,WA,50101,1005,2497
50348,Cowcowing,WA,50902,11,19
50349,Coyrecup,WA,50901,17,31
50350,Craigie (WA),WA,50501,2818,6430
50351,Cramphorne,WA,50902,16,43
50352,Cranbrook (WA),WA,50901,276,508
50353,Crawley,WA,50301,1494,3968
50354,Crooked Brook,WA,50102,110,265
50355,Crossman,WA,50903,64,151
50356,Crowea,WA,50103,45,100
50357,Cuballing,WA,50903,225,453
50358,Cubbine,WA,50902,10,27
50359,Cue,WA,51104,192,140
50360,Culham,WA,50902,16,26
50361,Cullacabardee,WA,50403,5,46
50361,Cullacabardee,WA,50503,0,0
50362,Cullalla,WA,50902,15,12
50363,Cundeelee,WA,51103,10,139
50364,Cunderdin,WA,50902,402,824
50365,Cundinup,WA,50103,39,64
50366,Cunjardine,WA,50902,7,20
50367,Currambine,WA,50501,2564,6816
50368,Cuthbert,WA,50901,69,160
50369,Daadenning Creek,WA,50902,16,32
50370,Daggar Hills,WA,51104,3,32
50371,Daglish,WA,50302,697,1572
50372,Dale,WA,50902,105,190
50373,Daliak,WA,50902,34,57
50374,Dalkeith,WA,50301,1581,4411
50375,Dalwallinu,WA,50902,355,816
50376,Dalyellup,WA,50102,3625,9773
50377,Dalyup,WA,51101,72,146
50378,Dampier,WA,51003,603,1276
50379,Dampier Archipelago,WA,51003,0,0
50380,Dampier Peninsula,WA,51001,688,1046
50381,Dandanning,WA,50902,13,26
50382,Dandaragan,WA,50902,124,291
50383,Dangin,WA,50902,22,31
50384,Darch,WA,50503,2248,7366
50385,Dardadine,WA,50903,10,15
50386,Dardanup,WA,50102,235,588
50387,Dardanup West,WA,50102,268,668
50388,Darkan,WA,50903,197,376
50389,Darling Downs,WA,50606,563,1592
50390,Darlington (WA),WA,50402,1441,3710
50391,Darradup,WA,50103,44,41
50392,Dartmoor (WA),WA,51104,3,9
50393,Dartnall,WA,50901,15,33
50394,Datatine,WA,50903,6,18
50395,Davenport (WA),WA,50102,3,10
50396,Dawesville,WA,50201,3364,7141
50397,Dayton,WA,50403,1916,5526
50398,De Grey,WA,51002,26,28
50399,Deanmill,WA,50103,146,326
50400,Deepdale,WA,51104,330,955
50401,Deepdene (WA),WA,50101,33,56
50402,Denbarker,WA,50901,39,93
50403,Denham,WA,51102,1121,835
50404,Denmark,WA,50901,1495,2655
50405,Derby (WA),WA,51001,1717,3256
50406,Devils Creek,WA,51104,8,16
50407,Dewars Pool,WA,50902,40,82
50408,Diamond Tree,WA,50103,10,34
50409,Dianella,WA,50401,40,90
50409,Dianella,WA,50502,10490,24090
50410,Dindiloa,WA,51104,3,13
50411,Dingup,WA,50103,100,198
50412,Dinninup,WA,50103,92,154
50413,Dirk Hartog Island,WA,51102,15,9
50414,Dixvale,WA,50103,27,68
50415,Djugun,WA,51001,1277,3276
50416,Dongara,WA,51104,753,1400
50417,Dongolocking,WA,50903,22,53
50418,Donnelly River,WA,50103,3,5
50419,Donnybrook (WA),WA,50103,1304,3027
50420,Doodenanning,WA,50902,22,51
50421,Doodlakine,WA,50902,40,73
50422,Dorre Island,WA,51102,0,0
50423,Doubleview,WA,50502,4086,9161
50424,Dowerin,WA,50902,265,428
50425,Drome,WA,50901,22,52
50426,Drummond Cove,WA,51104,625,1612
50427,Dryandra,WA,50903,5,11
50428,Drysdale River,WA,51001,59,38
50429,Dudawa,WA,51104,16,34
50430,Dudinin,WA,50903,36,57
50431,Dudley Park (WA),WA,50201,3501,6924
50432,Dukin,WA,50902,14,33
50433,Dulbelling,WA,50902,27,52
50434,Dulyalbin,WA,50902,14,27
50435,Dumbarton,WA,50902,132,269
50436,Dumberning,WA,50903,67,198
50437,Dumbleyung,WA,50903,170,301
50438,Duncraig,WA,50501,5893,15988
50439,Dundas (WA),WA,51103,0,0
50440,Dunn Rock,WA,50903,11,11
50441,Dunsborough,WA,50101,3790,6400
50442,Durack (WA),WA,51001,214,164
50443,Duranillin,WA,50903,32,61
50444,Durawah,WA,51104,7,6
50445,Dwarda,WA,50903,13,30
50446,Dwellingup,WA,50903,275,519
50447,Eagle Bay,WA,50101,259,115
50448,East Augusta,WA,50101,50,34
50449,East Ballidu,WA,50902,10,35
50450,East Beverley,WA,50902,52,96
50451,East Bowes,WA,51104,25,46
50452,East Bunbury,WA,50102,2069,4026
50453,East Cannington,WA,50603,2406,6534
50454,East Carnarvon,WA,51102,465,788
50455,East Chapman,WA,51104,12,43
50456,East Damboring,WA,50902,3,9
50457,East Fremantle,WA,50702,3340,7801
50458,East Lyons River,WA,51102,41,13
50459,East Munglinup,WA,51101,34,39
50460,East Murchison,WA,51104,4,0
50461,East Nabawa,WA,51104,0,7
50462,East Nannup,WA,50103,36,45
50463,East Newdegate,WA,50903,10,17
50464,East Perth,WA,50302,7621,11697
50465,East Pingelly,WA,50903,88,208
50466,East Popanyinning,WA,50903,17,18
50467,East Rockingham,WA,50705,237,308
50468,East Victoria Park,WA,50602,4802,10515
50468,East Victoria Park,WA,50603,32,65
50469,East Wickepin,WA,50903,12,19
50470,East Yuna,WA,51104,18,38
50471,Eastbrook,WA,50103,69,140
50472,Eaton (WA),WA,50102,3652,8633
50473,Eden Hill,WA,50401,1584,3700
50474,Edgewater,WA,50501,1832,4653
50475,Eganu,WA,51104,33,66
50476,Eglinton (WA),WA,50503,1384,3701
50477,Eighty Mile Beach,WA,51001,352,120
50478,Elabbin,WA,50902,9,22
50479,Elachbutting,WA,50902,6,9
50480,Elgin (WA),WA,50102,53,133
50481,Elleker,WA,50901,163,356
50482,Ellenbrook,WA,50403,8886,24653
50483,Ellendale (WA),WA,51104,27,25
50484,Embleton,WA,50401,1497,3601
50485,Emu Flat (WA),WA,51103,3,8
50486,Emu Point,WA,50901,215,280
50487,Eneabba,WA,51104,137,134
50488,Ennuin,WA,50902,0,0
50489,Eradu,WA,51104,0,3
50490,Eradu South,WA,51104,4,5
50491,Erskine (WA),WA,50201,2861,5427
50492,Esperance,WA,51101,1384,2079
50493,Etmilyn,WA,50903,0,0
50494,Eucla,WA,51103,30,36
50495,Eurardy,WA,51104,0,0
50496,Ewlyamartup,WA,50901,7,21
50497,Exmouth,WA,51102,1976,2808
50498,Exmouth Gulf,WA,51102,193,49
50499,Fairbridge,WA,50201,21,55
50500,Falcon,WA,50201,3345,5536
50501,Ferguson (WA),WA,50102,117,229
50502,Ferndale (WA),WA,50603,1919,4472
50503,Feysville,WA,51103,9,8
50504,Fimiston,WA,51103,0,0
50505,Finucane,WA,51002,0,0
50506,Fitzgerald (WA),WA,51101,0,0
50507,Fitzgerald River National Park,WA,51101,6,4
50508,Fitzroy Crossing,WA,51001,624,1181
50509,Flint,WA,50902,0,0
50510,Floreat,WA,50301,3084,8615
50510,Floreat,WA,50302,0,0
50511,Flynn (WA),WA,50902,0,0
50512,Forest Grove (WA),WA,50101,173,249
50513,Forest Hill (WA),WA,50901,33,144
50514,Forrest (WA),WA,51103,0,3
50515,Forrest Beach (WA),WA,50102,16,34
50516,Forrestania,WA,50903,3,28
50517,Forrestdale,WA,50601,405,1032
50518,Forrestfield,WA,50605,5710,13185
50519,Fortescue (WA),WA,51003,47,185
50520,Frankland River,WA,50901,233,358
50521,Fraser Range,WA,51103,16,50
50522,Fremantle,WA,50702,5187,9241
50523,Furnissdale,WA,50201,581,1051
50524,Gabalong,WA,50902,7,8
50525,Gabbadah,WA,50902,373,771
50526,Gabbin,WA,50902,43,42
50527,Gairdner,WA,50901,57,103
50528,Gap Ridge,WA,51003,16,177
50529,Garden Island (WA),WA,50705,4,772
50530,Gascoyne Junction,WA,51102,55,65
50531,Gascoyne River,WA,51102,53,88
50532,Geegully Creek,WA,51001,7,9
50533,Gelorup,WA,50102,796,2275
50534,Geographe,WA,50101,1931,3602
50535,Georgina (WA),WA,51104,36,75
50536,Geraldton,WA,51104,1731,3247
50537,Ghooli,WA,50902,6,17
50538,Gibb,WA,51001,83,88
50539,Gibson,WA,51101,170,406
50540,Gibson Desert North,WA,51002,62,263
50541,Gibson Desert South,WA,51103,5,4
50542,Gidgegannup,WA,50403,1096,2822
50543,Gilgering,WA,50902,45,83
50544,Gillimanning,WA,50903,8,21
50545,Gillingarra,WA,50902,20,49
50546,Gilroyd,WA,51102,0,0
50547,Gingerah,WA,51001,0,0
50548,Gingin,WA,50902,391,909
50549,Ginginup,WA,50902,16,33
50550,Girrawheen,WA,50503,3662,8888
50551,Gledhow,WA,50901,420,1080
50552,Glen Forrest,WA,50402,1092,2799
50553,Glen Iris (WA),WA,50102,1251,3139
50554,Glen Mervyn,WA,50103,16,47
50555,Glencoe (WA),WA,50901,8,25
50556,Glendalough,WA,50302,1353,2637
50557,Glenfield (WA),WA,51104,410,1013
50558,Glenlynn,WA,50103,56,108
50559,Glenoran,WA,50103,45,94
50560,Glentromie,WA,50902,15,44
50561,Gnangara,WA,50503,526,1349
50562,Gnarabup,WA,50101,317,526
50563,Gnoorea,WA,51003,44,5
50564,Gnowangerup,WA,50901,289,562
50565,Gnowellen,WA,50901,25,33
50566,Golden Bay,WA,50705,2214,5721
50567,Goode Beach,WA,50901,176,250
50568,Goodlands,WA,50902,20,29
50569,Goomalling,WA,50902,303,514
50570,Goomarin,WA,50902,7,15
50571,Gooseberry Hill,WA,50605,1368,3314
50572,Gorge Rock,WA,50903,14,33
50573,Gorrie,WA,50402,0,0
50574,Gosnells,WA,50604,8912,21169
50575,Gracetown,WA,50101,238,237
50576,Granville (WA),WA,50902,23,38
50577,Grass Patch,WA,51101,61,115
50578,Grass Valley,WA,50902,91,164
50579,Green Head,WA,51104,379,289
50580,Green Range,WA,50901,31,62
50581,Green Valley (WA),WA,50901,22,57
50582,Greenbushes,WA,50103,222,367
50583,Greenfields,WA,50201,4632,9852
50584,Greenhills,WA,50902,20,46
50585,Greenmount (WA),WA,50402,1080,2653
50586,Greenough,WA,51104,148,347
50587,Greenwood (WA),WA,50501,3925,9859
50588,Greenwoods Valley,WA,50902,13,23
50589,Gregory (WA),WA,51104,78,58
50590,Grey,WA,50902,77,5
50591,Greys Plain,WA,51102,46,157
50592,Grimwade,WA,50103,0,0
50593,Guilderton,WA,50902,435,156
50594,Guildford (WA),WA,50403,819,2037
50595,Gundaring,WA,50903,11,5
50596,Gunyidi,WA,51104,18,30
50597,Gutha,WA,51104,18,41
50598,Gwambygine,WA,50902,42,84
50599,Gwelup,WA,50502,1962,5379
50600,Gwindinup,WA,50102,20,55
50601,Hacketts Gully,WA,50605,22,55
50602,Halls Creek (WA),WA,51001,712,1576
50603,Halls Head,WA,50201,6705,14494
50604,Hamel,WA,50102,122,286
50605,Hamelin Bay,WA,50101,52,58
50606,Hamelin Pool,WA,51102,48,23
50607,Hamersley,WA,50502,2161,5210
50608,Hamersley Range,WA,51003,12,197
50609,Hamilton Hill,WA,50701,5537,11319
50610,Hammond Park,WA,50701,2516,6991
50611,Hannans,WA,51103,1017,2439
50612,Harris River,WA,50102,35,99
50613,Harrisdale,WA,50601,3797,11678
50614,Harrismith,WA,50903,19,52
50615,Harvey,WA,50102,1537,3475
50616,Hastings (WA),WA,50903,15,41
50617,Hatter Hill,WA,50903,0,0
50618,Hay (WA),WA,50901,228,496
50619,Haynes,WA,50601,828,2416
50620,Hazelmere,WA,50403,446,924
50621,Hazelvale,WA,50901,47,83
50622,Heathridge,WA,50501,2941,6898
50623,Helena Valley,WA,50402,1642,4120
50623,Helena Valley,WA,50605,0,5
50624,Henderson,WA,50701,35,35
50625,Henley Brook,WA,50403,854,2481
50626,Henty (WA),WA,50102,68,146
50627,Herdsman,WA,50502,0,0
50628,Herne Hill (WA),WA,50403,637,1533
50629,Herron,WA,50201,214,437
50630,Hester,WA,50103,42,105
50631,Hester Brook,WA,50103,54,127
50632,Higginsville,WA,51103,4,19
50633,High Wycombe,WA,50602,0,0
50633,High Wycombe,WA,50605,5043,12170
50634,Highbury (WA),WA,50903,130,246
50635,Highgate (WA),WA,50302,1413,2336
50636,Hilbert,WA,50601,1492,4171
50637,Hill River (WA),WA,50902,48,107
50638,Hillarys,WA,50501,4266,11171
50639,Hillman,WA,50705,771,1823
50640,Hillside (WA),WA,50903,26,71
50641,Hilton (WA),WA,50702,1896,4309
50642,Hindmarsh (WA),WA,50902,26,54
50643,Hines Hill,WA,50902,33,61
50644,Hithergreen,WA,50101,25,61
50645,Hocking,WA,50503,2481,7010
50646,Hoddys Well,WA,50902,74,143
50647,Hoffman,WA,50102,20,33
50648,Holleton,WA,50902,0,4
50649,Holmwood,WA,51104,15,9
50650,Holt Rock,WA,50903,21,47
50651,Holyoake,WA,50903,19,19
50652,Hope Valley (WA),WA,50703,23,43
50653,Hopeland (WA),WA,50606,100,307
50654,Hopetoun (WA),WA,51101,859,1104
50655,Horrocks,WA,51104,208,168
50656,Houtman Abrolhos,WA,51104,0,0
50657,Hovea,WA,50402,254,709
50658,Howatharra,WA,51104,57,112
50659,Howick (WA),WA,51101,14,45
50660,Hulongine,WA,50902,15,26
50661,Huntingdale (WA),WA,50604,3221,9001
50662,Hyden,WA,50903,220,385
50663,Ikewa,WA,51104,10,12
50664,Iluka (WA),WA,50501,1940,5655
50665,Indee,WA,51002,6,16
50666,Inggarda,WA,51102,29,23
50667,Inglehope,WA,50903,10,18
50668,Inglewood (WA),WA,50302,2702,5827
50669,Inkpen,WA,50902,10,13
50670,Innaloo,WA,50502,4974,9572
50671,Innawanga,WA,51003,5,4
50672,Irishtown (WA),WA,50902,43,98
50673,Irrunytju,WA,51103,46,133
50674,Irwin,WA,51104,35,72
50675,Israelite Bay,WA,51101,0,0
50676,Isseka,WA,51104,26,62
50677,Jackitup,WA,50901,44,53
50678,Jacup,WA,50901,26,71
50679,Jalbarragup,WA,50103,143,161
50680,Jaloran,WA,50903,22,41
50681,Jandabup,WA,50503,117,291
50682,Jandakot,WA,50701,953,2525
50683,Jane Brook,WA,50403,1322,3657
50684,Jardee,WA,50103,74,162
50685,Jarlmadangah Burru,WA,51001,31,35
50686,Jarrahdale,WA,50606,508,1193
50687,Jarrahwood,WA,50101,4,9
50688,Jelcobine,WA,50903,85,157
50689,Jennacubbine,WA,50902,30,56
50690,Jennapullin,WA,50902,37,75
50691,Jerdacuttup,WA,51101,78,174
50692,Jerramungup,WA,50901,214,351
50693,Jibberding,WA,50902,17,24
50694,Jigalong,WA,51002,108,308
50695,Jilakin,WA,50903,21,49
50696,Jindalee (WA),WA,50503,1474,4046
50697,Jindong,WA,50101,34,68
50698,Jingalup,WA,50901,70,134
50699,Jitarning,WA,50903,25,56
50700,Jolimont,WA,50302,913,1480
50701,Joondalup,WA,50501,4139,9217
50702,Joondanna,WA,50502,2789,5279
50703,Julimar,WA,50902,201,407
50704,Juna Downs,WA,51003,26,4
50705,Jurien Bay,WA,50902,1549,2007
50706,Kadathinni,WA,51104,16,36
50707,Kalamunda,WA,50605,3094,7169
50708,Kalannie,WA,50902,63,144
50709,Kalbarri,WA,51104,1321,1457
50710,Kalbarri National Park,WA,51104,0,0
50711,Kalgan,WA,50901,366,843
50712,Kalgoorlie,WA,51103,1874,3731
50713,Kalgup,WA,50101,37,91
50714,Kallaroo,WA,50501,2111,5305
50715,Kaloorup,WA,50101,40,90
50716,Kalumburu,WA,51001,123,388
50717,Kambalda East,WA,51103,426,810
50718,Kambalda West,WA,51103,864,1627
50719,Kangaroo Gully,WA,50103,261,509
50720,Kanowna,WA,51103,9,10
50721,Kanpa,WA,51103,5,0
50722,Karakin,WA,50902,162,246
50723,Karalundi,WA,51104,34,65
50724,Karawara,WA,50607,687,1841
50725,Kardinya,WA,50704,3766,9135
50726,Karijini,WA,51003,183,38
50727,Karlgarin,WA,50903,48,99
50728,Karlkurla,WA,51103,98,272
50729,Karloning,WA,50902,25,34
50730,Karloo,WA,51104,224,497
50731,Karnup,WA,50705,745,2085
50732,Karragullen,WA,50601,156,404
50733,Karrakatta,WA,50301,8,22
50734,Karrakup,WA,50606,81,174
50735,Karramindie,WA,51103,13,33
50736,Karranadgin,WA,50902,42,86
50737,Karratha,WA,51003,92,102
50738,Karratha Industrial Estate,WA,51003,128,164
50739,Karridale,WA,50101,173,314
50740,Karrinyup,WA,50502,3719,9856
50741,Karroun Hill,WA,50902,0,0
50742,Katanning,WA,50901,1663,3652
50743,Katrine,WA,50902,31,66
50744,Kauring,WA,50902,37,72
50745,Kealy,WA,50101,442,1118
50746,Kebaringup,WA,50901,18,49
50747,Kellerberrin,WA,50902,463,874
50748,Kelmscott,WA,50601,4678,10554
50749,Kendenup,WA,50901,586,1055
50750,Kenmare (WA),WA,50901,12,36
50751,Kennedy Range,WA,51102,23,4
50752,Kensington (WA),WA,50607,1822,4625
50753,Kentdale,WA,50901,76,117
50754,Kenwick,WA,50604,2183,5717
50755,Keralup,WA,50705,0,0
50756,Kewdale,WA,50602,3247,7417
50756,Kewdale,WA,50605,0,0
50757,Keysbrook,WA,50606,113,263
50758,Kiara,WA,50403,735,1763
50759,Kimbolton (WA),WA,51001,28,55
50760,King Leopold Ranges,WA,51001,376,264
50761,King River,WA,50901,107,273
50762,Kings Park (WA),WA,50302,32,48
50763,Kingsford (WA),WA,51102,357,257
50764,Kingsley,WA,50501,5146,13204
50765,Kingston (WA),WA,50103,5,18
50766,Kinross,WA,50501,2509,6998
50767,Kirk Rock,WA,50903,9,18
50768,Kirup,WA,50103,63,157
50769,Kojaneerup South,WA,50901,13,23
50770,Kojarena,WA,51104,13,21
50771,Kojonup,WA,50901,647,1153
50772,Kokeby,WA,50902,47,90
50773,Kondinin,WA,50903,199,329
50774,Kondut,WA,50902,18,41
50775,Konnongorring,WA,50902,33,76
50776,Koojan,WA,50902,18,40
50777,Kookynie,WA,51103,49,100
50778,Koolanooka,WA,51104,4,22
50779,Koolyanobbing,WA,50902,12,93
50780,Koomberkine,WA,50902,27,54
50781,Koondoola,WA,50503,1497,3928
50782,Koongamia,WA,50402,478,988
50783,Koorda,WA,50902,171,212
50784,Korbel,WA,50902,29,59
50785,Kordabup,WA,50901,87,141
50786,Korrelocking,WA,50902,43,55
50787,Kronkup,WA,50901,159,265
50788,Kudardup,WA,50101,54,105
50789,Kuender,WA,50903,22,41
50790,Kukerin,WA,50903,31,65
50791,Kulikup,WA,50103,61,144
50792,Kulin,WA,50903,197,350
50793,Kulin West,WA,50903,30,88
50794,Kulja,WA,50902,7,20
50795,Kumarina,WA,51104,23,91
50796,Kundat Djaru,WA,51001,33,141
50797,Kunjin,WA,50903,15,48
50798,Kununoppin,WA,50902,59,45
50799,Kununurra,WA,51001,2988,5504
50800,Kupartiya,WA,51001,77,56
50801,Kurnalpi,WA,51103,3,4
50802,Kurrenkutten,WA,50903,16,33
50803,Kweda,WA,50903,7,4
50804,Kwelkan,WA,50902,3,10
50805,Kwinana Beach,WA,50703,9,44
50806,Kwinana Town Centre,WA,50703,237,569
50807,Kwolyin,WA,50902,4,20
50808,Lagrange,WA,51001,277,636
50809,Lake Argyle,WA,51001,258,200
50810,Lake Austin,WA,51104,0,0
50811,Lake Biddy,WA,50903,29,59
50812,Lake Brown,WA,50902,16,13
50813,Lake Camm,WA,50903,16,23
50814,Lake Carnegie,WA,51104,20,12
50815,Lake Clifton,WA,50102,319,767
50816,Lake Coogee,WA,50701,1902,4779
50817,Lake Darlot,WA,51103,7,178
50818,Lake Deborah,WA,50902,0,0
50819,Lake Grace,WA,50903,297,524
50820,Lake Hinds,WA,50902,15,29
50821,Lake Jasper,WA,50103,11,27
50822,Lake King,WA,50903,62,86
50823,Lake Margarette,WA,50902,9,16
50824,Lake Muir,WA,50103,4,7
50825,Lake Ninan,WA,50902,10,17
50826,Lake Toolbrunup,WA,50901,40,76
50827,Lake Wells,WA,51103,3,0
50828,Lakelands (WA),WA,50201,2315,6171
50829,Lamington (WA),WA,51103,845,2042
50830,Lancelin,WA,50902,965,792
50831,Landsdale,WA,50503,4875,15381
50832,Lange,WA,50901,196,400
50833,Langford,WA,50604,2196,5518
50834,Latham (WA),WA,51104,29,57
50835,Lathlain,WA,50602,1673,3690
50836,Laverton (WA),WA,51103,332,908
50837,Learmonth (WA),WA,51102,23,25
50838,Leda,WA,50703,1214,3180
50839,Ledge Point,WA,50902,469,233
50840,Leederville,WA,50302,1946,3697
50841,Leeman,WA,51104,297,352
50842,Leeming,WA,50701,0,0
50842,Leeming,WA,50704,4038,10855
50843,Leeuwin,WA,50101,0,4
50844,Leinster,WA,51103,289,721
50845,Lennard Brook,WA,50902,85,215
50846,Leonora,WA,51103,535,658
50847,Leschenault,WA,50102,1109,3059
50848,Lesley,WA,50601,0,0
50849,Lesmurdie,WA,50605,3096,8413
50850,Lexia,WA,50403,0,0
50850,Lexia,WA,50503,15,30
50851,Lime Lake,WA,50903,7,16
50852,Linfarne,WA,50103,27,64
50853,Little Grove,WA,50901,636,1507
50854,Little Italy,WA,50903,10,34
50855,Little Sandy Desert,WA,51104,0,5
50856,Lockier,WA,51104,4,3
50857,Lockridge,WA,50403,1486,3302
50858,Lockyer (WA),WA,50901,583,1304
50859,Lol Gray,WA,50903,6,15
50860,Londonderry (WA),WA,51103,0,0
50861,Lort River,WA,51101,29,60
50862,Lowden,WA,50103,79,172
50863,Lower Chittering,WA,50902,816,2418
50864,Lower Hotham,WA,50903,15,13
50865,Lower King,WA,50901,817,1892
50866,Lowlands,WA,50901,94,149
50867,Ludlow,WA,50102,52,129
50868,Lumeah (WA),WA,50901,41,81
50869,Lyalls Mill,WA,50102,8,17
50870,Lyndon,WA,51102,115,31
50871,Lynwood (WA),WA,50603,1514,3541
50872,Macleod (WA),WA,51102,118,17
50873,Maddington,WA,50604,4899,12387
50874,Madeley,WA,50503,2507,6801
50875,Madora Bay,WA,50201,1500,3830
50876,Madura,WA,51103,9,0
50877,Magenta (WA),WA,50903,11,22
50878,Magitup,WA,50901,9,20
50879,Mahogany Creek,WA,50402,325,835
50880,Mahomets Flats,WA,51104,424,797
50881,Maida Vale,WA,50605,1797,4494
50882,Maitland (WA),WA,51003,21,12
50883,Malabaine,WA,50902,22,51
50884,Malaga,WA,50403,11,20
50885,Malebelling,WA,50902,15,39
50886,Mallee Hill,WA,50903,16,30
50887,Malmalling,WA,50402,0,0
50888,Malyalling,WA,50903,6,20
50889,Mandogalup,WA,50703,57,128
50890,Mandurah,WA,50201,5732,8837
50891,Manjimup,WA,50103,2067,4273
50892,Manmanning,WA,50902,34,42
50893,Manning,WA,50607,1731,4201
50894,Mantamaru,WA,51103,45,124
50895,Manypeaks,WA,50901,80,152
50896,Marangaroo,WA,50503,3799,10476
50897,Maranup,WA,50103,40,60
50898,Marbelup,WA,50901,187,490
50899,Marble Bar,WA,51002,341,933
50900,Marchagee,WA,51104,33,45
50901,Mardella,WA,50606,152,442
50902,Mardie,WA,51003,71,609
50903,Margaret River (WA),WA,50101,4206,8861
50904,Mariginiup,WA,50503,283,872
50905,Marmion,WA,50501,949,2381
50906,Marne,WA,50902,5,10
50907,Marracoonda,WA,50901,10,17
50908,Marradong,WA,50903,29,57
50909,Marrah,WA,51104,5,4
50910,Marrinup,WA,50903,6,4
50911,Martin,WA,50604,679,1855
50912,Marvel Loch,WA,50902,89,123
50913,Marybrook,WA,50101,171,230
50914,Massey Bay,WA,51102,0,0
50915,Maya,WA,51104,5,20
50916,Mayanup,WA,50103,82,176
50917,Maylands (WA),WA,50401,7934,13172
50918,McAlinden,WA,50103,30,69
50919,McBeath,WA,51001,21,32
50920,McKail,WA,50901,1532,3973
50921,Meadow,WA,51102,10,3
50922,Meadow Springs,WA,50201,3601,9171
50923,Meckering,WA,50902,138,240
50924,Meda,WA,51001,34,17
50925,Medina,WA,50703,1203,2266
50926,Meekatharra,WA,51104,467,837
50927,Meeking,WA,50903,5,10
50928,Meelon,WA,50201,95,169
50929,Meenaar,WA,50902,11,29
50930,Meerup,WA,50103,73,163
50931,Melaleuca,WA,50403,0,0
50932,Melville (WA),WA,50704,2550,6214
50933,Menora,WA,50502,1279,2698
50934,Menzies (WA),WA,51103,114,93
50935,Merilup,WA,50903,5,13
50936,Merivale,WA,51101,49,90
50937,Merkanooka,WA,51104,23,57
50938,Merredin,WA,50902,1387,2615
50939,Merriwa (WA),WA,50503,2359,5585
50940,Meru,WA,51104,22,219
50941,Metricup,WA,50101,150,263
50942,Mettler,WA,50901,18,35
50943,Miamoon,WA,50902,8,17
50944,Middle Swan,WA,50403,1376,2840
50945,Middlesex (WA),WA,50103,127,237
50946,Middleton Beach,WA,50901,531,760
50947,Midland,WA,50403,3889,6315
50948,Midvale,WA,50402,991,2284
50949,Miling,WA,50902,57,97
50950,Millars Well,WA,51003,937,2100
50951,Millbridge,WA,50102,967,2735
50952,Millbrook (WA),WA,50901,106,286
50953,Millendon,WA,50403,191,485
50954,Mills Lake,WA,50901,23,41
50955,Millstream (WA),WA,51003,45,5
50956,Milo,WA,51104,6,16
50957,Milpara,WA,50901,384,954
50958,Mimegarra,WA,50902,5,11
50959,Mindarabin,WA,50901,25,49
50960,Mindarie (WA),WA,50503,2870,7885
50961,Mindarra,WA,50902,21,34
50962,Minding,WA,50903,13,32
50963,Mingenew,WA,51104,175,259
50964,Minigin,WA,50903,44,78
50965,Minilya,WA,51102,36,20
50966,Minnenooka,WA,51104,17,40
50967,Minnivale,WA,50902,26,42
50968,Minyirr,WA,51001,114,84
50969,Mira Mar,WA,50901,994,1895
50970,Mirrabooka (WA),WA,50502,2806,8004
50971,Mitchell Plateau,WA,51001,62,85
50972,Mobrup,WA,50901,31,40
50973,Mocardy,WA,50902,42,89
50974,Mogumber,WA,50902,31,62
50975,Mokine,WA,50902,101,211
50976,Mokup,WA,50903,39,59
50977,Mollerin,WA,50902,9,25
50978,Molloy Island,WA,50101,220,173
50979,Monjebup,WA,50901,16,21
50980,Monjingup,WA,51101,177,391
50981,Moodiarrup,WA,50903,22,63
50982,Moojebing,WA,50901,26,61
50983,Mooliabeenee,WA,50902,115,219
50984,Moondah,WA,50902,17,34
50985,Moondyne,WA,50902,0,0
50986,Moonies Hill,WA,50901,18,25
50987,Moonyoonooka,WA,51104,105,283
50988,Moora (WA),WA,50902,907,1758
50989,Moore River National Park,WA,50902,0,0
50990,Mooriary,WA,51104,9,18
50991,Moorine Rock,WA,50902,33,60
50992,Morangup,WA,50902,290,757
50993,Morawa,WA,51104,243,476
50994,Morbinning,WA,50902,15,36
50995,Mordalup,WA,50103,9,14
50996,Moresby (WA),WA,51104,348,945
50997,Morgantown,WA,51102,416,765
50998,Morley,WA,50401,9653,22535
50999,Mornington (WA),WA,50102,18,42
51000,Mosman Park (WA),WA,50301,4135,9179
51001,Moulyinning,WA,50903,16,32
51002,Mount Adams,WA,51104,10,8
51003,Mount Anketell,WA,51003,0,0
51004,Mount Barker (WA),WA,50901,1378,2858
51005,Mount Budd,WA,51104,8,9
51006,Mount Burges,WA,51103,31,118
51007,Mount Caroline,WA,50902,9,12
51008,Mount Claremont,WA,50301,1926,4994
51009,Mount Clarence,WA,50901,338,730
51010,Mount Elphinstone,WA,50901,37,82
51011,Mount Erin,WA,51104,3,8
51012,Mount Hampton,WA,50902,18,24
51013,Mount Hardey,WA,50902,67,151
51014,Mount Hardman,WA,51001,136,497
51015,Mount Hawthorn,WA,50302,3292,8169
51016,Mount Helena,WA,50402,1247,3385
51017,Mount Hill,WA,51104,22,41
51018,Mount Holland,WA,50902,9,9
51019,Mount Horner,WA,51104,15,13
51020,Mount Jackson,WA,50902,4,124
51021,Mount Lawley,WA,50302,5449,11229
51021,Mount Lawley,WA,50401,4,95
51021,Mount Lawley,WA,50502,0,0
51022,Mount Lindesay (WA),WA,50901,0,0
51023,Mount Madden,WA,50903,17,30
51024,Mount Magnet,WA,51104,392,593
51025,Mount Melville,WA,50901,590,1022
51026,Mount Nasura,WA,50601,1259,3013
51027,Mount Ney,WA,51101,3,8
51028,Mount Observation (WA),WA,50902,0,0
51029,Mount Palmer,WA,50902,0,0
51030,Mount Pleasant (WA),WA,50704,3333,7464
51031,Mount Richon,WA,50601,953,2081
51032,Mount Romance,WA,50901,0,0
51033,Mount Sheila,WA,51003,42,794
51034,Mount Sheridan (WA),WA,50903,22,23
51035,Mount Stirling,WA,50902,3,16
51036,Mount Tarcoola,WA,51104,1412,3250
51037,Mount Walker (WA),WA,50902,28,74
51038,Mount Wells,WA,50903,0,0
51039,Mouroubra,WA,50902,6,0
51040,Muchea,WA,50902,382,928
51041,Muckenburra,WA,50902,79,224
51042,Mueller Ranges,WA,51001,135,362
51043,Muja,WA,50102,8,18
51044,Mukinbudin,WA,50902,213,349
51045,Mulataga,WA,51003,0,0
51046,Mulga Downs,WA,51003,10,25
51047,Mullaloo,WA,50501,2285,6201
51048,Mullalyup,WA,50103,85,152
51049,Mullewa,WA,51104,225,361
51050,Mullingar,WA,51103,122,320
51051,Muluckine,WA,50902,95,213
51052,Mumballup,WA,50103,43,100
51053,Mumberkine,WA,50902,29,57
51054,Mundabullangana,WA,51002,15,7
51055,Mundaring,WA,50402,1341,3185
51056,Mundijong,WA,50606,457,1251
51057,Mundrabilla,WA,51103,5,11
51058,Mungalup,WA,50102,22,42
51059,Munglinup,WA,51101,79,139
51060,Munster,WA,50701,83,193
51061,Muntadgin,WA,50902,27,42
51062,Muradup,WA,50901,59,91
51063,Murchison (WA),WA,51104,41,30
51064,Murdoch,WA,50704,1180,3358
51065,Murdong,WA,50901,10,24
51066,Muresk,WA,50902,7,15
51067,Myalup,WA,50102,251,348
51068,Myara,WA,50903,0,0
51069,Myaree,WA,50704,854,2097
51070,Myrup,WA,51101,249,509
51071,Nabawa,WA,51104,58,116
51072,Nairibin,WA,50903,10,14
51073,Nalkain,WA,50902,4,4
51074,Nalyerlup,WA,50901,14,34
51075,Namban,WA,50902,14,35
51076,Nambeelup,WA,50201,128,364
51077,Nambung,WA,50902,17,25
51078,Nanarup,WA,50901,17,38
51079,Nanga,WA,51102,30,4
51080,Nanga Brook,WA,50102,5,0
51081,Nangeenan,WA,50902,37,77
51082,Nangetty,WA,51104,11,20
51083,Nannup,WA,50103,582,966
51084,Nanson,WA,51104,52,86
51085,Nanutarra,WA,51003,135,37
51086,Napier,WA,50901,122,269
51087,Naraling,WA,51104,10,13
51088,Narembeen,WA,50902,257,416
51089,Narngulu,WA,51104,31,52
51090,Narra Tarra,WA,51104,37,104
51091,Narraloggan,WA,50902,12,36
51092,Narrikup,WA,50901,255,521
51093,Narrogin,WA,50903,1993,3888
51094,Narrogin Valley,WA,50903,45,102
51095,Naturaliste,WA,50101,76,109
51096,Naval Base,WA,50703,20,18
51097,Neale,WA,51103,0,0
51098,Nedlands,WA,50301,4082,10551
51099,Needilup,WA,50901,56,95
51100,Neendaling,WA,50903,9,19
51101,Neerabup,WA,50503,36,117
51102,Neergabby,WA,50902,126,269
51103,Nembudding,WA,50902,6,12
51104,Neridup,WA,51101,30,92
51105,Nerramyne,WA,51104,3,6
51106,Nerren Nerren,WA,51102,13,6
51107,New Norcia,WA,50902,44,57
51108,Newcarlbeon,WA,50902,20,15
51109,Newdegate,WA,50903,113,155
51110,Newlands (WA),WA,50103,48,112
51111,Newman,WA,51002,2770,6455
51112,Ngaanyatjarra-Giles,WA,51103,45,43
51113,Nickol,WA,51003,1975,4941
51114,Nilgen,WA,50902,156,250
51115,Nillup,WA,50101,31,60
51116,Ningaloo,WA,51102,79,7
51117,Nippering,WA,50903,9,21
51118,Nirimba (WA),WA,50201,36,80
51119,Noggerup,WA,50103,41,97
51120,Nokaning,WA,50902,19,48
51121,Nolba,WA,51104,10,22
51122,Nollamara,WA,50502,6079,12820
51123,Nomans Lake,WA,50903,26,59
51124,Noranda,WA,50401,3196,7986
51125,Nornalup,WA,50901,106,93
51126,Norpa,WA,50902,9,29
51127,Norseman,WA,51103,553,565
51128,North Baandee,WA,50902,30,47
51129,North Bannister,WA,50903,0,0
51130,North Beach (WA),WA,50502,1715,3702
51131,North Bodallin,WA,50902,9,17
51132,North Boyanup,WA,50102,125,317
51133,North Burngup,WA,50903,6,20
51134,North Cascade,WA,51101,3,13
51135,North Coogee,WA,50701,1747,3729
51136,North Dandalup,WA,50201,317,866
51137,North Eradu,WA,51104,5,5
51138,North Fremantle,WA,50702,2046,3961
51139,North Greenbushes,WA,50103,70,171
51140,North Jindong,WA,50101,32,75
51141,North Kellerberrin,WA,50902,14,30
51142,North Kukerin,WA,50903,40,84
51143,North Kununoppin,WA,50902,22,24
51144,North Lake,WA,50701,490,1306
51145,North Lake Grace,WA,50903,9,23
51146,North Moulyinning,WA,50903,11,29
51147,North Perth,WA,50302,4441,9651
51148,North Plantations,WA,51102,152,382
51149,North Stirlings,WA,50901,11,26
51150,North Tammin,WA,50902,72,134
51151,North Trayning,WA,50902,13,26
51152,North Walpole,WA,50103,74,107
51153,North West Cape,WA,51003,0,0
51153,North West Cape,WA,51102,248,180
51154,North Wialki,WA,50902,6,10
51155,North Yelbeni,WA,50902,19,11
51156,North Yunderup,WA,50201,476,847
51157,Northam,WA,50902,3158,6663
51158,Northampton,WA,51104,424,829
51159,Northbridge (WA),WA,50302,920,1414
51160,Northcliffe,WA,50103,154,278
51161,Northern Gully,WA,51104,3,10
51162,Nowergup,WA,50503,80,192
51163,Nugadong,WA,50902,6,11
51164,Nukarni,WA,50902,21,32
51165,Nullagine,WA,51002,94,1164
51166,Nullaki,WA,50901,21,32
51167,Nulsen,WA,51101,554,1087
51168,Nungarin,WA,50902,89,149
51169,Nunierra,WA,51104,15,22
51170,Nunile,WA,50902,85,185
51171,Nyabing,WA,50901,146,262
51172,O'Connor (WA),WA,50702,253,454
51173,Oakajee,WA,51104,0,0
51174,Oakford,WA,50606,892,2817
51175,Ocean Beach,WA,50901,561,1019
51176,Ocean Reef,WA,50501,2898,8113
51177,Ogilvie,WA,51104,14,56
51178,Old Plains,WA,50902,15,47
51179,Oldbury,WA,50606,131,300
51180,Ongerup,WA,50901,68,112
51181,Onslow,WA,51003,740,827
51182,Oombulgurri,WA,51001,42,26
51183,Ora Banda,WA,51103,3,12
51184,Orana,WA,50901,944,2015
51185,Orange Grove (WA),WA,50604,376,722
51186,Orange Springs,WA,50902,17,30
51187,Orchid Valley,WA,50901,34,27
51188,Ord River,WA,51001,216,152
51189,Orelia,WA,50703,2081,4498
51190,Osborne Park,WA,50502,2468,4445
51191,Osmington,WA,50101,90,165
51192,Padbury,WA,50501,3492,8639
51193,Palgarup,WA,50103,74,153
51194,Pallinup,WA,50901,40,90
51195,Palmdale (WA),WA,50901,11,18
51196,Palmer (WA),WA,50102,22,50
51197,Palmyra (WA),WA,50704,3688,7607
51198,Pannawonica,WA,51003,137,685
51199,Pantapin,WA,50902,6,24
51200,Papulankutja,WA,51103,68,162
51201,Paraburdoo,WA,51003,604,1344
51202,Paradise (WA),WA,50102,70,141
51203,Pardoo,WA,51002,207,47
51204,Parker Range,WA,50902,0,0
51205,Parkerville,WA,50402,877,2423
51206,Parkeston,WA,51103,4,5
51207,Parkfield,WA,50102,21,54
51208,Parklands (WA),WA,50201,210,603
51209,Parkwood (WA),WA,50603,2510,5992
51210,Parmelia,WA,50703,2699,6189
51211,Parryville,WA,50901,35,71
51212,Patjarr,WA,51103,13,39
51213,Paulls Valley,WA,50605,35,80
51214,Paynedale,WA,50103,22,61
51215,Paynes Find,WA,51104,44,26
51216,Paynesville (WA),WA,51104,5,0
51217,Peaceful Bay,WA,50901,263,74
51218,Peak Hill (WA),WA,51104,77,125
51219,Pearsall,WA,50503,1690,4229
51220,Peedamulla,WA,51003,29,15
51221,Peerabeelup,WA,50103,17,25
51222,Pegs Creek,WA,51003,1207,2068
51223,Pelican Point (WA),WA,50102,442,911
51224,Pemberton,WA,50103,496,867
51225,Peppermint Grove,WA,50301,612,1602
51226,Peppermint Grove Beach,WA,50102,368,528
51227,Perenjori,WA,51104,169,262
51228,Perillup,WA,50901,28,42
51229,Peron,WA,50705,9,16
51230,Perth (WA),WA,50302,8670,13633
51231,Perth Airport,WA,50403,0,6
51231,Perth Airport,WA,50602,0,20
51232,Perup,WA,50103,69,164
51233,Petrudor,WA,50902,11,20
51234,Piara Waters,WA,50601,4851,15060
51235,Piawaning,WA,50902,21,61
51236,Piccadilly (WA),WA,51103,1149,2309
51237,Pickering Brook,WA,50605,225,574
51238,Picton (WA),WA,50102,15,31
51239,Picton East,WA,50102,88,145
51240,Piesse Brook,WA,50605,78,207
51241,Piesseville,WA,50903,15,49
51242,Pindar,WA,51104,9,13
51243,Pingaring,WA,50903,31,60
51244,Pingelly,WA,50903,423,723
51245,Pingrup,WA,50901,116,233
51246,Pinjar,WA,50503,30,73
51247,Pinjarra,WA,50201,2114,4909
51248,Pink Lake,WA,51101,438,1035
51249,Pintharuka,WA,51104,8,19
51250,Pinwernying,WA,50901,32,94
51251,Pippingarra,WA,51002,34,52
51252,Pithara,WA,50902,62,130
51253,Plumridge Lakes,WA,51103,58,273
51254,Point Samson,WA,51003,277,246
51255,Popanyinning,WA,50903,129,209
51256,Porongurup,WA,50901,180,337
51257,Port Albany,WA,50901,63,132
51258,Port Denison,WA,51104,1003,1443
51259,Port Hedland,WA,51002,2359,4050
51260,Port Kennedy,WA,50705,4924,13469
51261,Postans,WA,50703,0,0
51262,Preston Beach,WA,50102,396,260
51263,Preston Settlement,WA,50102,65,125
51264,Prevelly,WA,50101,157,203
51265,Prince Regent River,WA,51001,4,4
51266,Pumphreys Bridge,WA,50903,13,25
51267,Purnululu,WA,51001,60,13
51268,Quairading,WA,50902,344,623
51269,Qualeup,WA,50901,36,72
51270,Quedjinup,WA,50101,247,413
51271,Queens Park (WA),WA,50603,2839,7250
51272,Queenwood,WA,50103,33,78
51273,Quelagetting,WA,50902,15,32
51274,Quellington,WA,50902,14,22
51275,Quindalup,WA,50101,1045,1478
51276,Quindanning,WA,50903,29,43
51277,Quinninup,WA,50103,113,160
51278,Quinns Rocks,WA,50503,3447,8833
51279,Ranford,WA,50903,90,200
51280,Rangeway,WA,51104,916,1867
51281,Ravensthorpe,WA,51101,313,568
51282,Ravenswood (WA),WA,50201,1125,2478
51283,Rawlinna,WA,51103,11,33
51284,Red Gully,WA,50902,26,32
51285,Red Hill (WA),WA,50403,31,85
51286,Redbank (WA),WA,51002,27,48
51287,Redcliffe (WA),WA,50602,2185,5001
51288,Redgate (WA),WA,50101,81,101
51289,Redmond,WA,50901,97,209
51290,Redmond West,WA,50901,40,58
51291,Reedy,WA,51104,3,4
51292,Regans Ford,WA,50902,17,25
51293,Reinscourt,WA,50101,100,275
51294,Remlap,WA,50902,0,0
51295,Reservoir (WA),WA,50402,0,0
51296,Ridgewood (WA),WA,50503,1805,4632
51297,Ringbark,WA,50103,41,110
51298,Riverton (WA),WA,50603,2262,6089
51299,Rivervale,WA,50602,5986,10867
51300,Robinson,WA,50901,278,688
51301,Rockingham (WA),WA,50705,8442,15337
51302,Rocklea (WA),WA,51003,59,157
51303,Rockwell,WA,51104,0,4
51304,Rocky Gully (WA),WA,50901,72,94
51305,Roebourne,WA,51003,311,982
51306,Roebuck,WA,51001,907,607
51307,Roelands,WA,50102,343,947
51308,Roleystone,WA,50601,2625,6858
51309,Rosa Brook,WA,50101,105,211
51310,Rosa Glen,WA,50101,100,185
51311,Rossmore (WA),WA,50902,14,23
51312,Rossmoyne,WA,50603,1350,3637
51313,Rothsay,WA,51104,3,197
51314,Rottnest Island,WA,50702,245,166
51315,Ruabon,WA,50101,32,82
51316,Rudds Gully,WA,51104,83,239
51317,Ryansbrook,WA,50901,19,56
51318,Sabina River,WA,50101,25,79
51319,Safety Bay,WA,50705,3454,7680
51320,Salmon Gums,WA,51101,78,147
51321,Salter Point,WA,50607,1005,2927
51322,Samson,WA,50702,787,1879
51323,San Remo (WA),WA,50201,486,1016
51324,Sandpatch,WA,50901,0,0
51325,Sandsprings,WA,51104,0,9
51326,Sandstone,WA,51104,102,105
51327,Sandy Gully (WA),WA,51104,48,110
51328,Sawyers Valley,WA,50402,389,1000
51329,Scaddan,WA,51101,47,96
51330,Scarborough (WA),WA,50502,9185,17638
51331,Schroeder,WA,50101,0,0
51331,Schroeder,WA,50103,4,0
51332,Scotsdale,WA,50901,249,538
51333,Scott River,WA,50101,31,46
51334,Scott River East,WA,50103,25,68
51335,Scotts Brook,WA,50103,29,83
51336,Seabird,WA,50902,113,115
51337,Secret Harbour,WA,50705,4225,12476
51338,Seppings,WA,50901,74,167
51339,Serpentine (WA),WA,50606,958,2860
51340,Seville Grove,WA,50601,3962,11374
51341,Shackleton,WA,50902,51,114
51342,Shadforth (WA),WA,50901,331,719
51343,Shannon (WA),WA,50103,5,14
51344,Shark Bay,WA,51102,0,0
51345,Shelley (WA),WA,50603,1850,4792
51346,Shenton Park,WA,50302,1995,4653
51347,Sherlock (WA),WA,51003,6,0
51348,Shoalwater (WA),WA,50705,2320,4365
51349,Shotts,WA,50102,6,14
51350,Siesta Park,WA,50101,82,62
51351,Silver Sands,WA,50201,799,1444
51352,Sinagra,WA,50503,1118,3087
51353,Sinclair,WA,51101,323,787
51354,Singleton (WA),WA,50705,1519,4018
51355,Sir Samuel,WA,51103,0,35
51356,Skeleton Rock,WA,50902,0,0
51357,Smith Brook,WA,50103,27,59
51358,Solus,WA,50903,0,0
51359,Somerville (WA),WA,51103,1749,4177
51360,Sorrento (WA),WA,50501,3017,7790
51361,South Bodallin,WA,50902,10,20
51362,South Boulder,WA,51103,658,1498
51363,South Bunbury,WA,50102,4292,8792
51364,South Burracoppin,WA,50902,10,30
51365,South Carnarvon,WA,51102,507,912
51366,South Datatine,WA,50901,8,20
51367,South Doodlakine,WA,50902,27,50
51368,South Fremantle,WA,50702,1701,3397
51369,South Glencoe,WA,50901,3,10
51370,South Greenough,WA,51104,64,116
51371,South Guildford,WA,50403,1544,3777
51371,South Guildford,WA,50602,0,0
51372,South Hedland,WA,51002,5215,11016
51373,South Kalgoorlie,WA,51103,1957,4422
51374,South Kukerin,WA,50903,9,20
51375,South Kumminin,WA,50902,38,86
51376,South Kununoppin,WA,50902,13,18
51377,South Lake,WA,50701,2393,5849
51378,South Lake Grace,WA,50903,12,28
51379,South Murchison,WA,51104,32,68
51380,South Newdegate,WA,50903,16,43
51381,South Perth,WA,50607,7024,12572
51382,South Plantations,WA,51102,73,190
51383,South Quairading,WA,50902,30,54
51384,South Stirling,WA,50901,13,22
51385,South Tammin,WA,50902,65,124
51386,South Trayning,WA,50902,25,29
51387,South Yelbeni,WA,50902,11,25
51388,South Yilgarn,WA,50902,11,15
51389,South Yuna,WA,51104,6,12
51390,South Yunderup,WA,50201,1933,3858
51391,Southampton (WA),WA,50103,63,82
51392,Southern Brook,WA,50902,36,91
51393,Southern Cross (WA),WA,50902,413,586
51394,Southern River,WA,50604,4098,12859
51395,Spalding (WA),WA,51104,981,1987
51396,Spearwood,WA,50701,5084,10942
51397,Spencer Park,WA,50901,1675,3448
51398,Spencers Brook,WA,50902,57,78
51399,Springfield (WA),WA,51104,115,276
51400,Springs,WA,50903,3,12
51401,St George Ranges,WA,51001,337,1128
51402,St James (WA),WA,50603,2218,4886
51403,St Ronans,WA,50902,33,66
51404,Stake Hill,WA,50201,162,467
51405,Stirling (WA),WA,50502,3882,10174
51406,Stirling Estate,WA,50102,71,161
51407,Stirling Range National Park,WA,50901,0,0
51408,Stoneville,WA,50402,941,2478
51409,Stove Hill,WA,51003,4,6
51410,Strathalbyn (WA),WA,51104,439,1159
51411,Stratham,WA,50102,280,797
51412,Stratherne,WA,50903,9,9
51413,Stratton,WA,50403,1360,3263
51414,Strelley,WA,51002,14,38
51415,Sturt Creek,WA,51001,124,329
51416,Subiaco,WA,50302,5360,9948
51417,Success,WA,50701,4373,11346
51418,Sunnyside (WA),WA,50103,43,100
51419,Sunset Beach,WA,51104,772,1564
51420,Swan View,WA,50402,3556,7889
51421,Swanbourne,WA,50301,1684,4586
51422,Takalarup,WA,50901,64,127
51423,Talandji,WA,51003,76,76
51424,Talbot (WA),WA,50902,79,114
51425,Talbot West,WA,50902,18,26
51426,Talgomine,WA,50902,10,25
51427,Talisker,WA,51102,0,0
51428,Tamala,WA,51102,0,5
51429,Tamala Park,WA,50503,0,0
51430,Tambellup,WA,50901,169,285
51431,Tammin,WA,50902,98,125
51432,Tampu,WA,50902,6,18
51433,Tanami (WA),WA,51001,149,484
51434,Tandegin,WA,50902,15,16
51435,Tapping,WA,50503,3236,9529
51436,Tarcoola Beach,WA,51104,609,1363
51437,Tardun,WA,51104,6,23
51438,Tarin Rock,WA,50903,11,36
51439,Teesdale (WA),WA,50903,50,89
51440,Telfer,WA,51002,87,654
51441,Tenindewa,WA,51104,31,54
51442,Tenterden (WA),WA,50901,108,235
51443,The Lakes,WA,50402,8,24
51444,The Plains,WA,50102,27,52
51445,The Spectacles,WA,50703,0,0
51446,The Vines,WA,50403,2063,5828
51447,Thomson Brook,WA,50103,44,90
51448,Thornlie,WA,50604,9168,23687
51449,Three Springs,WA,51104,214,366
51450,Throssell,WA,50902,36,88
51451,Tibradden,WA,51104,0,3
51452,Tincurrin,WA,50903,24,48
51453,Tingledale,WA,50901,33,57
51454,Tjirrkarli,WA,51103,23,4
51455,Tjukurla,WA,51103,24,41
51456,Tom Price,WA,51003,1533,2903
51457,Tonebridge,WA,50103,11,20
51458,Toodyay,WA,50902,794,1349
51459,Toolibin,WA,50903,12,21
51460,Toolonga,WA,51102,0,0
51461,Toompup,WA,50901,8,26
51462,Torbay,WA,50901,174,371
51463,Torndirrup,WA,50901,29,388
51464,Townsendale,WA,50903,6,22
51465,Trafalgar (WA),WA,51103,0,0
51466,Trayning,WA,50902,88,114
51467,Treeby,WA,50701,1614,4220
51468,Treeton,WA,50101,68,153
51469,Trent,WA,50901,0,0
51470,Trigg,WA,50502,1107,2854
51471,Trigwell,WA,50903,16,31
51472,Tuart Hill,WA,50502,4108,7546
51473,Turkey Hill,WA,50902,7,9
51474,Tutunup,WA,50101,41,75
51475,Two Rocks,WA,50503,1624,3834
51476,Ucarty,WA,50902,37,78
51477,Ucarty West,WA,50902,16,38
51478,Uduc,WA,50102,137,372
51479,Ularring,WA,51103,3,51
51480,Upper Capel,WA,50103,60,180
51481,Upper Murray,WA,50903,0,0
51482,Upper Swan,WA,50403,228,547
51483,Upper Warren,WA,50103,33,57
51484,Useless Loop,WA,51102,76,134
51485,Usher,WA,50102,969,2134
51486,Utakarra,WA,51104,608,1466
51487,Vancouver Peninsula,WA,50901,0,4
51488,Varley,WA,50903,31,46
51489,Vasse,WA,50101,1054,2825
51490,Victoria Park,WA,50602,4918,9343
51491,Victoria Rock,WA,51103,0,0
51492,Victory Heights (WA),WA,51103,361,775
51493,Vittoria (WA),WA,50102,0,0
51494,Viveash,WA,50403,585,1280
51495,Wadderin,WA,50902,40,100
51496,Waddington,WA,50902,11,26
51497,Waddy Forest,WA,51104,22,30
51498,Waeel,WA,50902,35,51
51499,Wagerup,WA,50102,31,51
51500,Waggrakine,WA,51104,1083,2673
51501,Wagin,WA,50903,750,1455
51502,Waikiki,WA,50705,5052,12449
51503,Walebing,WA,50902,17,39
51504,Walgoolan,WA,50902,33,70
51505,Walkaway,WA,51104,99,225
51506,Wallareenya,WA,51002,3,0
51507,Wallaroo (WA),WA,51103,0,0
51508,Walliston,WA,50605,384,1011
51509,Walmsley,WA,50901,17,47
51510,Walpole,WA,50103,411,429
51511,Walsall,WA,50101,30,82
51512,Walyormouring,WA,50902,15,36
51513,Walyunga National Park,WA,50403,0,0
51514,Walyurin,WA,50903,11,32
51515,Wamenusking,WA,50902,10,21
51516,Wanarn,WA,51103,59,117
51517,Wandana (WA),WA,51104,5,14
51518,Wandering,WA,50903,194,389
51519,Wandi,WA,50703,1575,4305
51520,Wandillup,WA,50103,31,64
51521,Wandina,WA,51104,1607,4367
51522,Wanerie,WA,50902,77,140
51523,Wangara,WA,50503,17,35
51524,Wannamal,WA,50902,60,129
51525,Wannanup,WA,50201,2107,4135
51526,Wanneroo,WA,50501,0,0
51526,Wanneroo,WA,50503,5027,12121
51527,Wansbrough,WA,50901,27,64
51528,Warakurna,WA,51103,69,185
51529,Warawarrup,WA,50102,56,136
51530,Warburton (WA),WA,51103,208,511
51531,Wardering,WA,50903,11,26
51532,Warding East,WA,50902,28,55
51533,Warmun,WA,51001,140,457
51534,Warnbro,WA,50705,4400,10819
51535,Warner Glen,WA,50101,33,63
51536,Waroona,WA,50102,1348,2854
51537,Warrachuppin,WA,50902,13,14
51538,Warradarge,WA,51104,50,66
51539,Warralakin,WA,50902,13,29
51540,Warrenup,WA,50901,300,790
51541,Warwick (WA),WA,50501,1607,3867
51542,Waterbank,WA,51001,125,111
51543,Watercarrin,WA,50902,22,28
51544,Waterford (WA),WA,50607,941,2456
51545,Waterloo (WA),WA,50102,72,141
51546,Watermans Bay,WA,50502,621,1363
51547,Watheroo,WA,50902,58,138
51548,Wattening,WA,50902,18,61
51549,Wattle Grove (WA),WA,50605,2030,6550
51550,Wattleup,WA,50701,188,433
51551,Wattoning,WA,50902,11,24
51552,Webberton,WA,51104,75,160
51553,Wedge Island (WA),WA,50902,205,20
51554,Wedgecarrup,WA,50903,29,80
51555,Wedgefield,WA,51002,79,128
51556,Welbungin,WA,50902,26,33
51557,Weld Range,WA,51104,5,69
51558,Wellard,WA,50703,5036,14130
51559,Wellesley (WA),WA,50102,12,28
51560,Wellington Forest,WA,50102,0,12
51561,Wellington Mill,WA,50102,69,157
51562,Wellstead,WA,50901,36,69
51563,Welshpool (WA),WA,50603,11,12
51564,Wembley,WA,50302,5383,12085
51565,Wembley Downs,WA,50301,0,0
51565,Wembley Downs,WA,50502,2516,6745
51566,West Ballidu,WA,50902,13,44
51567,West Beach (WA),WA,51101,687,1486
51568,West Binnu,WA,51104,12,21
51569,West Busselton,WA,50101,4463,8845
51570,West Cape Howe,WA,50901,5,5
51571,West Casuarinas,WA,51104,15,29
51572,West Coolup,WA,50201,91,182
51573,West End (WA),WA,51104,414,533
51574,West Fitzgerald,WA,50901,18,20
51575,West Holleton,WA,50902,11,36
51576,West Kalgoorlie,WA,51103,14,24
51577,West Lamington,WA,51103,583,1366
51578,West Leederville,WA,50302,2105,4360
51579,West Lyons River,WA,51102,7,0
51580,West Perth,WA,50302,3796,6067
51581,West Pingelly,WA,50903,51,105
51582,West Pinjarra,WA,50201,154,447
51583,West Popanyinning,WA,50903,32,59
51584,West River,WA,51101,47,71
51585,West Swan,WA,50403,233,783
51586,West Toodyay,WA,50902,244,508
51587,Westdale (WA),WA,50902,57,93
51588,Westminster,WA,50502,3229,7034
51589,Westonia,WA,50902,85,134
51590,Westwood (WA),WA,50901,18,30
51591,Whim Creek,WA,51003,16,5
51592,Whitby,WA,50606,354,1007
51593,White Gum Valley,WA,50702,1496,3376
51594,White Peak,WA,51104,212,595
51595,Whiteman,WA,50403,5,5
51596,Whittaker,WA,50903,6,9
51597,Wialki,WA,50902,21,44
51598,Wicherina,WA,51104,3,4
51599,Wicherina South,WA,51104,0,0
51600,Wickepin,WA,50903,184,367
51601,Wickham (WA),WA,51003,949,2011
51602,Widgiemooltha,WA,51103,11,28
51603,Wijilawarrim,WA,51001,15,21
51604,Wilberforce (WA),WA,50902,15,21
51605,Wilbinga,WA,50902,5,6
51606,Wilga,WA,50103,43,62
51607,Wilga West,WA,50103,4,12
51608,Wilgarrup,WA,50103,11,16
51609,Wilgoyne,WA,50902,22,38
51610,Willagee,WA,50704,2415,5429
51611,Willare,WA,51001,101,127
51612,Willetton,WA,50603,6528,19235
51613,William Bay,WA,50901,80,164
51614,Williams,WA,50903,470,1004
51615,Williamstown (WA),WA,51103,71,131
51616,Willyung,WA,50901,233,643
51617,Wilson,WA,50603,2771,6580
51618,Wiluna,WA,51104,256,513
51619,Wilyabrup,WA,50101,134,192
51620,Windabout,WA,51101,49,121
51621,Windy Harbour,WA,50103,212,29
51622,Winnejup,WA,50103,76,175
51623,Winthrop,WA,50704,2145,6047
51624,Witchcliffe,WA,50101,215,485
51625,Withers,WA,50102,1548,2969
51626,Wittenoom,WA,51003,0,0
51627,Wittenoom Hills,WA,51101,4,17
51628,Wogolin,WA,50903,9,21
51629,Wokalup,WA,50102,102,251
51630,Womarden,WA,51104,17,32
51631,Wongamine,WA,50902,25,39
51632,Wongan Hills,WA,50902,484,898
51633,Wongoondy,WA,51104,9,29
51634,Wonnerup,WA,50101,86,206
51635,Wonthella,WA,51104,892,1718
51636,Woodanilling,WA,50901,110,212
51637,Woodbridge (WA),WA,50403,596,1226
51638,Woodlands (WA),WA,50502,1831,4550
51639,Woodleigh (WA),WA,51102,0,0
51640,Woodridge (WA),WA,50902,289,637
51641,Woodvale (WA),WA,50501,3565,9602
51642,Woogenellup,WA,50901,51,116
51643,Woolgorong,WA,51104,0,0
51644,Woolocutty,WA,50902,14,34
51645,Wooramel,WA,51102,92,33
51646,Wooroloo,WA,50402,345,2608
51647,Woorree,WA,51104,494,1292
51648,Woottating,WA,50902,41,63
51649,Worsley,WA,50102,17,38
51650,Wubin,WA,50902,45,88
51651,Wundowie,WA,50902,639,1376
51652,Wungong,WA,50601,121,375
51653,Wuraming,WA,50903,0,0
51654,Wyalkatchem,WA,50902,276,362
51655,Wyening,WA,50902,9,19
51656,Wyndham (WA),WA,51001,506,934
51657,Wyola West,WA,50902,16,18
51658,Xantippe,WA,50902,10,14
51659,Yabberup,WA,50103,75,161
51660,Yakamia,WA,50901,1372,3019
51661,Yalardy,WA,51102,0,0
51662,Yalgoo,WA,51104,91,313
51663,Yallabatharra,WA,51104,57,79
51664,Yallingup,WA,50101,1003,1194
51665,Yallingup Siding,WA,50101,188,322
51666,Yalyalup,WA,50101,1157,2943
51667,Yanchep,WA,50503,4353,11028
51668,Yandanooka,WA,51104,15,30
51669,Yandoo Creek,WA,51102,3,3
51670,Yangebup,WA,50701,3068,7658
51671,Yanmah,WA,50103,74,145
51672,Yannarie,WA,51003,35,15
51673,Yarawindah,WA,50902,14,23
51674,Yardarino,WA,51104,29,48
51675,Yarloop,WA,50102,253,539
51676,Yarragadee,WA,51104,11,29
51677,Yathroo,WA,50902,31,77
51678,Yeagarup,WA,50103,76,94
51679,Yeal,WA,50902,0,0
51680,Yealering,WA,50903,52,95
51681,Yelbeni,WA,50902,0,0
51682,Yellowdine,WA,50902,4,0
51683,Yelverton,WA,50101,34,72
51684,Yerecoin,WA,50902,42,66
51685,Yetna,WA,51104,18,27
51686,Yilliminning,WA,50903,13,47
51687,Yoganup,WA,50101,0,10
51688,Yokine,WA,50502,6218,12731
51689,Yoongarillup,WA,50101,39,78
51690,York,WA,50902,1292,2394
51691,Yornaning,WA,50903,34,49
51692,Yornup,WA,50103,44,96
51693,Yoting,WA,50902,5,17
51694,Youndegin,WA,50902,10,33
51695,Youngs Siding,WA,50901,144,317
51696,Yourdamung Lake,WA,50102,7,14
51697,Yuna,WA,51104,16,43
51698,Zanthus,WA,51103,0,0
51699,Zuytdorp,WA,51104,4,0
59494,No usual address (WA),WA,59999,0,8055
59797,Migratory - Offshore - Shipping (WA),WA,59797,177,522
60001,Abbotsham,TAS,60401,36,89
60002,Abels Bay,TAS,60302,102,123
60003,Aberdeen (Tas.),TAS,60402,100,270
60004,Acacia Hills (Tas.),TAS,60402,277,730
60005,Acton (Tas.),TAS,60401,635,1380
60006,Acton Park (Tas.),TAS,60102,763,2301
60007,Adventure Bay,TAS,60302,342,221
60008,Akaroa,TAS,60203,126,129
60009,Alberton (Tas.),TAS,60203,10,14
60010,Alcomie,TAS,60403,24,58
60011,Allens Rivulet,TAS,60104,189,508
60012,Alonnah,TAS,60302,221,158
60013,Ambleside,TAS,60402,311,695
60014,Andover,TAS,60301,16,39
60015,Ansons Bay,TAS,60203,219,52
60016,Antill Ponds,TAS,60301,3,13
60017,Apollo Bay (Tas.),TAS,60302,33,41
60018,Apslawn,TAS,60303,10,15
60019,Apsley (Tas.),TAS,60301,14,44
60020,Arthur River (Tas.),TAS,60403,79,37
60021,Arthurs Lake,TAS,60301,25,6
60022,Austins Ferry,TAS,60103,971,2400
60023,Avoca (Tas.),TAS,60203,111,190
60024,Baden,TAS,60301,17,43
60025,Badger Head,TAS,60202,40,68
60026,Bagdad,TAS,60301,579,1482
60027,Bakers Beach,TAS,60402,56,73
60028,Banca,TAS,60203,3,7
60029,Bangor (Tas.),TAS,60203,37,77
60030,Barnes Bay,TAS,60302,29,28
60031,Barretta,TAS,60104,39,63
60032,Barrington (Tas.),TAS,60402,88,208
60033,Battery Point,TAS,60105,1296,2098
60034,Beaconsfield (Tas.),TAS,60202,664,1359
60034,Beaconsfield (Tas.),TAS,60402,0,0
60035,Beaumaris (Tas.),TAS,60203,207,367
60036,Beauty Point,TAS,60202,717,1279
60037,Beechford,TAS,60203,69,109
60038,Bell Bay,TAS,60203,3,5
60039,Bellerive,TAS,60102,2390,4930
60040,Bellingham,TAS,60203,92,77
60041,Ben Lomond (Tas.),TAS,60203,9,12
60042,Berriedale,TAS,60103,1237,2884
60043,Beulah (Tas.),TAS,60402,36,67
60044,Bicheno,TAS,60303,991,1049
60045,Binalong Bay,TAS,60203,441,317
60046,Birchs Bay,TAS,60302,59,116
60047,Birralee,TAS,60202,77,179
60048,Bishopsbourne,TAS,60203,55,137
60049,Black Hills,TAS,60301,78,201
60050,Black River (Tas.),TAS,60403,23,42
60051,Blackmans Bay,TAS,60104,3146,7735
60052,Blackstone Heights,TAS,60201,483,1243
60053,Blackwall (Tas.),TAS,60202,144,305
60054,Blackwood Creek,TAS,60203,55,120
60055,Blessington,TAS,60203,48,81
60056,Blue Rocks,TAS,60203,20,25
60057,Blumont,TAS,60203,16,29
60058,Boat Harbour (Tas.),TAS,60403,152,335
60059,Boat Harbour Beach,TAS,60403,116,89
60060,Bonnet Hill,TAS,60104,192,517
60061,Boobyalla,TAS,60203,0,5
60062,Boomer Bay,TAS,60106,71,120
60063,Bothwell,TAS,60301,244,497
60064,Boyer,TAS,60103,19,58
60065,Bracknell,TAS,60202,206,491
60066,Bradys Lake,TAS,60301,122,41
60067,Brandum,TAS,60301,84,12
60068,Branxholm,TAS,60203,146,253
60069,Breadalbane (Tas.),TAS,60203,42,103
60070,Bream Creek,TAS,60106,64,126
60071,Breona,TAS,60301,63,10
60072,Bridgenorth,TAS,60202,157,404
60073,Bridgewater (Tas.),TAS,60101,1889,4606
60074,Bridport,TAS,60203,1195,1754
60075,Brighton (Tas.),TAS,60101,1945,4927
60075,Brighton (Tas.),TAS,60301,19,48
60076,Brittons Swamp,TAS,60403,16,36
60077,Broadmarsh,TAS,60301,61,159
60078,Broadmeadows (Tas.),TAS,60403,23,61
60079,Bronte Park,TAS,60301,114,42
60080,Brooklyn (Tas.),TAS,60401,275,540
60081,Brooks Bay,TAS,60302,34,51
60082,Buckland (Tas.),TAS,60303,108,185
60083,Bungaree (Tas.),TAS,60403,5,9
60084,Burnie,TAS,60401,490,697
60085,Burns Creek,TAS,60203,14,24
60086,Bushy Park (Tas.),TAS,60301,71,149
60087,Butlers Gorge,TAS,60301,0,0
60088,Cairns Bay,TAS,60302,22,47
60089,Calder,TAS,60403,83,229
60090,Cambridge (Tas.),TAS,60102,590,1450
60091,Camdale,TAS,60401,32,69
60092,Camena,TAS,60401,11,24
60093,Campania,TAS,60106,60,155
60093,Campania,TAS,60301,408,1003
60094,Campbell Town,TAS,60203,526,1011
60095,Cape Barren Island,TAS,60203,39,64
60096,Cape Pillar,TAS,60303,0,0
60097,Cape Portland,TAS,60203,3,8
60098,Cape Raoul,TAS,60303,0,0
60099,Carlton (Tas.),TAS,60106,655,1372
60100,Carlton River,TAS,60106,167,344
60101,Carrick (Tas.),TAS,60202,297,725
60102,Castle Forbes Bay,TAS,60302,77,176
60103,Castra,TAS,60401,16,41
60104,Caveside,TAS,60202,65,142
60105,Central Plateau,TAS,60202,0,0
60105,Central Plateau,TAS,60301,0,0
60106,Cethana,TAS,60402,0,0
60107,Chain Of Lagoons,TAS,60203,23,29
60108,Charlotte Cove,TAS,60302,43,48
60109,Chasm Creek,TAS,60401,29,53
60110,Chigwell,TAS,60103,909,2040
60111,Christmas Hills (Tas.),TAS,60403,56,127
60112,Chudleigh,TAS,60202,92,215
60113,Claremont (Tas.),TAS,60103,3745,8388
60114,Clarence Point,TAS,60202,178,263
60115,Clarendon Vale,TAS,60102,635,1644
60116,Claude Road,TAS,60402,126,271
60117,Cleveland (Tas.),TAS,60203,25,50
60118,Clifton Beach (Tas.),TAS,60102,235,619
60119,Cluan,TAS,60202,22,36
60120,Colebrook,TAS,60301,175,364
60121,Coles Bay,TAS,60303,660,511
60122,Collinsvale,TAS,60103,264,581
60122,Collinsvale,TAS,60301,11,44
60123,Conara,TAS,60203,57,127
60124,Coningham,TAS,60104,144,322
60125,Connellys Marsh,TAS,60106,51,40
60126,Cooee,TAS,60401,298,610
60127,Copping,TAS,60106,87,200
60128,Corinna,TAS,60403,0,0
60129,Cornwall (Tas.),TAS,60203,45,82
60130,Couta Rocks,TAS,60403,13,7
60131,Cowrie Point,TAS,60403,13,16
60132,Crabtree,TAS,60302,136,308
60133,Cradle Mountain,TAS,60202,0,0
60133,Cradle Mountain,TAS,60402,21,148
60133,Cradle Mountain,TAS,60403,0,0
60134,Cradoc,TAS,60302,207,453
60135,Cramps Bay,TAS,60301,46,13
60136,Cranbrook (Tas.),TAS,60303,36,60
60137,Crayfish Creek,TAS,60403,78,69
60138,Cremorne (Tas.),TAS,60102,260,601
60139,Cressy (Tas.),TAS,60203,495,1150
60140,Cuckoo,TAS,60203,18,44
60141,Cuprona,TAS,60401,66,145
60142,Currie,TAS,60403,445,776
60143,Cygnet,TAS,60302,780,1740
60144,Dairy Plains,TAS,60202,27,66
60145,Deddington,TAS,60203,45,85
60146,Dee,TAS,60301,25,8
60147,Deep Bay,TAS,60302,156,268
60148,Deloraine,TAS,60202,1420,3009
60149,Dennes Point,TAS,60302,167,52
60150,Derby (Tas.),TAS,60203,129,113
60151,Derwent Bridge,TAS,60301,31,40
60152,Derwent Park,TAS,60103,332,870
60153,Detention,TAS,60403,9,35
60154,Deviot,TAS,60202,197,358
60155,Devon Hills,TAS,60203,167,434
60156,Devonport,TAS,60402,6915,14457
60157,Dilston,TAS,60201,0,0
60157,Dilston,TAS,60203,242,554
60158,Doctors Point,TAS,60301,82,8
60159,Doctors Rocks,TAS,60401,46,89
60160,Dodges Ferry,TAS,60106,1372,2627
60161,Dolphin Sands,TAS,60303,255,177
60162,Don,TAS,60402,265,645
60163,Douglas River,TAS,60203,13,39
60163,Douglas River,TAS,60303,16,26
60164,Douglas-Apsley,TAS,60203,0,0
60164,Douglas-Apsley,TAS,60303,0,0
60165,Dover,TAS,60302,581,915
60166,Downlands,TAS,60401,92,237
60167,Dowsing Point,TAS,60103,33,78
60168,Dromedary (Tas.),TAS,60101,294,786
60168,Dromedary (Tas.),TAS,60301,33,65
60169,Dulcot,TAS,60102,97,238
60170,Dunalley,TAS,60106,168,328
60170,Dunalley,TAS,60303,5,6
60171,Dunorlan,TAS,60202,62,145
60172,Dynnyrne,TAS,60105,597,1631
60173,Dysart (Tas.),TAS,60301,105,250
60174,Eaglehawk Neck,TAS,60303,449,429
60175,East Cam,TAS,60401,54,161
60176,East Devonport,TAS,60402,2098,4359
60177,East Launceston,TAS,60201,1043,2255
60178,East Ridgley,TAS,60401,41,91
60179,Eddystone,TAS,60203,0,0
60180,Edgcumbe Beach,TAS,60403,42,58
60181,Edith Creek,TAS,60403,51,114
60182,Egg Lagoon,TAS,60403,13,27
60183,Eggs And Bacon Bay,TAS,60302,114,125
60184,Elderslie (Tas.),TAS,60301,81,168
60185,Electrona,TAS,60104,150,390
60186,Elizabeth Town,TAS,60202,138,300
60187,Ellendale (Tas.),TAS,60301,153,283
60188,Elliott (Tas.),TAS,60403,141,349
60189,Emita,TAS,60203,52,62
60190,Emu Heights (Tas.),TAS,60401,87,180
60191,Epping Forest,TAS,60203,47,87
60192,Erriba,TAS,60402,27,43
60193,Eugenana,TAS,60402,69,165
60194,Evandale (Tas.),TAS,60203,604,1247
60195,Exeter (Tas.),TAS,60202,333,763
60196,Exton,TAS,60202,75,223
60197,Falmouth,TAS,60203,121,139
60198,Fentonbury,TAS,60301,40,88
60199,Fern Tree,TAS,60105,307,771
60200,Fingal (Tas.),TAS,60203,213,429
60201,Fitzgerald (Tas.),TAS,60301,22,33
60202,Flintstone,TAS,60301,107,73
60203,Florentine,TAS,60301,0,0
60204,Flowerdale (Tas.),TAS,60403,107,282
60205,Flowerpot,TAS,60302,53,108
60206,Flowery Gully,TAS,60202,36,82
60207,Forcett,TAS,60106,419,1103
60208,Forest,TAS,60403,204,464
60209,Forester,TAS,60203,4,11
60210,Fortescue (Tas.),TAS,60303,3,0
60211,Forth,TAS,60402,302,730
60212,Forthside,TAS,60402,28,72
60213,Four Mile Creek (Tas.),TAS,60203,68,110
60214,Frankford,TAS,60202,74,158
60214,Frankford,TAS,60402,6,5
60215,Franklin (Tas.),TAS,60302,525,1324
60216,Freycinet,TAS,60303,7,0
60217,Friendly Beaches,TAS,60303,6,11
60218,Gagebrook,TAS,60101,649,1581
60219,Garden Island (Tas.),TAS,60302,0,0
60220,Garden Island Creek,TAS,60302,148,280
60221,Gardners Bay,TAS,60302,162,340
60222,Gawler (Tas.),TAS,60401,294,710
60223,Geeveston,TAS,60302,632,1427
60224,Geilston Bay,TAS,60102,1560,3462
60225,George Town,TAS,60203,2195,4525
60226,Gladstone (Tas.),TAS,60203,85,124
60227,Glaziers Bay,TAS,60302,45,112
60228,Glebe (Tas.),TAS,60105,278,563
60229,Glen Huon,TAS,60302,293,734
60230,Glendevie,TAS,60302,43,87
60231,Glenfern (Tas.),TAS,60301,63,176
60232,Glengarry (Tas.),TAS,60202,207,549
60233,Glenlusk,TAS,60103,75,211
60234,Glenora,TAS,60301,42,90
60235,Glenorchy (Tas.),TAS,60103,5327,11991
60236,Golconda,TAS,60203,18,23
60237,Golden Valley,TAS,60202,112,223
60238,Goodwood (Tas.),TAS,60103,487,1136
60239,Gordon (Tas.),TAS,60302,122,207
60240,Gormanston,TAS,60403,34,32
60241,Goshen,TAS,60203,42,95
60242,Goulds Country,TAS,60203,43,91
60243,Gowrie Park,TAS,60402,25,41
60244,Granton,TAS,60101,0,0
60244,Granton,TAS,60103,692,1889
60245,Granville Harbour,TAS,60403,85,30
60246,Grasstree Hill,TAS,60102,51,108
60247,Grassy,TAS,60403,74,118
60248,Gravelly Beach,TAS,60202,287,643
60249,Gray (Tas.),TAS,60203,33,71
60250,Great Bay,TAS,60302,62,88
60251,Greens Beach,TAS,60202,405,253
60252,Gretna,TAS,60301,95,254
60253,Grindelwald,TAS,60202,431,1027
60254,Grove,TAS,60302,215,531
60255,Guildford (Tas.),TAS,60403,0,0
60256,Gunns Plains,TAS,60401,101,196
60257,Hadspen,TAS,60202,1045,2449
60258,Hagley,TAS,60202,145,341
60259,Hamilton (Tas.),TAS,60301,131,242
60260,Hampshire,TAS,60401,25,51
60261,Harford,TAS,60402,37,94
60262,Hastings (Tas.),TAS,60302,41,59
60263,Havenview,TAS,60401,303,725
60264,Hawley Beach,TAS,60402,385,584
60265,Hayes,TAS,60301,40,109
60266,Hellyer,TAS,60403,120,187
60267,Henrietta,TAS,60403,54,137
60268,Herdsmans Cove,TAS,60101,478,1211
60269,Hermitage,TAS,60301,3,6
60270,Herrick,TAS,60203,22,47
60271,Heybridge,TAS,60401,213,446
60272,Highclere,TAS,60401,51,119
60273,Highcroft,TAS,60303,32,42
60274,Hillcrest (Tas.),TAS,60401,521,1091
60275,Hillwood,TAS,60203,264,598
60276,Hobart,TAS,60105,1508,3380
60277,Hollow Tree,TAS,60301,16,33
60278,Holwell,TAS,60202,35,83
60278,Holwell,TAS,60402,0,0
60279,Honeywood,TAS,60101,168,529
60280,Howden,TAS,60104,265,717
60281,Howrah,TAS,60102,4085,9567
60282,Howth,TAS,60401,22,61
60283,Huntingfield,TAS,60104,207,540
60284,Huon Island,TAS,60302,3,7
60285,Huonville,TAS,60302,1275,3006
60286,Ida Bay,TAS,60302,8,9
60287,Interlaken,TAS,60301,44,25
60288,Invermay (Tas.),TAS,60201,1621,3517
60289,Irishtown (Tas.),TAS,60403,129,313
60290,Jackeys Marsh,TAS,60202,33,41
60291,Jericho (Tas.),TAS,60301,27,51
60292,Jetsonville,TAS,60203,58,147
60293,Judbury,TAS,60302,170,410
60294,Kamona,TAS,60203,6,9
60295,Kaoota,TAS,60104,77,187
60295,Kaoota,TAS,60302,19,44
60296,Karanja,TAS,60301,15,31
60297,Karoola,TAS,60203,141,346
60298,Kayena,TAS,60202,125,215
60299,Kellevie,TAS,60106,69,185
60300,Kelso (Tas.),TAS,60202,143,182
60301,Kempton,TAS,60301,193,422
60302,Kettering,TAS,60302,428,930
60303,Killiecrankie,TAS,60203,40,31
60304,Kimberley (Tas.),TAS,60202,63,124
60305,Kindred,TAS,60401,123,211
60306,Kings Meadows,TAS,60201,1979,4353
60307,Kingston (Tas.),TAS,60104,5112,12294
60308,Kingston Beach,TAS,60104,1043,2309
60309,Koonya,TAS,60303,101,139
60310,Lachlan,TAS,60301,364,958
60311,Lackrana,TAS,60203,32,55
60312,Lady Barron,TAS,60203,134,174
60313,Lake Leake,TAS,60203,135,59
60313,Lake Leake,TAS,60303,0,4
60314,Lake Margaret,TAS,60403,0,0
60315,Lake Sorell,TAS,60203,0,0
60315,Lake Sorell,TAS,60301,0,0
60316,Lake St Clair,TAS,60202,0,0
60316,Lake St Clair,TAS,60301,17,9
60316,Lake St Clair,TAS,60403,0,0
60317,Lalla,TAS,60203,46,86
60318,Lanena,TAS,60202,162,354
60319,Lapoinya,TAS,60403,59,144
60320,Latrobe,TAS,60402,2246,5023
60321,Lauderdale,TAS,60102,1043,2599
60322,Launceston,TAS,60201,1832,3108
60323,Lawitta,TAS,60103,97,225
60324,Lebrina,TAS,60203,92,221
60325,Leeka,TAS,60203,21,13
60326,Lefroy,TAS,60203,38,82
60327,Legana,TAS,60201,1866,4696
60328,Legerwood,TAS,60203,97,205
60329,Leith,TAS,60402,204,505
60330,Lemont,TAS,60203,0,0
60330,Lemont,TAS,60301,16,26
60331,Lenah Valley,TAS,60105,2721,6508
60332,Leslie Vale,TAS,60104,144,392
60333,Levendale,TAS,60301,69,135
60334,Lewisham (Tas.),TAS,60106,368,807
60335,Liawenee,TAS,60301,10,0
60336,Liena,TAS,60202,18,31
60336,Liena,TAS,60402,0,0
60337,Lietinna,TAS,60203,24,55
60338,Liffey,TAS,60202,66,160
60339,Lileah,TAS,60403,37,79
60340,Lillico (Tas.),TAS,60402,10,24
60341,Lilydale (Tas.),TAS,60203,295,661
60342,Lindisfarne,TAS,60102,2854,6628
60343,Lisle,TAS,60203,0,0
60344,Little Pine Lagoon,TAS,60301,17,3
60345,Little Swanport,TAS,60303,121,147
60346,Loccota,TAS,60203,22,25
60347,Loira,TAS,60202,69,159
60348,London Lakes,TAS,60301,50,12
60349,Long Reach,TAS,60203,0,0
60350,Longford (Tas.),TAS,60203,1951,4257
60351,Longley,TAS,60104,90,241
60352,Lonnavale,TAS,60302,52,116
60353,Loongana,TAS,60401,13,16
60354,Loorana,TAS,60403,61,140
60355,Lorinna,TAS,60402,48,81
60356,Lottah,TAS,60203,16,16
60357,Low Head,TAS,60203,433,619
60358,Lower Barrington,TAS,60402,106,285
60359,Lower Beulah,TAS,60402,25,43
60360,Lower Longley,TAS,60104,83,192
60360,Lower Longley,TAS,60302,31,76
60361,Lower Marshes,TAS,60301,15,24
60362,Lower Snug,TAS,60104,193,466
60363,Lower Turners Marsh,TAS,60203,13,29
60364,Lower Wattle Grove,TAS,60302,41,102
60365,Lower Wilmot,TAS,60402,58,135
60366,Loyetea,TAS,60401,14,20
60367,Lucaston,TAS,60302,170,430
60368,Lughrata,TAS,60203,10,14
60369,Luina,TAS,60403,0,0
60370,Lulworth,TAS,60203,177,161
60371,Lunawanna,TAS,60302,152,143
60372,Lune River,TAS,60302,25,38
60373,Lutana,TAS,60103,1166,2600
60374,Lymington,TAS,60302,172,317
60375,Lymwood,TAS,60403,62,105
60376,Macquarie Heads,TAS,60403,0,0
60377,Macquarie Plains,TAS,60301,24,53
60378,Magra,TAS,60103,205,556
60378,Magra,TAS,60301,83,211
60379,Malbina,TAS,60103,28,77
60380,Mangalore (Tas.),TAS,60301,164,434
60381,Mangana,TAS,60203,25,42
60382,Margate (Tas.),TAS,60104,1583,4248
60383,Maria Island,TAS,60303,0,0
60384,Marion Bay (Tas.),TAS,60106,59,61
60385,Marrawah,TAS,60403,92,155
60386,Mathinna,TAS,60203,78,129
60387,Mawbanna,TAS,60403,36,88
60388,Mayberry,TAS,60202,13,18
60389,Maydena,TAS,60301,155,206
60390,Mayfield (Tas.),TAS,60201,671,1524
60391,Meadowbank (Tas.),TAS,60301,10,13
60392,Meander,TAS,60202,162,336
60393,Mella,TAS,60403,36,93
60394,Melrose (Tas.),TAS,60402,43,94
60395,Melton Mowbray,TAS,60301,24,68
60396,Memana,TAS,60203,51,94
60397,Mengha,TAS,60403,64,149
60398,Mersey Forest,TAS,60202,0,0
60398,Mersey Forest,TAS,60402,0,0
60399,Merseylea,TAS,60402,30,71
60400,Meunna,TAS,60403,0,0
60401,Miandetta (Tas.),TAS,60402,793,1820
60402,Middlesex (Tas.),TAS,60202,0,0
60402,Middlesex (Tas.),TAS,60402,4,9
60403,Middleton (Tas.),TAS,60302,140,286
60404,Midway Point,TAS,60106,1455,3384
60405,Miena,TAS,60301,505,125
60406,Milabena,TAS,60403,35,75
60407,Millers Bluff,TAS,60203,0,0
60407,Millers Bluff,TAS,60301,0,0
60408,Moina,TAS,60402,23,33
60409,Mole Creek,TAS,60202,261,526
60409,Mole Creek,TAS,60402,0,0
60410,Molesworth (Tas.),TAS,60103,113,247
60410,Molesworth (Tas.),TAS,60301,171,435
60411,Moltema,TAS,60202,42,89
60412,Montagu,TAS,60403,44,83
60413,Montagu Bay,TAS,60102,337,720
60414,Montana,TAS,60202,25,57
60415,Montello,TAS,60401,609,1242
60416,Montrose (Tas.),TAS,60103,1042,2318
60417,Montumana,TAS,60403,30,46
60418,Moogara,TAS,60301,31,67
60419,Moonah,TAS,60103,2571,5901
60420,Mooreville,TAS,60401,146,382
60421,Moorina (Tas.),TAS,60203,6,11
60422,Moorleah,TAS,60403,66,160
60423,Morass Bay,TAS,60301,32,13
60424,Moriarty,TAS,60402,95,243
60425,Mornington (Tas.),TAS,60102,1021,2476
60426,Mount Direction,TAS,60203,94,248
60427,Mount Field,TAS,60301,0,0
60428,Mount Hicks,TAS,60403,150,356
60429,Mount Lloyd,TAS,60301,39,78
60430,Mount Nelson,TAS,60105,1170,2732
60431,Mount Roland,TAS,60202,0,0
60431,Mount Roland,TAS,60402,0,0
60432,Mount Rumney,TAS,60102,113,298
60433,Mount Seymour,TAS,60301,37,78
60434,Mount Stuart (Tas.),TAS,60105,1085,2431
60435,Mount William,TAS,60203,0,0
60436,Mountain River,TAS,60301,0,0
60436,Mountain River,TAS,60302,239,605
60437,Mowbray (Tas.),TAS,60201,1730,4041
60438,Murdunna,TAS,60303,305,324
60439,Musselroe Bay,TAS,60203,107,25
60440,Myalla (Tas.),TAS,60403,28,66
60441,Myrtle Bank (Tas.),TAS,60203,16,36
60442,Nabageena,TAS,60403,21,34
60443,Nabowla,TAS,60203,67,132
60444,Naracoopa,TAS,60403,62,91
60445,National Park,TAS,60301,59,87
60446,Natone,TAS,60401,122,291
60447,Needles,TAS,60202,19,50
60448,Neika,TAS,60104,85,201
60449,Nelson Bay (Tas.),TAS,60403,25,4
60450,New Norfolk,TAS,60103,2661,6047
60451,New Town (Tas.),TAS,60105,3092,6778
60452,Newnham,TAS,60201,2803,7035
60453,Newstead (Tas.),TAS,60201,2564,5610
60454,Nicholls Rivulet,TAS,60302,170,373
60455,Nietta,TAS,60401,35,63
60456,Nile,TAS,60203,58,124
60457,Nook,TAS,60402,84,199
60458,North Bruny,TAS,60302,126,117
60459,North Hobart,TAS,60105,1336,2570
60460,North Lilydale,TAS,60203,37,82
60461,North Motton,TAS,60401,177,431
60462,North Scottsdale,TAS,60203,60,140
60463,Northdown,TAS,60402,104,262
60464,Norwood (Tas.),TAS,60201,1653,3882
60465,Notley Hills,TAS,60202,23,63
60466,Nowhere Else,TAS,60402,23,49
60467,Nubeena,TAS,60303,352,581
60468,Nugara,TAS,60403,53,109
60469,Nugent,TAS,60106,46,116
60470,Nunamara,TAS,60203,131,307
60471,Oakdowns,TAS,60102,812,1910
60472,Oaks,TAS,60202,13,24
60473,Oatlands (Tas.),TAS,60301,410,721
60474,Ocean Vista,TAS,60401,163,323
60475,Old Beach,TAS,60101,1703,4391
60476,Oldina,TAS,60403,53,139
60477,Oonah,TAS,60403,0,0
60478,Opossum Bay,TAS,60102,294,385
60479,Orford (Tas.),TAS,60303,947,685
60480,Orielton,TAS,60106,159,431
60481,Osmaston,TAS,60202,43,96
60482,Osterley (Tas.),TAS,60301,12,20
60483,Otago,TAS,60101,228,594
60484,Ouse,TAS,60301,180,332
60485,Oyster Cove (Tas.),TAS,60104,48,97
60485,Oyster Cove (Tas.),TAS,60302,101,232
60486,Palana,TAS,60203,24,22
60487,Paloona,TAS,60402,32,84
60488,Paradise (Tas.),TAS,60402,61,131
60489,Parattah,TAS,60301,75,151
60490,Park Grove,TAS,60401,1091,2607
60491,Parkham,TAS,60202,54,111
60492,Parklands (Tas.),TAS,60401,452,857
60493,Parrawe,TAS,60403,0,0
60494,Patersonia,TAS,60203,38,92
60495,Pawleena,TAS,60106,40,109
60496,Pawtella,TAS,60301,14,33
60497,Pearshape,TAS,60403,0,5
60498,Pegarah,TAS,60403,56,143
60499,Pelham (Tas.),TAS,60301,25,24
60500,Pelverata,TAS,60302,118,264
60501,Penguin,TAS,60401,1866,4118
60502,Penna,TAS,60106,178,435
60503,Perth (Tas.),TAS,60203,1478,3474
60504,Petcheys Bay,TAS,60302,95,194
60505,Pioneer (Tas.),TAS,60203,44,81
60506,Pipers Brook,TAS,60203,50,110
60507,Pipers River,TAS,60203,178,434
60508,Plenty (Tas.),TAS,60301,34,66
60509,Poatina,TAS,60203,68,116
60510,Police Point,TAS,60302,56,76
60511,Pontville,TAS,60101,217,623
60511,Pontville,TAS,60301,29,58
60512,Pontypool,TAS,60303,46,53
60513,Port Arthur (Tas.),TAS,60303,324,251
60514,Port Huon,TAS,60302,239,489
60515,Port Latta,TAS,60403,0,0
60516,Port Sorell,TAS,60402,1097,2205
60517,Powranna,TAS,60203,13,30
60518,Premaydena,TAS,60303,83,139
60519,Preolenna,TAS,60403,23,52
60520,Preservation Bay,TAS,60401,41,100
60521,Preston (Tas.),TAS,60401,66,149
60522,Primrose Sands,TAS,60106,1073,1221
60523,Promised Land,TAS,60402,17,32
60524,Prospect (Tas.),TAS,60201,899,1889
60525,Prospect Vale,TAS,60201,2521,5406
60526,Punchbowl (Tas.),TAS,60201,235,499
60527,Pyengana,TAS,60203,48,96
60528,Quamby Bend,TAS,60202,8,28
60529,Quamby Brook,TAS,60202,40,113
60530,Queens Domain,TAS,60105,38,31
60531,Queenstown (Tas.),TAS,60403,1228,1811
60532,Quoiba,TAS,60402,182,419
60533,Railton,TAS,60402,479,1091
60534,Raminea,TAS,60302,25,40
60535,Randalls Bay,TAS,60302,61,53
60536,Ranelagh,TAS,60302,570,1498
60537,Ranga,TAS,60203,33,34
60538,Ravenswood (Tas.),TAS,60201,1726,3819
60539,Recherche,TAS,60302,38,18
60540,Red Hills,TAS,60202,50,124
60541,Redpa,TAS,60403,55,106
60542,Reedy Marsh,TAS,60202,85,197
60543,Reekara,TAS,60403,10,23
60544,Relbia,TAS,60201,233,609
60544,Relbia,TAS,60203,35,82
60545,Renison Bell,TAS,60403,0,0
60546,Retreat (Tas.),TAS,60203,8,18
60547,Reynolds Neck,TAS,60301,76,9
60548,Rheban,TAS,60303,41,21
60549,Rhyndaston,TAS,60301,46,77
60550,Riana,TAS,60401,128,315
60551,Richmond (Tas.),TAS,60106,720,1588
60552,Ridgeway,TAS,60105,76,226
60553,Ridgley,TAS,60401,254,643
60554,Ringarooma,TAS,60203,168,338
60555,Risdon,TAS,60102,94,217
60556,Risdon Vale,TAS,60102,1104,3164
60557,Riverside (Tas.),TAS,60201,3066,7343
60558,Robigana,TAS,60202,47,111
60559,Rocherlea,TAS,60201,464,1036
60560,Roches Beach,TAS,60102,72,224
60561,Rocky Cape,TAS,60403,121,207
60562,Rocky Hills,TAS,60303,13,8
60563,Roger River,TAS,60403,26,51
60564,Rokeby (Tas.),TAS,60102,1782,4231
60565,Roland,TAS,60402,37,84
60566,Romaine,TAS,60401,780,1867
60567,Rose Bay (Tas.),TAS,60102,542,1189
60568,Rosebery (Tas.),TAS,60403,538,748
60569,Rosegarland,TAS,60301,39,92
60570,Rosetta,TAS,60103,1171,2828
60571,Rosevale (Tas.),TAS,60202,55,132
60572,Rosevears,TAS,60202,170,365
60573,Rosny,TAS,60102,373,838
60574,Rosny Park,TAS,60102,0,16
60575,Ross (Tas.),TAS,60203,228,418
60576,Rossarden,TAS,60203,43,42
60577,Round Hill (Tas.),TAS,60401,40,104
60578,Rowella,TAS,60202,81,183
60579,Royal George,TAS,60203,40,59
60579,Royal George,TAS,60303,0,0
60580,Runnymede (Tas.),TAS,60301,40,72
60581,Rushy Lagoon,TAS,60203,19,29
60582,Saltwater River,TAS,60303,129,135
60583,Sandfly,TAS,60104,124,340
60584,Sandford (Tas.),TAS,60102,768,2053
60585,Sandy Bay,TAS,60105,5538,12284
60586,Sassafras (Tas.),TAS,60202,0,0
60586,Sassafras (Tas.),TAS,60402,150,355
60587,Savage River,TAS,60403,25,24
60588,Scamander,TAS,60203,528,812
60589,Schouten Island,TAS,60303,0,0
60590,Scopus,TAS,60403,28,56
60591,Scotchtown,TAS,60403,107,267
60592,Scottsdale,TAS,60203,1129,2391
60593,Sea Elephant,TAS,60403,4,0
60594,Selbourne,TAS,60202,35,71
60595,Seven Mile Beach,TAS,60102,562,1470
60596,Seymour (Tas.),TAS,60203,32,31
60597,Shannon (Tas.),TAS,60301,17,0
60598,Shearwater,TAS,60402,1027,2057
60599,Sheffield,TAS,60402,770,1588
60600,Shorewell Park,TAS,60401,932,2151
60601,Sidmouth,TAS,60202,187,407
60602,Simpsons Bay,TAS,60302,33,49
60603,Sisters Beach,TAS,60403,423,503
60604,Sisters Creek,TAS,60403,55,156
60605,Sloping Main,TAS,60303,102,70
60606,Smithton,TAS,60403,1826,3935
60607,Snug,TAS,60104,550,1435
60608,Somerset (Tas.),TAS,60401,1899,4063
60609,Sorell,TAS,60106,1599,3599
60610,Sorell Creek,TAS,60103,44,96
60610,Sorell Creek,TAS,60301,0,0
60611,South Arm (Tas.),TAS,60102,486,962
60612,South Bruny,TAS,60302,113,99
60613,South Burnie,TAS,60401,174,354
60614,South Forest,TAS,60403,33,100
60615,South Hobart,TAS,60105,2614,5902
60616,South Launceston,TAS,60201,2364,4934
60617,South Mount Cameron,TAS,60203,12,8
60618,South Nietta,TAS,60401,4,9
60619,South Preston,TAS,60401,12,16
60620,South Riana,TAS,60401,88,215
60621,South Spreyton,TAS,60402,195,577
60622,South Springfield,TAS,60203,14,30
60623,Southport (Tas.),TAS,60302,241,154
60624,Southport Lagoon,TAS,60302,0,0
60625,Southwest,TAS,60301,3,0
60625,Southwest,TAS,60403,0,0
60626,Spalford,TAS,60401,20,55
60627,Sprent,TAS,60401,65,161
60628,Spreyton,TAS,60402,811,1873
60629,Spring Beach,TAS,60303,176,126
60630,Springfield (Tas.),TAS,60203,94,224
60631,Squeaking Point,TAS,60402,135,330
60632,St Helens (Tas.),TAS,60203,1356,2218
60633,St Leonards (Tas.),TAS,60201,920,2353
60634,St Marys (Tas.),TAS,60203,420,731
60635,Stanley (Tas.),TAS,60403,358,592
60636,Staverton,TAS,60402,57,98
60637,Steppes,TAS,60301,3,4
60638,Stieglitz,TAS,60203,622,600
60639,Stonehenge (Tas.),TAS,60301,9,14
60640,Stonor,TAS,60301,20,47
60641,Stony Head,TAS,60203,0,0
60642,Stony Rise,TAS,60402,279,730
60643,Stoodley,TAS,60402,18,43
60644,Stormlea,TAS,60303,13,21
60645,Stowport,TAS,60401,196,444
60646,Strahan,TAS,60403,577,694
60647,Strathblane,TAS,60302,78,144
60648,Strathgordon,TAS,60301,9,8
60649,Strickland,TAS,60301,9,23
60650,Strzelecki (Tas.),TAS,60203,0,0
60651,Styx,TAS,60301,0,0
60652,Sulphur Creek,TAS,60401,308,712
60653,Summerhill,TAS,60201,1363,3127
60654,Sunnyside (Tas.),TAS,60402,51,110
60655,Surges Bay,TAS,60302,77,163
60656,Surprise Bay,TAS,60403,0,4
60657,Surveyors Bay,TAS,60302,85,56
60658,Swan Bay (Tas.),TAS,60203,163,454
60659,Swan Point,TAS,60202,138,299
60660,Swansea (Tas.),TAS,60303,710,999
60661,Swanston,TAS,60301,0,4
60662,Table Cape,TAS,60403,45,87
60663,Takone,TAS,60403,33,80
60664,Talawa,TAS,60203,29,61
60665,Taranna,TAS,60303,130,171
60666,Targa,TAS,60203,25,39
60667,Tarleton,TAS,60402,143,376
60668,Taroona,TAS,60104,1299,3107
60669,Tarraleah,TAS,60301,3,4
60670,Tayene,TAS,60203,19,25
60671,Tea Tree,TAS,60101,140,360
60671,Tea Tree,TAS,60301,41,103
60672,Telita,TAS,60203,10,38
60673,Temma,TAS,60403,32,14
60674,Tewkesbury,TAS,60401,41,82
60675,The Gardens (Tas.),TAS,60203,27,16
60676,Thirlstane,TAS,60402,46,108
60677,Tiberias,TAS,60301,3,6
60678,Tinderbox,TAS,60104,161,387
60679,Tods Corner,TAS,60301,51,9
60680,Togari,TAS,60403,52,92
60681,Toiberry,TAS,60203,13,28
60682,Tolmans Hill,TAS,60105,223,640
60683,Tomahawk,TAS,60203,95,52
60684,Tonganah,TAS,60203,11,24
60685,Tooms Lake,TAS,60203,23,8
60685,Tooms Lake,TAS,60303,0,0
60686,Tranmere (Tas.),TAS,60102,855,2210
60687,Travellers Rest,TAS,60202,120,341
60688,Trenah,TAS,60203,4,6
60689,Trevallyn,TAS,60201,2127,4826
60690,Triabunna,TAS,60303,570,893
60691,Trial Harbour,TAS,60403,44,21
60692,Trowutta,TAS,60403,46,88
60693,Tugrah,TAS,60402,169,468
60694,Tulendeena,TAS,60203,7,10
60695,Tullah,TAS,60403,138,198
60696,Tunbridge,TAS,60203,4,12
60696,Tunbridge,TAS,60301,68,108
60697,Tunnack,TAS,60301,102,210
60698,Tunnel,TAS,60203,31,93
60699,Turners Beach,TAS,60401,0,0
60699,Turners Beach,TAS,60402,863,1974
60700,Turners Marsh,TAS,60203,96,266
60701,Tyenna (Tas.),TAS,60301,27,29
60702,Ulverstone,TAS,60401,3249,6615
60703,Underwood (Tas.),TAS,60203,153,392
60704,Upper Blessington,TAS,60203,30,62
60705,Upper Burnie,TAS,60401,989,1900
60706,Upper Castra,TAS,60401,44,85
60707,Upper Esk,TAS,60203,15,25
60708,Upper Natone,TAS,60401,51,109
60709,Upper Scamander,TAS,60203,31,60
60710,Upper Stowport,TAS,60401,45,99
60711,Upper Woodstock,TAS,60302,28,66
60712,Uxbridge,TAS,60301,17,40
60713,Verona Sands,TAS,60302,141,126
60714,Victoria Valley (Tas.),TAS,60301,15,18
60715,Waddamana,TAS,60301,17,3
60716,Walls Of Jerusalem,TAS,60202,0,0
60716,Walls Of Jerusalem,TAS,60301,0,0
60717,Waratah (Tas.),TAS,60403,149,243
60718,Warrane,TAS,60102,1156,2691
60719,Warrentinna,TAS,60203,0,5
60720,Waterhouse,TAS,60203,44,103
60721,Waterloo (Tas.),TAS,60302,51,104
60722,Wattle Grove (Tas.),TAS,60302,57,135
60723,Wattle Hill (Tas.),TAS,60106,78,176
60724,Waverley (Tas.),TAS,60201,733,1587
60725,Wayatinah,TAS,60301,51,18
60726,Weegena,TAS,60202,37,85
60726,Weegena,TAS,60402,6,7
60727,Weetah,TAS,60202,27,75
60728,Weldborough,TAS,60203,27,33
60729,Wellington Park,TAS,60104,0,0
60729,Wellington Park,TAS,60301,0,0
60730,Wesley Vale,TAS,60402,203,484
60731,West Coast,TAS,60402,0,0
60731,West Coast,TAS,60403,13,10
60732,West Hobart,TAS,60105,2980,6527
60733,West Kentish,TAS,60402,81,160
60734,West Launceston,TAS,60201,2064,4341
60735,West Montagu,TAS,60403,22,39
60736,West Moonah,TAS,60103,1861,4502
60737,West Mooreville,TAS,60401,44,116
60738,West Pine,TAS,60401,54,142
60739,West Ridgley,TAS,60401,46,124
60740,West Scottsdale,TAS,60203,32,57
60741,West Takone,TAS,60403,4,3
60742,West Ulverstone,TAS,60401,1976,4510
60743,Westbury (Tas.),TAS,60202,1070,2271
60744,Western Creek (Tas.),TAS,60202,57,128
60745,Western Junction,TAS,60203,48,137
60746,Westerway,TAS,60301,117,213
60747,Westwood (Tas.),TAS,60202,32,88
60748,Weymouth,TAS,60203,146,102
60749,White Beach,TAS,60303,594,304
60750,White Hills (Tas.),TAS,60203,78,170
60751,Whitefoord,TAS,60301,21,46
60752,Whitemark,TAS,60203,214,308
60753,Whitemore,TAS,60202,75,193
60754,Wickham (Tas.),TAS,60403,4,11
60755,Wilburville,TAS,60301,125,21
60756,Wilmot,TAS,60402,160,292
60757,Wiltshire,TAS,60403,17,32
60758,Windermere (Tas.),TAS,60203,111,252
60759,Wingaroo,TAS,60203,0,0
60760,Winkleigh,TAS,60202,80,186
60761,Winnaleah,TAS,60203,122,223
60762,Wivenhoe,TAS,60401,110,240
60763,Woodbridge (Tas.),TAS,60302,241,548
60764,Woodbury (Tas.),TAS,60301,15,31
60765,Woodsdale,TAS,60301,47,86
60766,Woodstock (Tas.),TAS,60302,15,35
60767,Woolnorth,TAS,60403,59,166
60768,Wyena,TAS,60203,12,21
60769,Wynyard,TAS,60401,2994,6267
60770,Yambacoona,TAS,60403,20,41
60771,Yarra Creek,TAS,60403,10,19
60772,Yolla,TAS,60403,138,290
60773,York Plains (Tas.),TAS,60301,30,65
60774,York Town,TAS,60202,37,81
60774,York Town,TAS,60402,0,0
60775,Youngtown,TAS,60201,1885,4332
60776,Zeehan,TAS,60403,490,713
69494,No usual address (Tas.),TAS,69999,0,1377
69797,Migratory - Offshore - Shipping (Tas.),TAS,69797,12,17
70001,Acacia Hills (NT),NT,70103,255,710
70002,Adelaide River,NT,70203,261,313
70003,Alawa,NT,70102,794,2089
70004,Ali Curung,NT,70202,104,393
70005,Alice Springs,NT,70201,133,233
70006,Alpurrurulam,NT,70202,90,350
70007,Alyangula,NT,70204,338,752
70008,Amoonguna,NT,70201,57,229
70009,Ampilatwatja,NT,70201,78,439
70010,Anatye,NT,70201,70,164
70011,Angurugu,NT,70204,224,883
70012,Anindilyakwa,NT,70204,75,372
70013,Anmatjere,NT,70201,248,452
70014,Anula,NT,70102,859,2380
70015,Araluen (NT),NT,70201,1147,2660
70016,Archer,NT,70104,0,3
70017,Areyonga,NT,70201,48,236
70018,Arnold (NT),NT,70205,6,72
70019,Arumbera,NT,70201,137,254
70020,Atitjere,NT,70201,62,204
70021,Baines,NT,70205,105,241
70022,Bakewell,NT,70104,1323,3103
70023,Barunga,NT,70205,100,337
70024,Batchelor,NT,70203,303,397
70025,Bayview (NT),NT,70101,670,1697
70026,Bees Creek,NT,70103,317,804
70027,Bellamack,NT,70104,923,2432
70028,Belyuen,NT,70203,42,149
70029,Berrimah,NT,70102,619,1191
70030,Berry Springs,NT,70103,437,870
70031,Beswick,NT,70205,97,542
70032,Beswick Creek,NT,70205,6,16
70033,Binjari,NT,70205,42,240
70034,Birdum,NT,70205,65,63
70035,Black Jungle,NT,70103,0,0
70036,Blackmore,NT,70103,0,0
70037,Borroloola,NT,70205,340,770
70038,Bradshaw,NT,70205,20,49
70039,Braitling,NT,70201,1397,3145
70040,Brinkin,NT,70102,395,1110
70041,Buchanan (NT),NT,70205,17,80
70042,Buffalo Creek,NT,70102,0,0
70043,Bulman Weemol,NT,70205,58,255
70044,Burrundie,NT,70203,13,8
70045,Burt Plain,NT,70201,129,230
70046,Bynoe,NT,70203,107,97
70047,Bynoe Harbour,NT,70203,0,0
70048,Calvert (NT),NT,70205,27,21
70049,Camp Creek (NT),NT,70203,0,0
70050,Canteen Creek,NT,70202,43,147
70051,Casuarina (NT),NT,70102,75,405
70052,Channel Island,NT,70103,0,0
70053,Charles Darwin,NT,70102,0,0
70054,Charlotte,NT,70203,17,19
70055,Chilla Well,NT,70201,0,0
70056,Ciccone,NT,70201,109,281
70057,Claravale,NT,70203,0,4
70057,Claravale,NT,70205,7,4
70058,Cobourg,NT,70203,36,32
70059,Coconut Grove,NT,70102,1466,2877
70060,Collett Creek,NT,70203,8,0
70061,Connellan,NT,70201,145,368
70062,Coolalinga,NT,70103,377,506
70063,Coomalie Creek,NT,70203,8,8
70064,Coonawarra (NT),NT,70102,6,20
70065,Cossack (NT),NT,70205,784,1297
70066,Costello,NT,70202,18,23
70067,Cox Peninsula,NT,70203,18,6
70068,Creswell,NT,70202,23,54
70069,Daguragu,NT,70205,36,196
70070,Daly,NT,70103,0,0
70071,Daly River,NT,70203,161,117
70072,Daly Waters,NT,70205,162,55
70073,Darwin City,NT,70101,4238,7172
70074,Darwin River,NT,70103,316,630
70075,Darwin River Dam,NT,70203,0,0
70076,Davenport (NT),NT,70202,172,147
70077,Delamere (NT),NT,70205,49,66
70078,Desert Springs,NT,70201,624,1541
70079,Douglas-Daly,NT,70203,114,169
70080,Driver,NT,70104,1126,2740
70081,Dundee Beach,NT,70203,454,249
70082,Dundee Downs,NT,70203,90,107
70083,Dundee Forest,NT,70203,71,87
70084,Durack (NT),NT,70104,1440,3747
70085,East Arm,NT,70102,8,15
70086,East Arnhem,NT,70204,317,1189
70087,East Point,NT,70101,5,0
70088,East Side,NT,70201,1333,3099
70089,Eaton (NT),NT,70101,98,288
70090,Edith (NT),NT,70203,4,5
70090,Edith (NT),NT,70205,104,189
70091,Elliott (NT),NT,70202,124,291
70092,Elrundie,NT,70102,0,0
70093,Elsey,NT,70205,50,12
70094,Emungalan,NT,70205,69,255
70095,Engawala,NT,70201,37,164
70096,Eva Valley,NT,70203,57,101
70097,Fannie Bay,NT,70101,1308,2876
70098,Farrar,NT,70104,564,1666
70099,Finke,NT,70201,61,191
70100,Finniss Valley,NT,70203,126,84
70101,Florina,NT,70205,65,119
70102,Fly Creek,NT,70103,69,193
70103,Flying Fox (NT),NT,70205,46,66
70104,Flynn (NT),NT,70201,33,116
70105,Freds Pass,NT,70103,3,10
70106,Galiwinku,NT,70204,377,2199
70107,Gapuwiyak,NT,70204,174,705
70108,Ghan,NT,70201,173,128
70109,Gillen,NT,70201,1798,4459
70110,Girraween (NT),NT,70103,601,1665
70111,Glyde Point,NT,70103,0,0
70112,Gray (NT),NT,70104,1416,3123
70113,Gregory (NT),NT,70205,80,103
70114,Gulung Mardrulk,NT,70205,6,0
70115,Gunbalanya,NT,70203,288,1172
70116,Gunn,NT,70104,959,2575
70117,Gunn Point,NT,70103,10,3
70118,Gunyangara,NT,70204,64,241
70119,Gurindji,NT,70201,0,0
70119,Gurindji,NT,70205,0,18
70120,Haasts Bluff,NT,70201,38,82
70121,Hale,NT,70201,77,67
70122,Hart (NT),NT,70201,76,100
70123,Herbert,NT,70103,644,1614
70124,Hermannsburg,NT,70201,165,551
70125,Hidden Valley (NT),NT,70102,0,3
70126,Holmes,NT,70102,3,0
70127,Holtze,NT,70103,454,1948
70128,Hotham,NT,70203,0,6
70129,Howard Springs,NT,70103,1430,3139
70130,Hugh,NT,70201,223,902
70131,Hughes (NT),NT,70103,33,73
70132,Humpty Doo,NT,70103,1706,4293
70133,Ilparpa,NT,70201,254,537
70134,Imanpa,NT,70201,40,124
70135,Irlpme,NT,70201,0,0
70136,Jabiru,NT,70203,694,766
70137,Jilkminggan,NT,70205,37,263
70138,Jingili,NT,70102,658,1830
70139,Johnston,NT,70103,13,65
70139,Johnston,NT,70104,892,2301
70140,Kakadu,NT,70203,378,324
70141,Kalkarindji,NT,70205,125,383
70142,Kaltukatjara,NT,70201,82,229
70143,Karama,NT,70102,1789,4784
70144,Katherine,NT,70205,614,1268
70145,Katherine East,NT,70205,1235,3072
70146,Katherine South,NT,70205,896,1508
70147,Kilgariff,NT,70201,171,547
70148,Kintore,NT,70201,122,420
70149,Knuckey Lagoon,NT,70102,151,497
70150,Koolpinyah,NT,70103,0,0
70151,Kunparrka,NT,70201,56,121
70152,Lajamanu,NT,70201,4,4
70152,Lajamanu,NT,70205,163,653
70153,Lake Bennett,NT,70203,110,133
70154,Lake Mackay,NT,70201,43,28
70155,Lambells Lagoon,NT,70103,115,242
70156,Lansdowne (NT),NT,70205,247,500
70157,Laramba,NT,70201,60,189
70158,Larapinta (NT),NT,70201,957,2377
70159,Larrakeyah,NT,70101,1792,3962
70160,Larrimah,NT,70205,18,27
70161,Leanyer,NT,70102,1779,4581
70162,Lee Point,NT,70102,215,94
70163,Limmen,NT,70205,115,206
70164,Litchfield Park,NT,70203,132,35
70165,Livingstone,NT,70103,195,444
70166,Lloyd Creek,NT,70103,78,224
70167,Ludmilla,NT,70101,660,1656
70168,Lyons (NT),NT,70102,723,2212
70169,Malak,NT,70102,1196,3012
70170,Manbulloo,NT,70205,19,14
70171,Mandorah,NT,70203,0,0
70172,Maningrida,NT,70203,463,2518
70173,Manton (NT),NT,70103,29,86
70174,Maranunga,NT,70203,0,0
70175,Margaret River (NT),NT,70203,8,14
70176,Marlow Lagoon,NT,70104,251,766
70177,Marrakai,NT,70203,317,565
70178,Marrara,NT,70102,734,1333
70179,Mataranka,NT,70205,565,384
70180,McArthur,NT,70205,328,399
70181,McMinns Lagoon,NT,70103,250,693
70182,Mereenie,NT,70201,19,4
70183,Micket Creek,NT,70103,3,0
70184,Middle Point,NT,70103,22,55
70185,Milikapiti,NT,70203,134,414
70186,Milingimbi,NT,70204,170,1097
70187,Millner,NT,70102,1136,2561
70188,Milyakburra,NT,70204,45,106
70189,Miniyeri,NT,70205,90,650
70190,Minjilang,NT,70203,61,265
70191,Mitchell (NT),NT,70104,0,0
70192,Moil,NT,70102,738,1995
70193,Moulden,NT,70104,1222,3062
70194,Mount Bundey,NT,70203,41,20
70195,Mount Johns,NT,70201,333,559
70196,Mount Liebig,NT,70201,46,240
70197,Mount Zeil,NT,70201,108,63
70198,Muirhead,NT,70102,1160,3676
70199,Murrumujuk,NT,70103,19,0
70200,Mutitjulu,NT,70201,103,296
70201,Nakara,NT,70102,650,1913
70202,Namatjira,NT,70201,133,164
70203,Nauiyu,NT,70203,100,350
70204,Nemarluk,NT,70203,63,302
70205,Newcastle Waters,NT,70202,34,122
70206,Nganmarriyanga,NT,70203,75,364
70207,Ngukurr,NT,70205,210,1088
70208,Nhulunbuy,NT,70204,1327,3348
70209,Nicholson (NT),NT,70202,23,57
70210,Nightcliff,NT,70102,1815,3887
70211,Nitmiluk,NT,70205,289,212
70212,Noonamah,NT,70103,206,332
70213,Numbulwar,NT,70205,168,681
70214,Numburindi,NT,70205,19,36
70215,Nyirripi,NT,70201,70,251
70216,Palmerston City,NT,70104,115,194
70217,Pamayu,NT,70202,48,40
70218,Papunya,NT,70201,106,438
70219,Parap,NT,70101,1410,2823
70220,Pellew Islands,NT,70205,6,3
70221,Peppimenarti,NT,70203,54,190
70222,Petermann,NT,70201,168,138
70223,Pigeon Hole,NT,70205,20,121
70224,Pine Creek (NT),NT,70203,222,323
70225,Pinelands (NT),NT,70104,12,22
70226,Pirlangimpi,NT,70203,119,317
70227,Point Stuart,NT,70203,77,36
70228,Rakula,NT,70203,68,59
70229,Ramingining,NT,70204,170,814
70230,Ranken,NT,70202,30,51
70231,Rapid Creek,NT,70102,1529,3263
70232,Robin Falls,NT,70203,34,46
70233,Robinson River,NT,70205,60,180
70234,Rosebery (NT),NT,70104,1500,4113
70235,Ross (NT),NT,70201,881,812
70236,Rum Jungle,NT,70203,91,88
70237,Sadadeen,NT,70201,949,2286
70238,Sandover,NT,70201,216,573
70239,Santa Teresa,NT,70201,157,603
70240,Shoal Bay (NT),NT,70103,3,0
70241,Simpson (NT),NT,70201,0,0
70242,Southport (NT),NT,70103,127,217
70243,Stapleton,NT,70203,34,63
70244,Stuart (NT),NT,70201,183,462
70245,Stuart Park,NT,70101,1996,4123
70246,Sturt Plateau,NT,70205,23,37
70247,Tablelands (NT),NT,70202,240,187
70248,Tanami (NT),NT,70201,18,144
70249,Tanami East,NT,70202,19,7
70250,Tara (NT),NT,70202,23,62
70251,Tennant Creek,NT,70202,1397,3073
70252,Thamarrurr,NT,70203,74,188
70253,The Gap (NT),NT,70201,921,1943
70254,The Gardens (NT),NT,70101,388,730
70255,The Narrows (NT),NT,70101,308,635
70256,Ti Tree,NT,70201,75,88
70257,Timber Creek,NT,70205,116,278
70258,Tindal,NT,70205,213,850
70259,Tipperary (NT),NT,70203,27,52
70260,Titjikala,NT,70201,65,196
70261,Tivendale,NT,70102,0,0
70262,Tiwi,NT,70102,940,2498
70263,Tiwi Islands,NT,70203,88,202
70264,Top Springs,NT,70205,11,11
70265,Tortilla Flats,NT,70203,18,37
70266,Tumbling Waters,NT,70103,166,242
70267,Umbakumba,NT,70204,114,419
70268,Undoolya,NT,70201,10,11
70269,Uralla (NT),NT,70205,75,191
70270,Van Diemen Gulf,NT,70203,0,0
70271,Venn,NT,70205,72,183
70272,Vernon Islands,NT,70103,0,0
70273,Victoria River,NT,70205,39,124
70274,Virginia (NT),NT,70103,811,1825
70275,Wadeye,NT,70203,446,1924
70276,Wagait Beach,NT,70203,299,418
70277,Wagaman,NT,70102,714,2020
70278,Wak Wak,NT,70103,5,0
70279,Wallace Rockhole,NT,70201,32,87
70280,Wanguri,NT,70102,653,1838
70281,Warruwi,NT,70203,98,432
70282,Warumungu,NT,70202,163,143
70283,Weddell,NT,70103,34,61
70284,West Arnhem,NT,70203,220,785
70284,West Arnhem,NT,70205,0,0
70285,White Gums,NT,70201,97,182
70286,Wickham (NT),NT,70103,10,10
70287,Willowra,NT,70201,63,222
70288,Wilora,NT,70201,28,59
70289,Wilton (NT),NT,70205,32,118
70290,Winnellie,NT,70101,347,195
70291,Wishart (NT),NT,70102,10,0
70292,Woodroffe,NT,70104,1276,3165
70293,Woolner,NT,70101,444,958
70294,Wulagi,NT,70102,906,2490
70295,Wurrumiyanga,NT,70203,454,1421
70296,Wutunugurra,NT,70202,44,143
70297,Yarralin,NT,70205,73,283
70298,Yarrawonga (NT),NT,70104,34,44
70299,Yirrkala,NT,70204,183,657
70300,Yuelamu,NT,70201,46,149
70301,Yuendumu,NT,70201,237,740
70302,Yulara,NT,70201,851,849
70303,Zuccoli,NT,70104,1429,4147
79494,No usual address (NT),NT,79999,0,3500
79797,Migratory - Offshore - Shipping (NT),NT,79797,72,91
80001,ACT Remainder - Belconnen,ACT,80101,5,43
80002,ACT Remainder - Booth,ACT,80111,25,64
80003,ACT Remainder - Canberra Central,ACT,80105,0,0
80004,ACT Remainder - Coree,ACT,80111,0,15
80005,ACT Remainder - Cotter River,ACT,80111,0,0
80006,ACT Remainder - Gungahlin,ACT,80104,18,14
80007,ACT Remainder - Hall,ACT,80104,0,0
80008,ACT Remainder - Jerrabomberra,ACT,80103,5,65
80009,ACT Remainder - Kowen,ACT,80103,7,25
80010,ACT Remainder - Majura,ACT,80103,39,159
80011,ACT Remainder - Molonglo Valley,ACT,80110,7,17
80012,ACT Remainder - Paddys River,ACT,80111,44,83
80013,ACT Remainder - Rendezvous Creek,ACT,80111,0,0
80014,ACT Remainder - Stromlo,ACT,80111,23,73
80015,ACT Remainder - Tuggeranong,ACT,80107,17,55
80016,ACT Remainder - Weston Creek,ACT,80108,3,0
80017,Acton (ACT),ACT,80105,7,2848
80017,Acton (ACT),ACT,80106,0,0
80018,Ainslie,ACT,80105,2303,5373
80019,Amaroo (ACT),ACT,80104,2139,6121
80020,Aranda,ACT,80101,981,2605
80021,Banks,ACT,80107,1884,5130
80022,Barton,ACT,80105,0,0
80022,Barton,ACT,80106,1177,1954
80023,Beard,ACT,80103,0,3
80024,Belconnen,ACT,80101,4724,8498
80025,Bonner,ACT,80104,2253,7322
80026,Bonython,ACT,80107,1551,3840
80027,Braddon,ACT,80105,4147,6382
80028,Bruce (ACT),ACT,80101,2987,7516
80028,Bruce (ACT),ACT,80105,0,0
80029,Calwell,ACT,80107,2140,5731
80030,Campbell,ACT,80105,2538,6599
80031,Canberra Airport,ACT,80103,56,129
80032,Capital Hill,ACT,80106,3,3
80033,Casey,ACT,80104,2371,6465
80034,Chapman,ACT,80108,1076,2863
80035,Charnwood,ACT,80101,1262,3052
80036,Chifley (ACT),ACT,80109,1180,2685
80037,Chisholm (ACT),ACT,80107,2002,5283
80038,City,ACT,80105,2534,4833
80039,Conder,ACT,80107,1830,5105
80040,Cook,ACT,80101,1341,2963
80041,Coombs,ACT,80110,1909,4834
80042,Crace,ACT,80104,1787,4798
80043,Curtin,ACT,80109,2206,5567
80044,Deakin,ACT,80106,1393,3103
80045,Denman Prospect,ACT,80110,1084,2750
80046,Dickson,ACT,80105,1614,3304
80047,Downer,ACT,80105,1814,4304
80048,Duffy,ACT,80108,1334,3397
80049,Dunlop,ACT,80101,2569,7285
80050,Evatt,ACT,80101,2056,5542
80051,Fadden,ACT,80107,1106,2999
80052,Farrer,ACT,80109,1499,3788
80053,Fisher (ACT),ACT,80108,1328,3201
80054,Florey,ACT,80101,1980,4780
80055,Flynn (ACT),ACT,80101,1318,3679
80056,Forde,ACT,80104,1424,4436
80057,Forrest (ACT),ACT,80106,1006,1821
80058,Franklin (ACT),ACT,80104,2827,7465
80059,Fraser,ACT,80101,789,2137
80060,Fyshwick,ACT,80106,15,52
80061,Garran,ACT,80109,1399,3694
80062,Gilmore (ACT),ACT,80107,980,2686
80063,Giralang,ACT,80101,1298,3360
80064,Gordon (ACT),ACT,80107,3042,7885
80065,Gowrie (ACT),ACT,80107,1168,3121
80066,Greenway,ACT,80107,2420,4124
80067,Griffith (ACT),ACT,80106,2693,5354
80068,Gungahlin,ACT,80104,3665,8569
80069,Hackett,ACT,80105,1328,3226
80070,Hall,ACT,80104,125,297
80071,Harrison,ACT,80104,2964,8258
80072,Hawker (ACT),ACT,80101,1265,3002
80073,Higgins,ACT,80101,1319,3315
80074,Holder (ACT),ACT,80108,1188,2815
80075,Holt,ACT,80101,2503,5632
80076,Hughes (ACT),ACT,80109,1288,3207
80077,Hume,ACT,80103,0,389
80078,Isaacs,ACT,80109,982,2370
80079,Isabella Plains,ACT,80107,1711,4325
80080,Jacka,ACT,80104,254,711
80081,Kaleen,ACT,80101,2904,7694
80082,Kambah,ACT,80107,6321,15635
80083,Kingston (ACT),ACT,80106,4171,6571
80084,Latham (ACT),ACT,80101,1494,3770
80085,Lawson (ACT),ACT,80101,1089,2735
80086,Lyneham,ACT,80105,2878,5708
80087,Lyons (ACT),ACT,80109,1527,3263
80088,Macarthur (ACT),ACT,80107,514,1405
80089,Macgregor (ACT),ACT,80101,2690,7042
80090,Macnamara,ACT,80101,0,0
80091,Macquarie,ACT,80101,1466,3094
80092,Mawson,ACT,80109,1552,3454
80093,McKellar,ACT,80101,1035,2750
80094,Melba,ACT,80101,1291,3375
80095,Mitchell (ACT),ACT,80104,0,8
80096,Molonglo,ACT,80110,0,0
80097,Monash (ACT),ACT,80107,2304,5631
80098,Moncrieff,ACT,80104,1699,5303
80099,Narrabundah,ACT,80106,2790,6490
80100,Ngunnawal,ACT,80104,4326,10945
80101,Nicholls,ACT,80104,2377,6675
80102,O'Connor (ACT),ACT,80105,2499,5917
80103,O'Malley,ACT,80109,357,937
80104,Oaks Estate,ACT,80103,204,378
80105,Oxley (ACT),ACT,80107,655,1710
80106,Page,ACT,80101,1319,3059
80107,Palmerston (ACT),ACT,80104,2171,5582
80108,Parkes (ACT),ACT,80105,0,0
80108,Parkes (ACT),ACT,80106,0,0
80109,Pearce,ACT,80109,1143,2683
80110,Phillip,ACT,80109,3026,5180
80111,Pialligo,ACT,80103,49,137
80112,Red Hill (ACT),ACT,80106,1184,3160
80113,Reid (ACT),ACT,80105,916,1558
80114,Richardson,ACT,80107,1181,3061
80115,Rivett,ACT,80108,1407,3376
80116,Russell,ACT,80105,4,0
80117,Scullin,ACT,80101,1275,3076
80118,Spence (ACT),ACT,80101,1003,2566
80119,Stirling (ACT),ACT,80108,846,2182
80120,Strathnairn,ACT,80101,285,718
80121,Symonston,ACT,80103,401,667
80122,Taylor,ACT,80104,672,2225
80123,Tharwa,ACT,80111,37,82
80124,Theodore (ACT),ACT,80107,1425,3779
80125,Throsby,ACT,80104,775,2410
80126,Torrens,ACT,80109,926,2425
80127,Turner,ACT,80105,2536,4469
80128,Uriarra Village,ACT,80111,100,309
80129,Wanniassa,ACT,80107,3129,7898
80130,Waramanga,ACT,80108,1201,2765
80131,Watson,ACT,80105,2927,6725
80132,Weetangera,ACT,80101,1008,2802
80133,Weston (ACT),ACT,80108,1613,3983
80134,Whitlam,ACT,80110,0,7
80135,Wright,ACT,80110,1610,3791
80136,Yarralumla,ACT,80106,1422,3101
89494,No usual address (ACT),ACT,89999,0,605
89797,Migratory - Offshore - Shipping (ACT),ACT,89797,0,0
90001,Christmas Island,OT,90101,636,1699
90002,Home Island,OT,90102,115,446
90003,Jervis Bay,OT,90103,121,308
90004,Norfolk Island,OT,90104,1239,2185
90005,West Island,OT,90102,87,147
99494,No usual address (OT),OT,99999,0,11
99797,Migratory - Offshore - Shipping (OT),OT,99797,0,0
ZZZZZ,Outside Australia,Z,ZZZZZ,0,0
