sal_code_2021,sal_name_2021,base_date,urban_parcels,urban_median,urban_plain_parcels,urban_plain_median,urban_lot_parcels,urban_lot_median,wider_parcels,wider_median
10002,Abbotsbury,2021-07-01,1265,1072.86,1265,1072.86,1265,747000,1267,1072.86
10002,Abbotsbury,2022-07-01,1265,1244.29,1265,1244.29,1265,867000,1267,1244.29
10002,Abbotsbury,2023-07-01,1265,1181.43,1265,1181.43,1265,823000,1267,1181.43
10002,Abbotsbury,2024-07-01,1266,1352.86,1266,1352.86,1265,943000,1268,1352.86
10002,Abbotsbury,2025-07-01,1266,1528.57,1266,1528.57,1265,1060000,1268,1528.57
10003,Abbotsford (NSW),2021-07-01,971,4420.40,947,4424.96,820,1990000,977,4420.40
10003,Abbotsford (NSW),2022-07-01,1000,5443.04,976,5461.79,840,2550000,1006,5441.28
10003,Abbotsford (NSW),2023-07-01,996,4937.32,972,4944.32,836,2300000,1002,4937.32
10003,Abbotsford (NSW),2024-07-01,998,5354.95,974,5370.00,838,2470000,1004,5346.36
10003,Abbotsford (NSW),2025-07-01,1002,5736.01,978,5754.84,842,2690000,1008,5712.83
10004,Abercrombie,2021-07-01,417,207.09,417,207.09,416,207000,422,206.50
10004,Abercrombie,2022-07-01,454,383.53,454,383.53,453,377000,460,383.09
10004,Abercrombie,2023-07-01,452,383.33,452,383.33,451,377000,458,382.32
10004,Abercrombie,2024-07-01,458,383.77,458,383.77,457,377000,464,383.33
10004,Abercrombie,2025-07-01,458,372.23,458,372.23,457,366000,464,371.64
10006,Aberdare,2021-07-01,933,213.44,924,213.44,878,210000,936,213.44
10006,Aberdare,2022-07-01,955,340.91,916,340.91,897,335000,958,340.91
10006,Aberdare,2023-07-01,950,310.28,946,310.28,893,305000,953,310.28
10006,Aberdare,2024-07-01,951,320.16,947,320.16,893,315000,954,320.16
10006,Aberdare,2025-07-01,955,335.97,951,335.97,897,330000,958,335.97
10007,Aberdeen (NSW),2021-07-01,759,78.00,719,78.29,753,80000,797,76.60
10007,Aberdeen (NSW),2022-07-01,762,117.05,721,117.13,756,120000,803,115.35
10007,Aberdeen (NSW),2023-07-01,762,117.05,741,118.63,756,120000,803,115.35
10007,Aberdeen (NSW),2024-07-01,764,123.04,744,123.35,758,125000,805,120.18
10007,Aberdeen (NSW),2025-07-01,764,137.70,743,138.07,758,140000,805,134.25
10009,Aberglasslyn,2021-07-01,2049,399.61,2049,399.61,2004,258000,2251,387.87
10009,Aberglasslyn,2022-07-01,2084,580.68,2073,580.34,2034,375000,2291,553.51
10009,Aberglasslyn,2023-07-01,2082,552.44,2071,552.40,2032,360000,2289,541.35
10009,Aberglasslyn,2024-07-01,2082,562.04,2071,561.22,2032,370000,2289,547.80
10009,Aberglasslyn,2025-07-01,2084,574.49,2073,574.01,2034,375000,2291,559.53
10010,Abermain,2021-07-01,769,220.84,726,220.70,761,189000,958,216.84
10010,Abermain,2022-07-01,778,368.39,735,367.88,770,315000,983,361.35
10010,Abermain,2023-07-01,774,337.55,755,337.89,766,288000,967,330.76
10010,Abermain,2024-07-01,774,349.22,754,349.92,766,298000,979,342.33
10010,Abermain,2025-07-01,778,367.08,758,367.41,770,313000,983,360.09
10011,Abernethy,2021-07-01,0,,0,,0,,96,175.92
10011,Abernethy,2022-07-01,0,,0,,0,,96,271.78
10011,Abernethy,2023-07-01,0,,0,,0,,96,247.08
10011,Abernethy,2024-07-01,0,,0,,0,,96,254.98
10011,Abernethy,2025-07-01,0,,0,,0,,96,262.89
10014,Acacia Gardens,2021-07-01,1097,1009.49,981,993.33,1085,518000,1100,1008.79
10014,Acacia Gardens,2022-07-01,1097,1268.59,981,1248.33,1085,651000,1100,1267.63
10014,Acacia Gardens,2023-07-01,1097,1328.59,981,1306.67,1085,682000,1100,1327.99
10014,Acacia Gardens,2024-07-01,1101,1591.26,985,1565.00,1089,817000,1104,1590.66
10014,Acacia Gardens,2025-07-01,1101,1745.47,985,1716.67,1089,897000,1104,1742.64
10015,Adaminaby,2021-07-01,0,,0,,0,,274,76.91
10015,Adaminaby,2022-07-01,0,,0,,0,,284,103.03
10015,Adaminaby,2023-07-01,0,,0,,0,,282,142.14
10015,Adaminaby,2024-07-01,0,,0,,0,,282,152.43
10015,Adaminaby,2025-07-01,0,,0,,0,,284,123.82
10016,Adamstown,2021-07-01,1931,1305.72,1849,1314.83,1804,629000,1936,1305.13
10016,Adamstown,2022-07-01,1970,1377.87,1887,1377.79,1834,669000,1975,1377.79
10016,Adamstown,2023-07-01,1964,1301.40,1881,1301.40,1829,630000,1969,1301.04
10016,Adamstown,2024-07-01,1984,1402.75,1901,1400.76,1843,688000,1989,1400.76
10016,Adamstown,2025-07-01,1984,1465.16,1901,1462.74,1843,723000,1989,1463.85
10017,Adamstown Heights,2021-07-01,1994,851.52,1988,851.48,1982,546000,2000,851.48
10017,Adamstown Heights,2022-07-01,1998,964.25,1992,962.31,1986,615000,2004,962.31
10017,Adamstown Heights,2023-07-01,1996,900.13,1990,899.26,1984,584000,2002,899.26
10017,Adamstown Heights,2024-07-01,2009,987.93,2003,986.70,1997,631000,2015,986.70
10017,Adamstown Heights,2025-07-01,2009,1067.10,2003,1063.80,1997,680000,2015,1063.80
10018,Adelong,2021-07-01,0,,0,,0,,456,40.43
10018,Adelong,2022-07-01,0,,0,,0,,463,41.40
10018,Adelong,2023-07-01,0,,0,,0,,463,43.03
10018,Adelong,2024-07-01,0,,0,,0,,463,43.03
10018,Adelong,2025-07-01,0,,0,,0,,463,52.89
10021,Agnes Banks,2021-07-01,147,548.43,144,548.47,147,424000,149,548.36
10021,Agnes Banks,2022-07-01,147,687.19,144,687.24,147,531000,149,687.10
10021,Agnes Banks,2023-07-01,147,634.33,144,634.38,147,490000,149,634.25
10021,Agnes Banks,2024-07-01,147,713.53,144,713.62,147,551000,149,713.15
10021,Agnes Banks,2025-07-01,147,713.53,144,713.62,147,551000,149,713.15
10022,Airds,2021-07-01,1098,681.65,1097,681.74,1098,355000,1106,680.04
10022,Airds,2022-07-01,1332,898.47,1331,898.47,1332,454000,1341,898.29
10022,Airds,2023-07-01,1318,868.34,1317,868.34,1318,439000,1327,868.02
10022,Airds,2024-07-01,1318,1029.65,1317,1029.70,1318,521000,1327,1027.99
10022,Airds,2025-07-01,1332,1149.84,1331,1150.03,1332,582000,1341,1147.97
10023,Akolele,2021-07-01,54,310.02,53,312.00,54,260000,55,308.04
10023,Akolele,2022-07-01,54,481.06,53,484.13,54,403500,55,477.99
10023,Akolele,2023-07-01,54,445.07,53,447.55,54,373500,55,442.58
10023,Akolele,2024-07-01,54,462.53,53,464.77,54,388000,55,460.29
10023,Akolele,2025-07-01,54,449.58,53,451.86,54,377000,55,447.30
10024,Albert,2021-07-01,0,,0,,0,,32,0.96
10024,Albert,2022-07-01,0,,0,,0,,35,1.11
10024,Albert,2023-07-01,0,,0,,0,,35,1.11
10024,Albert,2024-07-01,0,,0,,0,,35,1.11
10024,Albert,2025-07-01,0,,0,,0,,35,1.11
10025,Albion Park,2021-07-01,4526,626.42,4512,626.65,4344,375000,4549,625.62
10025,Albion Park,2022-07-01,4592,758.95,4578,759.47,4401,453000,4619,758.33
10025,Albion Park,2023-07-01,4540,807.00,4499,806.48,4354,482000,4563,806.35
10025,Albion Park,2024-07-01,4584,805.00,4543,804.84,4396,482000,4611,804.50
10025,Albion Park,2025-07-01,4592,780.26,4551,780.00,4401,467000,4619,779.69
10026,Albion Park Rail,2021-07-01,2226,596.59,2223,596.54,2096,353000,2242,595.09
10026,Albion Park Rail,2022-07-01,2249,786.38,2246,786.31,2110,463000,2265,784.49
10026,Albion Park Rail,2023-07-01,2232,704.67,2229,704.67,2100,414000,2248,704.54
10026,Albion Park Rail,2024-07-01,2243,711.34,2240,711.34,2107,419000,2259,710.83
10026,Albion Park Rail,2025-07-01,2250,711.34,2247,711.34,2111,419000,2266,710.83
10027,Albury,2021-07-01,1785,377.13,1501,370.41,1674,290000,1798,376.23
10027,Albury,2022-07-01,1810,599.84,1517,588.07,1699,460000,1824,598.45
10027,Albury,2023-07-01,1810,602.17,1518,591.15,1699,462000,1824,600.22
10027,Albury,2024-07-01,1810,607.03,1518,597.05,1699,464000,1824,606.20
10027,Albury,2025-07-01,1810,617.76,1518,608.64,1699,470000,1824,616.68
10028,Aldavilla,2021-07-01,0,,0,,0,,229,18.14
10028,Aldavilla,2022-07-01,0,,0,,0,,229,25.70
10028,Aldavilla,2023-07-01,0,,0,,0,,229,27.64
10028,Aldavilla,2024-07-01,0,,0,,0,,229,28.61
10028,Aldavilla,2025-07-01,0,,0,,0,,229,29.29
10029,Alectown,2021-07-01,0,,0,,0,,27,3.65
10029,Alectown,2022-07-01,0,,0,,0,,27,5.45
10029,Alectown,2023-07-01,0,,0,,0,,27,6.53
10029,Alectown,2024-07-01,0,,0,,0,,27,6.53
10029,Alectown,2025-07-01,0,,0,,0,,27,9.79
10030,Alexandria,2021-07-01,1117,7246.38,1100,7246.38,1088,1070000,1119,7246.38
10030,Alexandria,2022-07-01,1137,8338.80,1120,8376.04,1108,1225000,1139,8338.80
10030,Alexandria,2023-07-01,1137,7496.56,1121,7496.56,1108,1090000,1139,7496.56
10030,Alexandria,2024-07-01,1137,8590.60,1121,8596.97,1108,1280000,1139,8586.96
10030,Alexandria,2025-07-01,1137,8849.56,1121,8865.01,1108,1320000,1139,8844.51
10034,Alison (Central Coast - NSW),2021-07-01,0,,0,,0,,12,77.88
10034,Alison (Central Coast - NSW),2022-07-01,0,,0,,0,,12,94.55
10034,Alison (Central Coast - NSW),2023-07-01,0,,0,,0,,12,89.67
10034,Alison (Central Coast - NSW),2024-07-01,0,,0,,0,,12,89.67
10034,Alison (Central Coast - NSW),2025-07-01,0,,0,,0,,12,92.50
10036,Allambie Heights,2021-07-01,2057,1868.89,2049,1867.75,2040,1210000,2067,1867.75
10036,Allambie Heights,2022-07-01,2059,2337.73,2051,2337.30,2042,1510000,2069,2337.30
10036,Allambie Heights,2023-07-01,2059,2018.38,2051,2018.38,2042,1300000,2069,2015.82
10036,Allambie Heights,2024-07-01,2059,2365.45,2051,2365.24,2042,1530000,2069,2365.06
10036,Allambie Heights,2025-07-01,2059,2509.48,2051,2507.15,2042,1620000,2069,2506.73
10038,Allawah,2021-07-01,571,2040.59,570,2041.71,392,1090000,571,2040.59
10038,Allawah,2022-07-01,575,2238.81,574,2239.67,396,1220000,575,2238.81
10038,Allawah,2023-07-01,575,2051.80,574,2052.54,396,1100000,575,2051.80
10038,Allawah,2024-07-01,575,2174.69,574,2175.31,396,1190000,575,2174.69
10038,Allawah,2025-07-01,575,2288.81,574,2288.81,396,1250000,575,2288.81
10040,Allgomera,2021-07-01,0,,0,,0,,32,11.97
10040,Allgomera,2022-07-01,0,,0,,0,,32,20.79
10040,Allgomera,2023-07-01,0,,0,,0,,32,19.74
10040,Allgomera,2024-07-01,0,,0,,0,,32,21.10
10040,Allgomera,2025-07-01,0,,0,,0,,32,22.26
10041,Allworth,2021-07-01,0,,0,,0,,80,157.31
10041,Allworth,2022-07-01,0,,0,,0,,81,167.93
10041,Allworth,2023-07-01,0,,0,,0,,80,172.99
10041,Allworth,2024-07-01,0,,0,,0,,81,177.26
10041,Allworth,2025-07-01,0,,0,,0,,81,197.99
10046,Alstonville,2021-07-01,1735,484.12,1726,484.26,1583,390000,1756,482.27
10046,Alstonville,2022-07-01,1741,622.53,1731,623.08,1586,510000,1762,619.58
10046,Alstonville,2023-07-01,1739,627.53,1728,628.25,1585,510000,1760,625.03
10046,Alstonville,2024-07-01,1741,627.53,1730,628.25,1586,510000,1762,625.03
10046,Alstonville,2025-07-01,1741,631.33,1730,632.38,1586,510000,1762,630.47
10049,Ambarvale,2021-07-01,1778,655.45,1777,655.45,1771,417000,1788,655.23
10049,Ambarvale,2022-07-01,1778,848.04,1777,848.04,1771,540000,1788,848.04
10049,Ambarvale,2023-07-01,1778,815.89,1777,815.89,1771,520000,1788,815.36
10049,Ambarvale,2024-07-01,1778,909.82,1777,909.86,1771,580000,1788,909.09
10049,Ambarvale,2025-07-01,1780,988.30,1779,988.30,1773,630000,1790,987.46
10053,Anambah,2022-07-01,126,655.05,95,643.44,125,330000,132,651.19
10053,Anambah,2023-07-01,125,656.96,94,643.54,125,330000,126,655.05
10053,Anambah,2024-07-01,125,666.27,94,660.31,125,334000,126,665.12
10053,Anambah,2025-07-01,126,662.61,95,653.81,125,334000,132,656.61
10057,Angledool,2021-07-01,0,,0,,0,,26,2.87
10057,Angledool,2022-07-01,0,,0,,0,,30,4.25
10057,Angledool,2023-07-01,0,,0,,0,,26,4.25
10057,Angledool,2024-07-01,0,,0,,0,,28,4.25
10057,Angledool,2025-07-01,0,,0,,0,,30,4.25
10058,Anglers Reach,2021-07-01,0,,0,,0,,141,126.20
10058,Anglers Reach,2022-07-01,0,,0,,0,,141,138.70
10058,Anglers Reach,2023-07-01,0,,0,,0,,141,179.22
10058,Anglers Reach,2024-07-01,0,,0,,0,,141,274.10
10058,Anglers Reach,2025-07-01,0,,0,,0,,141,278.61
10059,Angourie,2021-07-01,111,1810.84,110,1800.26,101,976000,111,1810.84
10059,Angourie,2022-07-01,112,2657.48,111,2652.39,102,1290000,112,2657.48
10059,Angourie,2023-07-01,112,2630.80,111,2609.21,102,1290000,112,2630.80
10059,Angourie,2024-07-01,112,2942.27,111,2933.23,102,1805000,112,2942.27
10059,Angourie,2025-07-01,112,2423.39,111,2371.54,102,1585000,112,2423.39
10061,Anna Bay,2021-07-01,1127,592.54,1105,589.75,1089,363000,1162,587.85
10061,Anna Bay,2022-07-01,1146,853.05,1124,850.00,1106,521000,1187,845.42
10061,Anna Bay,2023-07-01,1139,843.50,1117,839.10,1100,516000,1174,836.61
10061,Anna Bay,2024-07-01,1144,859.09,1122,855.33,1104,526000,1185,851.89
10061,Anna Bay,2025-07-01,1147,943.58,1125,939.39,1106,580000,1188,935.18
10062,Annandale (NSW),2021-07-01,2653,7285.07,2558,7319.38,2565,1480000,2655,7275.60
10062,Annandale (NSW),2022-07-01,2708,7651.72,2612,7692.31,2619,1550000,2710,7650.09
10062,Annandale (NSW),2023-07-01,2708,7061.05,2612,7094.92,2619,1440000,2710,7061.05
10062,Annandale (NSW),2024-07-01,2709,7394.91,2612,7435.75,2620,1505000,2711,7394.23
10062,Annandale (NSW),2025-07-01,2709,7377.05,2612,7426.12,2620,1500000,2711,7369.84
10064,Appin (NSW),2021-07-01,859,431.79,853,437.71,851,419000,870,429.41
10064,Appin (NSW),2022-07-01,1138,771.39,1132,771.43,1130,504000,1151,769.55
10064,Appin (NSW),2023-07-01,865,583.61,833,567.08,857,552000,876,569.57
10064,Appin (NSW),2024-07-01,1044,788.00,1012,777.77,1036,542000,1057,779.91
10064,Appin (NSW),2025-07-01,1138,855.37,1106,852.90,1130,560000,1151,853.15
10070,Arakoon,2021-07-01,77,424.73,76,425.33,74,369000,206,44.10
10070,Arakoon,2022-07-01,81,790.72,80,790.72,78,662000,211,63.10
10070,Arakoon,2023-07-01,77,755.14,76,755.54,74,650000,207,68.20
10070,Arakoon,2024-07-01,81,755.14,80,755.54,78,642500,211,71.60
10070,Arakoon,2025-07-01,81,755.14,80,755.54,78,642500,211,68.00
10071,Araluen (NSW),2021-07-01,0,,0,,0,,55,24.57
10071,Araluen (NSW),2022-07-01,0,,0,,0,,58,47.61
10071,Araluen (NSW),2023-07-01,0,,0,,0,,58,52.28
10071,Araluen (NSW),2024-07-01,0,,0,,0,,58,74.42
10071,Araluen (NSW),2025-07-01,0,,0,,0,,58,74.42
10073,Arcadia (NSW),2021-07-01,15,595.24,13,595.24,15,675000,16,595.24
10073,Arcadia (NSW),2022-07-01,15,823.63,13,823.63,15,934000,16,823.63
10073,Arcadia (NSW),2023-07-01,15,849.21,13,849.21,15,963000,16,849.21
10073,Arcadia (NSW),2024-07-01,15,908.29,13,908.29,15,1030000,16,908.29
10073,Arcadia (NSW),2025-07-01,15,908.29,13,908.29,15,1030000,16,908.29
10074,Arcadia Vale,2021-07-01,645,559.69,581,523.29,645,349000,647,559.69
10074,Arcadia Vale,2022-07-01,649,616.76,581,575.08,649,383000,651,615.50
10074,Arcadia Vale,2023-07-01,647,595.04,581,554.50,647,371000,649,594.91
10074,Arcadia Vale,2024-07-01,647,647.07,579,600.23,647,402000,649,646.51
10074,Arcadia Vale,2025-07-01,649,664.38,581,619.81,649,413000,651,664.21
10077,Ardlethan,2021-07-01,0,,0,,0,,280,11.36
10077,Ardlethan,2022-07-01,0,,0,,0,,284,23.81
10077,Ardlethan,2023-07-01,0,,0,,0,,284,23.81
10077,Ardlethan,2024-07-01,0,,0,,0,,284,26.44
10077,Ardlethan,2025-07-01,0,,0,,0,,284,26.53
10079,Argenton,2021-07-01,491,513.23,489,513.23,481,351000,495,513.23
10079,Argenton,2022-07-01,502,588.52,500,588.66,491,386000,506,588.17
10079,Argenton,2023-07-01,497,617.27,495,617.60,486,398000,501,616.61
10079,Argenton,2024-07-01,502,662.08,500,664.47,491,433000,506,658.95
10079,Argenton,2025-07-01,502,694.78,500,695.54,491,447000,506,694.09
10082,Ariah Park,2021-07-01,0,,0,,0,,201,16.66
10082,Ariah Park,2022-07-01,0,,0,,0,,203,29.81
10082,Ariah Park,2023-07-01,0,,0,,0,,203,40.24
10082,Ariah Park,2024-07-01,0,,0,,0,,203,40.24
10082,Ariah Park,2025-07-01,0,,0,,0,,203,42.21
10085,Armatree,2021-07-01,0,,0,,0,,45,2.89
10085,Armatree,2022-07-01,0,,0,,0,,45,4.50
10085,Armatree,2023-07-01,0,,0,,0,,45,4.50
10085,Armatree,2024-07-01,0,,0,,0,,45,4.50
10085,Armatree,2025-07-01,0,,0,,0,,45,4.67
10086,Armidale,2021-07-01,7485,167.72,7060,166.94,7243,141000,8050,163.88
10086,Armidale,2022-07-01,7724,225.89,7293,224.56,7469,189000,8344,219.79
10086,Armidale,2023-07-01,7674,224.33,7251,223.45,7422,189000,8288,218.75
10086,Armidale,2024-07-01,7724,228.67,7296,228.01,7469,190000,8344,223.45
10086,Armidale,2025-07-01,7724,230.43,7542,229.89,7469,193000,8344,225.74
10087,Arncliffe,2021-07-01,2071,2163.96,2003,2171.58,2004,971000,2079,2162.58
10087,Arncliffe,2022-07-01,2158,2377.75,2089,2377.96,2085,1060000,2167,2377.36
10087,Arncliffe,2023-07-01,2081,2295.35,2014,2308.64,2014,1050000,2090,2295.74
10087,Arncliffe,2024-07-01,2111,2512.56,2043,2512.56,2040,1130000,2120,2512.56
10087,Arncliffe,2025-07-01,2162,2602.30,2096,2602.30,2089,1180000,2171,2602.30
10089,Arrawarra,2021-07-01,48,567.12,48,567.12,48,326500,50,563.72
10089,Arrawarra,2022-07-01,48,960.17,48,960.17,48,553500,50,954.42
10089,Arrawarra,2023-07-01,48,889.05,48,889.05,48,512000,50,883.72
10089,Arrawarra,2024-07-01,48,932.09,48,932.09,48,536500,50,926.51
10089,Arrawarra,2025-07-01,48,932.09,48,932.09,48,536500,50,926.51
10090,Arrawarra Headland,2021-07-01,248,628.00,248,628.00,244,444500,248,628.00
10090,Arrawarra Headland,2022-07-01,249,1070.29,249,1070.29,245,759000,249,1070.29
10090,Arrawarra Headland,2023-07-01,249,990.42,249,990.42,245,702000,249,990.42
10090,Arrawarra Headland,2024-07-01,249,1038.34,249,1038.34,245,736000,249,1038.34
10090,Arrawarra Headland,2025-07-01,249,1038.34,249,1038.34,245,736000,249,1038.34
10091,Artarmon,2021-07-01,1042,3511.01,1037,3512.39,909,2340000,1050,3509.82
10091,Artarmon,2022-07-01,1043,4104.65,1038,4104.65,910,2760000,1051,4104.65
10091,Artarmon,2023-07-01,1043,3731.50,1039,3731.50,910,2510000,1051,3731.50
10091,Artarmon,2024-07-01,1045,3918.08,1041,3918.08,912,2650000,1053,3918.08
10091,Artarmon,2025-07-01,1045,4090.30,1041,4090.30,912,2760000,1053,4090.30
10094,Ashbury,2021-07-01,1184,2868.50,1170,2868.50,1183,1530000,1186,2868.50
10094,Ashbury,2022-07-01,1186,3289.24,1172,3289.24,1185,1760000,1188,3289.24
10094,Ashbury,2023-07-01,1186,3038.97,1172,3038.97,1185,1630000,1188,3038.97
10094,Ashbury,2024-07-01,1186,3342.17,1172,3342.87,1185,1790000,1189,3341.48
10094,Ashbury,2025-07-01,1186,3501.13,1172,3500.56,1185,1860000,1189,3500.00
10095,Ashby (NSW),2021-07-01,52,145.00,49,137.42,52,218000,166,43.54
10095,Ashby (NSW),2022-07-01,52,209.41,49,198.22,52,315000,170,63.23
10095,Ashby (NSW),2023-07-01,52,209.41,49,198.22,52,315000,167,64.08
10095,Ashby (NSW),2024-07-01,52,209.41,49,198.22,52,315000,170,62.91
10095,Ashby (NSW),2025-07-01,52,186.44,49,186.97,52,355000,170,61.02
10096,Ashby Heights,2021-07-01,0,,0,,0,,104,11.32
10096,Ashby Heights,2022-07-01,0,,0,,0,,104,16.73
10096,Ashby Heights,2023-07-01,0,,0,,0,,104,16.58
10096,Ashby Heights,2024-07-01,0,,0,,0,,104,16.58
10096,Ashby Heights,2025-07-01,0,,0,,0,,104,16.07
10098,Ashcroft,2021-07-01,918,798.72,916,798.72,916,500000,923,798.72
10098,Ashcroft,2022-07-01,923,1002.78,921,1004.27,920,625000,928,1002.78
10098,Ashcroft,2023-07-01,923,881.56,921,881.56,920,550000,928,879.76
10098,Ashcroft,2024-07-01,923,968.21,921,968.21,920,600000,928,968.21
10098,Ashcroft,2025-07-01,923,1073.86,921,1073.86,920,670000,928,1072.87
10099,Ashfield (NSW),2021-07-01,3265,3172.24,2819,3163.19,2876,1350000,3285,3168.85
10099,Ashfield (NSW),2022-07-01,3289,3411.51,2840,3403.40,2899,1450000,3310,3408.76
10099,Ashfield (NSW),2023-07-01,3289,3219.13,2840,3217.12,2899,1380000,3310,3213.83
10099,Ashfield (NSW),2024-07-01,3292,3413.35,2842,3407.33,2901,1470000,3313,3408.33
10099,Ashfield (NSW),2025-07-01,3292,3478.95,2842,3488.56,2901,1510000,3313,3476.86
10100,Ashford (NSW),2021-07-01,0,,0,,0,,300,9.84
10100,Ashford (NSW),2022-07-01,0,,0,,0,,307,14.73
10100,Ashford (NSW),2023-07-01,0,,0,,0,,305,14.73
10100,Ashford (NSW),2024-07-01,0,,0,,0,,308,18.21
10100,Ashford (NSW),2025-07-01,0,,0,,0,,308,22.77
10101,Ashley,2021-07-01,0,,0,,0,,146,14.09
10101,Ashley,2022-07-01,0,,0,,0,,152,16.91
10101,Ashley,2023-07-01,0,,0,,0,,152,16.91
10101,Ashley,2024-07-01,0,,0,,0,,152,24.47
10101,Ashley,2025-07-01,0,,0,,0,,152,27.19
10102,Ashmont,2021-07-01,1492,87.26,1435,86.66,1449,69600,1500,87.01
10102,Ashmont,2022-07-01,1497,140.00,1435,138.98,1454,97400,1505,139.86
10102,Ashmont,2023-07-01,1494,182.48,1435,181.22,1451,140000,1502,182.17
10102,Ashmont,2024-07-01,1497,200.24,1435,199.07,1454,153000,1505,200.00
10102,Ashmont,2025-07-01,1497,220.00,1435,218.98,1454,168000,1505,219.31
10103,Ashtonfield,2021-07-01,1575,468.60,1561,467.58,1541,366000,1583,467.92
10103,Ashtonfield,2022-07-01,1579,572.86,1565,571.85,1545,446000,1587,572.31
10103,Ashtonfield,2023-07-01,1579,537.99,1565,537.08,1545,419000,1587,537.22
10103,Ashtonfield,2024-07-01,1579,537.99,1565,537.22,1545,420000,1587,537.62
10103,Ashtonfield,2025-07-01,1579,573.78,1565,572.96,1545,448000,1587,573.40
10104,Asquith,2021-07-01,1015,1301.74,1007,1303.01,957,967000,1023,1301.74
10104,Asquith,2022-07-01,1025,1621.77,1017,1622.06,965,1200000,1034,1621.91
10104,Asquith,2023-07-01,1025,1581.51,1017,1581.51,965,1170000,1034,1581.51
10104,Asquith,2024-07-01,1028,1745.81,1020,1747.79,968,1300000,1037,1745.95
10104,Asquith,2025-07-01,1028,1784.09,1020,1784.27,968,1330000,1037,1784.27
10106,Attunga,2021-07-01,0,,0,,0,,151,45.61
10106,Attunga,2022-07-01,0,,0,,0,,151,65.55
10106,Attunga,2023-07-01,0,,0,,0,,151,93.58
10106,Attunga,2024-07-01,0,,0,,0,,151,107.60
10106,Attunga,2025-07-01,0,,0,,0,,151,111.00
10107,Auburn (NSW),2021-07-01,5334,1477.59,5136,1465.63,4942,747000,5352,1477.59
10107,Auburn (NSW),2022-07-01,5389,1761.40,5188,1749.09,4992,890000,5407,1761.40
10107,Auburn (NSW),2023-07-01,5374,1640.18,5180,1631.32,4979,806000,5392,1640.18
10107,Auburn (NSW),2024-07-01,5374,1819.84,5180,1813.76,4979,912000,5392,1819.84
10107,Auburn (NSW),2025-07-01,5389,2016.84,5196,2008.56,4992,1000000,5407,2016.21
10109,Austinmer,2021-07-01,837,2012.94,828,2007.83,806,1260000,842,2005.79
10109,Austinmer,2022-07-01,844,2638.73,835,2624.01,813,1660000,849,2624.01
10109,Austinmer,2023-07-01,839,2372.23,830,2364.01,808,1490000,844,2355.11
10109,Austinmer,2024-07-01,847,2449.37,838,2449.37,816,1540000,852,2446.83
10109,Austinmer,2025-07-01,847,2391.51,838,2391.51,816,1500000,852,2390.94
10110,Austral,2021-07-01,4179,1200.00,4179,1200.00,4164,384000,4441,1194.54
10110,Austral,2022-07-01,7917,1797.51,7917,1797.51,7897,576000,8230,1789.90
10110,Austral,2023-07-01,7363,1681.66,7363,1681.66,7344,542000,7672,1676.84
10110,Austral,2024-07-01,7363,1774.74,7363,1774.74,7344,572000,7672,1769.25
10110,Austral,2025-07-01,8106,1868.08,8106,1868.08,8086,601000,8419,1864.72
10112,Avalon Beach,2021-07-01,1481,1949.56,1472,1950.00,1428,1380000,1483,1949.56
10112,Avalon Beach,2022-07-01,1491,2573.32,1482,2578.22,1436,1790000,1493,2573.32
10112,Avalon Beach,2023-07-01,1484,2415.18,1475,2416.22,1431,1740000,1486,2415.18
10112,Avalon Beach,2024-07-01,1485,2497.75,1476,2498.89,1431,1850000,1487,2496.61
10112,Avalon Beach,2025-07-01,1491,2538.76,1482,2539.94,1436,1880000,1493,2537.37
10115,Avoca Beach,2021-07-01,1747,981.85,1734,975.77,1658,753000,1751,978.45
10115,Avoca Beach,2022-07-01,1759,1220.12,1745,1217.93,1670,948000,1763,1218.14
10115,Avoca Beach,2023-07-01,1753,1059.11,1739,1051.97,1664,811000,1757,1056.05
10115,Avoca Beach,2024-07-01,1755,1143.93,1741,1134.44,1666,879000,1759,1142.13
10115,Avoca Beach,2025-07-01,1758,1184.95,1744,1183.23,1669,922000,1762,1184.48
10117,Avondale (NSW),2021-07-01,432,526.28,429,526.56,427,344000,446,524.91
10117,Avondale (NSW),2022-07-01,435,729.23,432,729.23,430,481000,449,728.90
10117,Avondale (NSW),2023-07-01,435,720.00,432,720.07,430,475000,449,719.81
10117,Avondale (NSW),2024-07-01,437,735.38,434,735.79,432,485000,451,735.27
10117,Avondale (NSW),2025-07-01,437,727.69,434,728.16,432,480000,451,727.58
10119,Awaba,2021-07-01,135,213.98,133,219.48,135,314000,151,204.65
10119,Awaba,2022-07-01,136,238.60,134,242.58,136,351000,152,226.15
10119,Awaba,2023-07-01,136,216.62,134,220.26,136,319000,152,205.14
10119,Awaba,2024-07-01,136,223.08,134,226.93,136,328000,152,211.32
10119,Awaba,2025-07-01,136,236.53,134,240.74,136,350000,152,224.17
10120,Aylmerton,2021-07-01,66,457.42,66,457.42,66,390000,66,457.42
10120,Aylmerton,2022-07-01,66,632.35,66,632.35,66,533000,66,632.35
10120,Aylmerton,2023-07-01,66,650.00,66,650.00,66,548000,66,650.00
10120,Aylmerton,2024-07-01,66,625.69,66,625.69,66,523000,66,625.69
10120,Aylmerton,2025-07-01,66,625.69,66,625.69,66,523000,66,625.69
10121,Baan Baa,2021-07-01,0,,0,,0,,56,14.83
10121,Baan Baa,2022-07-01,0,,0,,0,,55,16.31
10121,Baan Baa,2023-07-01,0,,0,,0,,56,16.90
10121,Baan Baa,2024-07-01,0,,0,,0,,56,16.90
10121,Baan Baa,2025-07-01,0,,0,,0,,56,25.13
10144,Balaclava (NSW),2021-07-01,209,453.57,209,453.57,208,424000,222,447.76
10144,Balaclava (NSW),2022-07-01,217,562.18,217,562.18,216,519000,230,560.42
10144,Balaclava (NSW),2023-07-01,211,556.76,211,556.76,210,514000,224,552.99
10144,Balaclava (NSW),2024-07-01,215,527.51,215,527.51,214,487000,228,527.51
10144,Balaclava (NSW),2025-07-01,217,574.09,217,574.09,216,530000,230,574.09
10146,Balcolyn,2021-07-01,448,465.34,427,459.64,446,331000,460,460.72
10146,Balcolyn,2022-07-01,451,640.59,427,637.56,449,460000,464,637.56
10146,Balcolyn,2023-07-01,448,649.98,425,642.50,446,460000,460,642.72
10146,Balcolyn,2024-07-01,451,641.29,427,634.27,449,457000,464,634.35
10146,Balcolyn,2025-07-01,451,672.58,427,663.92,449,479000,464,664.61
10154,Balgowlah,2021-07-01,1717,3611.89,1621,3585.78,1377,1800000,1719,3609.30
10154,Balgowlah,2022-07-01,1748,4463.88,1651,4428.35,1407,2210000,1751,4458.09
10154,Balgowlah,2023-07-01,1724,3897.25,1627,3881.45,1384,1950000,1726,3897.25
10154,Balgowlah,2024-07-01,1743,4539.75,1646,4506.74,1403,2260000,1746,4539.75
10154,Balgowlah,2025-07-01,1748,4792.01,1651,4759.20,1407,2360000,1751,4792.01
10155,Balgowlah Heights,2021-07-01,1041,3429.33,1040,3433.57,1036,2100000,1041,3429.33
10155,Balgowlah Heights,2022-07-01,1049,4253.03,1048,4253.03,1044,2600000,1049,4253.03
10155,Balgowlah Heights,2023-07-01,1041,3712.34,1040,3713.99,1036,2270000,1041,3712.34
10155,Balgowlah Heights,2024-07-01,1043,4389.84,1042,4390.20,1038,2680000,1043,4389.84
10155,Balgowlah Heights,2025-07-01,1049,4606.17,1048,4606.17,1044,2810000,1049,4606.17
10156,Balgownie,2021-07-01,1690,1009.61,1684,1009.87,1583,631000,1708,1007.09
10156,Balgownie,2022-07-01,1709,1367.44,1703,1367.44,1598,855000,1727,1364.08
10156,Balgownie,2023-07-01,1701,1181.40,1694,1181.40,1591,739000,1719,1181.40
10156,Balgownie,2024-07-01,1717,1208.21,1710,1207.21,1606,752000,1735,1202.89
10156,Balgownie,2025-07-01,1717,1170.83,1710,1169.61,1606,731000,1735,1168.37
10160,Balldale,2021-07-01,0,,0,,0,,54,5.39
10160,Balldale,2022-07-01,0,,0,,0,,57,11.91
10160,Balldale,2023-07-01,0,,0,,0,,57,11.91
10160,Balldale,2024-07-01,0,,0,,0,,57,13.59
10160,Balldale,2025-07-01,0,,0,,0,,57,14.34
10162,Ballimore,2021-07-01,0,,0,,0,,67,28.08
10162,Ballimore,2022-07-01,0,,0,,0,,68,35.10
10162,Ballimore,2023-07-01,0,,0,,0,,68,35.10
10162,Ballimore,2024-07-01,0,,0,,0,,68,35.10
10162,Ballimore,2025-07-01,0,,0,,0,,68,35.10
10163,Ballina,2021-07-01,2407,731.30,2350,726.10,2025,441000,2438,726.10
10163,Ballina,2022-07-01,2420,972.22,2362,969.92,2029,585000,2451,968.69
10163,Ballina,2023-07-01,2412,944.10,2353,940.90,2026,540000,2443,940.63
10163,Ballina,2024-07-01,2418,935.63,2359,933.41,2029,531000,2449,930.77
10163,Ballina,2025-07-01,2420,940.70,2361,939.86,2029,543000,2451,939.07
10165,Balmain,2021-07-01,2640,8694.52,2416,8700.56,2545,1740000,2651,8682.60
10165,Balmain,2022-07-01,2715,9149.62,2484,9156.79,2618,1830000,2726,9144.18
10165,Balmain,2023-07-01,2715,8487.65,2484,8503.98,2618,1700000,2726,8483.74
10165,Balmain,2024-07-01,2729,8834.88,2497,8856.09,2632,1760000,2740,8825.41
10165,Balmain,2025-07-01,2729,8983.05,2496,9007.24,2632,1790000,2740,8981.66
10166,Balmain East,2021-07-01,446,10884.96,333,10992.80,412,2450000,447,10873.61
10166,Balmain East,2022-07-01,450,11648.91,338,11932.48,416,2620000,451,11648.81
10166,Balmain East,2023-07-01,450,10911.34,338,11124.99,416,2415000,451,10906.52
10166,Balmain East,2024-07-01,451,11350.57,338,11564.92,417,2530000,452,11345.61
10166,Balmain East,2025-07-01,451,11551.43,338,11779.88,417,2580000,452,11548.13
10167,Balmoral (Lake Macquarie - NSW),2021-07-01,275,339.03,259,328.89,273,269000,275,339.03
10167,Balmoral (Lake Macquarie - NSW),2022-07-01,279,451.05,261,438.41,277,356000,279,451.05
10167,Balmoral (Lake Macquarie - NSW),2023-07-01,275,487.87,257,472.11,273,371000,275,487.87
10167,Balmoral (Lake Macquarie - NSW),2024-07-01,279,473.10,261,458.96,277,358000,279,473.10
10167,Balmoral (Lake Macquarie - NSW),2025-07-01,279,491.78,262,479.03,277,371000,279,491.78
10168,Balmoral (Wingecarribee - NSW),2021-07-01,65,228.87,65,228.87,65,375000,106,183.62
10168,Balmoral (Wingecarribee - NSW),2022-07-01,65,262.18,65,262.18,65,430000,106,210.38
10168,Balmoral (Wingecarribee - NSW),2023-07-01,65,262.18,64,262.18,65,430000,106,210.38
10168,Balmoral (Wingecarribee - NSW),2024-07-01,65,252.93,64,252.93,65,430000,106,203.43
10168,Balmoral (Wingecarribee - NSW),2025-07-01,65,311.54,64,311.54,65,530000,106,250.57
10169,Balranald,2021-07-01,0,,0,,0,,628,35.83
10169,Balranald,2022-07-01,0,,0,,0,,646,39.54
10169,Balranald,2023-07-01,0,,0,,0,,640,39.53
10169,Balranald,2024-07-01,0,,0,,0,,648,62.32
10169,Balranald,2025-07-01,0,,0,,0,,648,71.26
10174,Bangalee (NSW),2021-07-01,0,,0,,0,,264,148.76
10174,Bangalee (NSW),2022-07-01,0,,0,,0,,265,227.43
10174,Bangalee (NSW),2023-07-01,0,,0,,0,,264,228.26
10174,Bangalee (NSW),2024-07-01,0,,0,,0,,265,227.43
10174,Bangalee (NSW),2025-07-01,0,,0,,0,,265,227.43
10175,Bangalow,2021-07-01,810,1096.04,794,1098.44,790,808000,828,1088.27
10175,Bangalow,2022-07-01,829,1274.79,795,1276.65,804,933000,847,1269.96
10175,Bangalow,2023-07-01,827,1043.63,793,1044.88,802,773000,845,1040.03
10175,Bangalow,2024-07-01,827,1093.80,793,1093.80,802,818000,845,1090.39
10175,Bangalow,2025-07-01,829,1221.67,795,1226.28,804,913000,847,1214.44
10177,Bango,2021-07-01,0,,0,,0,,17,4.35
10177,Bango,2022-07-01,0,,0,,0,,17,6.09
10177,Bango,2023-07-01,0,,0,,0,,17,6.45
10177,Bango,2024-07-01,0,,0,,0,,17,6.45
10177,Bango,2025-07-01,0,,0,,0,,17,6.43
10178,Bangor (NSW),2021-07-01,549,1222.77,548,1223.78,541,814000,552,1221.59
10178,Bangor (NSW),2022-07-01,550,1354.58,549,1355.70,542,901000,553,1353.06
10178,Bangor (NSW),2023-07-01,550,1287.17,549,1287.84,542,855000,553,1284.36
10178,Bangor (NSW),2024-07-01,551,1377.50,550,1378.64,543,917000,554,1376.65
10178,Bangor (NSW),2025-07-01,551,1408.62,549,1408.62,543,938000,554,1406.90
10179,Banksia,2021-07-01,920,2111.97,894,2119.09,916,895000,920,2111.97
10179,Banksia,2022-07-01,967,2306.17,940,2309.68,962,1000000,967,2306.17
10179,Banksia,2023-07-01,923,2293.40,897,2295.71,918,987000,923,2293.40
10179,Banksia,2024-07-01,957,2471.33,930,2472.72,952,1060000,957,2471.33
10179,Banksia,2025-07-01,967,2567.04,949,2567.04,962,1100000,967,2567.04
10180,Banksmeadow,2021-07-01,11,2022.51,10,2106.80,11,1330000,11,2022.51
10180,Banksmeadow,2022-07-01,11,2113.75,10,2201.85,11,1390000,11,2113.75
10180,Banksmeadow,2023-07-01,11,2043.39,10,2125.48,11,1340000,11,2043.39
10180,Banksmeadow,2024-07-01,11,2197.34,10,2284.83,11,1440000,11,2197.34
10180,Banksmeadow,2025-07-01,11,2211.34,10,2300.07,11,1450000,11,2211.34
10181,Bankstown,2021-07-01,4154,1299.43,4078,1304.50,3833,787000,4178,1297.80
10181,Bankstown,2022-07-01,4234,1607.42,4159,1607.42,3911,944000,4258,1607.42
10181,Bankstown,2023-07-01,4234,1558.07,4159,1565.93,3911,919000,4258,1556.96
10181,Bankstown,2024-07-01,4241,1660.34,4164,1665.93,3918,1010000,4265,1658.54
10181,Bankstown,2025-07-01,4241,1787.46,4165,1792.30,3918,1080000,4265,1786.61
10186,Banora Point,2021-07-01,5041,529.34,4736,522.86,4477,382000,5139,526.46
10186,Banora Point,2022-07-01,5054,662.42,4751,654.87,4484,477000,5154,659.32
10186,Banora Point,2023-07-01,5052,647.90,4749,639.86,4484,466000,5152,644.43
10186,Banora Point,2024-07-01,5059,705.45,4756,698.39,4488,509000,5160,702.76
10186,Banora Point,2025-07-01,5059,764.06,4756,755.44,4488,548000,5160,761.08
10188,Bar Beach,2021-07-01,304,2963.65,297,2990.20,273,1800000,305,2961.90
10188,Bar Beach,2022-07-01,308,3746.21,301,3787.12,277,2270000,309,3746.21
10188,Bar Beach,2023-07-01,308,3586.80,301,3653.65,277,2190000,309,3570.86
10188,Bar Beach,2024-07-01,308,3586.80,301,3653.65,277,2190000,309,3570.86
10188,Bar Beach,2025-07-01,308,3904.98,301,3904.98,277,2400000,309,3904.98
10191,Baradine,2021-07-01,0,,0,,0,,406,5.09
10191,Baradine,2022-07-01,0,,0,,0,,422,9.14
10191,Baradine,2023-07-01,0,,0,,0,,422,9.59
10191,Baradine,2024-07-01,0,,0,,0,,422,9.59
10191,Baradine,2025-07-01,0,,0,,0,,422,8.60
10194,Barden Ridge,2021-07-01,273,1130.37,271,1130.37,264,763000,274,1130.37
10194,Barden Ridge,2022-07-01,273,1251.85,271,1251.85,264,845000,275,1251.85
10194,Barden Ridge,2023-07-01,273,1186.67,271,1186.67,264,801000,275,1186.67
10194,Barden Ridge,2024-07-01,273,1272.78,271,1272.59,264,859000,275,1272.78
10194,Barden Ridge,2025-07-01,273,1300.74,270,1300.26,264,878000,275,1300.74
10195,Bardia,2021-07-01,2124,1626.67,1597,1625.00,2121,454000,2126,1626.67
10195,Bardia,2022-07-01,2163,2056.67,1603,2054.89,2160,564000,2165,2056.67
10195,Bardia,2023-07-01,2159,1957.95,1599,2053.12,2156,557000,2161,1957.74
10195,Bardia,2024-07-01,2159,2298.00,1599,2352.55,2156,641000,2161,2298.00
10195,Bardia,2025-07-01,2163,2460.22,1603,2485.09,2160,677000,2165,2460.22
10196,Bardwell Park,2021-07-01,725,1920.54,720,1922.26,719,1020000,726,1919.98
10196,Bardwell Park,2022-07-01,731,2156.72,726,2158.11,725,1140000,732,2154.54
10196,Bardwell Park,2023-07-01,731,2156.72,726,2158.11,725,1140000,732,2154.54
10196,Bardwell Park,2024-07-01,731,2299.53,726,2300.50,725,1210000,732,2299.29
10196,Bardwell Park,2025-07-01,731,2408.34,725,2408.97,725,1270000,732,2408.34
10197,Bardwell Valley,2021-07-01,701,2017.13,683,2025.46,676,1060000,703,2016.48
10197,Bardwell Valley,2022-07-01,710,2261.82,692,2269.76,683,1180000,712,2259.37
10197,Bardwell Valley,2023-07-01,708,2161.89,690,2171.72,682,1130000,710,2160.50
10197,Bardwell Valley,2024-07-01,710,2318.48,692,2321.57,683,1210000,712,2318.48
10197,Bardwell Valley,2025-07-01,710,2390.94,692,2398.31,683,1270000,712,2390.37
10198,Barellan,2021-07-01,0,,0,,0,,235,7.61
10198,Barellan,2022-07-01,0,,0,,0,,247,9.89
10198,Barellan,2023-07-01,0,,0,,0,,247,20.76
10198,Barellan,2024-07-01,0,,0,,0,,247,20.76
10198,Barellan,2025-07-01,0,,0,,0,,247,20.76
10199,Bargo,2021-07-01,732,348.72,722,349.26,729,388000,1036,310.62
10199,Bargo,2022-07-01,743,517.49,733,518.73,740,584500,1049,434.60
10199,Bargo,2023-07-01,734,452.33,724,453.23,731,523000,1040,387.42
10199,Bargo,2024-07-01,740,463.96,730,466.49,737,533000,1046,406.03
10199,Bargo,2025-07-01,743,466.84,733,468.63,740,532500,1049,406.69
10200,Barham,2021-07-01,615,69.17,615,69.17,601,70000,758,69.04
10200,Barham,2022-07-01,640,98.81,640,98.81,626,100000,792,97.02
10200,Barham,2023-07-01,640,128.46,640,128.46,626,130000,792,126.10
10200,Barham,2024-07-01,640,136.36,640,136.36,626,138000,792,133.25
10200,Barham,2025-07-01,640,149.21,640,149.21,626,151000,792,145.00
10203,Barmedman,2021-07-01,0,,0,,0,,181,16.41
10203,Barmedman,2022-07-01,0,,0,,0,,188,26.25
10203,Barmedman,2023-07-01,0,,0,,0,,188,31.53
10203,Barmedman,2024-07-01,0,,0,,0,,188,38.34
10203,Barmedman,2025-07-01,0,,0,,0,,188,49.80
10205,Barnsley,2021-07-01,635,472.92,626,472.96,635,317000,639,472.92
10205,Barnsley,2022-07-01,645,571.69,636,571.74,645,382000,650,569.98
10205,Barnsley,2023-07-01,637,559.28,628,559.41,637,374000,641,559.02
10205,Barnsley,2024-07-01,646,591.23,637,591.44,646,395000,651,590.43
10205,Barnsley,2025-07-01,646,612.48,637,612.83,646,410000,651,612.24
10206,Barooga,2021-07-01,0,,0,,0,,854,91.18
10206,Barooga,2022-07-01,0,,0,,0,,895,146.25
10206,Barooga,2023-07-01,0,,0,,0,,895,162.92
10206,Barooga,2024-07-01,0,,0,,0,,895,192.58
10206,Barooga,2025-07-01,0,,0,,0,,895,193.68
10207,Barraba,2021-07-01,0,,0,,0,,750,15.22
10207,Barraba,2022-07-01,0,,0,,0,,764,21.37
10207,Barraba,2023-07-01,0,,0,,0,,762,22.25
10207,Barraba,2024-07-01,0,,0,,0,,764,26.81
10207,Barraba,2025-07-01,0,,0,,0,,764,38.39
10208,Barrack Heights,2021-07-01,2166,667.27,2165,667.27,2118,391000,2171,667.27
10208,Barrack Heights,2022-07-01,2174,838.30,2173,838.30,2124,491000,2179,838.30
10208,Barrack Heights,2023-07-01,2166,838.30,2165,838.30,2118,491000,2171,838.30
10208,Barrack Heights,2024-07-01,2169,854.74,2168,854.74,2120,501000,2174,854.74
10208,Barrack Heights,2025-07-01,2174,828.11,2173,828.05,2124,485000,2179,828.03
10209,Barrack Point,2021-07-01,233,1429.70,228,1416.23,221,992000,233,1429.70
10209,Barrack Point,2022-07-01,240,2055.54,235,2043.22,226,1385000,240,2055.54
10209,Barrack Point,2023-07-01,237,1930.66,232,1900.15,224,1325000,237,1930.66
10209,Barrack Point,2024-07-01,238,1992.72,233,1992.72,224,1325000,238,1992.72
10209,Barrack Point,2025-07-01,240,1929.46,235,1927.26,226,1300000,240,1929.46
10217,Barrington (NSW),2021-07-01,0,,0,,0,,116,29.86
10217,Barrington (NSW),2022-07-01,0,,0,,0,,119,41.65
10217,Barrington (NSW),2023-07-01,0,,0,,0,,119,49.78
10217,Barrington (NSW),2024-07-01,0,,0,,0,,119,54.02
10217,Barrington (NSW),2025-07-01,0,,0,,0,,119,58.83
10219,Barry (Blayney - NSW),2021-07-01,0,,0,,0,,48,44.38
10219,Barry (Blayney - NSW),2022-07-01,0,,0,,0,,53,42.07
10219,Barry (Blayney - NSW),2023-07-01,0,,0,,0,,51,55.86
10219,Barry (Blayney - NSW),2024-07-01,0,,0,,0,,53,53.39
10219,Barry (Blayney - NSW),2025-07-01,0,,0,,0,,53,50.91
10223,Basin View,2021-07-01,681,532.13,657,524.80,680,342000,761,500.78
10223,Basin View,2022-07-01,689,701.81,665,691.95,688,451000,776,660.47
10223,Basin View,2023-07-01,689,672.16,664,663.19,688,432000,772,633.47
10223,Basin View,2024-07-01,689,690.28,662,681.16,688,444000,775,649.61
10223,Basin View,2025-07-01,689,647.45,662,639.83,688,417000,776,609.30
10224,Bass Hill,2021-07-01,2474,1196.61,2463,1196.61,2419,685000,2483,1196.61
10224,Bass Hill,2022-07-01,2547,1556.43,2536,1558.02,2490,865500,2557,1556.43
10224,Bass Hill,2023-07-01,2547,1465.11,2536,1467.56,2490,822500,2557,1463.89
10224,Bass Hill,2024-07-01,2563,1578.37,2550,1581.55,2506,878000,2573,1575.54
10224,Bass Hill,2025-07-01,2563,1717.36,2550,1720.33,2506,959000,2573,1717.07
10227,Bateau Bay,2021-07-01,4238,956.95,4238,956.95,4153,548000,4266,954.37
10227,Bateau Bay,2022-07-01,4247,1012.79,4247,1012.79,4159,572000,4275,1011.86
10227,Bateau Bay,2023-07-01,4241,886.64,4241,886.64,4155,501000,4269,886.64
10227,Bateau Bay,2024-07-01,4247,970.15,4247,970.15,4159,546000,4275,965.53
10227,Bateau Bay,2025-07-01,4247,1027.01,4247,1027.01,4159,581000,4275,1025.59
10228,Batehaven,2021-07-01,848,347.11,847,347.17,790,233000,910,332.49
10228,Batehaven,2022-07-01,851,517.61,850,518.63,792,350000,924,499.64
10228,Batehaven,2023-07-01,848,542.26,845,544.75,790,361000,915,523.01
10228,Batehaven,2024-07-01,851,542.77,848,545.25,792,363500,924,523.01
10228,Batehaven,2025-07-01,851,523.11,848,524.30,792,360500,924,517.61
10229,Batemans Bay,2021-07-01,573,454.71,567,454.71,513,316000,588,454.68
10229,Batemans Bay,2022-07-01,578,670.08,572,667.86,515,441000,593,658.41
10229,Batemans Bay,2023-07-01,575,667.99,568,666.68,514,441000,590,658.41
10229,Batemans Bay,2024-07-01,578,667.86,572,666.68,515,441000,593,658.41
10229,Batemans Bay,2025-07-01,578,654.70,572,651.15,515,434000,593,645.54
10231,Bathurst,2021-07-01,2432,342.92,2364,342.14,2315,197000,2464,341.42
10231,Bathurst,2022-07-01,2510,502.26,2410,500.34,2390,287000,2542,500.34
10231,Bathurst,2023-07-01,2504,507.87,2405,506.10,2384,295000,2536,505.48
10231,Bathurst,2024-07-01,2534,522.29,2436,520.21,2413,300000,2566,519.90
10231,Bathurst,2025-07-01,2534,533.84,2435,531.82,2413,307000,2566,531.70
10232,Batlow,2021-07-01,376,50.89,375,50.96,376,43700,422,48.67
10232,Batlow,2022-07-01,379,55.98,378,56.04,379,48000,426,53.46
10232,Batlow,2023-07-01,379,55.98,378,56.04,379,48000,426,53.46
10232,Batlow,2024-07-01,379,55.81,378,55.90,379,48000,426,53.46
10232,Batlow,2025-07-01,379,58.87,378,58.95,379,50500,426,56.22
10233,Baulkham Hills,2021-07-01,9883,1186.78,9581,1184.70,9732,862000,9975,1185.42
10233,Baulkham Hills,2022-07-01,9922,1451.98,9620,1451.98,9768,1050000,10017,1451.98
10233,Baulkham Hills,2023-07-01,9916,1342.94,9614,1341.29,9763,988000,10011,1341.48
10233,Baulkham Hills,2024-07-01,9916,1480.74,9614,1480.74,9763,1090000,10011,1480.74
10233,Baulkham Hills,2025-07-01,9922,1622.01,9620,1613.33,9768,1190000,10017,1620.05
10235,Bawley Point,2021-07-01,4,,4,,4,,722,749.88
10235,Bawley Point,2022-07-01,4,,4,,4,,722,1202.44
10235,Bawley Point,2023-07-01,4,,4,,4,,722,1044.96
10235,Bawley Point,2024-07-01,4,,4,,4,,722,1044.96
10235,Bawley Point,2025-07-01,4,,4,,4,,722,1012.40
10237,Bayview (NSW),2021-07-01,355,1667.39,354,1667.51,352,1260000,569,1374.20
10237,Bayview (NSW),2022-07-01,356,2111.12,355,2112.59,352,1600000,571,1731.45
10237,Bayview (NSW),2023-07-01,355,2109.64,354,2111.12,352,1600000,569,1705.67
10237,Bayview (NSW),2024-07-01,355,2367.97,354,2369.84,352,1780000,570,1899.19
10237,Bayview (NSW),2025-07-01,356,2385.06,355,2390.58,352,1800000,571,1917.23
10238,Beacon Hill,2021-07-01,2309,1819.67,2303,1818.76,2288,1070000,2314,1818.29
10238,Beacon Hill,2022-07-01,2310,2255.74,2304,2254.72,2289,1340000,2315,2254.37
10238,Beacon Hill,2023-07-01,2310,1976.99,2304,1976.99,2289,1160000,2315,1976.99
10238,Beacon Hill,2024-07-01,2310,2289.95,2304,2289.18,2289,1360000,2315,2288.37
10238,Beacon Hill,2025-07-01,2312,2373.70,2306,2372.39,2291,1430000,2317,2372.39
10239,Beaconsfield (NSW),2021-07-01,250,5810.83,241,5815.21,237,810000,250,5810.83
10239,Beaconsfield (NSW),2022-07-01,261,6309.35,252,6312.57,247,893000,261,6309.35
10239,Beaconsfield (NSW),2023-07-01,261,7548.53,252,7548.53,247,1070000,261,7548.53
10239,Beaconsfield (NSW),2024-07-01,261,8267.43,252,8267.43,247,1170000,261,8267.43
10239,Beaconsfield (NSW),2025-07-01,261,8406.43,252,8420.13,247,1240000,261,8406.43
10243,Beaumont Hills,2021-07-01,2649,1267.75,2374,1256.00,2649,669000,2657,1267.07
10243,Beaumont Hills,2022-07-01,2650,1583.33,2375,1559.96,2650,828000,2658,1583.33
10243,Beaumont Hills,2023-07-01,2650,1559.42,2375,1549.40,2650,827000,2658,1558.84
10243,Beaumont Hills,2024-07-01,2650,1666.67,2375,1638.21,2650,871000,2658,1666.67
10243,Beaumont Hills,2025-07-01,2650,1709.44,2375,1683.33,2650,908000,2658,1708.33
10244,Beckom,2021-07-01,0,,0,,0,,49,1.63
10244,Beckom,2022-07-01,0,,0,,0,,51,2.27
10244,Beckom,2023-07-01,0,,0,,0,,51,2.27
10244,Beckom,2024-07-01,0,,0,,0,,51,10.97
10244,Beckom,2025-07-01,0,,0,,0,,51,10.97
10248,Beechwood,2021-07-01,0,,0,,0,,339,74.33
10248,Beechwood,2022-07-01,0,,0,,0,,343,100.07
10248,Beechwood,2023-07-01,0,,0,,0,,341,106.42
10248,Beechwood,2024-07-01,0,,0,,0,,347,106.42
10248,Beechwood,2025-07-01,0,,0,,0,,347,114.72
10249,Beecroft,2021-07-01,2853,1449.80,2711,1452.00,2824,1310000,2876,1447.67
10249,Beecroft,2022-07-01,2878,1833.89,2735,1840.80,2848,1660000,2902,1830.85
10249,Beecroft,2023-07-01,2878,1701.29,2735,1702.43,2848,1520000,2902,1695.48
10249,Beecroft,2024-07-01,2886,1871.38,2742,1871.77,2856,1680000,2910,1869.39
10249,Beecroft,2025-07-01,2886,1963.30,2743,1964.72,2856,1760000,2910,1960.92
10251,Beelbangera,2021-07-01,0,,0,,0,,113,108.72
10251,Beelbangera,2022-07-01,0,,0,,0,,114,130.20
10251,Beelbangera,2023-07-01,0,,0,,0,,114,130.20
10251,Beelbangera,2024-07-01,0,,0,,0,,114,130.20
10251,Beelbangera,2025-07-01,0,,0,,0,,114,136.07
10252,Beemunnel,2021-07-01,0,,0,,0,,12,0.94
10252,Beemunnel,2022-07-01,0,,0,,0,,12,0.98
10252,Beemunnel,2023-07-01,0,,0,,0,,12,1.03
10252,Beemunnel,2024-07-01,0,,0,,0,,12,1.03
10252,Beemunnel,2025-07-01,0,,0,,0,,12,1.13
10253,Bega,2021-07-01,1665,218.40,1585,218.93,1652,168000,1950,206.98
10253,Bega,2022-07-01,1700,315.90,1620,316.30,1681,242000,1988,300.43
10253,Bega,2023-07-01,1694,296.69,1613,296.69,1677,233000,1982,282.32
10253,Bega,2024-07-01,1712,299.76,1631,299.59,1687,233000,2000,285.61
10253,Bega,2025-07-01,1712,312.34,1631,312.34,1687,243000,2000,298.93
10257,Belfield,2021-07-01,1726,1963.96,1720,1965.76,1674,1030000,1732,1963.85
10257,Belfield,2022-07-01,1758,2460.46,1752,2461.97,1705,1260000,1765,2460.02
10257,Belfield,2023-07-01,1757,2326.39,1751,2326.85,1704,1220000,1764,2326.39
10257,Belfield,2024-07-01,1762,2739.49,1757,2740.03,1707,1460000,1769,2739.49
10257,Belfield,2025-07-01,1763,2963.10,1758,2963.10,1708,1570000,1770,2960.68
10261,Belimbla Park,2021-07-01,0,,0,,0,,29,115.76
10261,Belimbla Park,2022-07-01,0,,0,,0,,29,184.73
10261,Belimbla Park,2023-07-01,0,,0,,0,,29,195.81
10261,Belimbla Park,2024-07-01,0,,0,,0,,29,185.96
10261,Belimbla Park,2025-07-01,0,,0,,0,,29,189.66
10263,Bella Vista,2021-07-01,2532,1537.37,2198,1471.79,2506,1050000,2539,1534.09
10263,Bella Vista,2022-07-01,2552,1871.43,2213,1786.22,2526,1270000,2560,1870.76
10263,Bella Vista,2023-07-01,2552,1717.13,2213,1642.86,2526,1160000,2560,1715.19
10263,Bella Vista,2024-07-01,2552,1857.14,2213,1784.95,2526,1260000,2560,1857.14
10263,Bella Vista,2025-07-01,2552,2031.82,2213,1954.99,2526,1390000,2560,2025.68
10264,Bellambi,2021-07-01,947,1037.21,944,1037.21,883,628000,956,1037.21
10264,Bellambi,2022-07-01,959,1385.05,956,1385.05,894,834000,968,1383.39
10264,Bellambi,2023-07-01,954,1240.76,951,1241.50,890,748000,963,1238.02
10264,Bellambi,2024-07-01,967,1296.12,964,1298.68,901,778000,976,1289.33
10264,Bellambi,2025-07-01,967,1276.55,964,1279.40,901,770000,976,1274.09
10266,Bellata,2021-07-01,0,,0,,0,,94,5.19
10266,Bellata,2022-07-01,0,,0,,0,,97,16.61
10266,Bellata,2023-07-01,0,,0,,0,,97,19.72
10266,Bellata,2024-07-01,0,,0,,0,,97,19.72
10266,Bellata,2025-07-01,0,,0,,0,,97,19.72
10268,Bellbird,2021-07-01,1043,266.18,1041,266.18,1035,224000,1103,259.45
10268,Bellbird,2022-07-01,1488,487.13,1390,477.13,1476,342000,1553,477.38
10268,Bellbird,2023-07-01,1474,442.61,1384,435.66,1466,310000,1539,433.09
10268,Bellbird,2024-07-01,1475,450.63,1385,441.20,1466,316000,1540,439.34
10268,Bellbird,2025-07-01,1488,463.83,1398,456.12,1476,326000,1553,449.07
10269,Bellbird Heights,2021-07-01,311,267.40,310,266.87,309,207000,316,266.30
10269,Bellbird Heights,2022-07-01,311,403.64,310,403.64,309,310000,316,403.64
10269,Bellbird Heights,2023-07-01,311,365.58,310,365.58,309,281000,316,365.58
10269,Bellbird Heights,2024-07-01,311,372.38,310,372.38,309,286000,316,372.38
10269,Bellbird Heights,2025-07-01,311,384.61,310,384.61,309,295000,316,384.61
10270,Bellbrook,2021-07-01,0,,0,,0,,48,35.19
10270,Bellbrook,2022-07-01,0,,0,,0,,50,43.12
10270,Bellbrook,2023-07-01,0,,0,,0,,50,61.77
10270,Bellbrook,2024-07-01,0,,0,,0,,50,61.77
10270,Bellbrook,2025-07-01,0,,0,,0,,50,61.77
10271,Bellevue Hill,2021-07-01,2002,5739.94,1832,5774.75,1658,3890000,2011,5738.82
10271,Bellevue Hill,2022-07-01,2058,7147.20,1879,7209.30,1695,4870000,2068,7143.29
10271,Bellevue Hill,2023-07-01,2034,7822.73,1854,7907.50,1681,5330000,2044,7818.11
10271,Bellevue Hill,2024-07-01,2045,9628.19,1865,9698.24,1689,6450000,2055,9626.90
10271,Bellevue Hill,2025-07-01,2058,10820.03,1878,10983.36,1695,7430000,2068,10813.81
10273,Bellingen,2021-07-01,1236,448.27,1161,447.51,1229,343000,1400,433.64
10273,Bellingen,2022-07-01,1306,540.03,1225,539.86,1299,397000,1494,519.70
10273,Bellingen,2023-07-01,1304,512.82,1225,512.12,1297,377000,1490,493.70
10273,Bellingen,2024-07-01,1307,526.53,1225,525.81,1300,387000,1499,506.00
10273,Bellingen,2025-07-01,1307,533.33,1225,532.66,1300,392000,1499,513.18
10276,Belmont (NSW),2021-07-01,2110,726.48,2056,723.00,2057,450000,2118,726.16
10276,Belmont (NSW),2022-07-01,2121,827.82,2067,824.26,2066,513000,2129,826.89
10276,Belmont (NSW),2023-07-01,2120,859.25,2065,848.60,2065,536000,2128,857.41
10276,Belmont (NSW),2024-07-01,2121,908.50,2066,899.47,2066,565000,2129,908.24
10276,Belmont (NSW),2025-07-01,2121,902.53,2067,900.11,2066,560000,2129,902.53
10277,Belmont North,2021-07-01,2152,629.61,2110,627.06,2131,410000,2168,627.97
10277,Belmont North,2022-07-01,2197,741.21,2155,740.80,2176,482000,2213,740.80
10277,Belmont North,2023-07-01,2182,734.92,2140,733.23,2161,477000,2198,733.23
10277,Belmont North,2024-07-01,2188,750.70,2146,749.20,2167,487000,2204,749.20
10277,Belmont North,2025-07-01,2197,789.14,2155,789.09,2176,513000,2213,789.14
10278,Belmont South,2021-07-01,431,709.06,430,709.06,423,394000,432,709.06
10278,Belmont South,2022-07-01,433,862.10,432,862.10,425,479000,434,862.10
10278,Belmont South,2023-07-01,433,836.59,432,836.59,425,465000,434,836.59
10278,Belmont South,2024-07-01,433,870.60,432,870.60,425,512000,434,870.60
10278,Belmont South,2025-07-01,433,904.61,432,904.61,425,532000,434,903.61
10279,Belmore,2021-07-01,2786,1809.10,2742,1804.91,2606,841000,2794,1805.42
10279,Belmore,2022-07-01,2840,2285.96,2796,2283.65,2658,1110000,2848,2283.65
10279,Belmore,2023-07-01,2840,2133.53,2793,2132.19,2658,997000,2848,2132.37
10279,Belmore,2024-07-01,2849,2398.24,2802,2400.81,2666,1140000,2857,2393.68
10279,Belmore,2025-07-01,2849,2614.73,2785,2605.33,2666,1240000,2857,2610.48
10283,Belrose,2021-07-01,2479,1623.84,2200,1609.92,2466,1150000,2497,1623.84
10283,Belrose,2022-07-01,2480,1990.96,2200,1973.41,2466,1400000,2498,1987.81
10283,Belrose,2023-07-01,2480,1680.32,2200,1665.50,2466,1190000,2498,1680.32
10283,Belrose,2024-07-01,2480,1835.64,2200,1819.45,2466,1300000,2498,1835.64
10283,Belrose,2025-07-01,2480,1923.35,2200,1906.24,2466,1350000,2498,1923.35
10284,Bemboka,2021-07-01,0,,0,,0,,219,32.84
10284,Bemboka,2022-07-01,0,,0,,0,,222,69.59
10284,Bemboka,2023-07-01,0,,0,,0,,222,70.14
10284,Bemboka,2024-07-01,0,,0,,0,,223,70.52
10284,Bemboka,2025-07-01,0,,0,,0,,223,72.39
10286,Ben Lomond (NSW),2021-07-01,0,,0,,0,,34,7.02
10286,Ben Lomond (NSW),2022-07-01,0,,0,,0,,34,12.87
10286,Ben Lomond (NSW),2023-07-01,0,,0,,0,,34,13.01
10286,Ben Lomond (NSW),2024-07-01,0,,0,,0,,34,15.37
10286,Ben Lomond (NSW),2025-07-01,0,,0,,0,,34,21.00
10288,Bendalong,2021-07-01,157,1769.23,157,1769.23,157,1180000,157,1769.23
10288,Bendalong,2022-07-01,157,2781.19,157,2781.19,157,1880000,157,2781.19
10288,Bendalong,2023-07-01,157,2384.62,157,2384.62,157,1590000,157,2384.62
10288,Bendalong,2024-07-01,157,2358.55,157,2358.55,157,1590000,157,2358.55
10288,Bendalong,2025-07-01,157,2331.29,157,2331.29,157,1590000,157,2331.29
10289,Bendemeer,2021-07-01,0,,0,,0,,146,15.44
10289,Bendemeer,2022-07-01,0,,0,,0,,155,32.31
10289,Bendemeer,2023-07-01,0,,0,,0,,153,31.39
10289,Bendemeer,2024-07-01,0,,0,,0,,155,34.35
10289,Bendemeer,2025-07-01,0,,0,,0,,155,44.72
10290,Bendick Murrell,2021-07-01,0,,0,,0,,83,12.51
10290,Bendick Murrell,2022-07-01,0,,0,,0,,86,22.06
10290,Bendick Murrell,2023-07-01,0,,0,,0,,86,25.17
10290,Bendick Murrell,2024-07-01,0,,0,,0,,92,26.52
10290,Bendick Murrell,2025-07-01,0,,0,,0,,92,34.47
10291,Bendolba,2021-07-01,29,210.93,29,210.93,26,147000,34,210.00
10291,Bendolba,2022-07-01,31,324.48,31,324.48,28,226000,36,323.18
10291,Bendolba,2023-07-01,29,324.29,29,324.29,26,226000,34,322.86
10291,Bendolba,2024-07-01,31,341.71,31,341.71,28,238000,36,340.34
10291,Bendolba,2025-07-01,31,353.19,31,353.19,28,246000,36,351.78
10297,Bensville,2021-07-01,742,755.40,742,755.40,741,509000,742,755.40
10297,Bensville,2022-07-01,745,872.68,745,872.68,744,588000,745,872.68
10297,Bensville,2023-07-01,745,805.36,745,805.36,744,543000,745,805.36
10297,Bensville,2024-07-01,745,878.40,745,878.40,744,592000,745,878.40
10297,Bensville,2025-07-01,745,926.69,745,926.69,744,627000,745,926.69
10299,Berala,2021-07-01,1886,1680.00,1845,1679.18,1780,820000,1889,1679.18
10299,Berala,2022-07-01,1904,1963.11,1862,1955.32,1798,940000,1907,1961.60
10299,Berala,2023-07-01,1903,1778.59,1861,1771.90,1797,855000,1906,1778.59
10299,Berala,2024-07-01,1903,1949.74,1861,1946.47,1797,920000,1906,1949.17
10299,Berala,2025-07-01,1904,2181.49,1861,2176.62,1798,1030000,1907,2181.49
10301,Beresfield,2021-07-01,1278,405.03,1276,404.87,1243,259000,1279,405.03
10301,Beresfield,2022-07-01,1287,434.50,1285,434.50,1250,276000,1288,434.50
10301,Beresfield,2023-07-01,1283,438.08,1281,438.08,1246,270000,1284,437.65
10301,Beresfield,2024-07-01,1295,472.87,1293,472.87,1258,302000,1296,472.87
10301,Beresfield,2025-07-01,1295,511.63,1293,511.63,1258,322000,1296,511.63
10303,Berkeley,2021-07-01,2837,484.35,2835,484.35,2817,301000,2865,483.79
10303,Berkeley,2022-07-01,2855,806.26,2853,806.26,2834,498000,2883,805.70
10303,Berkeley,2023-07-01,2849,800.39,2847,800.39,2829,496000,2877,798.83
10303,Berkeley,2024-07-01,2865,802.71,2863,802.82,2843,500000,2894,800.95
10303,Berkeley,2025-07-01,2865,792.31,2863,792.31,2843,490000,2894,790.71
10304,Berkeley Vale,2021-07-01,3120,839.62,3120,839.62,3101,475000,3134,839.32
10304,Berkeley Vale,2022-07-01,3222,948.74,3222,948.74,3203,534000,3238,944.44
10304,Berkeley Vale,2023-07-01,3218,847.85,3218,847.85,3199,478000,3234,845.49
10304,Berkeley Vale,2024-07-01,3222,884.86,3222,884.86,3203,498000,3238,884.86
10304,Berkeley Vale,2025-07-01,3222,962.70,3222,962.70,3203,543000,3238,960.07
10307,Bermagui,2021-07-01,888,398.31,884,401.17,849,336000,905,394.87
10307,Bermagui,2022-07-01,894,650.86,890,651.28,855,543000,912,645.77
10307,Bermagui,2023-07-01,892,602.22,888,603.43,853,503000,909,596.11
10307,Bermagui,2024-07-01,900,646.67,896,647.18,860,535000,918,642.84
10307,Bermagui,2025-07-01,900,642.64,896,643.16,860,539000,918,636.84
10308,Berowra,2021-07-01,1574,955.66,1502,949.50,1553,730000,1583,955.16
10308,Berowra,2022-07-01,1588,1157.80,1513,1150.40,1567,885000,1597,1156.07
10308,Berowra,2023-07-01,1588,1116.83,1513,1110.51,1567,854000,1597,1116.61
10308,Berowra,2024-07-01,1593,1250.89,1518,1243.32,1572,956000,1602,1250.55
10308,Berowra,2025-07-01,1593,1253.95,1518,1246.20,1572,960000,1602,1251.40
10309,Berowra Heights,2021-07-01,1786,930.41,1776,929.98,1768,730000,1796,929.85
10309,Berowra Heights,2022-07-01,1794,1127.33,1784,1126.72,1776,885000,1804,1126.16
10309,Berowra Heights,2023-07-01,1794,1087.06,1784,1086.76,1776,854000,1804,1086.41
10309,Berowra Heights,2024-07-01,1794,1216.55,1784,1216.06,1776,956000,1804,1214.21
10309,Berowra Heights,2025-07-01,1794,1216.13,1784,1215.52,1776,960000,1804,1214.24
10311,Berrambool,2021-07-01,183,228.60,183,228.60,159,207000,184,228.41
10311,Berrambool,2022-07-01,184,421.86,184,421.86,159,370000,185,421.85
10311,Berrambool,2023-07-01,183,401.99,183,401.99,159,352000,184,401.55
10311,Berrambool,2024-07-01,184,401.55,184,401.55,159,352000,185,401.11
10311,Berrambool,2025-07-01,184,412.60,184,412.60,159,362000,185,412.17
10312,Berrara,2021-07-01,354,780.76,354,780.76,354,499000,354,780.76
10312,Berrara,2022-07-01,356,1057.89,356,1057.89,356,678000,356,1057.89
10312,Berrara,2023-07-01,354,868.99,354,868.99,354,555000,354,868.99
10312,Berrara,2024-07-01,354,868.99,354,868.99,354,555000,354,868.99
10312,Berrara,2025-07-01,356,866.56,356,866.56,356,555000,356,866.56
10315,Berridale,2021-07-01,0,,0,,0,,698,158.10
10315,Berridale,2022-07-01,0,,0,,0,,778,292.77
10315,Berridale,2023-07-01,0,,0,,0,,737,319.83
10315,Berridale,2024-07-01,0,,0,,0,,766,318.45
10315,Berridale,2025-07-01,0,,0,,0,,778,289.59
10317,Berrigan,2021-07-01,0,,0,,0,,583,19.24
10317,Berrigan,2022-07-01,0,,0,,0,,596,26.32
10317,Berrigan,2023-07-01,0,,0,,0,,596,44.00
10317,Berrigan,2024-07-01,0,,0,,0,,596,46.04
10317,Berrigan,2025-07-01,0,,0,,0,,596,50.29
10319,Berrima,2021-07-01,110,434.78,94,440.16,110,760000,126,423.47
10319,Berrima,2022-07-01,110,596.97,92,608.02,110,1075000,126,586.87
10319,Berrima,2023-07-01,110,568.77,91,583.29,110,1025000,126,557.05
10319,Berrima,2024-07-01,110,668.80,91,687.16,110,1170000,126,663.03
10319,Berrima,2025-07-01,110,863.77,91,882.58,110,1510000,126,855.34
10320,Berringer Lake,2021-07-01,16,745.93,16,745.93,15,492000,16,745.93
10320,Berringer Lake,2022-07-01,16,1331.49,16,1331.49,15,885000,16,1331.49
10320,Berringer Lake,2023-07-01,16,939.88,16,939.88,15,619000,16,939.88
10320,Berringer Lake,2024-07-01,16,923.47,16,923.47,15,619000,16,923.47
10320,Berringer Lake,2025-07-01,16,923.47,16,923.47,15,619000,16,923.47
10321,Berry,2021-07-01,766,936.89,696,920.07,742,739000,1014,799.88
10321,Berry,2022-07-01,788,1462.57,718,1457.57,763,1080000,1044,1350.69
10321,Berry,2023-07-01,774,1464.19,703,1462.57,749,1090000,1022,1363.83
10321,Berry,2024-07-01,776,1313.64,705,1312.24,751,999000,1031,1230.77
10321,Berry,2025-07-01,789,1181.43,718,1181.58,764,895000,1045,1103.39
10326,Beryl,2021-07-01,0,,0,,0,,11,1.40
10326,Beryl,2022-07-01,0,,0,,0,,11,2.05
10326,Beryl,2023-07-01,0,,0,,0,,11,2.50
10326,Beryl,2024-07-01,0,,0,,0,,11,2.73
10326,Beryl,2025-07-01,0,,0,,0,,11,2.80
10327,Bethungra,2021-07-01,0,,0,,0,,50,10.53
10327,Bethungra,2022-07-01,0,,0,,0,,50,15.77
10327,Bethungra,2023-07-01,0,,0,,0,,50,31.54
10327,Bethungra,2024-07-01,0,,0,,0,,50,31.54
10327,Bethungra,2025-07-01,0,,0,,0,,50,34.06
10329,Beverley Park,2021-07-01,669,2152.79,664,2153.17,660,1220000,672,2152.79
10329,Beverley Park,2022-07-01,679,2372.36,674,2372.53,670,1340000,682,2372.23
10329,Beverley Park,2023-07-01,673,2143.74,668,2147.68,664,1210000,676,2141.93
10329,Beverley Park,2024-07-01,679,2315.95,674,2317.95,670,1310000,682,2314.37
10329,Beverley Park,2025-07-01,679,2485.41,674,2490.23,670,1410000,682,2484.05
10330,Beverly Hills,2021-07-01,2821,1781.82,2808,1783.06,2737,931000,2831,1780.52
10330,Beverly Hills,2022-07-01,2881,1989.55,2868,1989.55,2797,1030000,2891,1988.25
10330,Beverly Hills,2023-07-01,2868,1839.44,2855,1839.44,2784,954000,2878,1839.44
10330,Beverly Hills,2024-07-01,2883,2016.03,2870,2017.25,2799,1060000,2893,2014.73
10330,Beverly Hills,2025-07-01,2886,2133.33,2873,2133.53,2802,1120000,2896,2131.68
10331,Bewong,2021-07-01,0,,0,,0,,30,538.11
10331,Bewong,2022-07-01,0,,0,,0,,30,789.15
10331,Bewong,2023-07-01,0,,0,,0,,30,717.10
10331,Bewong,2024-07-01,0,,0,,0,,30,717.10
10331,Bewong,2025-07-01,0,,0,,0,,30,704.72
10332,Bexhill,2021-07-01,0,,0,,0,,97,89.12
10332,Bexhill,2022-07-01,0,,0,,0,,100,122.04
10332,Bexhill,2023-07-01,0,,0,,0,,99,108.60
10332,Bexhill,2024-07-01,0,,0,,0,,100,115.60
10332,Bexhill,2025-07-01,0,,0,,0,,100,117.31
10333,Bexley,2021-07-01,4293,1943.70,4111,1957.23,3940,988000,4302,1942.15
10333,Bexley,2022-07-01,4356,2152.94,4174,2158.15,3993,1090000,4366,2152.39
10333,Bexley,2023-07-01,4325,2103.30,4143,2118.56,3966,1060000,4334,2103.30
10333,Bexley,2024-07-01,4341,2269.77,4159,2272.99,3979,1140000,4351,2267.93
10333,Bexley,2025-07-01,4358,2333.90,4180,2340.28,3993,1170000,4368,2332.63
10334,Bexley North,2021-07-01,1271,1983.73,1235,1983.73,1252,1020000,1273,1983.73
10334,Bexley North,2022-07-01,1285,2183.26,1248,2183.61,1265,1110000,1287,2183.20
10334,Bexley North,2023-07-01,1280,2087.44,1243,2090.69,1260,1090000,1282,2086.79
10334,Bexley North,2024-07-01,1283,2298.64,1246,2304.32,1263,1180000,1285,2298.64
10334,Bexley North,2025-07-01,1286,2369.45,1247,2369.45,1266,1230000,1288,2369.45
10336,Bibbenluke,2021-07-01,0,,0,,0,,45,12.45
10336,Bibbenluke,2022-07-01,0,,0,,0,,48,15.75
10336,Bibbenluke,2023-07-01,0,,0,,0,,46,21.20
10336,Bibbenluke,2024-07-01,0,,0,,0,,48,24.16
10336,Bibbenluke,2025-07-01,0,,0,,0,,49,23.16
10339,Bidwill (NSW),2021-07-01,1161,518.63,1161,518.63,1159,301000,1170,518.09
10339,Bidwill (NSW),2022-07-01,1161,683.16,1161,683.16,1159,397000,1170,682.70
10339,Bidwill (NSW),2023-07-01,1161,719.68,1161,719.68,1159,418000,1170,719.16
10339,Bidwill (NSW),2024-07-01,1161,850.25,1161,850.25,1159,494000,1170,848.84
10339,Bidwill (NSW),2025-07-01,1161,890.22,1161,890.22,1159,517000,1170,889.06
10345,Bigga,2021-07-01,0,,0,,0,,66,9.91
10345,Bigga,2022-07-01,0,,0,,0,,66,35.58
10345,Bigga,2023-07-01,0,,0,,0,,66,35.58
10345,Bigga,2024-07-01,0,,0,,0,,67,35.57
10345,Bigga,2025-07-01,0,,0,,0,,67,32.61
10346,Bilambil,2021-07-01,0,,0,,0,,26,124.86
10346,Bilambil,2022-07-01,0,,0,,0,,26,149.76
10346,Bilambil,2023-07-01,0,,0,,0,,26,142.42
10346,Bilambil,2024-07-01,0,,0,,0,,26,146.04
10346,Bilambil,2025-07-01,0,,0,,0,,26,162.20
10347,Bilambil Heights,2021-07-01,1258,508.63,1238,507.93,1230,355000,1329,496.92
10347,Bilambil Heights,2022-07-01,1263,644.85,1243,641.98,1233,447000,1334,632.16
10347,Bilambil Heights,2023-07-01,1261,617.96,1241,616.24,1232,430000,1332,606.37
10347,Bilambil Heights,2024-07-01,1296,619.06,1276,617.48,1266,431000,1368,606.37
10347,Bilambil Heights,2025-07-01,1296,645.70,1276,643.20,1266,451000,1368,630.44
10348,Bilbul,2021-07-01,0,,0,,0,,96,76.13
10348,Bilbul,2022-07-01,0,,0,,0,,96,92.27
10348,Bilbul,2023-07-01,0,,0,,0,,96,92.27
10348,Bilbul,2024-07-01,0,,0,,0,,96,92.27
10348,Bilbul,2025-07-01,0,,0,,0,,96,96.64
10350,Bilgola Plateau,2021-07-01,199,1725.13,199,1725.13,199,1230000,199,1725.13
10350,Bilgola Plateau,2022-07-01,199,2213.92,199,2213.92,199,1580000,199,2213.92
10350,Bilgola Plateau,2023-07-01,199,1955.15,199,1955.15,199,1400000,199,1955.15
10350,Bilgola Plateau,2024-07-01,199,2084.53,199,2084.53,199,1500000,199,2084.53
10350,Bilgola Plateau,2025-07-01,199,1998.27,199,1998.27,199,1440000,199,1998.27
10353,Billimari,2021-07-01,0,,0,,0,,40,14.14
10353,Billimari,2022-07-01,0,,0,,0,,46,20.61
10353,Billimari,2023-07-01,0,,0,,0,,46,26.48
10353,Billimari,2024-07-01,0,,0,,0,,46,21.65
10353,Billimari,2025-07-01,0,,0,,0,,46,21.65
10354,Billinudgel,2021-07-01,0,,0,,0,,15,784.74
10354,Billinudgel,2022-07-01,0,,0,,0,,15,784.74
10354,Billinudgel,2023-07-01,0,,0,,0,,15,531.73
10354,Billinudgel,2024-07-01,0,,0,,0,,15,531.73
10354,Billinudgel,2025-07-01,0,,0,,0,,15,607.47
10359,Bimbi,2021-07-01,0,,0,,0,,17,2.48
10359,Bimbi,2022-07-01,0,,0,,0,,19,3.52
10359,Bimbi,2023-07-01,0,,0,,0,,19,6.33
10359,Bimbi,2024-07-01,0,,0,,0,,19,6.33
10359,Bimbi,2025-07-01,0,,0,,0,,19,6.33
10361,Binalong,2021-07-01,0,,0,,0,,249,44.49
10361,Binalong,2022-07-01,0,,0,,0,,271,74.64
10361,Binalong,2023-07-01,0,,0,,0,,264,75.57
10361,Binalong,2024-07-01,0,,0,,0,,271,74.64
10361,Binalong,2025-07-01,0,,0,,0,,271,74.64
10362,Binda,2021-07-01,0,,0,,0,,22,11.44
10362,Binda,2022-07-01,0,,0,,0,,22,19.45
10362,Binda,2023-07-01,0,,0,,0,,22,19.45
10362,Binda,2024-07-01,0,,0,,0,,22,19.45
10362,Binda,2025-07-01,0,,0,,0,,22,17.42
10364,Bingara,2021-07-01,0,,0,,0,,802,29.12
10364,Bingara,2022-07-01,0,,0,,0,,839,32.82
10364,Bingara,2023-07-01,0,,0,,0,,827,34.59
10364,Bingara,2024-07-01,0,,0,,0,,839,44.43
10364,Bingara,2025-07-01,0,,0,,0,,839,49.56
10368,Biniguy,2021-07-01,0,,0,,0,,29,1.16
10368,Biniguy,2022-07-01,0,,0,,0,,29,1.51
10368,Biniguy,2023-07-01,0,,0,,0,,29,1.51
10368,Biniguy,2024-07-01,0,,0,,0,,29,6.43
10368,Biniguy,2025-07-01,0,,0,,0,,29,6.43
10369,Binjura,2021-07-01,0,,0,,0,,139,6.57
10369,Binjura,2022-07-01,0,,0,,0,,144,9.06
10369,Binjura,2023-07-01,0,,0,,0,,143,10.83
10369,Binjura,2024-07-01,0,,0,,0,,144,10.73
10369,Binjura,2025-07-01,0,,0,,0,,144,10.79
10371,Binnaway,2021-07-01,0,,0,,0,,303,8.22
10371,Binnaway,2022-07-01,0,,0,,0,,305,9.03
10371,Binnaway,2023-07-01,0,,0,,0,,303,9.89
10371,Binnaway,2024-07-01,0,,0,,0,,303,9.89
10371,Binnaway,2025-07-01,0,,0,,0,,305,13.69
10373,Birchgrove,2021-07-01,864,11349.27,766,11357.33,834,2125000,866,11348.18
10373,Birchgrove,2022-07-01,904,12414.60,807,12407.32,874,2335000,906,12399.98
10373,Birchgrove,2023-07-01,904,12111.01,807,12068.13,874,2265000,906,12110.05
10373,Birchgrove,2024-07-01,928,12934.78,831,12920.35,898,2510000,930,12934.78
10373,Birchgrove,2025-07-01,928,13151.54,831,13122.07,898,2555000,930,13142.92
10376,Birmingham Gardens,2021-07-01,818,487.35,817,487.35,791,307000,818,487.35
10376,Birmingham Gardens,2022-07-01,823,571.78,822,572.33,793,363000,824,571.78
10376,Birmingham Gardens,2023-07-01,822,564.23,821,564.53,793,357000,823,563.93
10376,Birmingham Gardens,2024-07-01,823,608.27,822,608.27,793,386000,824,608.27
10376,Birmingham Gardens,2025-07-01,823,647.16,822,647.16,793,410000,824,647.16
10377,Birriwa,2021-07-01,0,,0,,0,,12,1.51
10377,Birriwa,2022-07-01,0,,0,,0,,12,2.47
10377,Birriwa,2023-07-01,0,,0,,0,,12,3.09
10377,Birriwa,2024-07-01,0,,0,,0,,12,3.21
10377,Birriwa,2025-07-01,0,,0,,0,,12,3.71
10378,Birrong,2021-07-01,879,1271.02,876,1271.11,875,696000,883,1270.11
10378,Birrong,2022-07-01,893,1553.35,890,1553.58,888,839000,898,1553.35
10378,Birrong,2023-07-01,893,1461.58,890,1461.58,888,792000,898,1461.58
10378,Birrong,2024-07-01,899,1606.75,897,1606.75,894,870000,904,1606.75
10378,Birrong,2025-07-01,899,1744.47,897,1747.40,894,943000,904,1737.11
10383,Black Head,2021-07-01,380,538.53,380,538.53,358,401000,386,530.41
10383,Black Head,2022-07-01,380,818.75,380,818.75,358,585000,386,806.16
10383,Black Head,2023-07-01,380,763.53,380,763.53,358,545000,386,751.70
10383,Black Head,2024-07-01,380,817.82,380,817.82,358,585500,388,796.37
10383,Black Head,2025-07-01,380,817.82,380,817.82,358,585500,388,796.37
10386,Black Mountain (NSW),2021-07-01,0,,0,,0,,43,13.09
10386,Black Mountain (NSW),2022-07-01,0,,0,,0,,44,15.12
10386,Black Mountain (NSW),2023-07-01,0,,0,,0,,44,18.87
10386,Black Mountain (NSW),2024-07-01,0,,0,,0,,44,22.81
10386,Black Mountain (NSW),2025-07-01,0,,0,,0,,44,26.48
10387,Black Range (NSW),2021-07-01,0,,0,,0,,48,13.64
10387,Black Range (NSW),2022-07-01,0,,0,,0,,48,21.15
10387,Black Range (NSW),2023-07-01,0,,0,,0,,48,19.29
10387,Black Range (NSW),2024-07-01,0,,0,,0,,50,19.25
10387,Black Range (NSW),2025-07-01,0,,0,,0,,50,19.66
10388,Black Springs (NSW),2021-07-01,0,,0,,0,,45,14.13
10388,Black Springs (NSW),2022-07-01,0,,0,,0,,46,17.71
10388,Black Springs (NSW),2023-07-01,0,,0,,0,,46,21.71
10388,Black Springs (NSW),2024-07-01,0,,0,,0,,46,21.74
10388,Black Springs (NSW),2025-07-01,0,,0,,0,,46,21.74
10389,Blackalls Park,2021-07-01,1002,417.20,999,416.91,972,316000,1006,416.69
10389,Blackalls Park,2022-07-01,1009,502.84,1006,502.03,975,381000,1014,500.87
10389,Blackalls Park,2023-07-01,1008,492.45,1005,492.02,974,368500,1013,491.23
10389,Blackalls Park,2024-07-01,1009,516.05,1006,514.28,975,378000,1014,512.54
10389,Blackalls Park,2025-07-01,1009,518.98,1006,518.96,975,390000,1014,518.96
10390,Blackbutt (NSW),2021-07-01,1036,669.13,1036,669.13,948,418500,1041,668.93
10390,Blackbutt (NSW),2022-07-01,1044,920.68,1044,920.68,955,577000,1049,920.63
10390,Blackbutt (NSW),2023-07-01,1039,887.30,1039,887.30,950,556000,1044,886.51
10390,Blackbutt (NSW),2024-07-01,1044,938.83,1044,938.83,955,586000,1049,938.43
10390,Blackbutt (NSW),2025-07-01,1044,905.73,1044,905.73,955,566000,1049,905.33
10391,Blackett,2021-07-01,1063,511.18,1062,511.18,1063,320000,1064,511.18
10391,Blackett,2022-07-01,1067,674.12,1066,674.12,1067,422000,1068,674.12
10391,Blackett,2023-07-01,1065,710.86,1064,710.86,1065,445000,1066,710.86
10391,Blackett,2024-07-01,1069,838.66,1068,838.66,1069,525000,1070,838.66
10391,Blackett,2025-07-01,1069,878.59,1068,878.59,1069,550000,1070,878.59
10392,Blackheath,2021-07-01,571,543.90,533,546.59,569,405000,578,541.87
10392,Blackheath,2022-07-01,579,731.89,540,734.69,577,555000,587,730.14
10392,Blackheath,2023-07-01,578,656.62,539,658.15,576,497000,586,655.20
10392,Blackheath,2024-07-01,578,712.55,539,715.65,576,526000,586,712.21
10392,Blackheath,2025-07-01,579,661.24,540,662.91,577,492000,587,660.01
10395,Blacksmiths,2021-07-01,691,1003.19,691,1003.19,682,597000,692,1003.19
10395,Blacksmiths,2022-07-01,691,1208.53,691,1208.53,682,728000,692,1208.53
10395,Blacksmiths,2023-07-01,691,1170.71,691,1170.71,682,695000,692,1170.71
10395,Blacksmiths,2024-07-01,691,1246.35,691,1246.35,682,756000,692,1246.35
10395,Blacksmiths,2025-07-01,691,1308.23,691,1308.23,682,800000,692,1308.23
10396,Blacktown,2021-07-01,11978,929.19,11622,927.64,11753,546000,12038,929.19
10396,Blacktown,2022-07-01,12054,1129.45,11698,1123.29,11826,657000,12117,1129.45
10396,Blacktown,2023-07-01,12022,1098.45,11667,1094.21,11795,624000,12084,1098.23
10396,Blacktown,2024-07-01,12081,1272.47,11726,1268.68,11848,728000,12145,1272.47
10396,Blacktown,2025-07-01,12081,1320.65,11726,1317.34,11848,758000,12145,1320.18
10397,Blackville,2021-07-01,0,,0,,0,,17,0.76
10397,Blackville,2022-07-01,0,,0,,0,,19,1.59
10397,Blackville,2023-07-01,0,,0,,0,,19,1.66
10397,Blackville,2024-07-01,0,,0,,0,,19,1.66
10397,Blackville,2025-07-01,0,,0,,0,,19,1.66
10398,Blackwall (NSW),2021-07-01,694,1016.23,637,999.05,638,630000,695,1015.81
10398,Blackwall (NSW),2022-07-01,701,1141.76,644,1136.08,641,721000,702,1141.76
10398,Blackwall (NSW),2023-07-01,694,1072.51,637,1050.77,638,667000,695,1072.36
10398,Blackwall (NSW),2024-07-01,696,1106.99,639,1088.63,639,691000,697,1106.99
10398,Blackwall (NSW),2025-07-01,701,1136.64,644,1128.04,641,705000,702,1136.37
10399,Blair Athol (NSW),2021-07-01,820,855.24,818,855.55,820,486000,821,855.02
10399,Blair Athol (NSW),2022-07-01,820,1073.23,818,1073.95,820,610000,822,1072.50
10399,Blair Athol (NSW),2023-07-01,820,1019.97,818,1020.49,820,580000,822,1019.73
10399,Blair Athol (NSW),2024-07-01,820,1114.55,818,1114.55,820,630000,822,1114.55
10399,Blair Athol (NSW),2025-07-01,820,1199.44,818,1200.40,820,680000,822,1198.73
10400,Blairmount,2021-07-01,107,800.99,107,800.99,104,564000,112,794.73
10400,Blairmount,2022-07-01,107,1004.83,107,1004.83,104,708000,112,997.38
10400,Blairmount,2023-07-01,107,859.79,107,859.79,104,606000,112,853.32
10400,Blairmount,2024-07-01,107,951.26,107,951.26,104,670000,112,943.66
10400,Blairmount,2025-07-01,107,1009.77,107,1009.77,104,706000,112,1009.40
10402,Blakehurst,2021-07-01,1908,2108.68,1803,2091.02,1868,1320000,1914,2107.35
10402,Blakehurst,2022-07-01,1974,2304.56,1863,2289.58,1930,1430000,1980,2302.69
10402,Blakehurst,2023-07-01,1951,2077.84,1842,2063.26,1908,1300000,1957,2074.59
10402,Blakehurst,2024-07-01,1963,2192.90,1854,2177.43,1920,1370000,1969,2188.04
10402,Blakehurst,2025-07-01,1974,2283.19,1852,2276.68,1930,1420000,1980,2282.36
10405,Blandford,2021-07-01,0,,0,,0,,55,18.77
10405,Blandford,2022-07-01,0,,0,,0,,56,26.88
10405,Blandford,2023-07-01,0,,0,,0,,56,27.73
10405,Blandford,2024-07-01,0,,0,,0,,58,27.18
10405,Blandford,2025-07-01,0,,0,,0,,58,32.13
10406,Blaxland (NSW),2021-07-01,1304,590.86,1263,590.86,1275,435000,1318,590.86
10406,Blaxland (NSW),2022-07-01,1323,762.22,1282,760.98,1291,560000,1337,760.49
10406,Blaxland (NSW),2023-07-01,1321,782.70,1280,782.64,1289,580000,1335,780.41
10406,Blaxland (NSW),2024-07-01,1321,838.17,1280,835.82,1289,620000,1335,835.71
10406,Blaxland (NSW),2025-07-01,1323,840.58,1282,835.82,1291,620000,1337,836.67
10409,Blayney,2021-07-01,1230,114.39,1185,114.23,1222,107000,1296,112.17
10409,Blayney,2022-07-01,1313,180.92,1262,180.94,1305,163000,1384,178.23
10409,Blayney,2023-07-01,1305,224.78,1256,224.78,1297,204000,1376,221.74
10409,Blayney,2024-07-01,1311,235.09,1259,235.16,1303,214000,1382,231.95
10409,Blayney,2025-07-01,1313,224.95,1261,224.13,1305,203000,1384,221.74
10410,Bligh Park,2021-07-01,2001,598.22,2001,598.22,1795,382000,2011,597.71
10410,Bligh Park,2022-07-01,2001,803.60,2001,803.60,1795,514000,2011,803.08
10410,Bligh Park,2023-07-01,2001,722.14,2001,722.14,1795,463000,2011,721.68
10410,Bligh Park,2024-07-01,2001,743.28,2001,743.28,1795,476000,2011,742.54
10410,Bligh Park,2025-07-01,2001,787.30,2001,787.30,1795,508000,2011,786.96
10413,Blue Bay,2021-07-01,418,1930.24,399,1909.15,354,1190000,419,1930.24
10413,Blue Bay,2022-07-01,434,2136.05,415,2129.25,368,1300000,435,2136.05
10413,Blue Bay,2023-07-01,425,1912.29,406,1878.89,360,1160000,426,1912.29
10413,Blue Bay,2024-07-01,433,1988.20,414,1956.08,368,1200000,434,1987.89
10413,Blue Bay,2025-07-01,434,2076.17,399,2021.23,368,1240000,435,2075.65
10414,Blue Haven,2021-07-01,2378,614.70,2376,614.70,2375,338000,2391,614.70
10414,Blue Haven,2022-07-01,2379,712.28,2377,712.62,2376,397000,2392,711.47
10414,Blue Haven,2023-07-01,2378,682.40,2376,682.46,2375,380000,2391,681.13
10414,Blue Haven,2024-07-01,2379,720.47,2377,720.55,2376,400000,2392,718.81
10414,Blue Haven,2025-07-01,2379,730.93,2377,730.93,2376,407000,2392,730.10
10419,Blueys Beach,2021-07-01,236,1590.66,189,1663.33,231,921000,247,1566.06
10419,Blueys Beach,2022-07-01,237,2365.45,190,2449.93,232,1350000,249,2274.64
10419,Blueys Beach,2023-07-01,237,1989.46,190,2072.41,232,1150000,249,1920.44
10419,Blueys Beach,2024-07-01,239,1989.46,192,2072.41,234,1150000,251,1920.44
10419,Blueys Beach,2025-07-01,239,1905.06,192,1982.02,234,1100000,251,1838.18
10420,Boambee,2021-07-01,14,319.81,14,319.81,14,289000,434,64.81
10420,Boambee,2022-07-01,14,422.72,14,422.72,14,382000,436,102.85
10420,Boambee,2023-07-01,14,428.26,14,428.26,14,387000,434,102.85
10420,Boambee,2024-07-01,14,428.26,14,428.26,14,387000,434,107.61
10420,Boambee,2025-07-01,14,450.39,14,450.39,14,407000,436,118.81
10421,Boambee East,2021-07-01,1988,395.67,1929,393.42,1921,281000,2015,394.94
10421,Boambee East,2022-07-01,1998,524.09,1939,520.85,1929,372000,2026,523.13
10421,Boambee East,2023-07-01,1995,530.79,1936,527.35,1927,377000,2023,529.64
10421,Boambee East,2024-07-01,1997,530.79,1938,527.35,1929,377000,2025,529.64
10421,Boambee East,2025-07-01,1998,558.31,1939,555.04,1929,396000,2026,556.79
10423,Boat Harbour (Lismore - NSW),2021-07-01,0,,0,,0,,23,35.83
10423,Boat Harbour (Lismore - NSW),2022-07-01,0,,0,,0,,23,53.70
10423,Boat Harbour (Lismore - NSW),2023-07-01,0,,0,,0,,23,48.51
10423,Boat Harbour (Lismore - NSW),2024-07-01,0,,0,,0,,23,51.10
10423,Boat Harbour (Lismore - NSW),2025-07-01,0,,0,,0,,23,52.16
10424,Boat Harbour (Port Stephens - NSW),2021-07-01,450,672.36,428,666.56,444,394500,482,661.75
10424,Boat Harbour (Port Stephens - NSW),2022-07-01,459,908.48,435,898.63,453,540000,491,897.18
10424,Boat Harbour (Port Stephens - NSW),2023-07-01,457,908.35,433,898.63,451,540000,489,896.90
10424,Boat Harbour (Port Stephens - NSW),2024-07-01,457,1041.39,433,1031.63,451,633000,489,1029.03
10424,Boat Harbour (Port Stephens - NSW),2025-07-01,459,1094.59,435,1083.75,453,665000,491,1081.08
10431,Bocoble,2021-07-01,0,,0,,0,,94,1.55
10431,Bocoble,2022-07-01,0,,0,,0,,94,2.88
10431,Bocoble,2023-07-01,0,,0,,0,,94,2.67
10431,Bocoble,2024-07-01,0,,0,,0,,94,2.67
10431,Bocoble,2025-07-01,0,,0,,0,,94,2.95
10433,Bodalla,2021-07-01,14,104.58,14,104.58,14,167000,318,27.39
10433,Bodalla,2022-07-01,14,206.19,14,206.19,14,329500,322,44.40
10433,Bodalla,2023-07-01,14,206.19,14,206.19,14,329500,320,41.76
10433,Bodalla,2024-07-01,14,220.24,14,220.24,14,352500,322,42.92
10433,Bodalla,2025-07-01,14,192.71,14,192.71,14,308000,322,48.47
10437,Bogan Gate,2021-07-01,0,,0,,0,,111,11.66
10437,Bogan Gate,2022-07-01,0,,0,,0,,126,12.76
10437,Bogan Gate,2023-07-01,0,,0,,0,,120,13.29
10437,Bogan Gate,2024-07-01,0,,0,,0,,120,16.60
10437,Bogan Gate,2025-07-01,0,,0,,0,,128,16.95
10438,Bogangar,2021-07-01,1012,956.96,1011,956.96,865,612000,1020,956.96
10438,Bogangar,2022-07-01,1022,1343.06,1021,1343.01,872,950000,1031,1341.00
10438,Bogangar,2023-07-01,1018,1304.47,1017,1304.23,869,911000,1027,1304.21
10438,Bogangar,2024-07-01,1024,1334.06,1023,1333.86,872,935000,1033,1331.79
10438,Bogangar,2025-07-01,1024,1374.19,1023,1374.07,872,959000,1033,1373.57
10440,Boggabilla,2021-07-01,8,,0,,8,,276,3.12
10440,Boggabilla,2022-07-01,8,,0,,8,,278,3.75
10440,Boggabilla,2023-07-01,8,,0,,8,,277,3.75
10440,Boggabilla,2024-07-01,8,,0,,8,,280,3.75
10440,Boggabilla,2025-07-01,8,,0,,8,,280,8.21
10441,Boggabri,2021-07-01,327,35.18,326,35.18,326,42700,406,25.80
10441,Boggabri,2022-07-01,331,43.97,330,43.97,330,53300,412,32.23
10441,Boggabri,2023-07-01,330,54.94,329,54.94,329,66600,410,40.29
10441,Boggabri,2024-07-01,331,54.96,330,54.96,330,66600,412,40.29
10441,Boggabri,2025-07-01,331,53.82,329,53.82,330,55000,412,39.40
10448,Bolton Point,2021-07-01,772,486.63,772,486.63,769,309000,776,486.22
10448,Bolton Point,2022-07-01,777,583.65,777,583.65,774,378000,781,583.04
10448,Bolton Point,2023-07-01,772,574.53,772,574.53,769,373000,776,574.18
10448,Bolton Point,2024-07-01,775,616.89,775,616.89,772,399500,779,615.84
10448,Bolton Point,2025-07-01,777,627.24,777,627.24,774,405000,781,626.75
10449,Bolwarra (NSW),2021-07-01,463,409.95,431,408.12,458,369000,497,399.50
10449,Bolwarra (NSW),2022-07-01,494,624.51,455,618.20,489,565000,531,605.79
10449,Bolwarra (NSW),2023-07-01,494,568.70,455,563.83,489,528000,531,556.15
10449,Bolwarra (NSW),2024-07-01,494,563.15,455,556.64,489,524000,531,546.77
10449,Bolwarra (NSW),2025-07-01,494,584.55,455,581.57,489,543000,531,565.56
10450,Bolwarra Heights,2021-07-01,884,349.50,882,349.50,878,313000,1122,325.89
10450,Bolwarra Heights,2022-07-01,893,530.99,891,530.99,887,478000,1134,505.19
10450,Bolwarra Heights,2023-07-01,893,521.09,891,521.09,887,458000,1134,486.80
10450,Bolwarra Heights,2024-07-01,893,521.09,891,521.09,887,453000,1134,476.70
10450,Bolwarra Heights,2025-07-01,893,524.50,891,524.50,887,464000,1134,492.87
10452,Bomaderry,2021-07-01,2356,381.47,2291,380.45,2299,300000,2507,372.72
10452,Bomaderry,2022-07-01,2377,487.12,2311,486.49,2319,380000,2531,477.91
10452,Bomaderry,2023-07-01,2363,488.37,2290,487.24,2305,380000,2514,479.07
10452,Bomaderry,2024-07-01,2367,427.83,2294,426.33,2309,336000,2518,422.17
10452,Bomaderry,2025-07-01,2377,445.94,2303,444.02,2319,348000,2531,437.31
10454,Bombala,2021-07-01,437,45.95,437,45.95,437,58000,603,35.51
10454,Bombala,2022-07-01,446,63.92,446,63.92,446,81200,619,49.06
10454,Bombala,2023-07-01,445,73.56,445,73.56,445,91300,616,54.97
10454,Bombala,2024-07-01,445,78.59,445,78.59,445,95000,617,57.39
10454,Bombala,2025-07-01,446,76.51,446,76.51,446,92600,619,56.63
10456,Bombira,2021-07-01,130,148.31,130,148.31,130,305000,254,112.22
10456,Bombira,2022-07-01,164,215.03,164,215.03,164,437000,308,162.38
10456,Bombira,2023-07-01,143,190.90,143,190.90,143,388000,282,142.48
10456,Bombira,2024-07-01,164,172.18,164,172.18,164,349000,308,138.92
10456,Bombira,2025-07-01,164,177.28,164,177.28,164,359000,308,142.68
10457,Bombo,2021-07-01,76,2407.31,76,2407.31,74,1020000,77,2407.31
10457,Bombo,2022-07-01,78,2568.95,78,2568.95,76,1155000,79,2566.40
10457,Bombo,2023-07-01,76,2415.34,76,2415.34,74,1090000,77,2414.37
10457,Bombo,2024-07-01,78,2330.37,78,2330.37,76,1020000,79,2327.64
10457,Bombo,2025-07-01,78,2261.22,78,2261.22,76,992000,79,2261.14
10461,Bonalbo,2021-07-01,0,,0,,0,,221,35.18
10461,Bonalbo,2022-07-01,0,,0,,0,,224,60.57
10461,Bonalbo,2023-07-01,0,,0,,0,,221,58.60
10461,Bonalbo,2024-07-01,0,,0,,0,,222,58.60
10461,Bonalbo,2025-07-01,0,,0,,0,,224,73.22
10462,Bondi,2021-07-01,1221,6772.12,1089,6748.94,958,1770000,1223,6772.12
10462,Bondi,2022-07-01,1241,8328.94,1107,8323.47,975,2220000,1243,8323.47
10462,Bondi,2023-07-01,1231,8481.26,1098,8481.26,965,2260000,1233,8481.26
10462,Bondi,2024-07-01,1236,9778.29,1103,9776.49,970,2670000,1238,9776.82
10462,Bondi,2025-07-01,1241,10162.12,1109,10120.64,975,2760000,1243,10162.12
10463,Bondi Beach,2021-07-01,1335,7366.89,1218,7362.49,965,1890000,1336,7363.20
10463,Bondi Beach,2022-07-01,1341,8498.20,1224,8499.31,967,2350000,1343,8494.38
10463,Bondi Beach,2023-07-01,1340,8540.44,1223,8540.44,967,2400000,1341,8540.44
10463,Bondi Beach,2024-07-01,1341,10217.68,1224,10225.56,967,2850000,1343,10216.32
10463,Bondi Beach,2025-07-01,1341,11227.38,1224,11240.98,967,3110000,1343,11227.14
10465,Bondi Junction,2021-07-01,1421,7542.58,1145,7484.22,1319,1380000,1424,7542.58
10465,Bondi Junction,2022-07-01,1431,8713.94,1155,8604.55,1328,1600000,1434,8713.24
10465,Bondi Junction,2023-07-01,1428,8721.73,1152,8621.57,1325,1600000,1431,8714.60
10465,Bondi Junction,2024-07-01,1428,9702.17,1152,9610.71,1325,1760000,1431,9697.39
10465,Bondi Junction,2025-07-01,1431,10273.17,1157,10218.98,1328,1870000,1434,10273.17
10466,Bonnells Bay,2021-07-01,1658,482.10,1577,477.40,1652,317000,1659,482.09
10466,Bonnells Bay,2022-07-01,1670,694.41,1589,688.08,1664,444000,1671,694.32
10466,Bonnells Bay,2023-07-01,1662,661.90,1581,654.88,1656,424000,1663,661.74
10466,Bonnells Bay,2024-07-01,1666,685.07,1583,677.94,1660,439000,1667,685.04
10466,Bonnells Bay,2025-07-01,1670,703.34,1587,697.05,1664,457000,1671,703.34
10468,Bonny Hills,2021-07-01,1184,544.64,1171,544.06,1178,364000,1273,526.64
10468,Bonny Hills,2022-07-01,1190,767.98,1177,767.98,1183,518000,1279,750.60
10468,Bonny Hills,2023-07-01,1189,730.37,1176,729.89,1182,486000,1278,713.39
10468,Bonny Hills,2024-07-01,1197,757.72,1184,756.86,1190,507000,1287,740.88
10468,Bonny Hills,2025-07-01,1197,780.23,1184,779.89,1190,523000,1287,762.89
10469,Bonnyrigg,2021-07-01,2438,1011.44,2432,1011.62,2423,557000,2465,1010.89
10469,Bonnyrigg,2022-07-01,2461,1175.72,2455,1175.72,2446,647000,2489,1175.51
10469,Bonnyrigg,2023-07-01,2461,1122.82,2455,1122.82,2446,618000,2489,1122.62
10469,Bonnyrigg,2024-07-01,2564,1330.43,2558,1330.64,2549,732000,2592,1330.43
10469,Bonnyrigg,2025-07-01,2564,1494.00,2558,1494.00,2549,822000,2592,1494.00
10470,Bonnyrigg Heights,2021-07-01,1977,1017.27,1976,1017.36,1970,619000,1985,1016.65
10470,Bonnyrigg Heights,2022-07-01,1980,1182.10,1979,1182.21,1973,719000,1988,1181.19
10470,Bonnyrigg Heights,2023-07-01,1980,1129.64,1979,1129.90,1973,687000,1988,1128.48
10470,Bonnyrigg Heights,2024-07-01,1982,1336.28,1981,1336.40,1975,814000,1990,1335.38
10470,Bonnyrigg Heights,2025-07-01,1982,1497.15,1981,1497.16,1975,901000,1990,1497.05
10471,Bonshaw (NSW),2021-07-01,0,,0,,0,,27,2.85
10471,Bonshaw (NSW),2022-07-01,0,,0,,0,,34,4.61
10471,Bonshaw (NSW),2023-07-01,0,,0,,0,,34,4.61
10471,Bonshaw (NSW),2024-07-01,0,,0,,0,,34,11.26
10471,Bonshaw (NSW),2025-07-01,0,,0,,0,,34,13.50
10472,Bonville,2021-07-01,320,490.49,288,490.49,320,325000,689,113.76
10472,Bonville,2022-07-01,368,659.56,336,661.81,368,435000,776,148.55
10472,Bonville,2023-07-01,368,667.61,336,670.59,368,441000,761,161.85
10472,Bonville,2024-07-01,368,667.61,336,670.59,368,441000,768,162.84
10472,Bonville,2025-07-01,368,703.91,336,705.69,368,463000,776,156.37
10475,Booker Bay,2021-07-01,504,1243.50,440,1194.89,396,748000,505,1238.35
10475,Booker Bay,2022-07-01,523,1349.20,457,1289.34,405,807000,524,1347.36
10475,Booker Bay,2023-07-01,520,1450.11,454,1298.08,403,834000,521,1444.21
10475,Booker Bay,2024-07-01,522,1540.41,456,1374.42,405,879000,523,1539.29
10475,Booker Bay,2025-07-01,523,1610.12,456,1468.62,405,919000,524,1610.12
10476,Bookham,2021-07-01,0,,0,,0,,24,16.27
10476,Bookham,2022-07-01,0,,0,,0,,26,19.48
10476,Bookham,2023-07-01,0,,0,,0,,24,19.48
10476,Bookham,2024-07-01,0,,0,,0,,26,19.48
10476,Bookham,2025-07-01,0,,0,,0,,26,19.48
10480,Boolaroo,2021-07-01,679,635.10,674,636.27,669,382000,686,634.33
10480,Boolaroo,2022-07-01,871,743.50,852,743.50,848,420000,883,741.86
10480,Boolaroo,2023-07-01,854,764.69,835,764.56,831,440000,864,762.04
10480,Boolaroo,2024-07-01,871,834.20,852,834.20,848,480000,881,832.70
10480,Boolaroo,2025-07-01,871,886.34,852,886.34,848,510000,883,884.15
10482,Booligal,2021-07-01,0,,0,,0,,39,1.65
10482,Booligal,2022-07-01,0,,0,,0,,41,1.81
10482,Booligal,2023-07-01,0,,0,,0,,41,1.81
10482,Booligal,2024-07-01,0,,0,,0,,41,1.81
10482,Booligal,2025-07-01,0,,0,,0,,41,1.86
10485,Boomerang Beach,2021-07-01,432,917.11,350,955.96,373,621000,440,914.42
10485,Boomerang Beach,2022-07-01,450,1519.35,355,1591.15,390,1035000,458,1500.56
10485,Boomerang Beach,2023-07-01,450,1314.96,356,1376.72,390,900000,458,1302.72
10485,Boomerang Beach,2024-07-01,463,1291.74,369,1329.69,403,892000,471,1289.44
10485,Boomerang Beach,2025-07-01,463,1291.35,369,1329.69,403,874000,471,1285.08
10487,Boomi,2021-07-01,0,,0,,0,,75,0.82
10487,Boomi,2022-07-01,0,,0,,0,,78,1.06
10487,Boomi,2023-07-01,0,,0,,0,,75,1.06
10487,Boomi,2024-07-01,0,,0,,0,,78,1.06
10487,Boomi,2025-07-01,0,,0,,0,,78,2.71
10493,Booragul,2021-07-01,513,532.13,513,532.13,512,361000,519,530.37
10493,Booragul,2022-07-01,517,546.95,517,546.95,516,377000,524,546.00
10493,Booragul,2023-07-01,516,568.52,516,568.52,515,390000,522,567.84
10493,Booragul,2024-07-01,516,587.72,516,587.72,515,400000,522,587.42
10493,Booragul,2025-07-01,517,604.21,517,604.21,516,412000,524,601.86
10494,Booral (NSW),2021-07-01,0,,0,,0,,33,70.98
10494,Booral (NSW),2022-07-01,0,,0,,0,,37,75.78
10494,Booral (NSW),2023-07-01,0,,0,,0,,37,82.99
10494,Booral (NSW),2024-07-01,0,,0,,0,,37,98.99
10494,Booral (NSW),2025-07-01,0,,0,,0,,37,111.06
10499,Boorooma,2021-07-01,600,247.44,516,244.94,600,182000,613,246.95
10499,Boorooma,2022-07-01,641,321.05,547,316.86,639,236000,657,320.42
10499,Boorooma,2023-07-01,636,352.05,544,347.16,635,259000,651,351.33
10499,Boorooma,2024-07-01,641,378.46,547,372.70,639,279000,657,376.52
10499,Boorooma,2025-07-01,641,409.44,547,403.26,639,302000,657,407.56
10501,Boorowa,2021-07-01,537,67.01,536,67.19,537,78100,691,53.28
10501,Boorowa,2022-07-01,560,101.27,559,101.55,560,117000,726,80.52
10501,Boorowa,2023-07-01,560,117.65,559,117.59,560,146500,726,92.03
10501,Boorowa,2024-07-01,562,122.53,561,122.53,562,154500,733,96.45
10501,Boorowa,2025-07-01,562,127.84,561,127.84,562,160000,733,99.02
10510,Boree Creek,2021-07-01,0,,0,,0,,106,3.42
10510,Boree Creek,2022-07-01,0,,0,,0,,108,14.88
10510,Boree Creek,2023-07-01,0,,0,,0,,108,21.05
10510,Boree Creek,2024-07-01,0,,0,,0,,108,23.08
10510,Boree Creek,2025-07-01,0,,0,,0,,108,21.90
10513,Bossley Park,2021-07-01,4154,1003.27,4149,1003.46,4142,586000,4170,1002.58
10513,Bossley Park,2022-07-01,4154,1164.96,4149,1165.36,4142,681000,4170,1164.37
10513,Bossley Park,2023-07-01,4154,1106.36,4149,1106.50,4142,646000,4170,1105.93
10513,Bossley Park,2024-07-01,4156,1266.93,4151,1267.01,4144,740000,4172,1266.14
10513,Bossley Park,2025-07-01,4156,1433.16,4151,1433.16,4144,837000,4172,1432.28
10515,Botany,2021-07-01,1626,2950.75,1549,2978.02,1570,1245000,1657,2942.48
10515,Botany,2022-07-01,1670,3273.41,1593,3298.21,1611,1340000,1702,3264.98
10515,Botany,2023-07-01,1659,3123.60,1582,3146.25,1600,1280000,1691,3117.12
10515,Botany,2024-07-01,1664,3568.57,1587,3600.38,1605,1470000,1696,3542.65
10515,Botany,2025-07-01,1670,3630.71,1595,3641.28,1611,1480000,1702,3604.91
10520,Bourke,2021-07-01,936,17.79,0,,936,18000,966,17.50
10520,Bourke,2022-07-01,942,17.79,0,,942,18000,973,17.57
10520,Bourke,2023-07-01,940,17.79,0,,940,18000,970,17.56
10520,Bourke,2024-07-01,941,17.79,0,,941,18000,971,17.60
10520,Bourke,2025-07-01,942,17.79,0,,942,18000,973,17.73
10521,Bourkelands,2021-07-01,1113,228.25,954,222.61,1090,180000,1114,228.15
10521,Bourkelands,2022-07-01,1118,295.59,959,288.61,1095,234000,1119,295.51
10521,Bourkelands,2023-07-01,1118,309.48,959,302.43,1095,245000,1119,309.30
10521,Bourkelands,2024-07-01,1118,309.48,959,302.43,1095,245000,1119,309.30
10521,Bourkelands,2025-07-01,1118,327.56,959,319.75,1095,259000,1119,327.27
10522,Bournda,2021-07-01,0,,0,,0,,15,24.73
10522,Bournda,2022-07-01,0,,0,,0,,15,59.32
10522,Bournda,2023-07-01,0,,0,,0,,15,56.29
10522,Bournda,2024-07-01,0,,0,,0,,15,56.20
10522,Bournda,2025-07-01,0,,0,,0,,15,59.75
10524,Bow Bowing,2021-07-01,522,817.32,513,816.39,520,461000,523,816.39
10524,Bow Bowing,2022-07-01,522,1029.31,513,1027.87,520,581000,523,1027.87
10524,Bow Bowing,2023-07-01,522,976.70,513,975.41,520,551000,523,975.41
10524,Bow Bowing,2024-07-01,522,1065.01,513,1063.93,520,601000,523,1063.93
10524,Bow Bowing,2025-07-01,522,1153.15,513,1152.46,520,651000,523,1152.46
10526,Bowen Mountain,2021-07-01,0,,0,,0,,555,327.71
10526,Bowen Mountain,2022-07-01,0,,0,,0,,558,411.55
10526,Bowen Mountain,2023-07-01,0,,0,,0,,558,381.95
10526,Bowen Mountain,2024-07-01,0,,0,,0,,558,456.59
10526,Bowen Mountain,2025-07-01,0,,0,,0,,558,444.76
10527,Bowenfels,2021-07-01,624,156.64,622,156.64,619,107000,655,154.18
10527,Bowenfels,2022-07-01,652,293.63,650,294.72,647,197000,687,288.85
10527,Bowenfels,2023-07-01,651,328.09,649,328.42,646,228000,683,323.66
10527,Bowenfels,2024-07-01,651,337.16,649,337.16,646,237000,685,333.51
10527,Bowenfels,2025-07-01,652,337.16,650,337.16,647,237000,687,333.02
10533,Bowning,2021-07-01,0,,0,,0,,125,72.40
10533,Bowning,2022-07-01,0,,0,,0,,133,106.95
10533,Bowning,2023-07-01,0,,0,,0,,130,108.19
10533,Bowning,2024-07-01,0,,0,,0,,132,107.43
10533,Bowning,2025-07-01,0,,0,,0,,133,86.81
10534,Bowral,2021-07-01,3100,556.81,3075,557.07,3029,553000,3951,509.46
10534,Bowral,2022-07-01,3153,835.78,3128,836.89,3078,827000,4019,753.06
10534,Bowral,2023-07-01,3113,788.89,3087,788.89,3040,779000,3969,719.08
10534,Bowral,2024-07-01,3140,751.19,3114,751.25,3066,738500,4003,678.31
10534,Bowral,2025-07-01,3155,838.82,3129,840.02,3080,826000,4021,759.62
10535,Bowraville,2021-07-01,0,,0,,0,,447,95.48
10535,Bowraville,2022-07-01,0,,0,,0,,453,140.57
10535,Bowraville,2023-07-01,0,,0,,0,,453,135.75
10535,Bowraville,2024-07-01,0,,0,,0,,453,140.57
10535,Bowraville,2025-07-01,0,,0,,0,,454,191.87
10537,Box Hill (NSW),2021-07-01,5152,1426.38,5126,1425.97,5147,486000,5246,1424.84
10537,Box Hill (NSW),2022-07-01,7211,2132.62,7185,2132.04,7192,697000,7352,2127.66
10537,Box Hill (NSW),2023-07-01,7018,2010.76,6966,2010.76,7003,657000,7151,2007.81
10537,Box Hill (NSW),2024-07-01,7018,2182.02,6966,2180.01,7003,720000,7151,2176.77
10537,Box Hill (NSW),2025-07-01,7227,2179.53,7175,2178.52,7207,715000,7369,2175.21
10539,Boydtown,2021-07-01,41,218.75,41,218.75,40,186000,41,218.75
10539,Boydtown,2022-07-01,41,346.62,41,346.62,40,290000,41,346.62
10539,Boydtown,2023-07-01,41,426.39,41,426.39,40,340000,41,426.39
10539,Boydtown,2024-07-01,41,383.75,41,383.75,40,306000,41,383.75
10539,Boydtown,2025-07-01,41,437.67,41,437.67,40,349000,41,437.67
10540,Bradbury (NSW),2021-07-01,3075,663.51,3074,663.51,3067,407000,3084,663.51
10540,Bradbury (NSW),2022-07-01,3238,841.85,3237,841.85,3230,515000,3247,841.85
10540,Bradbury (NSW),2023-07-01,3238,817.89,3237,817.89,3230,500000,3247,817.60
10540,Bradbury (NSW),2024-07-01,3238,939.30,3237,939.30,3230,575000,3247,939.08
10540,Bradbury (NSW),2025-07-01,3238,1012.78,3237,1012.78,3230,620000,3247,1012.58
10541,Braefield,2021-07-01,0,,0,,0,,11,10.52
10541,Braefield,2022-07-01,0,,0,,0,,11,22.01
10541,Braefield,2023-07-01,0,,0,,0,,11,22.99
10541,Braefield,2024-07-01,0,,0,,0,,11,22.99
10541,Braefield,2025-07-01,0,,0,,0,,11,22.99
10542,Braemar,2021-07-01,334,623.04,322,620.98,332,358000,358,606.00
10542,Braemar,2022-07-01,378,782.87,366,782.87,376,450500,403,764.81
10542,Braemar,2023-07-01,378,782.87,366,782.87,376,450500,403,764.81
10542,Braemar,2024-07-01,378,838.26,366,838.26,376,482000,403,820.37
10542,Braemar,2025-07-01,378,882.57,366,882.57,376,507000,403,862.96
10544,Braidwood,2021-07-01,577,228.31,563,226.27,572,231000,634,220.51
10544,Braidwood,2022-07-01,605,309.97,591,306.19,600,319500,666,293.33
10544,Braidwood,2023-07-01,601,382.23,587,380.43,596,397000,662,374.32
10544,Braidwood,2024-07-01,603,457.52,589,453.28,598,468000,664,448.60
10544,Braidwood,2025-07-01,605,435.88,591,432.36,600,447000,666,421.52
10545,Brandy Hill,2021-07-01,0,,0,,0,,218,29.47
10545,Brandy Hill,2022-07-01,0,,0,,0,,223,40.76
10545,Brandy Hill,2023-07-01,0,,0,,0,,218,40.94
10545,Brandy Hill,2024-07-01,0,,0,,0,,220,40.69
10545,Brandy Hill,2025-07-01,0,,0,,0,,223,42.11
10546,Branxton,2021-07-01,337,219.92,333,220.36,332,215000,749,115.28
10546,Branxton,2022-07-01,344,352.42,340,352.77,338,345000,780,229.48
10546,Branxton,2023-07-01,341,306.38,337,306.38,335,310000,777,208.16
10546,Branxton,2024-07-01,342,326.14,338,326.14,336,330000,778,192.88
10546,Branxton,2025-07-01,344,350.85,340,350.85,338,355000,780,195.64
10549,Bray Park (NSW),2021-07-01,291,339.01,289,339.01,288,234500,307,334.18
10549,Bray Park (NSW),2022-07-01,291,431.89,289,431.89,288,300000,307,425.39
10549,Bray Park (NSW),2023-07-01,291,431.89,289,431.89,288,300000,307,426.12
10549,Bray Park (NSW),2024-07-01,291,481.42,289,481.42,288,334000,307,474.42
10549,Bray Park (NSW),2025-07-01,291,514.85,289,514.85,288,358000,307,508.13
10552,Breadalbane (NSW),2021-07-01,0,,0,,0,,13,18.31
10552,Breadalbane (NSW),2022-07-01,0,,0,,0,,17,14.33
10552,Breadalbane (NSW),2023-07-01,0,,0,,0,,13,34.59
10552,Breadalbane (NSW),2024-07-01,0,,0,,0,,17,27.18
10552,Breadalbane (NSW),2025-07-01,0,,0,,0,,17,28.66
10554,Breakfast Point,2021-07-01,247,4756.41,82,4355.56,208,1960000,256,4750.75
10554,Breakfast Point,2022-07-01,247,6049.93,82,5581.99,208,2540000,256,6004.43
10554,Breakfast Point,2023-07-01,247,5462.56,82,5048.00,208,2300000,256,5434.08
10554,Breakfast Point,2024-07-01,247,5587.89,82,5170.88,208,2420000,256,5563.90
10554,Breakfast Point,2025-07-01,247,6307.05,82,5755.98,208,2800000,256,6266.67
10556,Bredbo,2021-07-01,0,,0,,0,,170,79.09
10556,Bredbo,2022-07-01,0,,0,,0,,179,97.87
10556,Bredbo,2023-07-01,0,,0,,0,,176,109.19
10556,Bredbo,2024-07-01,0,,0,,0,,177,109.19
10556,Bredbo,2025-07-01,0,,0,,0,,179,96.84
10558,Breeza,2021-07-01,0,,0,,0,,80,3.71
10558,Breeza,2022-07-01,0,,0,,0,,105,8.25
10558,Breeza,2023-07-01,0,,0,,0,,105,14.83
10558,Breeza,2024-07-01,0,,0,,0,,105,12.65
10558,Breeza,2025-07-01,0,,0,,0,,105,12.65
10560,Brewarrina,2021-07-01,0,,0,,0,,475,6.18
10560,Brewarrina,2022-07-01,0,,0,,0,,478,6.09
10560,Brewarrina,2023-07-01,0,,0,,0,,477,6.11
10560,Brewarrina,2024-07-01,0,,0,,0,,477,7.27
10560,Brewarrina,2025-07-01,0,,0,,0,,478,9.89
10563,Bribbaree,2021-07-01,0,,0,,0,,80,3.85
10563,Bribbaree,2022-07-01,0,,0,,0,,81,4.48
10563,Bribbaree,2023-07-01,0,,0,,0,,81,5.14
10563,Bribbaree,2024-07-01,0,,0,,0,,81,17.30
10563,Bribbaree,2025-07-01,0,,0,,0,,81,18.04
10565,Brierfield,2021-07-01,0,,0,,0,,15,14.69
10565,Brierfield,2022-07-01,0,,0,,0,,15,19.09
10565,Brierfield,2023-07-01,0,,0,,0,,15,19.09
10565,Brierfield,2024-07-01,0,,0,,0,,15,19.83
10565,Brierfield,2025-07-01,0,,0,,0,,15,20.30
10566,Brighton-Le-Sands,2021-07-01,1415,2539.54,1381,2534.92,1246,1190000,1419,2536.43
10566,Brighton-Le-Sands,2022-07-01,1432,2938.33,1398,2935.17,1256,1360000,1436,2935.92
10566,Brighton-Le-Sands,2023-07-01,1425,2935.92,1391,2929.92,1253,1360000,1429,2929.92
10566,Brighton-Le-Sands,2024-07-01,1430,3210.46,1396,3202.16,1254,1500000,1434,3205.55
10566,Brighton-Le-Sands,2025-07-01,1432,3229.49,1400,3222.00,1256,1500000,1436,3229.32
10567,Brightwaters,2021-07-01,421,508.45,375,488.93,420,410000,423,505.17
10567,Brightwaters,2022-07-01,430,690.56,379,658.15,429,531000,432,689.26
10567,Brightwaters,2023-07-01,426,662.10,376,647.78,425,523000,428,661.66
10567,Brightwaters,2024-07-01,430,649.58,378,633.59,429,506000,432,647.44
10567,Brightwaters,2025-07-01,430,667.03,378,639.11,429,530000,432,666.52
10569,Brimbin,2021-07-01,0,,0,,0,,62,66.25
10569,Brimbin,2022-07-01,0,,0,,0,,62,85.00
10569,Brimbin,2023-07-01,0,,0,,0,,62,87.50
10569,Brimbin,2024-07-01,0,,0,,0,,62,87.50
10569,Brimbin,2025-07-01,0,,0,,0,,62,92.00
10572,Bringelly,2021-07-01,0,,0,,0,,133,99.78
10572,Bringelly,2022-07-01,97,1600.00,97,1600.00,97,560000,233,147.50
10572,Bringelly,2023-07-01,1,,1,,1,,135,147.22
10572,Bringelly,2024-07-01,1,,1,,1,,135,134.81
10572,Bringelly,2025-07-01,97,1771.43,97,1771.43,97,620000,233,127.82
10575,Broadmeadow,2021-07-01,579,1297.26,578,1297.26,553,554000,581,1294.88
10575,Broadmeadow,2022-07-01,584,1369.40,583,1370.48,555,591000,586,1367.69
10575,Broadmeadow,2023-07-01,584,1307.34,583,1307.96,555,561000,586,1306.42
10575,Broadmeadow,2024-07-01,590,1423.91,589,1425.50,561,602000,592,1422.25
10575,Broadmeadow,2025-07-01,590,1467.80,589,1472.87,561,631000,592,1462.47
10577,Broadwater (Richmond Valley - NSW),2021-07-01,0,,0,,0,,223,242.09
10577,Broadwater (Richmond Valley - NSW),2022-07-01,0,,0,,0,,239,247.10
10577,Broadwater (Richmond Valley - NSW),2023-07-01,0,,0,,0,,239,253.27
10577,Broadwater (Richmond Valley - NSW),2024-07-01,0,,0,,0,,243,254.21
10577,Broadwater (Richmond Valley - NSW),2025-07-01,0,,0,,0,,243,235.53
10580,Brocklehurst,2021-07-01,56,42.71,56,42.71,56,86400,78,37.07
10580,Brocklehurst,2022-07-01,56,49.09,56,49.09,56,99300,78,42.61
10580,Brocklehurst,2023-07-01,56,53.88,56,53.88,56,109000,78,46.86
10580,Brocklehurst,2024-07-01,56,58.82,56,58.82,56,119000,78,51.41
10580,Brocklehurst,2025-07-01,56,58.82,56,58.82,56,119000,78,58.82
10581,Brocklesby,2021-07-01,0,,0,,0,,60,18.20
10581,Brocklesby,2022-07-01,0,,0,,0,,66,27.13
10581,Brocklesby,2023-07-01,0,,0,,0,,66,48.94
10581,Brocklesby,2024-07-01,0,,0,,0,,66,52.89
10581,Brocklesby,2025-07-01,0,,0,,0,,66,52.89
10587,Broke (NSW),2021-07-01,0,,0,,0,,139,79.58
10587,Broke (NSW),2022-07-01,0,,0,,0,,141,167.08
10587,Broke (NSW),2023-07-01,0,,0,,0,,140,167.08
10587,Broke (NSW),2024-07-01,0,,0,,0,,140,165.60
10587,Broke (NSW),2025-07-01,0,,0,,0,,141,170.54
10588,Broken Head,2021-07-01,0,,0,,0,,10,162.47
10588,Broken Head,2022-07-01,0,,0,,0,,12,150.40
10588,Broken Head,2023-07-01,0,,0,,0,,12,130.41
10588,Broken Head,2024-07-01,0,,0,,0,,12,121.12
10588,Broken Head,2025-07-01,0,,0,,0,,12,168.83
10589,Broken Hill,2021-07-01,9225,25.03,1,,9210,20500,9410,24.85
10589,Broken Hill,2022-07-01,9256,36.33,1,,9241,29200,9443,36.04
10589,Broken Hill,2023-07-01,9252,44.81,0,,9237,36600,9439,44.24
10589,Broken Hill,2024-07-01,9269,42.82,0,,9254,33000,9456,42.49
10589,Broken Hill,2025-07-01,9269,42.96,0,,9254,33000,9456,42.50
10591,Bronte,2021-07-01,1590,7528.91,1437,7618.54,1436,2550000,1592,7528.91
10591,Bronte,2022-07-01,1608,9185.12,1454,9282.91,1451,3060000,1610,9174.85
10591,Bronte,2023-07-01,1595,9587.41,1441,9676.20,1439,3220000,1597,9574.10
10591,Bronte,2024-07-01,1604,11166.85,1450,11294.95,1447,3730000,1606,11162.53
10591,Bronte,2025-07-01,1608,11793.26,1454,11907.77,1451,3940000,1610,11788.20
10596,Brooklyn (NSW),2021-07-01,217,1031.49,178,1031.49,216,713000,218,1031.49
10596,Brooklyn (NSW),2022-07-01,228,1334.95,187,1333.16,227,930000,229,1334.95
10596,Brooklyn (NSW),2023-07-01,228,1268.85,187,1267.81,227,871000,229,1268.29
10596,Brooklyn (NSW),2024-07-01,228,1268.05,187,1252.34,227,860000,229,1267.81
10596,Brooklyn (NSW),2025-07-01,228,1249.24,187,1230.75,227,861000,229,1240.39
10598,Brookvale,2021-07-01,320,1842.73,315,1836.42,265,1130000,325,1833.78
10598,Brookvale,2022-07-01,327,2262.06,322,2244.80,270,1370000,333,2241.07
10598,Brookvale,2023-07-01,322,2048.89,317,2048.89,266,1210000,328,2048.25
10598,Brookvale,2024-07-01,326,2270.54,321,2266.74,269,1320000,332,2266.27
10598,Brookvale,2025-07-01,327,2354.59,322,2350.62,270,1390000,333,2346.83
10600,Brooms Head,2021-07-01,166,661.84,166,661.84,165,379000,166,661.84
10600,Brooms Head,2022-07-01,166,890.10,166,890.10,165,500000,167,888.32
10600,Brooms Head,2023-07-01,166,890.10,166,890.10,165,491000,166,890.10
10600,Brooms Head,2024-07-01,166,890.10,166,890.10,165,491000,167,888.32
10600,Brooms Head,2025-07-01,166,1042.56,166,1042.56,165,575000,167,1040.61
10605,Broulee,2021-07-01,1062,488.59,1061,488.80,997,353000,1074,487.69
10605,Broulee,2022-07-01,1081,855.40,1080,855.40,1014,619000,1094,855.40
10605,Broulee,2023-07-01,1072,976.74,1071,976.71,1005,635000,1084,976.55
10605,Broulee,2024-07-01,1077,1038.82,1076,1038.23,1010,676000,1089,1027.24
10605,Broulee,2025-07-01,1081,918.42,1080,917.94,1014,598000,1094,907.93
10607,Browns Creek,2021-07-01,0,,0,,0,,35,10.55
10607,Browns Creek,2022-07-01,0,,0,,0,,35,13.33
10607,Browns Creek,2023-07-01,0,,0,,0,,35,16.08
10607,Browns Creek,2024-07-01,0,,0,,0,,35,17.10
10607,Browns Creek,2025-07-01,0,,0,,0,,35,17.10
10609,Brownsville,2021-07-01,179,584.11,177,584.11,167,343000,193,583.63
10609,Brownsville,2022-07-01,179,859.65,177,859.65,167,500000,193,838.03
10609,Brownsville,2023-07-01,179,859.65,177,859.65,167,500000,193,838.03
10609,Brownsville,2024-07-01,179,878.46,177,878.46,167,511000,193,856.21
10609,Brownsville,2025-07-01,179,868.15,177,868.15,167,505000,193,847.12
10615,Brungle,2021-07-01,0,,0,,0,,53,10.84
10615,Brungle,2022-07-01,0,,0,,0,,56,11.64
10615,Brungle,2023-07-01,0,,0,,0,,56,12.10
10615,Brungle,2024-07-01,0,,0,,0,,56,12.10
10615,Brungle,2025-07-01,0,,0,,0,,56,12.10
10618,Brunswick Heads,2021-07-01,524,1768.77,496,1767.60,498,1230000,551,1742.67
10618,Brunswick Heads,2022-07-01,546,2048.81,498,1840.18,519,1250000,573,1879.76
10618,Brunswick Heads,2023-07-01,524,1421.39,496,1377.66,498,990000,551,1315.83
10618,Brunswick Heads,2024-07-01,545,1847.83,497,1783.94,518,1170000,572,1726.91
10618,Brunswick Heads,2025-07-01,547,1931.89,499,1858.20,519,1210000,574,1863.45
10619,Brushgrove,2021-07-01,72,111.49,46,111.50,72,204000,83,105.07
10619,Brushgrove,2022-07-01,72,128.79,46,128.68,72,235000,83,121.38
10619,Brushgrove,2023-07-01,72,126.53,46,126.74,72,224000,83,119.76
10619,Brushgrove,2024-07-01,72,126.53,46,126.74,72,224000,83,119.76
10619,Brushgrove,2025-07-01,72,142.40,46,142.64,72,252000,83,134.77
10625,Buchanan (NSW),2022-07-01,86,663.87,86,663.87,86,395000,88,663.87
10625,Buchanan (NSW),2023-07-01,68,574.28,68,574.28,68,360000,70,563.10
10625,Buchanan (NSW),2024-07-01,72,610.87,72,610.87,72,375000,74,607.09
10625,Buchanan (NSW),2025-07-01,86,655.46,86,655.46,86,390000,88,655.46
10627,Buckaroo,2021-07-01,0,,0,,0,,26,4.68
10627,Buckaroo,2022-07-01,0,,0,,0,,30,5.75
10627,Buckaroo,2023-07-01,0,,0,,0,,29,6.02
10627,Buckaroo,2024-07-01,0,,0,,0,,30,6.02
10627,Buckaroo,2025-07-01,0,,0,,0,,30,5.75
10638,Budgee Budgee (NSW),2021-07-01,0,,0,,0,,97,3.55
10638,Budgee Budgee (NSW),2022-07-01,0,,0,,0,,103,5.39
10638,Budgee Budgee (NSW),2023-07-01,0,,0,,0,,103,4.40
10638,Budgee Budgee (NSW),2024-07-01,0,,0,,0,,103,5.27
10638,Budgee Budgee (NSW),2025-07-01,0,,0,,0,,103,5.27
10639,Budgewoi,2021-07-01,1549,596.69,1544,596.69,1531,337000,1550,596.69
10639,Budgewoi,2022-07-01,1552,727.89,1547,727.89,1534,413000,1553,727.89
10639,Budgewoi,2023-07-01,1551,693.75,1546,693.75,1533,389000,1552,693.75
10639,Budgewoi,2024-07-01,1551,740.47,1546,740.47,1533,417000,1552,740.36
10639,Budgewoi,2025-07-01,1552,740.47,1547,740.47,1534,412000,1553,740.47
10642,Buff Point,2021-07-01,1360,571.10,1359,571.10,1355,353000,1363,570.45
10642,Buff Point,2022-07-01,1362,717.03,1361,717.03,1357,451000,1365,717.03
10642,Buff Point,2023-07-01,1360,662.35,1359,662.35,1355,420000,1363,662.35
10642,Buff Point,2024-07-01,1360,700.82,1359,700.93,1355,445000,1363,699.04
10642,Buff Point,2025-07-01,1362,684.95,1362,684.95,1357,435000,1365,684.82
10643,Bugaldie,2021-07-01,0,,0,,0,,31,1.52
10643,Bugaldie,2022-07-01,0,,0,,0,,35,1.59
10643,Bugaldie,2023-07-01,0,,0,,0,,35,1.90
10643,Bugaldie,2024-07-01,0,,0,,0,,35,3.42
10643,Bugaldie,2025-07-01,0,,0,,0,,35,3.52
10645,Bukkulla,2021-07-01,0,,0,,0,,18,2.14
10645,Bukkulla,2022-07-01,0,,0,,0,,19,3.16
10645,Bukkulla,2023-07-01,0,,0,,0,,19,3.16
10645,Bukkulla,2024-07-01,0,,0,,0,,19,3.16
10645,Bukkulla,2025-07-01,0,,0,,0,,19,8.45
10646,Bulahdelah,2021-07-01,0,,0,,0,,612,104.67
10646,Bulahdelah,2022-07-01,0,,0,,0,,644,151.94
10646,Bulahdelah,2023-07-01,0,,0,,0,,642,168.38
10646,Bulahdelah,2024-07-01,0,,0,,0,,648,171.29
10646,Bulahdelah,2025-07-01,0,,0,,0,,648,174.87
10648,Bulga (NSW),2021-07-01,0,,0,,0,,42,14.51
10648,Bulga (NSW),2022-07-01,0,,0,,0,,44,36.22
10648,Bulga (NSW),2023-07-01,0,,0,,0,,44,36.22
10648,Bulga (NSW),2024-07-01,0,,0,,0,,44,34.38
10648,Bulga (NSW),2025-07-01,0,,0,,0,,44,34.91
10659,Bulli,2021-07-01,2081,1673.63,2052,1675.23,2031,986000,2106,1658.38
10659,Bulli,2022-07-01,2094,2119.54,2065,2137.64,2041,1250000,2119,2108.48
10659,Bulli,2023-07-01,2091,1857.92,2050,1861.25,2039,1100000,2116,1845.32
10659,Bulli,2024-07-01,2109,1873.82,2068,1876.96,2055,1090000,2135,1860.30
10659,Bulli,2025-07-01,2109,1853.22,2069,1859.58,2055,1080000,2135,1837.06
10665,Bundabah,2021-07-01,0,,0,,0,,116,200.17
10665,Bundabah,2022-07-01,0,,0,,0,,116,326.64
10665,Bundabah,2023-07-01,0,,0,,0,,116,293.36
10665,Bundabah,2024-07-01,0,,0,,0,,116,293.36
10665,Bundabah,2025-07-01,0,,0,,0,,116,298.51
10667,Bundanoon (NSW),2021-07-01,1069,279.89,1067,279.91,1068,353000,1452,233.20
10667,Bundanoon (NSW),2022-07-01,1108,426.49,1106,426.91,1107,522000,1500,357.50
10667,Bundanoon (NSW),2023-07-01,1071,420.92,1069,421.86,1070,523000,1454,349.98
10667,Bundanoon (NSW),2024-07-01,1094,407.50,1092,407.80,1093,500000,1483,337.31
10667,Bundanoon (NSW),2025-07-01,1108,466.63,1106,468.31,1107,573000,1500,388.60
10668,Bundarra,2021-07-01,0,,0,,0,,200,8.55
10668,Bundarra,2022-07-01,0,,0,,0,,206,13.33
10668,Bundarra,2023-07-01,0,,0,,0,,202,13.45
10668,Bundarra,2024-07-01,0,,0,,0,,206,23.06
10668,Bundarra,2025-07-01,0,,0,,0,,206,23.06
10673,Bundook,2021-07-01,0,,0,,0,,28,11.61
10673,Bundook,2022-07-01,0,,0,,0,,32,22.70
10673,Bundook,2023-07-01,0,,0,,0,,30,21.25
10673,Bundook,2024-07-01,0,,0,,0,,34,21.46
10673,Bundook,2025-07-01,0,,0,,0,,34,21.46
10675,Bungaba,2021-07-01,0,,0,,0,,37,0.97
10675,Bungaba,2022-07-01,0,,0,,0,,37,1.51
10675,Bungaba,2023-07-01,0,,0,,0,,37,1.23
10675,Bungaba,2024-07-01,0,,0,,0,,37,1.48
10675,Bungaba,2025-07-01,0,,0,,0,,37,1.48
10679,Bungarribee,2021-07-01,818,1083.29,818,1083.29,818,490000,818,1083.29
10679,Bungarribee,2022-07-01,818,1226.13,818,1226.13,818,552000,818,1226.13
10679,Bungarribee,2023-07-01,818,1407.87,818,1407.87,818,634000,818,1407.87
10679,Bungarribee,2024-07-01,818,1653.48,818,1653.48,818,744000,818,1653.48
10679,Bungarribee,2025-07-01,818,1678.87,818,1678.87,818,755000,818,1678.87
10681,Bungendore,2021-07-01,1377,347.48,1276,345.35,1370,380000,1486,341.00
10681,Bungendore,2022-07-01,1523,489.55,1420,488.82,1515,534000,1636,484.07
10681,Bungendore,2023-07-01,1510,512.92,1407,510.51,1502,556000,1619,505.76
10681,Bungendore,2024-07-01,1518,477.94,1415,476.47,1510,528000,1629,475.35
10681,Bungendore,2025-07-01,1523,456.00,1420,452.98,1515,503000,1636,448.93
10682,Bungonia,2021-07-01,0,,0,,0,,46,59.81
10682,Bungonia,2022-07-01,0,,0,,0,,47,71.68
10682,Bungonia,2023-07-01,0,,0,,0,,47,75.14
10682,Bungonia,2024-07-01,0,,0,,0,,56,97.33
10682,Bungonia,2025-07-01,0,,0,,0,,56,100.30
10684,Bungwahl,2021-07-01,0,,0,,0,,22,136.05
10684,Bungwahl,2022-07-01,0,,0,,0,,22,238.92
10684,Bungwahl,2023-07-01,0,,0,,0,,22,238.92
10684,Bungwahl,2024-07-01,0,,0,,0,,22,238.92
10684,Bungwahl,2025-07-01,0,,0,,0,,22,238.92
10685,Bunnaloo,2021-07-01,0,,0,,0,,19,1.93
10685,Bunnaloo,2022-07-01,0,,0,,0,,21,7.64
10685,Bunnaloo,2023-07-01,0,,0,,0,,21,8.79
10685,Bunnaloo,2024-07-01,0,,0,,0,,21,8.79
10685,Bunnaloo,2025-07-01,0,,0,,0,,21,8.92
10686,Bunnan,2021-07-01,0,,0,,0,,42,7.56
10686,Bunnan,2022-07-01,0,,0,,0,,48,17.90
10686,Bunnan,2023-07-01,0,,0,,0,,45,25.67
10686,Bunnan,2024-07-01,0,,0,,0,,48,28.54
10686,Bunnan,2025-07-01,0,,0,,0,,48,28.54
10688,Bunyan,2021-07-01,0,,0,,0,,37,2.07
10688,Bunyan,2022-07-01,0,,0,,0,,38,2.79
10688,Bunyan,2023-07-01,0,,0,,0,,37,3.46
10688,Bunyan,2024-07-01,0,,0,,0,,37,3.46
10688,Bunyan,2025-07-01,0,,0,,0,,38,3.37
10689,Burcher,2021-07-01,0,,0,,0,,44,0.77
10689,Burcher,2022-07-01,0,,0,,0,,46,5.19
10689,Burcher,2023-07-01,0,,0,,0,,46,5.19
10689,Burcher,2024-07-01,0,,0,,0,,46,5.19
10689,Burcher,2025-07-01,0,,0,,0,,46,5.19
10691,Burnt Bridge,2021-07-01,0,,0,,0,,30,9.84
10691,Burnt Bridge,2022-07-01,0,,0,,0,,30,11.13
10691,Burnt Bridge,2023-07-01,0,,0,,0,,30,11.75
10691,Burnt Bridge,2024-07-01,0,,0,,0,,30,12.37
10691,Burnt Bridge,2025-07-01,0,,0,,0,,30,13.22
10693,Buronga,2021-07-01,0,,0,,0,,536,138.35
10693,Buronga,2022-07-01,0,,0,,0,,595,168.09
10693,Buronga,2023-07-01,0,,0,,0,,591,167.74
10693,Buronga,2024-07-01,0,,0,,0,,601,167.74
10693,Buronga,2025-07-01,0,,0,,0,,601,162.90
10694,Burra (Queanbeyan-Palerang Regional - NSW),2021-07-01,0,,0,,0,,32,15.46
10694,Burra (Queanbeyan-Palerang Regional - NSW),2022-07-01,0,,0,,0,,44,19.01
10694,Burra (Queanbeyan-Palerang Regional - NSW),2023-07-01,0,,0,,0,,44,20.90
10694,Burra (Queanbeyan-Palerang Regional - NSW),2024-07-01,0,,0,,0,,44,21.89
10694,Burra (Queanbeyan-Palerang Regional - NSW),2025-07-01,0,,0,,0,,44,19.02
10698,Burradoo,2021-07-01,293,466.90,263,459.72,293,1000000,1155,290.62
10698,Burradoo,2022-07-01,301,676.87,271,658.12,301,1460000,1168,421.43
10698,Burradoo,2023-07-01,294,677.95,227,642.73,294,1460000,1158,417.98
10698,Burradoo,2024-07-01,296,546.18,229,520.41,296,1180000,1160,370.31
10698,Burradoo,2025-07-01,301,599.83,234,570.28,301,1290000,1168,391.67
10699,Burraga,2021-07-01,0,,0,,0,,58,7.66
10699,Burraga,2022-07-01,0,,0,,0,,60,15.05
10699,Burraga,2023-07-01,0,,0,,0,,60,15.05
10699,Burraga,2024-07-01,0,,0,,0,,60,15.05
10699,Burraga,2025-07-01,0,,0,,0,,60,15.32
10700,Burragate,2021-07-01,0,,0,,0,,24,9.89
10700,Burragate,2022-07-01,0,,0,,0,,24,16.56
10700,Burragate,2023-07-01,0,,0,,0,,24,17.91
10700,Burragate,2024-07-01,0,,0,,0,,24,17.91
10700,Burragate,2025-07-01,0,,0,,0,,24,19.25
10702,Burraneer,2021-07-01,297,2454.94,297,2454.94,279,1440000,297,2454.94
10702,Burraneer,2022-07-01,311,2916.27,311,2916.27,293,1710000,311,2916.27
10702,Burraneer,2023-07-01,307,2751.51,307,2751.51,289,1610000,307,2751.51
10702,Burraneer,2024-07-01,319,2998.65,319,2998.65,301,1750000,319,2998.65
10702,Burraneer,2025-07-01,319,3047.78,313,3047.78,301,1780000,319,3047.78
10705,Burrawang,2021-07-01,119,748.53,113,754.41,119,874000,137,629.20
10705,Burrawang,2022-07-01,119,906.61,113,955.21,119,1180000,137,819.55
10705,Burrawang,2023-07-01,119,906.61,113,955.21,119,1180000,137,819.55
10705,Burrawang,2024-07-01,119,906.61,113,955.21,119,1180000,137,819.55
10705,Burrawang,2025-07-01,119,906.61,113,955.21,119,1180000,137,819.55
10707,Burren Junction,2021-07-01,0,,0,,0,,111,1.73
10707,Burren Junction,2022-07-01,0,,0,,0,,118,2.25
10707,Burren Junction,2023-07-01,0,,0,,0,,116,7.17
10707,Burren Junction,2024-07-01,0,,0,,0,,118,4.99
10707,Burren Junction,2025-07-01,0,,0,,0,,118,4.99
10709,Burrill Lake,2021-07-01,979,644.41,943,633.68,960,375000,982,644.14
10709,Burrill Lake,2022-07-01,982,1013.49,946,1011.11,960,614000,985,1013.49
10709,Burrill Lake,2023-07-01,980,865.08,945,862.69,960,528000,983,865.08
10709,Burrill Lake,2024-07-01,981,812.37,946,807.84,960,494000,984,812.37
10709,Burrill Lake,2025-07-01,982,787.20,947,781.18,960,479000,985,787.20
10710,Burringbar,2021-07-01,0,,0,,0,,211,253.31
10710,Burringbar,2022-07-01,0,,0,,0,,214,349.80
10710,Burringbar,2023-07-01,0,,0,,0,,214,349.80
10710,Burringbar,2024-07-01,0,,0,,0,,214,373.66
10710,Burringbar,2025-07-01,0,,0,,0,,214,417.70
10713,Burrumbuttock,2021-07-01,0,,0,,0,,101,22.64
10713,Burrumbuttock,2022-07-01,0,,0,,0,,101,32.13
10713,Burrumbuttock,2023-07-01,0,,0,,0,,101,54.87
10713,Burrumbuttock,2024-07-01,0,,0,,0,,101,56.35
10713,Burrumbuttock,2025-07-01,0,,0,,0,,101,57.83
10716,Burwood (NSW),2021-07-01,1973,3239.80,1820,3325.07,1898,1720000,1985,3233.18
10716,Burwood (NSW),2022-07-01,2000,3904.38,1826,3978.04,1920,2050000,2013,3894.26
10716,Burwood (NSW),2023-07-01,1994,3711.42,1820,3764.36,1915,1940000,2006,3707.13
10716,Burwood (NSW),2024-07-01,1994,4161.12,1814,4250.06,1915,2180000,2006,4159.45
10716,Burwood (NSW),2025-07-01,2001,4278.42,1821,4382.21,1920,2240000,2014,4272.24
10717,Burwood Heights,2021-07-01,254,2311.53,250,2329.05,247,1320000,254,2311.53
10717,Burwood Heights,2022-07-01,254,2890.01,250,2890.01,247,1690000,254,2890.01
10717,Burwood Heights,2023-07-01,254,2473.52,250,2479.61,247,1410000,254,2473.52
10717,Burwood Heights,2024-07-01,254,2755.50,250,2762.35,247,1600000,254,2755.50
10717,Burwood Heights,2025-07-01,254,2932.68,250,2934.43,247,1710000,254,2932.68
10718,Busby,2021-07-01,1258,779.09,1258,779.09,1256,468000,1260,779.09
10718,Busby,2022-07-01,1281,1008.72,1281,1008.72,1276,622000,1283,1008.72
10718,Busby,2023-07-01,1275,878.73,1275,878.73,1270,537000,1277,878.73
10718,Busby,2024-07-01,1275,973.26,1275,973.26,1270,597000,1277,973.26
10718,Busby,2025-07-01,1281,1076.72,1281,1076.72,1276,656000,1283,1076.72
10721,Buttaba,2021-07-01,613,435.06,570,418.38,611,344000,617,432.65
10721,Buttaba,2022-07-01,617,478.06,574,467.48,615,378000,621,475.12
10721,Buttaba,2023-07-01,617,464.11,574,454.92,615,370000,621,462.88
10721,Buttaba,2024-07-01,617,488.49,574,477.39,615,391000,621,486.84
10721,Buttaba,2025-07-01,617,501.68,574,490.13,615,401000,621,500.00
10724,Buxton (NSW),2021-07-01,522,434.67,518,434.87,522,345000,589,426.73
10724,Buxton (NSW),2022-07-01,534,525.44,530,525.44,534,415000,601,515.43
10724,Buxton (NSW),2023-07-01,532,475.47,528,475.50,532,375000,599,466.40
10724,Buxton (NSW),2024-07-01,534,442.20,530,442.20,534,350000,601,432.91
10724,Buxton (NSW),2025-07-01,534,525.44,530,525.44,534,416000,601,514.23
10730,Byrock,2021-07-01,0,,0,,0,,30,0.49
10730,Byrock,2022-07-01,0,,0,,0,,30,0.49
10730,Byrock,2023-07-01,0,,0,,0,,30,0.99
10730,Byrock,2024-07-01,0,,0,,0,,30,0.99
10730,Byrock,2025-07-01,0,,0,,0,,30,0.99
10731,Byron Bay,2021-07-01,1753,2098.62,1606,2133.81,1476,1450000,1799,2059.70
10731,Byron Bay,2022-07-01,1845,2737.17,1695,2769.89,1554,1820000,1899,2697.05
10731,Byron Bay,2023-07-01,1829,2170.41,1680,2194.69,1540,1400000,1880,2116.76
10731,Byron Bay,2024-07-01,1837,2125.49,1688,2159.11,1546,1340000,1890,2093.80
10731,Byron Bay,2025-07-01,1845,2302.63,1696,2331.27,1554,1500000,1899,2265.48
10734,Cabarita (NSW),2021-07-01,494,5323.55,406,5057.22,485,2090000,497,5321.01
10734,Cabarita (NSW),2022-07-01,497,6574.28,408,6208.42,488,2850000,500,6574.14
10734,Cabarita (NSW),2023-07-01,497,6149.68,408,5804.74,488,2490000,500,6145.49
10734,Cabarita (NSW),2024-07-01,497,6149.68,408,5847.73,488,2730000,500,6145.49
10734,Cabarita (NSW),2025-07-01,497,6286.33,408,5965.96,488,2730000,500,6279.84
10735,Cabarita Beach,2021-07-01,43,2405.27,43,2405.27,40,1460000,43,2405.27
10735,Cabarita Beach,2022-07-01,43,3887.97,43,3887.97,40,2360000,43,3887.97
10735,Cabarita Beach,2023-07-01,43,3377.27,43,3377.27,40,2055000,43,3377.27
10735,Cabarita Beach,2024-07-01,44,3459.64,44,3459.64,41,2110000,44,3459.64
10735,Cabarita Beach,2025-07-01,44,3542.01,44,3542.01,41,2160000,44,3542.01
10738,Cabramatta,2021-07-01,3097,1050.93,3084,1051.55,2863,671000,3131,1046.55
10738,Cabramatta,2022-07-01,3128,1200.62,3115,1202.03,2894,776000,3162,1197.23
10738,Cabramatta,2023-07-01,3112,1146.08,3099,1147.52,2878,741000,3146,1143.53
10738,Cabramatta,2024-07-01,3155,1326.53,3142,1328.35,2921,845000,3189,1320.99
10738,Cabramatta,2025-07-01,3155,1503.07,3142,1504.13,2921,971000,3189,1499.89
10739,Cabramatta West,2021-07-01,1990,1159.15,1987,1159.64,1987,670000,1993,1159.15
10739,Cabramatta West,2022-07-01,2041,1333.57,2038,1334.07,2038,752000,2044,1333.16
10739,Cabramatta West,2023-07-01,2023,1329.31,2020,1329.31,2020,753500,2026,1329.31
10739,Cabramatta West,2024-07-01,2072,1529.91,2069,1530.12,2069,861000,2075,1529.09
10739,Cabramatta West,2025-07-01,2072,1687.74,2069,1688.29,2069,951000,2075,1686.87
10741,Caddens,2021-07-01,967,1157.29,967,1157.29,967,478000,971,1156.39
10741,Caddens,2022-07-01,1246,1318.13,1090,1293.33,1245,504000,1254,1315.74
10741,Caddens,2023-07-01,1246,1236.17,1090,1193.33,1245,465000,1254,1233.46
10741,Caddens,2024-07-01,1247,1543.62,1091,1482.67,1245,599000,1255,1541.75
10741,Caddens,2025-07-01,1247,1688.80,1111,1626.62,1245,655000,1255,1688.24
10744,Caerleon,2021-07-01,184,192.86,184,192.86,184,162000,188,192.86
10744,Caerleon,2022-07-01,320,395.10,320,395.10,320,293000,327,395.05
10744,Caerleon,2023-07-01,302,294.78,302,294.78,302,226000,308,293.94
10744,Caerleon,2024-07-01,320,296.09,320,296.09,320,214000,327,294.81
10744,Caerleon,2025-07-01,320,314.39,320,314.39,320,224000,327,310.53
10747,Calala,2021-07-01,1619,149.33,1590,147.98,1600,120000,1708,146.27
10747,Calala,2022-07-01,1708,220.53,1662,217.32,1689,175000,1798,214.47
10747,Calala,2023-07-01,1707,233.66,1660,230.25,1688,186000,1797,227.94
10747,Calala,2024-07-01,1708,240.22,1661,235.94,1689,191000,1798,234.51
10747,Calala,2025-07-01,1708,259.12,1661,254.69,1689,205000,1798,252.76
10749,Calderwood,2021-07-01,1495,968.75,1495,968.75,1495,403000,1519,965.33
10749,Calderwood,2022-07-01,1672,1129.43,1672,1129.43,1672,474000,1698,1125.93
10749,Calderwood,2023-07-01,1533,1096.00,1533,1096.00,1533,460000,1557,1094.63
10749,Calderwood,2024-07-01,1586,1062.36,1586,1062.36,1586,452000,1611,1061.33
10749,Calderwood,2025-07-01,1710,1011.72,1710,1011.72,1710,439000,1738,1010.19
10751,Calga,2021-07-01,0,,0,,0,,15,76.54
10751,Calga,2022-07-01,0,,0,,0,,15,103.30
10751,Calga,2023-07-01,0,,0,,0,,15,103.30
10751,Calga,2024-07-01,0,,0,,0,,15,106.72
10751,Calga,2025-07-01,0,,0,,0,,15,121.50
10756,Callala Bay,2021-07-01,1295,715.17,1278,712.44,1293,556000,1302,713.86
10756,Callala Bay,2022-07-01,1315,869.37,1298,864.67,1309,670000,1323,867.44
10756,Callala Bay,2023-07-01,1305,659.64,1286,654.98,1302,512000,1313,657.66
10756,Callala Bay,2024-07-01,1308,693.31,1289,692.19,1302,529000,1316,693.31
10756,Callala Bay,2025-07-01,1317,707.85,1298,707.21,1311,540000,1325,707.85
10757,Callala Beach,2021-07-01,1028,1145.93,936,1152.77,1027,736000,1029,1144.69
10757,Callala Beach,2022-07-01,1037,1476.52,945,1441.41,1035,925000,1038,1475.66
10757,Callala Beach,2023-07-01,1028,1112.51,936,1112.51,1027,714000,1029,1112.51
10757,Callala Beach,2024-07-01,1030,1164.70,938,1112.51,1028,757000,1031,1162.65
10757,Callala Beach,2025-07-01,1037,1186.95,945,1126.89,1035,764000,1038,1186.55
10761,Camberwell (NSW),2021-07-01,0,,0,,0,,49,7.98
10761,Camberwell (NSW),2022-07-01,0,,0,,0,,49,16.15
10761,Camberwell (NSW),2023-07-01,0,,0,,0,,49,17.13
10761,Camberwell (NSW),2024-07-01,0,,0,,0,,49,18.92
10761,Camberwell (NSW),2025-07-01,0,,0,,0,,49,18.92
10762,Cambewarra,2021-07-01,90,376.11,89,376.12,90,384000,92,375.37
10762,Cambewarra,2022-07-01,90,567.03,89,568.16,90,580500,92,565.03
10762,Cambewarra,2023-07-01,90,507.45,89,508.46,90,519500,92,505.71
10762,Cambewarra,2024-07-01,90,484.61,89,485.57,90,500000,92,482.70
10762,Cambewarra,2025-07-01,90,484.61,89,485.57,90,500000,92,482.70
10763,Cambewarra Village,2021-07-01,334,363.02,334,363.02,334,414500,338,362.16
10763,Cambewarra Village,2022-07-01,336,548.38,335,548.71,336,625000,340,546.97
10763,Cambewarra Village,2023-07-01,336,477.35,335,478.13,336,546000,340,476.26
10763,Cambewarra Village,2024-07-01,336,462.22,335,462.69,336,526000,340,460.67
10763,Cambewarra Village,2025-07-01,336,462.22,335,462.69,336,526000,340,460.67
10766,Cambridge Gardens,2021-07-01,706,780.20,706,780.20,702,509000,707,780.20
10766,Cambridge Gardens,2022-07-01,706,844.57,706,844.57,702,551000,707,844.57
10766,Cambridge Gardens,2023-07-01,706,804.72,706,804.72,702,525000,707,804.72
10766,Cambridge Gardens,2024-07-01,706,869.10,706,869.10,702,567000,707,869.10
10766,Cambridge Gardens,2025-07-01,706,980.99,706,980.99,702,640000,707,980.99
10767,Cambridge Park,2021-07-01,2155,714.73,2155,714.73,2016,473000,2164,714.73
10767,Cambridge Park,2022-07-01,2166,786.12,2166,786.12,2025,512000,2175,785.28
10767,Cambridge Park,2023-07-01,2166,746.93,2166,746.93,2025,487000,2175,746.39
10767,Cambridge Park,2024-07-01,2170,807.40,2170,807.40,2026,526000,2179,807.17
10767,Cambridge Park,2025-07-01,2170,911.81,2170,911.81,2026,594000,2179,911.81
10769,Camden,2021-07-01,910,751.89,889,752.24,889,510000,931,749.13
10769,Camden,2022-07-01,915,1068.35,894,1069.77,893,724000,936,1065.78
10769,Camden,2023-07-01,913,1053.16,891,1054.29,891,721000,934,1051.26
10769,Camden,2024-07-01,913,997.19,891,997.57,891,690000,934,990.10
10769,Camden,2025-07-01,915,1088.32,893,1089.01,893,742000,936,1082.53
10770,Camden Head,2021-07-01,101,634.25,101,634.25,100,432000,101,634.25
10770,Camden Head,2022-07-01,101,887.30,101,887.30,100,600000,101,887.30
10770,Camden Head,2023-07-01,101,887.30,101,887.30,100,600000,101,887.30
10770,Camden Head,2024-07-01,101,887.30,101,887.30,100,600000,101,887.30
10770,Camden Head,2025-07-01,101,927.31,101,927.31,100,620000,101,927.31
10771,Camden Park (NSW),2021-07-01,650,803.21,650,803.21,650,595000,671,802.08
10771,Camden Park (NSW),2022-07-01,652,986.15,652,986.15,652,731000,681,983.72
10771,Camden Park (NSW),2023-07-01,650,1012.97,650,1012.97,650,751000,671,1011.43
10771,Camden Park (NSW),2024-07-01,650,958.91,650,958.91,650,710000,677,957.13
10771,Camden Park (NSW),2025-07-01,652,1025.86,652,1025.86,652,760000,681,1024.02
10772,Camden South,2021-07-01,1582,647.01,1581,647.18,1579,500000,1596,644.65
10772,Camden South,2022-07-01,1584,841.19,1583,841.20,1580,640000,1599,840.82
10772,Camden South,2023-07-01,1584,829.97,1583,829.98,1580,640000,1599,828.26
10772,Camden South,2024-07-01,1584,846.52,1583,846.79,1580,655000,1599,844.23
10772,Camden South,2025-07-01,1584,866.34,1583,866.34,1580,650000,1599,864.84
10774,Cameron Park,2021-07-01,3431,512.94,3405,511.42,3404,328000,3481,510.20
10774,Cameron Park,2022-07-01,3626,592.46,3574,590.76,3587,376000,3677,590.46
10774,Cameron Park,2023-07-01,3567,610.00,3521,607.25,3536,390000,3618,606.75
10774,Cameron Park,2024-07-01,3610,626.67,3560,625.40,3574,401000,3661,625.29
10774,Cameron Park,2025-07-01,3626,663.13,3574,662.18,3587,423000,3677,661.98
10777,Cammeray,2021-07-01,1236,4940.85,1179,4956.16,989,1800000,1240,4936.19
10777,Cammeray,2022-07-01,1241,5942.90,1184,5957.04,991,2160000,1245,5935.39
10777,Cammeray,2023-07-01,1239,5699.48,1182,5726.79,990,2045000,1243,5697.54
10777,Cammeray,2024-07-01,1241,6050.75,1184,6065.61,991,2190000,1245,6046.51
10777,Cammeray,2025-07-01,1241,6100.32,1187,6122.91,991,2200000,1245,6100.32
10779,Campbelltown (NSW),2021-07-01,3966,799.78,3943,799.78,3809,450000,3993,799.78
10779,Campbelltown (NSW),2022-07-01,4118,1020.16,4094,1020.16,3955,586000,4145,1017.84
10779,Campbelltown (NSW),2023-07-01,4086,934.58,4061,934.58,3923,542000,4113,934.58
10779,Campbelltown (NSW),2024-07-01,4086,1078.36,4061,1078.36,3923,615000,4113,1078.36
10779,Campbelltown (NSW),2025-07-01,4118,1168.70,4092,1168.22,3955,661000,4145,1168.22
10780,Camperdown (NSW),2021-07-01,881,7839.26,841,7913.61,842,1190000,885,7839.26
10780,Camperdown (NSW),2022-07-01,902,7906.57,851,7917.50,863,1190000,906,7902.25
10780,Camperdown (NSW),2023-07-01,902,7839.26,851,7902.25,863,1190000,906,7835.14
10780,Camperdown (NSW),2024-07-01,904,8589.25,853,8636.36,865,1310000,908,8576.41
10780,Camperdown (NSW),2025-07-01,904,8821.60,853,8876.22,865,1340000,908,8799.81
10781,Campsie,2021-07-01,3059,2168.54,3024,2173.84,2572,986000,3069,2166.85
10781,Campsie,2022-07-01,3082,2674.11,3047,2675.73,2591,1240000,3092,2669.32
10781,Campsie,2023-07-01,3082,2552.91,3047,2554.69,2591,1200000,3092,2551.17
10781,Campsie,2024-07-01,3084,2731.85,3047,2732.14,2592,1300000,3095,2731.85
10781,Campsie,2025-07-01,3084,2910.52,3046,2918.17,2592,1370000,3095,2908.46
10784,Canada Bay,2021-07-01,323,3398.16,319,3398.44,298,1530000,323,3398.16
10784,Canada Bay,2022-07-01,327,4305.80,323,4306.40,301,1970000,327,4305.80
10784,Canada Bay,2023-07-01,327,3887.20,323,3900.90,301,1780000,327,3887.20
10784,Canada Bay,2024-07-01,327,4277.12,323,4284.66,301,1980000,327,4277.12
10784,Canada Bay,2025-07-01,327,4589.00,323,4597.28,301,2130000,327,4589.00
10787,Candelo,2021-07-01,0,,0,,0,,211,58.82
10787,Candelo,2022-07-01,0,,0,,0,,214,83.54
10787,Candelo,2023-07-01,0,,0,,0,,213,91.45
10787,Candelo,2024-07-01,0,,0,,0,,217,115.90
10787,Candelo,2025-07-01,0,,0,,0,,217,120.94
10789,Caniaba,2021-07-01,0,,0,,0,,162,141.23
10789,Caniaba,2022-07-01,0,,0,,0,,162,181.34
10789,Caniaba,2023-07-01,0,,0,,0,,162,192.15
10789,Caniaba,2024-07-01,0,,0,,0,,162,192.15
10789,Caniaba,2025-07-01,0,,0,,0,,162,200.38
10790,Canley Heights,2021-07-01,3086,1276.93,3083,1278.06,3074,607000,3091,1276.74
10790,Canley Heights,2022-07-01,3135,1480.48,3132,1480.48,3123,681000,3140,1479.63
10790,Canley Heights,2023-07-01,3124,1392.18,3121,1392.47,3112,681000,3129,1387.15
10790,Canley Heights,2024-07-01,3179,1629.59,3176,1629.66,3165,781000,3184,1626.75
10790,Canley Heights,2025-07-01,3179,1852.69,3176,1854.44,3165,878000,3184,1851.01
10791,Canley Vale,2021-07-01,1870,1087.77,1855,1087.87,1808,634000,1888,1078.92
10791,Canley Vale,2022-07-01,1903,1249.10,1887,1249.10,1841,734000,1921,1244.29
10791,Canley Vale,2023-07-01,1900,1194.80,1884,1195.69,1838,701000,1918,1193.39
10791,Canley Vale,2024-07-01,1915,1390.81,1899,1396.57,1853,799000,1933,1386.90
10791,Canley Vale,2025-07-01,1915,1583.57,1899,1589.35,1853,921000,1933,1581.40
10795,Canowindra,2021-07-01,683,59.87,679,59.87,682,69900,830,52.06
10795,Canowindra,2022-07-01,698,77.87,693,77.87,697,95000,856,64.89
10795,Canowindra,2023-07-01,693,106.56,689,106.56,692,130000,850,88.33
10795,Canowindra,2024-07-01,694,110.66,690,110.66,693,135000,851,92.03
10795,Canowindra,2025-07-01,698,115.53,693,115.57,697,138000,856,100.64
10796,Canterbury (NSW),2021-07-01,1326,2277.58,1315,2277.78,1253,1060000,1332,2275.60
10796,Canterbury (NSW),2022-07-01,1344,2741.46,1333,2744.58,1269,1300000,1350,2741.46
10796,Canterbury (NSW),2023-07-01,1344,2624.01,1333,2628.77,1269,1240000,1350,2621.17
10796,Canterbury (NSW),2024-07-01,1348,2951.53,1338,2954.41,1273,1410000,1354,2948.64
10796,Canterbury (NSW),2025-07-01,1348,3085.88,1338,3088.32,1273,1480000,1354,3085.33
10797,Canton Beach,2021-07-01,227,701.69,227,701.69,221,410000,228,701.69
10797,Canton Beach,2022-07-01,229,805.31,229,805.31,223,464000,230,805.31
10797,Canton Beach,2023-07-01,229,747.14,229,747.14,223,430000,230,747.14
10797,Canton Beach,2024-07-01,229,783.49,229,783.49,223,441000,230,783.49
10797,Canton Beach,2025-07-01,229,808.77,229,808.77,223,453000,230,808.77
10801,Capertee,2021-07-01,0,,0,,0,,67,24.17
10801,Capertee,2022-07-01,0,,0,,0,,68,32.53
10801,Capertee,2023-07-01,0,,0,,0,,67,34.45
10801,Capertee,2024-07-01,0,,0,,0,,68,43.85
10801,Capertee,2025-07-01,0,,0,,0,,68,44.75
10803,Captains Flat,2021-07-01,0,,0,,0,,244,155.78
10803,Captains Flat,2022-07-01,0,,0,,0,,254,208.76
10803,Captains Flat,2023-07-01,0,,0,,0,,249,229.32
10803,Captains Flat,2024-07-01,0,,0,,0,,252,242.79
10803,Captains Flat,2025-07-01,0,,0,,0,,254,233.07
10805,Caragabal,2021-07-01,0,,0,,0,,68,3.77
10805,Caragabal,2022-07-01,0,,0,,0,,73,5.26
10805,Caragabal,2023-07-01,0,,0,,0,,73,9.46
10805,Caragabal,2024-07-01,0,,0,,0,,73,9.46
10805,Caragabal,2025-07-01,0,,0,,0,,73,9.46
10806,Carcalgong,2021-07-01,0,,0,,0,,36,1.62
10806,Carcalgong,2022-07-01,0,,0,,0,,36,3.01
10806,Carcalgong,2023-07-01,0,,0,,0,,36,2.79
10806,Carcalgong,2024-07-01,0,,0,,0,,36,2.79
10806,Carcalgong,2025-07-01,0,,0,,0,,36,3.09
10807,Carcoar,2021-07-01,0,,0,,0,,123,37.26
10807,Carcoar,2022-07-01,0,,0,,0,,137,51.88
10807,Carcoar,2023-07-01,0,,0,,0,,128,69.27
10807,Carcoar,2024-07-01,0,,0,,0,,133,70.45
10807,Carcoar,2025-07-01,0,,0,,0,,139,69.39
10808,Cardiff (NSW),2021-07-01,2051,592.64,2035,591.59,2006,369000,2076,590.15
10808,Cardiff (NSW),2022-07-01,2077,663.57,2061,663.29,2029,422000,2104,662.34
10808,Cardiff (NSW),2023-07-01,2063,650.80,2047,649.86,2018,408000,2090,648.35
10808,Cardiff (NSW),2024-07-01,2070,701.53,2054,701.26,2022,445000,2097,699.14
10808,Cardiff (NSW),2025-07-01,2077,731.89,2061,730.56,2029,462000,2104,729.42
10809,Cardiff Heights,2021-07-01,392,598.81,389,598.24,390,437000,416,584.38
10809,Cardiff Heights,2022-07-01,392,615.66,389,614.51,390,446000,417,603.33
10809,Cardiff Heights,2023-07-01,392,615.66,389,614.51,390,446000,417,602.87
10809,Cardiff Heights,2024-07-01,392,647.73,389,647.47,390,470000,417,635.31
10809,Cardiff Heights,2025-07-01,392,683.98,389,682.45,390,495500,417,671.18
10810,Cardiff South,2021-07-01,1068,590.32,1065,590.32,1044,373000,1071,590.02
10810,Cardiff South,2022-07-01,1084,712.97,1081,712.99,1059,446000,1087,712.80
10810,Cardiff South,2023-07-01,1079,689.86,1076,690.13,1054,431000,1082,689.86
10810,Cardiff South,2024-07-01,1082,737.77,1079,737.91,1057,466000,1085,732.87
10810,Cardiff South,2025-07-01,1084,763.12,1081,763.48,1059,481000,1087,761.96
10811,Carey Bay,2021-07-01,315,526.57,242,469.63,312,353500,320,526.57
10811,Carey Bay,2022-07-01,316,663.10,243,565.30,313,447000,321,660.63
10811,Carey Bay,2023-07-01,315,653.93,243,608.27,312,438000,320,652.05
10811,Carey Bay,2024-07-01,316,699.34,242,655.92,313,474000,321,697.12
10811,Carey Bay,2025-07-01,316,713.14,244,673.94,313,488000,321,710.30
10812,Cargo,2021-07-01,0,,0,,0,,183,29.50
10812,Cargo,2022-07-01,0,,0,,0,,203,38.49
10812,Cargo,2023-07-01,0,,0,,0,,196,59.81
10812,Cargo,2024-07-01,0,,0,,0,,197,61.38
10812,Cargo,2025-07-01,0,,0,,0,,203,63.82
10813,Carinda,2021-07-01,0,,0,,0,,73,0.49
10813,Carinda,2022-07-01,0,,0,,0,,73,0.64
10813,Carinda,2023-07-01,0,,0,,0,,73,1.73
10813,Carinda,2024-07-01,0,,0,,0,,73,1.24
10813,Carinda,2025-07-01,0,,0,,0,,73,1.24
10814,Caringbah,2021-07-01,1800,1888.49,1790,1884.25,1488,1120000,1831,1890.03
10814,Caringbah,2022-07-01,1881,2108.48,1871,2108.48,1562,1240000,1912,2108.48
10814,Caringbah,2023-07-01,1874,2015.61,1864,2015.61,1556,1180000,1905,2015.61
10814,Caringbah,2024-07-01,1917,2246.59,1906,2244.52,1592,1280000,1951,2246.59
10814,Caringbah,2025-07-01,1917,2237.55,1865,2239.52,1592,1300000,1951,2235.96
10815,Caringbah South,2021-07-01,2544,1932.93,2538,1932.93,2226,1320000,2550,1932.93
10815,Caringbah South,2022-07-01,2741,2172.63,2735,2172.63,2406,1470000,2747,2172.63
10815,Caringbah South,2023-07-01,2712,2073.85,2706,2073.85,2381,1390000,2718,2073.70
10815,Caringbah South,2024-07-01,2803,2306.01,2797,2306.01,2465,1540000,2809,2306.01
10815,Caringbah South,2025-07-01,2803,2334.69,2712,2335.25,2465,1550000,2809,2328.51
10817,Carlingford,2021-07-01,5878,1566.99,5811,1566.99,5761,1180000,5931,1566.99
10817,Carlingford,2022-07-01,5975,2084.53,5837,2081.24,5851,1550000,6032,2084.53
10817,Carlingford,2023-07-01,5975,1847.17,5837,1840.14,5851,1370000,6032,1841.93
10817,Carlingford,2024-07-01,5975,1998.99,5837,1991.65,5851,1480000,6032,1995.00
10817,Carlingford,2025-07-01,5975,2126.00,5837,2117.06,5851,1580000,6032,2122.42
10818,Carlton (NSW),2021-07-01,2187,2135.18,2132,2135.18,2015,1000000,2188,2135.18
10818,Carlton (NSW),2022-07-01,2200,2400.14,2145,2401.69,2025,1110000,2201,2400.14
10818,Carlton (NSW),2023-07-01,2194,2263.46,2139,2263.46,2020,1110000,2195,2263.46
10818,Carlton (NSW),2024-07-01,2199,2365.42,2144,2365.42,2024,1160000,2200,2365.42
10818,Carlton (NSW),2025-07-01,2200,2569.33,2142,2569.33,2025,1250000,2201,2569.33
10819,Carnes Hill,2021-07-01,978,1135.56,978,1135.56,978,511000,988,1135.56
10819,Carnes Hill,2022-07-01,979,1348.89,979,1348.89,979,612000,990,1348.89
10819,Carnes Hill,2023-07-01,979,1316.00,979,1316.00,979,602000,990,1314.00
10819,Carnes Hill,2024-07-01,979,1434.00,979,1434.00,979,650000,990,1431.68
10819,Carnes Hill,2025-07-01,979,1581.33,978,1581.33,979,714000,990,1578.23
10822,Caroona,2021-07-01,0,,0,,0,,20,2.23
10822,Caroona,2022-07-01,0,,0,,0,,20,4.58
10822,Caroona,2023-07-01,0,,0,,0,,20,4.78
10822,Caroona,2024-07-01,0,,0,,0,,20,4.78
10822,Caroona,2025-07-01,0,,0,,0,,20,4.78
10825,Carramar (NSW),2021-07-01,584,909.49,580,910.63,544,598000,594,907.06
10825,Carramar (NSW),2022-07-01,587,1041.48,583,1045.14,547,687000,597,1035.23
10825,Carramar (NSW),2023-07-01,587,984.51,583,987.62,547,643000,597,976.83
10825,Carramar (NSW),2024-07-01,587,1108.60,583,1108.99,547,730000,597,1105.48
10825,Carramar (NSW),2025-07-01,587,1254.03,583,1255.03,547,825000,597,1242.66
10826,Carrathool,2021-07-01,0,,0,,0,,52,4.70
10826,Carrathool,2022-07-01,0,,0,,0,,53,5.14
10826,Carrathool,2023-07-01,0,,0,,0,,53,4.63
10826,Carrathool,2024-07-01,0,,0,,0,,53,4.63
10826,Carrathool,2025-07-01,0,,0,,0,,53,4.63
10828,Carrington (Mid-Coast - NSW),2021-07-01,0,,0,,0,,33,163.36
10828,Carrington (Mid-Coast - NSW),2022-07-01,0,,0,,0,,33,267.04
10828,Carrington (Mid-Coast - NSW),2023-07-01,0,,0,,0,,33,259.21
10828,Carrington (Mid-Coast - NSW),2024-07-01,0,,0,,0,,33,259.21
10828,Carrington (Mid-Coast - NSW),2025-07-01,0,,0,,0,,33,317.77
10829,Carrington (Newcastle - NSW),2021-07-01,607,1872.09,591,1871.70,597,483000,611,1859.22
10829,Carrington (Newcastle - NSW),2022-07-01,617,2031.72,601,2031.61,605,524000,621,2031.01
10829,Carrington (Newcastle - NSW),2023-07-01,617,1980.47,601,1978.85,605,510000,621,1977.36
10829,Carrington (Newcastle - NSW),2024-07-01,622,2138.57,606,2136.11,610,548500,626,2132.88
10829,Carrington (Newcastle - NSW),2025-07-01,622,2336.89,606,2336.89,610,580000,626,2336.89
10831,Carroll,2021-07-01,0,,0,,0,,84,6.80
10831,Carroll,2022-07-01,0,,0,,0,,92,7.46
10831,Carroll,2023-07-01,0,,0,,0,,90,10.43
10831,Carroll,2024-07-01,0,,0,,0,,92,11.05
10831,Carroll,2025-07-01,0,,0,,0,,92,23.35
10836,Carss Park,2021-07-01,380,2123.81,377,2124.60,377,1280000,382,2123.81
10836,Carss Park,2022-07-01,388,2426.64,385,2428.12,385,1460000,390,2425.92
10836,Carss Park,2023-07-01,380,2236.42,377,2237.55,377,1350000,382,2236.42
10836,Carss Park,2024-07-01,382,2380.19,379,2380.95,379,1440000,384,2380.19
10836,Carss Park,2025-07-01,388,2453.11,385,2454.70,385,1490000,390,2452.07
10837,Cartwright,2021-07-01,624,729.78,620,728.21,620,430000,630,730.67
10837,Cartwright,2022-07-01,628,942.87,624,942.87,622,571000,634,942.87
10837,Cartwright,2023-07-01,625,822.01,621,822.01,620,493000,631,827.54
10837,Cartwright,2024-07-01,625,955.86,621,954.35,620,550000,631,955.86
10837,Cartwright,2025-07-01,628,1040.15,624,1039.05,622,602000,634,1040.15
10840,Carwoola,2021-07-01,0,,0,,0,,32,68.28
10840,Carwoola,2022-07-01,0,,0,,0,,32,78.44
10840,Carwoola,2023-07-01,0,,0,,0,,32,78.44
10840,Carwoola,2024-07-01,0,,0,,0,,32,82.35
10840,Carwoola,2025-07-01,0,,0,,0,,32,82.35
10842,Casino,2021-07-01,3844,175.45,3822,175.54,3754,141000,3908,174.30
10842,Casino,2022-07-01,3869,226.48,3847,226.60,3775,181000,3933,225.62
10842,Casino,2023-07-01,3857,249.57,3835,249.73,3763,199000,3921,248.57
10842,Casino,2024-07-01,3882,249.57,3859,249.73,3785,199000,3947,248.52
10842,Casino,2025-07-01,3882,259.91,3859,260.28,3785,207000,3947,258.52
10843,Cassilis (NSW),2021-07-01,0,,0,,0,,61,11.30
10843,Cassilis (NSW),2022-07-01,0,,0,,0,,61,28.97
10843,Cassilis (NSW),2023-07-01,0,,0,,0,,61,31.59
10843,Cassilis (NSW),2024-07-01,0,,0,,0,,63,31.59
10843,Cassilis (NSW),2025-07-01,0,,0,,0,,63,34.70
10844,Castle Cove,2021-07-01,416,2090.29,414,2091.23,414,1610000,418,2088.23
10844,Castle Cove,2022-07-01,432,2686.41,430,2687.96,430,2060000,434,2682.11
10844,Castle Cove,2023-07-01,426,2439.09,425,2440.13,424,1880000,428,2437.67
10844,Castle Cove,2024-07-01,440,2614.75,439,2615.19,438,1990000,442,2612.54
10844,Castle Cove,2025-07-01,440,2751.17,439,2752.18,438,2100000,442,2749.21
10846,Castle Hill (NSW),2021-07-01,9840,1323.28,9552,1316.85,9654,1030000,9922,1322.09
10846,Castle Hill (NSW),2022-07-01,9904,1685.71,9617,1677.67,9716,1310000,10007,1683.92
10846,Castle Hill (NSW),2023-07-01,9893,1610.12,9605,1599.77,9706,1250000,9992,1609.92
10846,Castle Hill (NSW),2024-07-01,9895,1739.51,9607,1732.49,9708,1350000,9994,1739.51
10846,Castle Hill (NSW),2025-07-01,9906,1799.70,9619,1797.01,9718,1400000,10010,1799.00
10848,Castlecrag,2021-07-01,308,3664.95,307,3667.56,306,2150000,308,3664.95
10848,Castlecrag,2022-07-01,308,4811.72,307,4812.38,306,2895000,308,4811.72
10848,Castlecrag,2023-07-01,308,4120.96,307,4121.80,306,2420000,308,4120.96
10848,Castlecrag,2024-07-01,312,4414.65,311,4421.02,310,2640000,312,4414.65
10848,Castlecrag,2025-07-01,312,4426.68,311,4440.89,310,2680000,312,4426.68
10850,Casuarina (NSW),2021-07-01,971,1386.67,971,1386.67,938,812000,984,1385.73
10850,Casuarina (NSW),2022-07-01,976,2198.83,976,2198.83,940,1270000,989,2193.48
10850,Casuarina (NSW),2023-07-01,975,2066.50,975,2066.50,940,1200000,988,2055.56
10850,Casuarina (NSW),2024-07-01,978,2067.16,978,2067.16,940,1200000,991,2058.32
10850,Casuarina (NSW),2025-07-01,978,2106.66,978,2106.66,940,1230000,991,2099.36
10851,Casula,2021-07-01,4088,951.47,4042,950.00,3981,530000,4116,950.00
10851,Casula,2022-07-01,4186,1170.24,4141,1168.14,4068,662000,4215,1168.05
10851,Casula,2023-07-01,4165,1107.22,4120,1104.47,4049,621000,4194,1104.47
10851,Casula,2024-07-01,4165,1221.40,4120,1219.75,4049,673000,4194,1219.75
10851,Casula,2025-07-01,4187,1293.50,4142,1292.24,4069,721000,4216,1292.24
10852,Catalina,2021-07-01,1096,261.41,1065,259.70,1077,182000,1161,258.11
10852,Catalina,2022-07-01,1101,431.16,1070,431.16,1082,301000,1166,427.52
10852,Catalina,2023-07-01,1096,433.02,1065,431.16,1077,301000,1161,430.84
10852,Catalina,2024-07-01,1101,404.53,1070,404.53,1082,282000,1166,402.02
10852,Catalina,2025-07-01,1101,398.16,1070,396.20,1082,277000,1166,396.20
10854,Cathcart (NSW),2021-07-01,0,,0,,0,,37,5.44
10854,Cathcart (NSW),2022-07-01,0,,0,,0,,40,6.80
10854,Cathcart (NSW),2023-07-01,0,,0,,0,,38,11.89
10854,Cathcart (NSW),2024-07-01,0,,0,,0,,38,11.89
10854,Cathcart (NSW),2025-07-01,0,,0,,0,,40,11.86
10855,Catherine Field,2021-07-01,976,1012.04,976,1012.04,969,370000,1170,992.94
10855,Catherine Field,2022-07-01,1394,1433.85,1394,1433.85,1380,517000,1598,1400.84
10855,Catherine Field,2023-07-01,1337,1384.13,1337,1384.13,1323,503000,1538,1354.36
10855,Catherine Field,2024-07-01,1337,1503.47,1337,1503.47,1323,547000,1538,1469.16
10855,Catherine Field,2025-07-01,1454,1602.80,1454,1602.80,1440,582000,1658,1569.70
10856,Catherine Hill Bay,2021-07-01,613,1005.84,581,1003.43,613,659000,618,1004.15
10856,Catherine Hill Bay,2022-07-01,656,1193.12,624,1193.12,656,793000,663,1191.12
10856,Catherine Hill Bay,2023-07-01,613,1172.28,581,1175.46,613,763000,620,1170.24
10856,Catherine Hill Bay,2024-07-01,653,1183.19,621,1191.12,653,780000,660,1181.79
10856,Catherine Hill Bay,2025-07-01,656,1249.27,624,1260.76,656,827000,663,1240.27
10861,Caves Beach,2021-07-01,1595,1044.78,1526,1028.88,1575,667000,1608,1042.27
10861,Caves Beach,2022-07-01,1605,1197.26,1536,1158.02,1584,776000,1618,1182.15
10861,Caves Beach,2023-07-01,1598,1168.78,1529,1156.40,1577,773000,1611,1168.53
10861,Caves Beach,2024-07-01,1600,1272.97,1531,1257.68,1579,833000,1613,1268.49
10861,Caves Beach,2025-07-01,1605,1267.05,1536,1248.06,1584,804000,1618,1267.05
10863,Cawongla,2021-07-01,0,,0,,0,,32,25.46
10863,Cawongla,2022-07-01,0,,0,,0,,33,35.59
10863,Cawongla,2023-07-01,0,,0,,0,,32,35.91
10863,Cawongla,2024-07-01,0,,0,,0,,33,37.22
10863,Cawongla,2025-07-01,0,,0,,0,,33,37.22
10864,Cecil Hills,2021-07-01,1926,1034.46,1907,1032.53,1916,633000,1930,1033.66
10864,Cecil Hills,2022-07-01,1933,1327.69,1914,1326.63,1923,800000,1937,1327.09
10864,Cecil Hills,2023-07-01,1931,1181.48,1912,1180.02,1921,707000,1935,1181.39
10864,Cecil Hills,2024-07-01,1931,1348.91,1912,1345.41,1921,808000,1935,1348.65
10864,Cecil Hills,2025-07-01,1933,1502.34,1914,1500.45,1923,904000,1937,1500.99
10872,Centennial Park (NSW),2021-07-01,242,7749.83,169,7926.05,205,5240000,243,7749.08
10872,Centennial Park (NSW),2022-07-01,243,10781.98,170,11348.00,206,7680000,244,10779.60
10872,Centennial Park (NSW),2023-07-01,243,10170.12,170,10451.01,206,7190000,244,10170.12
10872,Centennial Park (NSW),2024-07-01,243,10567.94,170,11034.93,206,7330000,244,10554.69
10872,Centennial Park (NSW),2025-07-01,243,11599.30,170,11959.21,206,7875000,244,11599.30
10875,Central Mangrove,2021-07-01,0,,0,,0,,16,104.48
10875,Central Mangrove,2022-07-01,0,,0,,0,,16,141.05
10875,Central Mangrove,2023-07-01,0,,0,,0,,16,141.05
10875,Central Mangrove,2024-07-01,0,,0,,0,,16,145.77
10875,Central Mangrove,2025-07-01,0,,0,,0,,16,165.89
10876,Central Tilba,2021-07-01,0,,0,,0,,45,334.27
10876,Central Tilba,2022-07-01,0,,0,,0,,47,548.67
10876,Central Tilba,2023-07-01,0,,0,,0,,46,488.46
10876,Central Tilba,2024-07-01,0,,0,,0,,47,495.58
10876,Central Tilba,2025-07-01,0,,0,,0,,47,580.53
10877,Cessnock,2021-07-01,5577,280.36,5473,281.10,5448,195000,5666,279.21
10877,Cessnock,2022-07-01,5693,462.17,5583,462.60,5556,332000,5784,462.05
10877,Cessnock,2023-07-01,5678,400.00,5584,400.92,5543,286000,5769,397.78
10877,Cessnock,2024-07-01,5679,411.08,5585,412.47,5543,295000,5770,409.78
10877,Cessnock,2025-07-01,5700,431.97,5606,433.31,5563,309000,5791,428.97
10879,Chain Valley Bay,2021-07-01,642,589.50,642,589.50,641,328000,644,589.50
10879,Chain Valley Bay,2022-07-01,642,735.08,642,735.08,641,409000,644,735.08
10879,Chain Valley Bay,2023-07-01,642,668.58,642,668.58,641,372000,644,668.58
10879,Chain Valley Bay,2024-07-01,642,641.62,642,641.62,641,357000,644,641.62
10879,Chain Valley Bay,2025-07-01,642,702.73,642,702.73,641,391000,644,702.73
10882,Charbon,2021-07-01,0,,0,,0,,54,22.53
10882,Charbon,2022-07-01,0,,0,,0,,87,42.89
10882,Charbon,2023-07-01,0,,0,,0,,71,67.48
10882,Charbon,2024-07-01,0,,0,,0,,87,69.54
10882,Charbon,2025-07-01,0,,0,,0,,91,74.85
10884,Charlestown (NSW),2021-07-01,4389,717.31,4307,714.02,4257,473000,4414,716.06
10884,Charlestown (NSW),2022-07-01,4452,815.64,4343,810.63,4311,539000,4478,813.95
10884,Charlestown (NSW),2023-07-01,4423,818.69,4327,814.27,4285,540000,4448,817.16
10884,Charlestown (NSW),2024-07-01,4451,847.80,4342,845.05,4311,562000,4477,846.88
10884,Charlestown (NSW),2025-07-01,4452,849.32,4346,845.57,4311,561000,4478,847.73
10886,Charlotte Bay,2021-07-01,0,,0,,0,,60,38.30
10886,Charlotte Bay,2022-07-01,0,,0,,0,,67,64.48
10886,Charlotte Bay,2023-07-01,0,,0,,0,,67,61.79
10886,Charlotte Bay,2024-07-01,0,,0,,0,,67,61.79
10886,Charlotte Bay,2025-07-01,0,,0,,0,,67,61.79
10888,Charmhaven,2021-07-01,946,612.62,918,606.39,942,368000,950,612.62
10888,Charmhaven,2022-07-01,981,741.65,922,726.52,977,441000,985,741.65
10888,Charmhaven,2023-07-01,977,673.15,918,665.89,973,400000,981,673.15
10888,Charmhaven,2024-07-01,979,703.46,920,691.93,975,420000,983,703.35
10888,Charmhaven,2025-07-01,981,682.54,922,675.45,977,410000,985,682.54
10891,Chatswood,2021-07-01,3101,3153.64,3019,3162.81,2988,1780000,3111,3151.22
10891,Chatswood,2022-07-01,3120,3813.17,3037,3818.53,3006,2150000,3130,3813.06
10891,Chatswood,2023-07-01,3109,3520.81,3028,3530.80,2995,1950000,3119,3520.33
10891,Chatswood,2024-07-01,3137,3812.29,3055,3818.35,3023,2100000,3147,3811.72
10891,Chatswood,2025-07-01,3137,3909.03,3055,3913.51,3023,2150000,3147,3909.03
10892,Chatswood West,2021-07-01,357,2338.87,355,2338.87,357,1660000,357,2338.87
10892,Chatswood West,2022-07-01,359,2865.64,357,2875.63,359,1960000,359,2865.64
10892,Chatswood West,2023-07-01,359,2410.09,357,2410.09,359,1570000,359,2410.09
10892,Chatswood West,2024-07-01,359,2622.09,357,2622.09,359,1690000,359,2622.09
10892,Chatswood West,2025-07-01,359,2636.04,357,2636.04,359,1740000,359,2636.04
10893,Chatsworth (NSW),2021-07-01,37,231.63,31,231.63,37,180000,39,210.76
10893,Chatsworth (NSW),2022-07-01,41,291.88,35,281.43,41,250000,44,284.02
10893,Chatsworth (NSW),2023-07-01,37,321.09,31,321.09,37,250000,39,292.15
10893,Chatsworth (NSW),2024-07-01,37,359.42,31,359.42,37,265000,39,327.03
10893,Chatsworth (NSW),2025-07-01,41,354.70,35,354.70,41,315000,44,343.88
10895,Cheltenham (NSW),2021-07-01,726,1284.77,690,1286.90,720,1310000,731,1282.90
10895,Cheltenham (NSW),2022-07-01,733,1625.75,697,1628.26,726,1660000,739,1624.28
10895,Cheltenham (NSW),2023-07-01,733,1549.48,697,1551.80,726,1580000,739,1549.48
10895,Cheltenham (NSW),2024-07-01,733,1731.14,697,1731.14,726,1755000,739,1731.14
10895,Cheltenham (NSW),2025-07-01,733,1773.88,697,1776.54,726,1805000,739,1773.88
10897,Cherrybrook,2021-07-01,5336,1390.47,5019,1381.29,5207,1050000,5380,1389.34
10897,Cherrybrook,2022-07-01,5353,1823.75,5036,1815.49,5223,1370000,5397,1821.99
10897,Cherrybrook,2023-07-01,5353,1856.90,5036,1844.46,5223,1430000,5397,1855.48
10897,Cherrybrook,2024-07-01,5363,2089.21,5046,2073.72,5233,1570000,5407,2087.24
10897,Cherrybrook,2025-07-01,5363,2085.71,5046,2074.06,5233,1550000,5407,2083.61
10898,Chester Hill,2021-07-01,3432,1191.26,3414,1192.51,3401,676000,3444,1189.76
10898,Chester Hill,2022-07-01,3516,1471.35,3498,1472.50,3485,821000,3528,1471.32
10898,Chester Hill,2023-07-01,3516,1391.87,3498,1394.08,3485,786000,3528,1391.71
10898,Chester Hill,2024-07-01,3560,1522.94,3539,1526.01,3529,852000,3572,1522.71
10898,Chester Hill,2025-07-01,3560,1636.73,3539,1637.18,3529,922000,3572,1634.91
10900,Chifley (NSW),2021-07-01,875,2476.50,873,2476.50,821,1420000,876,2476.27
10900,Chifley (NSW),2022-07-01,944,3042.38,941,3042.38,877,1730000,945,3042.38
10900,Chifley (NSW),2023-07-01,925,3029.40,922,3029.59,861,1730000,926,3028.95
10900,Chifley (NSW),2024-07-01,974,3299.71,971,3300.67,904,1810000,975,3298.76
10900,Chifley (NSW),2025-07-01,974,3373.75,971,3373.75,904,1850000,975,3373.75
10902,Chilcotts Grass,2021-07-01,42,293.21,42,293.21,40,241000,107,94.00
10902,Chilcotts Grass,2022-07-01,105,458.05,105,458.05,97,349000,174,337.12
10902,Chilcotts Grass,2023-07-01,104,413.88,104,413.88,97,314000,173,305.45
10902,Chilcotts Grass,2024-07-01,105,412.65,105,412.65,97,300000,174,303.20
10902,Chilcotts Grass,2025-07-01,105,435.73,105,435.73,97,323000,174,323.13
10903,Chillingham,2021-07-01,0,,0,,0,,48,181.89
10903,Chillingham,2022-07-01,0,,0,,0,,50,240.50
10903,Chillingham,2023-07-01,0,,0,,0,,50,251.28
10903,Chillingham,2024-07-01,0,,0,,0,,50,271.47
10903,Chillingham,2025-07-01,0,,0,,0,,50,284.83
10904,Chinderah,2021-07-01,139,625.18,139,625.18,136,445000,155,610.04
10904,Chinderah,2022-07-01,139,749.33,139,749.33,136,534000,155,731.18
10904,Chinderah,2023-07-01,139,749.33,139,749.33,136,534000,155,731.18
10904,Chinderah,2024-07-01,141,749.33,141,749.33,138,534000,157,724.85
10904,Chinderah,2025-07-01,141,783.33,141,783.33,138,559000,157,758.79
10906,Chippendale,2021-07-01,210,8158.45,179,8174.60,205,970000,210,8158.45
10906,Chippendale,2022-07-01,212,9346.57,179,9365.08,207,1110000,212,9346.57
10906,Chippendale,2023-07-01,212,8734.32,179,8738.49,207,1040000,212,8734.32
10906,Chippendale,2024-07-01,212,10149.75,179,10144.93,207,1230000,212,10149.75
10906,Chippendale,2025-07-01,212,10149.75,179,10149.75,207,1230000,212,10149.75
10907,Chipping Norton,2021-07-01,2607,1051.69,2584,1051.69,2566,704000,2620,1051.69
10907,Chipping Norton,2022-07-01,2719,1341.53,2696,1341.25,2672,890000,2732,1341.28
10907,Chipping Norton,2023-07-01,2704,1178.02,2681,1175.06,2657,780000,2717,1177.79
10907,Chipping Norton,2024-07-01,2704,1345.09,2679,1344.89,2657,900000,2717,1344.89
10907,Chipping Norton,2025-07-01,2722,1566.46,2697,1566.46,2675,1050000,2735,1566.46
10908,Chisholm (NSW),2021-07-01,2060,563.49,2060,563.49,2060,360000,2150,560.30
10908,Chisholm (NSW),2022-07-01,2709,801.91,2709,801.91,2672,500000,2819,796.67
10908,Chisholm (NSW),2023-07-01,2471,679.58,2471,679.58,2461,423000,2575,676.19
10908,Chisholm (NSW),2024-07-01,2562,734.43,2562,734.43,2542,451000,2666,730.85
10908,Chisholm (NSW),2025-07-01,2712,753.10,2712,753.10,2672,461000,2822,749.22
10909,Chiswick,2021-07-01,290,5132.27,285,5139.47,263,2710000,294,5109.68
10909,Chiswick,2022-07-01,305,6178.83,299,6202.75,277,3300000,309,6168.42
10909,Chiswick,2023-07-01,299,5177.93,293,5177.93,271,2730000,303,5161.44
10909,Chiswick,2024-07-01,301,5635.34,294,5643.04,273,2990000,305,5622.67
10909,Chiswick,2025-07-01,305,6017.09,298,6017.22,277,3190000,309,5990.20
10910,Chittaway Bay,2021-07-01,777,806.17,775,806.17,773,425000,778,806.17
10910,Chittaway Bay,2022-07-01,790,908.32,787,907.82,786,512000,791,907.85
10910,Chittaway Bay,2023-07-01,790,797.95,788,796.59,786,442000,791,796.63
10910,Chittaway Bay,2024-07-01,790,821.51,787,820.56,786,457000,791,821.35
10910,Chittaway Bay,2025-07-01,790,851.49,787,849.64,786,477000,791,851.49
10911,Chittaway Point,2021-07-01,381,723.74,365,718.48,381,481000,382,721.55
10911,Chittaway Point,2022-07-01,383,788.38,366,791.76,383,575000,384,787.25
10911,Chittaway Point,2023-07-01,381,700.91,364,701.84,381,496000,382,700.64
10911,Chittaway Point,2024-07-01,381,722.96,364,724.47,381,512000,382,722.96
10911,Chittaway Point,2025-07-01,383,745.02,366,748.59,383,535000,384,744.66
10914,Church Point,2021-07-01,0,,0,,0,,35,284.62
10914,Church Point,2022-07-01,0,,0,,0,,35,341.93
10914,Church Point,2023-07-01,0,,0,,0,,35,359.12
10914,Church Point,2024-07-01,0,,0,,0,,35,412.61
10914,Church Point,2025-07-01,0,,0,,0,,35,454.63
10915,Clandulla,2021-07-01,0,,0,,0,,78,18.02
10915,Clandulla,2022-07-01,0,,0,,0,,83,24.32
10915,Clandulla,2023-07-01,0,,0,,0,,81,30.94
10915,Clandulla,2024-07-01,0,,0,,0,,82,34.01
10915,Clandulla,2025-07-01,0,,0,,0,,83,35.29
10917,Claremont Meadows,2021-07-01,1648,891.65,1648,891.65,1603,477000,1653,891.65
10917,Claremont Meadows,2022-07-01,1658,1065.23,1658,1065.23,1611,570000,1664,1065.23
10917,Claremont Meadows,2023-07-01,1658,980.77,1658,980.77,1611,525000,1664,979.12
10917,Claremont Meadows,2024-07-01,1707,1124.65,1707,1124.65,1660,600000,1713,1121.87
10917,Claremont Meadows,2025-07-01,1707,1229.95,1707,1229.95,1660,675000,1713,1227.50
10918,Clarence,2021-07-01,0,,0,,0,,103,12.13
10918,Clarence,2022-07-01,0,,0,,0,,103,13.99
10918,Clarence,2023-07-01,0,,0,,0,,103,13.99
10918,Clarence,2024-07-01,0,,0,,0,,103,16.08
10918,Clarence,2025-07-01,0,,0,,0,,103,18.17
10919,Clarence Town,2021-07-01,303,151.65,303,151.65,303,270000,822,44.57
10919,Clarence Town,2022-07-01,306,205.42,306,205.42,306,365000,842,70.42
10919,Clarence Town,2023-07-01,306,193.98,306,193.98,306,345000,840,61.11
10919,Clarence Town,2024-07-01,306,193.98,306,193.98,306,345000,840,63.20
10919,Clarence Town,2025-07-01,306,199.45,306,199.45,306,350000,842,62.86
10920,Clarendon (NSW),2021-07-01,19,434.12,17,500.29,19,348000,19,434.12
10920,Clarendon (NSW),2022-07-01,19,595.55,17,685.74,19,477000,19,595.55
10920,Clarendon (NSW),2023-07-01,19,534.47,17,615.30,19,428000,19,534.47
10920,Clarendon (NSW),2024-07-01,19,544.28,17,626.80,19,436000,19,544.28
10920,Clarendon (NSW),2025-07-01,19,544.28,17,626.80,19,436000,19,544.28
10921,Clarenza,2021-07-01,2,,2,,2,,121,51.75
10921,Clarenza,2022-07-01,2,,2,,2,,137,67.25
10921,Clarenza,2023-07-01,2,,2,,2,,137,67.25
10921,Clarenza,2024-07-01,2,,2,,2,,137,67.25
10921,Clarenza,2025-07-01,2,,2,,2,,137,71.00
10923,Claymore,2021-07-01,412,972.40,412,972.40,412,385000,420,972.40
10923,Claymore,2022-07-01,599,1334.52,599,1334.52,599,527000,611,1334.52
10923,Claymore,2023-07-01,597,1334.52,597,1334.52,597,527000,609,1334.52
10923,Claymore,2024-07-01,597,1395.29,597,1395.29,597,551000,609,1395.29
10923,Claymore,2025-07-01,599,1415.55,599,1415.55,599,559000,611,1415.55
10927,Clemton Park,2021-07-01,434,1860.02,433,1860.81,434,928000,436,1860.02
10927,Clemton Park,2022-07-01,436,2473.64,435,2473.64,435,1240000,438,2473.64
10927,Clemton Park,2023-07-01,436,2199.07,435,2199.07,435,1100000,438,2197.42
10927,Clemton Park,2024-07-01,436,2522.52,435,2522.52,435,1260000,438,2522.52
10927,Clemton Park,2025-07-01,436,2754.44,435,2758.49,435,1350000,438,2748.60
10931,Cliftleigh,2021-07-01,1006,433.58,1005,433.33,1006,214000,1050,428.54
10931,Cliftleigh,2022-07-01,1013,760.67,1012,760.60,1013,376000,1060,751.92
10931,Cliftleigh,2023-07-01,1013,693.91,1013,693.91,1013,343000,1060,685.69
10931,Cliftleigh,2024-07-01,1013,722.23,1013,722.23,1013,357000,1060,713.64
10931,Cliftleigh,2025-07-01,1013,749.79,1013,749.79,1013,371000,1060,741.56
10932,Clifton (NSW),2024-07-01,14,1718.31,13,1713.19,14,1360000,14,1718.31
10932,Clifton (NSW),2025-07-01,14,1718.31,13,1713.19,14,1360000,14,1718.31
10933,Clifton Grove,2021-07-01,0,,0,,0,,305,17.56
10933,Clifton Grove,2022-07-01,0,,0,,0,,307,25.06
10933,Clifton Grove,2023-07-01,0,,0,,0,,305,25.48
10933,Clifton Grove,2024-07-01,0,,0,,0,,309,26.22
10933,Clifton Grove,2025-07-01,0,,0,,0,,309,25.48
10934,Clontarf (NSW),2021-07-01,548,3970.91,548,3970.91,544,2450000,548,3970.91
10934,Clontarf (NSW),2022-07-01,548,4916.94,548,4916.94,544,3035000,548,4916.94
10934,Clontarf (NSW),2023-07-01,548,4293.37,548,4293.37,544,2650000,548,4293.37
10934,Clontarf (NSW),2024-07-01,548,5073.43,548,5073.43,544,3130000,548,5073.43
10934,Clontarf (NSW),2025-07-01,548,5324.66,548,5324.66,544,3285000,548,5324.66
10937,Clovelly,2021-07-01,1140,8302.92,1079,8302.92,1012,2650000,1140,8302.92
10937,Clovelly,2022-07-01,1144,9409.18,1083,9410.83,1016,3100000,1144,9409.18
10937,Clovelly,2023-07-01,1143,8797.93,1082,8811.89,1015,2840000,1143,8797.93
10937,Clovelly,2024-07-01,1146,10145.41,1085,10169.29,1018,3300000,1146,10145.41
10937,Clovelly,2025-07-01,1146,10137.97,1085,10168.90,1018,3300000,1146,10137.97
10938,Clunes (NSW),2021-07-01,0,,0,,0,,225,243.97
10938,Clunes (NSW),2022-07-01,0,,0,,0,,236,298.03
10938,Clunes (NSW),2023-07-01,0,,0,,0,,233,263.10
10938,Clunes (NSW),2024-07-01,0,,0,,0,,236,318.61
10938,Clunes (NSW),2025-07-01,0,,0,,0,,236,318.61
10942,Coal Point,2021-07-01,783,571.59,559,466.58,778,438000,788,563.32
10942,Coal Point,2022-07-01,798,696.37,557,559.67,793,528000,803,694.21
10942,Coal Point,2023-07-01,797,694.23,558,562.01,792,529000,802,694.21
10942,Coal Point,2024-07-01,797,731.13,556,602.29,792,570000,802,726.73
10942,Coal Point,2025-07-01,798,737.96,556,619.50,793,587000,803,737.24
10943,Coalcliff,2021-07-01,46,1936.59,46,1936.59,45,1120000,46,1936.59
10943,Coalcliff,2022-07-01,46,3003.07,46,3003.07,45,1740000,46,3003.07
10943,Coalcliff,2023-07-01,46,2598.17,46,2598.17,45,1480000,46,2598.17
10943,Coalcliff,2024-07-01,46,2653.93,46,2653.93,45,1510000,46,2653.93
10943,Coalcliff,2025-07-01,46,2598.17,46,2598.17,45,1480000,46,2598.17
10946,Cobaki,2021-07-01,0,,0,,0,,31,61.03
10946,Cobaki,2022-07-01,0,,0,,0,,31,80.35
10946,Cobaki,2023-07-01,0,,0,,0,,31,80.35
10946,Cobaki,2024-07-01,0,,0,,0,,31,88.70
10946,Cobaki,2025-07-01,0,,0,,0,,31,93.22
10948,Cobar,2021-07-01,1611,20.12,0,,1611,17500,1720,19.69
10948,Cobar,2022-07-01,1615,22.09,0,,1615,19200,1729,21.56
10948,Cobar,2023-07-01,1612,25.43,0,,1612,22000,1721,24.89
10948,Cobar,2024-07-01,1614,36.86,0,,1614,32100,1726,36.07
10948,Cobar,2025-07-01,1615,40.53,0,,1615,35300,1729,39.66
10950,Cobargo,2021-07-01,0,,0,,0,,265,95.49
10950,Cobargo,2022-07-01,0,,0,,0,,268,175.80
10950,Cobargo,2023-07-01,0,,0,,0,,268,175.29
10950,Cobargo,2024-07-01,0,,0,,0,,282,187.60
10950,Cobargo,2025-07-01,0,,0,,0,,282,187.60
10953,Cobbitty,2021-07-01,1151,1070.66,1151,1070.66,1141,438000,1318,1037.78
10953,Cobbitty,2022-07-01,1665,1585.10,1665,1585.10,1654,598000,1842,1567.91
10953,Cobbitty,2023-07-01,1555,1514.67,1555,1514.67,1544,571000,1727,1497.10
10953,Cobbitty,2024-07-01,1555,1541.33,1555,1541.33,1544,580000,1727,1524.09
10953,Cobbitty,2025-07-01,1760,1634.67,1760,1634.67,1749,617000,1938,1619.68
10954,Cobbora,2022-07-01,0,,0,,0,,10,5.01
10954,Cobbora,2023-07-01,0,,0,,0,,10,6.01
10954,Cobbora,2024-07-01,0,,0,,0,,10,10.80
10954,Cobbora,2025-07-01,0,,0,,0,,10,10.80
10959,Coffs Harbour,2021-07-01,7737,344.70,7542,343.26,6972,254000,7844,343.32
10959,Coffs Harbour,2022-07-01,7878,504.29,7673,502.42,7095,372000,7990,502.98
10959,Coffs Harbour,2023-07-01,7844,539.73,7648,537.23,7065,396000,7956,537.68
10959,Coffs Harbour,2024-07-01,7872,540.81,7669,538.25,7091,396000,7984,538.76
10959,Coffs Harbour,2025-07-01,7880,549.55,7675,548.23,7097,403000,7992,548.39
10964,Coleambally,2021-07-01,0,,0,,0,,332,16.12
10964,Coleambally,2022-07-01,0,,0,,0,,335,27.23
10964,Coleambally,2023-07-01,0,,0,,0,,335,27.23
10964,Coleambally,2024-07-01,0,,0,,0,,335,29.40
10964,Coleambally,2025-07-01,0,,0,,0,,335,29.40
10965,Colebee,2021-07-01,1816,1351.81,1816,1351.81,1815,582000,1818,1350.34
10965,Colebee,2022-07-01,1905,1555.96,1905,1555.96,1904,666000,1908,1554.38
10965,Colebee,2023-07-01,1904,1553.75,1904,1553.75,1903,659000,1907,1553.55
10965,Colebee,2024-07-01,1905,1764.58,1905,1764.58,1904,754000,1908,1763.99
10965,Colebee,2025-07-01,1905,1903.66,1905,1903.66,1904,806000,1908,1903.11
10966,Coledale,2021-07-01,381,2200.00,379,2202.97,375,1210000,385,2192.02
10966,Coledale,2022-07-01,386,3119.75,384,3122.44,379,1720000,390,3115.66
10966,Coledale,2023-07-01,383,2829.14,381,2836.36,377,1560000,387,2825.61
10966,Coledale,2024-07-01,394,2966.57,392,2970.45,387,1610000,398,2960.43
10966,Coledale,2025-07-01,394,2960.43,392,2965.05,387,1610000,398,2913.10
10969,Collarenebri,2021-07-01,0,,0,,0,,257,1.21
10969,Collarenebri,2022-07-01,0,,0,,0,,266,1.60
10969,Collarenebri,2023-07-01,0,,0,,0,,264,8.40
10969,Collarenebri,2024-07-01,0,,0,,0,,266,9.88
10969,Collarenebri,2025-07-01,0,,0,,0,,266,9.98
10970,Collaroy (NSW),2021-07-01,1464,2525.94,1427,2525.94,1339,1670000,1466,2525.94
10970,Collaroy (NSW),2022-07-01,1468,3165.04,1431,3157.43,1342,2120000,1470,3165.04
10970,Collaroy (NSW),2023-07-01,1467,3157.43,1430,3157.43,1341,2050000,1469,3157.43
10970,Collaroy (NSW),2024-07-01,1468,3707.50,1431,3702.80,1342,2365000,1470,3707.50
10970,Collaroy (NSW),2025-07-01,1468,3707.50,1431,3702.80,1342,2360000,1470,3707.50
10971,Collaroy Plateau,2021-07-01,1464,2590.15,1459,2590.15,1454,1250000,1465,2590.15
10971,Collaroy Plateau,2022-07-01,1466,3176.98,1461,3176.98,1456,1530000,1467,3176.98
10971,Collaroy Plateau,2023-07-01,1466,3426.12,1461,3426.12,1456,1675000,1467,3426.12
10971,Collaroy Plateau,2024-07-01,1466,3703.10,1461,3703.10,1456,1820000,1467,3703.10
10971,Collaroy Plateau,2025-07-01,1466,3885.22,1461,3885.22,1456,1910000,1467,3885.22
10972,Collector,2021-07-01,0,,0,,0,,156,145.49
10972,Collector,2022-07-01,0,,0,,0,,157,152.35
10972,Collector,2023-07-01,0,,0,,0,,157,144.44
10972,Collector,2024-07-01,0,,0,,0,,157,144.44
10972,Collector,2025-07-01,0,,0,,0,,157,144.44
10975,Collie (NSW),2021-07-01,0,,0,,0,,85,2.59
10975,Collie (NSW),2022-07-01,0,,0,,0,,86,2.82
10975,Collie (NSW),2023-07-01,0,,0,,0,,86,3.95
10975,Collie (NSW),2024-07-01,0,,0,,0,,86,3.95
10975,Collie (NSW),2025-07-01,0,,0,,0,,86,5.92
10976,Collingullie,2021-07-01,0,,0,,0,,67,50.93
10976,Collingullie,2022-07-01,0,,0,,0,,70,59.43
10976,Collingullie,2023-07-01,0,,0,,0,,70,82.83
10976,Collingullie,2024-07-01,0,,0,,0,,70,94.89
10976,Collingullie,2025-07-01,0,,0,,0,,70,94.89
10977,Collingwood (NSW),2021-07-01,0,,0,,0,,13,3.20
10977,Collingwood (NSW),2022-07-01,0,,0,,0,,13,5.93
10977,Collingwood (NSW),2023-07-01,0,,0,,0,,13,5.24
10977,Collingwood (NSW),2024-07-01,0,,0,,0,,13,5.24
10977,Collingwood (NSW),2025-07-01,0,,0,,0,,13,5.01
10985,Colo Vale,2021-07-01,438,438.80,438,438.80,437,406000,513,429.26
10985,Colo Vale,2022-07-01,447,582.00,447,582.00,446,538000,532,566.00
10985,Colo Vale,2023-07-01,440,516.11,440,516.11,439,477000,517,505.27
10985,Colo Vale,2024-07-01,445,484.00,445,484.00,444,448500,528,472.27
10985,Colo Vale,2025-07-01,447,530.97,447,530.97,446,492000,532,516.20
10987,Colyton,2021-07-01,2762,714.06,2760,714.06,2726,439000,2770,714.06
10987,Colyton,2022-07-01,2776,894.57,2774,894.57,2738,550000,2784,894.57
10987,Colyton,2023-07-01,2776,851.44,2774,851.44,2738,524000,2784,851.44
10987,Colyton,2024-07-01,2779,939.53,2777,939.53,2740,579000,2787,939.53
10987,Colyton,2025-07-01,2779,1093.02,2777,1093.02,2740,673000,2787,1092.75
10992,Comboyne,2021-07-01,0,,0,,0,,103,122.53
10992,Comboyne,2022-07-01,0,,0,,0,,103,208.50
10992,Comboyne,2023-07-01,0,,0,,0,,103,203.56
10992,Comboyne,2024-07-01,0,,0,,0,,103,212.45
10992,Comboyne,2025-07-01,0,,0,,0,,103,226.28
10996,Como (NSW),2021-07-01,833,1788.53,830,1788.53,815,1040000,834,1788.53
10996,Como (NSW),2022-07-01,836,1971.33,833,1971.33,818,1150000,837,1971.33
10996,Como (NSW),2023-07-01,833,1881.72,830,1881.72,815,1100000,834,1881.72
10996,Como (NSW),2024-07-01,838,2043.19,835,2043.01,820,1200000,839,2043.01
10996,Como (NSW),2025-07-01,838,2043.01,829,2043.01,820,1200000,839,2043.01
10998,Conargo,2021-07-01,0,,0,,0,,59,2.74
10998,Conargo,2022-07-01,0,,0,,0,,63,3.76
10998,Conargo,2023-07-01,0,,0,,0,,63,4.25
10998,Conargo,2024-07-01,0,,0,,0,,63,4.28
10998,Conargo,2025-07-01,0,,0,,0,,63,4.35
10999,Concord,2021-07-01,3890,3396.43,3718,3426.63,3731,1760000,3902,3392.41
10999,Concord,2022-07-01,4045,4266.92,3870,4301.89,3867,2250000,4059,4259.87
10999,Concord,2023-07-01,4022,3977.18,3847,4002.43,3846,2070000,4036,3974.45
10999,Concord,2024-07-01,4034,4233.75,3859,4279.07,3858,2220000,4048,4228.86
10999,Concord,2025-07-01,4050,4441.07,3875,4466.77,3872,2300000,4064,4431.86
11000,Concord West,2021-07-01,1716,2559.47,1653,2580.32,1639,1580000,1720,2559.47
11000,Concord West,2022-07-01,1801,3510.38,1739,3531.89,1702,2080000,1806,3508.90
11000,Concord West,2023-07-01,1776,3073.53,1714,3079.74,1682,1850000,1781,3073.33
11000,Concord West,2024-07-01,1782,3360.18,1720,3362.45,1686,2020000,1787,3360.18
11000,Concord West,2025-07-01,1801,3686.67,1739,3687.65,1702,2220000,1806,3686.14
11001,Condell Park,2021-07-01,2910,1209.23,2801,1218.07,2757,736000,2923,1208.41
11001,Condell Park,2022-07-01,3042,1543.32,2931,1554.77,2886,904000,3055,1541.35
11001,Condell Park,2023-07-01,3042,1435.24,2931,1435.94,2886,850000,3055,1435.24
11001,Condell Park,2024-07-01,3059,1564.77,2947,1574.70,2903,935000,3072,1560.61
11001,Condell Park,2025-07-01,3059,1682.94,2947,1707.64,2903,1010000,3072,1681.38
11002,Condobolin,2021-07-01,0,,0,,0,,1532,12.35
11002,Condobolin,2022-07-01,0,,0,,0,,1567,16.31
11002,Condobolin,2023-07-01,0,,0,,0,,1561,19.18
11002,Condobolin,2024-07-01,0,,0,,0,,1561,21.74
11002,Condobolin,2025-07-01,0,,0,,0,,1567,22.89
11003,Condong,2021-07-01,111,344.07,111,344.07,111,241000,119,320.40
11003,Condong,2022-07-01,111,412.88,111,412.88,111,289000,120,383.72
11003,Condong,2023-07-01,111,412.88,111,412.88,111,289000,120,383.72
11003,Condong,2024-07-01,111,433.38,111,433.38,111,311000,120,413.58
11003,Condong,2025-07-01,111,475.11,111,475.11,111,339000,120,450.50
11005,Congarinni,2021-07-01,0,,0,,0,,65,21.35
11005,Congarinni,2022-07-01,0,,0,,0,,107,31.23
11005,Congarinni,2023-07-01,0,,0,,0,,107,29.66
11005,Congarinni,2024-07-01,0,,0,,0,,107,31.20
11005,Congarinni,2025-07-01,0,,0,,0,,107,32.91
11006,Congarinni North,2021-07-01,0,,0,,0,,76,8.61
11006,Congarinni North,2022-07-01,0,,0,,0,,86,13.80
11006,Congarinni North,2023-07-01,0,,0,,0,,83,13.10
11006,Congarinni North,2024-07-01,0,,0,,0,,85,14.00
11006,Congarinni North,2025-07-01,0,,0,,0,,86,14.74
11008,Congo,2021-07-01,121,484.31,121,484.31,121,383000,122,484.31
11008,Congo,2022-07-01,121,643.69,121,643.69,121,509000,122,643.69
11008,Congo,2023-07-01,121,723.99,121,723.99,121,572000,122,723.99
11008,Congo,2024-07-01,121,723.99,121,723.99,121,572000,122,723.99
11008,Congo,2025-07-01,121,723.99,121,723.99,121,572000,122,723.99
11010,Coniston,2021-07-01,608,767.70,606,767.70,563,507000,614,763.53
11010,Coniston,2022-07-01,609,1071.38,607,1071.38,563,717000,615,1067.58
11010,Coniston,2023-07-01,608,980.23,606,980.23,563,654000,614,978.07
11010,Coniston,2024-07-01,611,998.35,609,998.35,565,652000,617,996.81
11010,Coniston,2025-07-01,611,963.16,609,963.16,565,631000,617,961.66
11012,Conjola Park,2021-07-01,0,,0,,0,,265,503.24
11012,Conjola Park,2022-07-01,0,,0,,0,,267,796.31
11012,Conjola Park,2023-07-01,0,,0,,0,,265,622.42
11012,Conjola Park,2024-07-01,0,,0,,0,,267,622.42
11012,Conjola Park,2025-07-01,0,,0,,0,,267,640.15
11013,Connells Point,2021-07-01,848,2017.27,752,1984.39,807,1310000,849,2017.11
11013,Connells Point,2022-07-01,864,2216.22,761,2172.63,823,1430000,865,2215.39
11013,Connells Point,2023-07-01,860,1997.28,759,1952.34,819,1280000,861,1996.89
11013,Connells Point,2024-07-01,864,2096.82,761,2047.89,823,1350000,865,2093.02
11013,Connells Point,2025-07-01,864,2233.01,758,2183.26,823,1440000,865,2232.56
11014,Constitution Hill,2021-07-01,997,1311.88,997,1311.88,982,762000,1003,1310.84
11014,Constitution Hill,2022-07-01,1035,1614.03,1035,1614.03,1019,930000,1043,1609.83
11014,Constitution Hill,2023-07-01,1035,1440.61,1035,1440.61,1019,838000,1043,1440.61
11014,Constitution Hill,2024-07-01,1035,1581.51,1035,1581.51,1019,910000,1043,1580.23
11014,Constitution Hill,2025-07-01,1035,1633.65,1035,1633.65,1019,940000,1043,1633.65
11015,Coogee (NSW),2021-07-01,1944,6093.62,1831,6099.33,1362,2330000,1944,6093.62
11015,Coogee (NSW),2022-07-01,1964,6629.38,1848,6630.76,1369,2580000,1964,6629.38
11015,Coogee (NSW),2023-07-01,1955,6232.39,1829,6239.32,1367,2390000,1955,6232.39
11015,Coogee (NSW),2024-07-01,1976,7025.61,1849,7040.58,1374,2700000,1976,7025.61
11015,Coogee (NSW),2025-07-01,1976,7249.16,1849,7286.82,1374,2810000,1976,7249.16
11016,Cookamidgera,2021-07-01,0,,0,,0,,29,2.04
11016,Cookamidgera,2022-07-01,0,,0,,0,,31,4.08
11016,Cookamidgera,2023-07-01,0,,0,,0,,31,4.08
11016,Cookamidgera,2024-07-01,0,,0,,0,,31,4.08
11016,Cookamidgera,2025-07-01,0,,0,,0,,31,4.27
11018,Cooks Gap,2021-07-01,0,,0,,0,,257,2.07
11018,Cooks Gap,2022-07-01,0,,0,,0,,262,3.24
11018,Cooks Gap,2023-07-01,0,,0,,0,,262,2.64
11018,Cooks Gap,2024-07-01,0,,0,,0,,262,3.16
11018,Cooks Gap,2025-07-01,0,,0,,0,,262,3.16
11019,Cooks Hill,2021-07-01,858,3533.81,830,3508.40,788,1000000,863,3531.29
11019,Cooks Hill,2022-07-01,870,3545.12,841,3512.46,800,1020000,875,3533.39
11019,Cooks Hill,2023-07-01,867,3372.76,838,3348.75,797,973000,872,3355.27
11019,Cooks Hill,2024-07-01,877,3198.80,848,3183.92,807,926000,882,3189.70
11019,Cooks Hill,2025-07-01,877,3545.97,847,3530.47,807,1020000,882,3541.56
11021,Coolabah,2021-07-01,0,,0,,0,,23,0.74
11021,Coolabah,2022-07-01,0,,0,,0,,26,0.74
11021,Coolabah,2023-07-01,0,,0,,0,,23,0.98
11021,Coolabah,2024-07-01,0,,0,,0,,26,2.22
11021,Coolabah,2025-07-01,0,,0,,0,,26,2.22
11023,Coolagolite,2021-07-01,0,,0,,0,,29,16.66
11023,Coolagolite,2022-07-01,0,,0,,0,,29,28.84
11023,Coolagolite,2023-07-01,0,,0,,0,,29,27.39
11023,Coolagolite,2024-07-01,0,,0,,0,,29,27.63
11023,Coolagolite,2025-07-01,0,,0,,0,,29,28.70
11024,Coolah,2021-07-01,374,26.42,370,26.56,374,39400,416,25.30
11024,Coolah,2022-07-01,379,32.00,375,32.50,379,48400,423,30.64
11024,Coolah,2023-07-01,379,37.89,375,38.14,379,57300,423,36.36
11024,Coolah,2024-07-01,379,37.89,375,38.14,379,57300,423,36.36
11024,Coolah,2025-07-01,379,68.05,375,68.53,379,101000,423,65.42
11025,Coolamon,2021-07-01,0,,0,,0,,788,65.21
11025,Coolamon,2022-07-01,0,,0,,0,,884,126.00
11025,Coolamon,2023-07-01,0,,0,,0,,884,138.55
11025,Coolamon,2024-07-01,0,,0,,0,,888,138.35
11025,Coolamon,2025-07-01,0,,0,,0,,888,142.39
11028,Coolatai,2021-07-01,0,,0,,0,,33,0.71
11028,Coolatai,2022-07-01,0,,0,,0,,33,0.74
11028,Coolatai,2023-07-01,0,,0,,0,,33,0.74
11028,Coolatai,2024-07-01,0,,0,,0,,33,1.58
11028,Coolatai,2025-07-01,0,,0,,0,,33,1.58
11032,Coolongolook,2021-07-01,0,,0,,0,,44,86.37
11032,Coolongolook,2022-07-01,0,,0,,0,,44,139.89
11032,Coolongolook,2023-07-01,0,,0,,0,,44,145.33
11032,Coolongolook,2024-07-01,0,,0,,0,,44,150.77
11032,Coolongolook,2025-07-01,0,,0,,0,,44,154.23
11036,Cooma (NSW),2021-07-01,2719,144.68,2665,144.70,2701,123000,2962,141.38
11036,Cooma (NSW),2022-07-01,2736,247.99,2681,247.99,2718,210000,2988,241.90
11036,Cooma (NSW),2023-07-01,2731,276.00,2677,276.00,2713,231000,2980,268.04
11036,Cooma (NSW),2024-07-01,2736,290.31,2681,290.68,2718,247000,2987,283.51
11036,Cooma (NSW),2025-07-01,2736,243.16,2681,243.35,2718,208000,2988,235.40
11038,Coomba Park,2021-07-01,0,,0,,0,,641,220.16
11038,Coomba Park,2022-07-01,0,,0,,0,,647,327.10
11038,Coomba Park,2023-07-01,0,,0,,0,,645,298.35
11038,Coomba Park,2024-07-01,0,,0,,0,,651,298.92
11038,Coomba Park,2025-07-01,0,,0,,0,,651,297.26
11041,Coomealla,2021-07-01,0,,0,,0,,16,12.99
11041,Coomealla,2022-07-01,0,,0,,0,,17,16.40
11041,Coomealla,2023-07-01,0,,0,,0,,17,24.61
11041,Coomealla,2024-07-01,0,,0,,0,,17,24.61
11041,Coomealla,2025-07-01,0,,0,,0,,17,24.61
11043,Coonabarabran,2021-07-01,1064,33.28,1062,33.31,1062,34000,1446,27.33
11043,Coonabarabran,2022-07-01,1066,38.33,1064,38.34,1064,39100,1463,31.08
11043,Coonabarabran,2023-07-01,1064,53.27,1062,53.27,1062,58600,1461,44.32
11043,Coonabarabran,2024-07-01,1064,54.51,1062,54.51,1062,58600,1461,45.30
11043,Coonabarabran,2025-07-01,1066,54.51,1064,54.51,1064,58600,1463,45.30
11044,Coonamble,2021-07-01,960,18.96,957,18.95,959,24400,1116,17.62
11044,Coonamble,2022-07-01,967,22.60,964,22.59,966,29200,1124,20.99
11044,Coonamble,2023-07-01,967,24.70,964,24.67,966,32100,1123,22.84
11044,Coonamble,2024-07-01,967,24.70,964,24.67,966,32100,1124,22.84
11044,Coonamble,2025-07-01,967,26.29,964,26.26,966,33700,1124,24.30
11046,Cooperabung,2021-07-01,0,,0,,0,,32,7.20
11046,Cooperabung,2022-07-01,0,,0,,0,,32,9.31
11046,Cooperabung,2023-07-01,0,,0,,0,,32,11.40
11046,Cooperabung,2024-07-01,0,,0,,0,,32,11.40
11046,Cooperabung,2025-07-01,0,,0,,0,,32,11.95
11047,Coopernook,2021-07-01,0,,0,,0,,176,166.01
11047,Coopernook,2022-07-01,0,,0,,0,,178,221.34
11047,Coopernook,2023-07-01,0,,0,,0,,176,217.68
11047,Coopernook,2024-07-01,0,,0,,0,,179,215.42
11047,Coopernook,2025-07-01,0,,0,,0,,179,230.24
11048,Coopers Gully,2021-07-01,0,,0,,0,,18,13.87
11048,Coopers Gully,2022-07-01,0,,0,,0,,18,21.50
11048,Coopers Gully,2023-07-01,0,,0,,0,,18,19.60
11048,Coopers Gully,2024-07-01,0,,0,,0,,18,19.60
11048,Coopers Gully,2025-07-01,0,,0,,0,,18,20.02
11049,Coopers Shoot,2021-07-01,0,,0,,0,,47,188.24
11049,Coopers Shoot,2022-07-01,0,,0,,0,,53,202.36
11049,Coopers Shoot,2023-07-01,0,,0,,0,,51,188.24
11049,Coopers Shoot,2024-07-01,0,,0,,0,,51,199.16
11049,Coopers Shoot,2025-07-01,0,,0,,0,,53,178.74
11051,Coorabell,2021-07-01,0,,0,,0,,16,59.14
11051,Coorabell,2022-07-01,0,,0,,0,,16,80.91
11051,Coorabell,2023-07-01,0,,0,,0,,16,70.02
11051,Coorabell,2024-07-01,0,,0,,0,,16,64.95
11051,Coorabell,2025-07-01,0,,0,,0,,16,62.41
11052,Cooranbong,2021-07-01,2075,437.21,2041,438.81,2064,290000,2139,432.35
11052,Cooranbong,2022-07-01,2670,526.99,2608,527.36,2654,328000,2757,523.71
11052,Cooranbong,2023-07-01,2482,624.52,2420,626.13,2467,402000,2552,618.50
11052,Cooranbong,2024-07-01,2586,640.19,2524,641.40,2570,401000,2668,634.75
11052,Cooranbong,2025-07-01,2670,675.71,2608,676.32,2654,418000,2757,666.31
11053,Cootamundra,2021-07-01,2514,101.25,2494,101.03,2489,86500,2598,100.40
11053,Cootamundra,2022-07-01,2565,146.16,2545,145.91,2538,125000,2652,144.52
11053,Cootamundra,2023-07-01,2565,172.92,2545,172.92,2538,148000,2652,171.29
11053,Cootamundra,2024-07-01,2565,172.92,2545,172.92,2538,148000,2652,171.29
11053,Cootamundra,2025-07-01,2565,172.92,2545,172.92,2538,148000,2652,171.29
11055,Cooyal,2021-07-01,0,,0,,0,,21,3.35
11055,Cooyal,2022-07-01,0,,0,,0,,21,5.26
11055,Cooyal,2023-07-01,0,,0,,0,,21,4.29
11055,Cooyal,2024-07-01,0,,0,,0,,21,5.14
11055,Cooyal,2025-07-01,0,,0,,0,,21,5.14
11056,Copacabana,2021-07-01,1397,1479.64,1397,1479.64,1378,888000,1397,1479.64
11056,Copacabana,2022-07-01,1403,1881.14,1403,1881.14,1384,1130000,1403,1881.14
11056,Copacabana,2023-07-01,1399,1700.43,1399,1700.43,1380,1030000,1399,1700.43
11056,Copacabana,2024-07-01,1401,1774.74,1401,1774.74,1382,1080000,1401,1774.74
11056,Copacabana,2025-07-01,1403,1847.84,1403,1847.84,1384,1160000,1403,1847.84
11057,Cope,2021-07-01,0,,0,,0,,40,1.21
11057,Cope,2022-07-01,0,,0,,0,,40,1.90
11057,Cope,2023-07-01,0,,0,,0,,40,1.55
11057,Cope,2024-07-01,0,,0,,0,,40,1.85
11057,Cope,2025-07-01,0,,0,,0,,40,1.85
11060,Copmanhurst,2021-07-01,94,46.88,88,46.91,94,81200,125,39.55
11060,Copmanhurst,2022-07-01,94,61.06,88,61.47,94,106000,125,52.40
11060,Copmanhurst,2023-07-01,94,61.06,88,61.47,94,114000,125,56.35
11060,Copmanhurst,2024-07-01,94,64.05,88,64.28,94,119000,125,58.82
11060,Copmanhurst,2025-07-01,94,49.80,88,49.84,94,95450,125,47.32
11063,Coraki,2021-07-01,0,,0,,0,,512,112.65
11063,Coraki,2022-07-01,0,,0,,0,,513,95.61
11063,Coraki,2023-07-01,0,,0,,0,,513,95.20
11063,Coraki,2024-07-01,0,,0,,0,,513,98.30
11063,Coraki,2025-07-01,0,,0,,0,,513,98.36
11065,Coramba,2021-07-01,130,205.26,125,209.02,130,172000,144,198.11
11065,Coramba,2022-07-01,130,282.85,125,287.40,130,237000,144,272.37
11065,Coramba,2023-07-01,130,309.14,125,314.91,130,259000,144,298.73
11065,Coramba,2024-07-01,130,309.14,125,314.91,130,259000,144,298.73
11065,Coramba,2025-07-01,130,321.94,125,327.28,130,270000,144,310.44
11070,Cordeaux Heights,2021-07-01,1319,565.23,1319,565.23,1312,413000,1339,563.70
11070,Cordeaux Heights,2022-07-01,1319,809.65,1319,809.65,1312,586000,1340,804.07
11070,Cordeaux Heights,2023-07-01,1319,861.87,1319,861.87,1312,624000,1340,856.99
11070,Cordeaux Heights,2024-07-01,1319,858.34,1319,858.34,1312,627000,1340,856.15
11070,Cordeaux Heights,2025-07-01,1319,845.00,1319,845.00,1312,616000,1340,842.96
11073,Corindi Beach,2021-07-01,667,400.75,666,400.77,666,244000,673,399.82
11073,Corindi Beach,2022-07-01,705,611.04,704,611.17,704,372000,712,609.90
11073,Corindi Beach,2023-07-01,705,641.87,704,642.06,704,391000,712,640.73
11073,Corindi Beach,2024-07-01,705,642.25,704,642.33,704,391000,712,640.85
11073,Corindi Beach,2025-07-01,705,642.42,704,642.55,704,391000,712,641.69
11075,Corlette,2021-07-01,2411,797.17,2411,797.17,2313,465000,2415,796.19
11075,Corlette,2022-07-01,2424,1082.89,2424,1082.89,2326,632000,2428,1081.60
11075,Corlette,2023-07-01,2420,1028.31,2420,1028.31,2322,600000,2424,1027.94
11075,Corlette,2024-07-01,2424,1027.94,2424,1027.94,2326,600000,2428,1026.93
11075,Corlette,2025-07-01,2424,1058.45,2424,1058.45,2326,616000,2428,1057.17
11080,Corowa,2021-07-01,2253,91.77,2237,91.71,2158,80400,2464,89.20
11080,Corowa,2022-07-01,2293,143.28,2276,143.28,2198,130000,2540,137.89
11080,Corowa,2023-07-01,2293,150.20,2276,150.20,2198,136000,2540,145.16
11080,Corowa,2024-07-01,2293,163.09,2276,163.06,2198,148500,2540,158.70
11080,Corowa,2025-07-01,2293,164.33,2276,164.27,2198,152500,2540,161.85
11082,Corrimal,2021-07-01,1893,1049.02,1887,1049.69,1773,683000,1911,1046.43
11082,Corrimal,2022-07-01,1919,1313.10,1913,1314.40,1798,853000,1938,1311.77
11082,Corrimal,2023-07-01,1903,1174.10,1889,1173.27,1783,763000,1922,1171.99
11082,Corrimal,2024-07-01,1946,1192.36,1932,1192.25,1823,771000,1970,1190.27
11082,Corrimal,2025-07-01,1946,1157.58,1932,1157.36,1823,746000,1970,1154.08
11094,Coutts Crossing,2021-07-01,193,92.36,193,92.36,193,110000,395,10.52
11094,Coutts Crossing,2022-07-01,195,117.23,194,117.23,195,140000,402,13.06
11094,Coutts Crossing,2023-07-01,195,117.23,194,117.23,195,140000,400,13.06
11094,Coutts Crossing,2024-07-01,195,117.23,194,117.23,195,140000,402,11.16
11094,Coutts Crossing,2025-07-01,195,127.38,194,127.55,195,150000,402,11.81
11097,Cowan,2021-07-01,216,876.37,213,876.37,215,677000,218,876.37
11097,Cowan,2022-07-01,216,1008.12,213,1008.12,215,786000,219,1008.12
11097,Cowan,2023-07-01,216,1058.70,213,1058.70,215,826000,219,1058.70
11097,Cowan,2024-07-01,216,1143.39,213,1143.39,215,883000,219,1140.99
11097,Cowan,2025-07-01,216,1176.33,213,1176.33,215,913000,219,1174.88
11098,Cowper,2021-07-01,10,106.27,10,106.27,10,162500,12,104.46
11098,Cowper,2022-07-01,10,122.64,10,122.64,10,187500,12,120.56
11098,Cowper,2023-07-01,10,117.09,10,117.09,10,179000,12,115.10
11098,Cowper,2024-07-01,10,117.09,10,117.09,10,179000,12,115.10
11098,Cowper,2025-07-01,10,131.63,10,131.63,10,201000,12,129.40
11099,Cowra,2021-07-01,3204,94.75,3186,94.64,3167,82300,3940,85.04
11099,Cowra,2022-07-01,3250,142.44,3231,141.90,3212,121000,4043,127.83
11099,Cowra,2023-07-01,3229,175.44,3210,174.31,3191,154000,3985,156.44
11099,Cowra,2024-07-01,3241,170.40,3223,169.65,3203,155000,4015,152.24
11099,Cowra,2025-07-01,3250,169.86,3232,169.58,3212,155000,4043,152.15
11104,Craigie (NSW),2021-07-01,0,,0,,0,,11,2.54
11104,Craigie (NSW),2022-07-01,0,,0,,0,,11,3.55
11104,Craigie (NSW),2023-07-01,0,,0,,0,,11,6.55
11104,Craigie (NSW),2024-07-01,0,,0,,0,,11,8.17
11104,Craigie (NSW),2025-07-01,0,,0,,0,,11,8.17
11105,Cranebrook,2021-07-01,4442,718.52,3919,713.83,4346,449000,4648,717.16
11105,Cranebrook,2022-07-01,4448,910.40,3925,904.47,4346,569000,4660,908.52
11105,Cranebrook,2023-07-01,4448,802.00,3925,796.50,4346,501000,4660,800.06
11105,Cranebrook,2024-07-01,4449,900.80,3926,895.07,4346,563000,4668,899.00
11105,Cranebrook,2025-07-01,4449,983.82,3926,976.15,4346,614000,4668,980.67
11106,Crangan Bay,2021-07-01,89,711.57,89,711.57,89,442000,91,711.25
11106,Crangan Bay,2022-07-01,335,833.19,335,833.19,334,475000,340,833.19
11106,Crangan Bay,2023-07-01,181,790.95,181,790.95,181,478000,185,790.35
11106,Crangan Bay,2024-07-01,326,846.97,326,846.97,326,477000,331,846.73
11106,Crangan Bay,2025-07-01,335,937.39,335,937.39,334,528000,340,936.82
11113,Cremorne (NSW),2021-07-01,1453,5139.41,1370,5172.77,1051,2240000,1455,5139.41
11113,Cremorne (NSW),2022-07-01,1468,6216.93,1375,6241.61,1063,2690000,1471,6215.32
11113,Cremorne (NSW),2023-07-01,1464,5931.22,1372,5983.50,1060,2580000,1466,5931.22
11113,Cremorne (NSW),2024-07-01,1468,6349.03,1374,6397.61,1063,2740000,1471,6348.85
11113,Cremorne (NSW),2025-07-01,1468,6414.02,1396,6482.67,1063,2710000,1471,6413.85
11114,Cremorne Point,2021-07-01,366,6039.75,250,5903.24,233,3180000,366,6039.75
11114,Cremorne Point,2022-07-01,367,7135.17,251,7091.84,233,3750000,367,7135.17
11114,Cremorne Point,2023-07-01,367,6759.69,251,6689.22,233,3680000,367,6759.69
11114,Cremorne Point,2024-07-01,367,7319.70,251,7196.68,233,3960000,367,7319.70
11114,Cremorne Point,2025-07-01,367,7251.01,251,7196.68,233,3960000,367,7251.01
11115,Crescent Head,2021-07-01,562,831.45,562,831.45,528,510000,643,702.80
11115,Crescent Head,2022-07-01,682,1237.92,682,1237.92,648,764400,763,1114.00
11115,Crescent Head,2023-07-01,564,1274.03,564,1274.03,530,806500,645,1185.48
11115,Crescent Head,2024-07-01,564,1301.55,564,1301.55,530,825000,645,1213.31
11115,Crescent Head,2025-07-01,682,1166.39,682,1166.39,648,766000,763,1107.69
11116,Crestwood,2021-07-01,1215,577.05,1200,578.64,1112,413000,1225,575.83
11116,Crestwood,2022-07-01,1220,769.07,1205,769.12,1113,536000,1230,766.62
11116,Crestwood,2023-07-01,1217,734.48,1202,735.98,1112,509000,1227,731.71
11116,Crestwood,2024-07-01,1219,746.67,1204,747.61,1113,514000,1229,742.38
11116,Crestwood,2025-07-01,1220,740.21,1205,741.59,1113,514000,1230,736.84
11117,Cringila,2021-07-01,750,467.21,750,467.21,746,263000,752,467.21
11117,Cringila,2022-07-01,750,716.98,750,716.98,746,404000,752,716.98
11117,Cringila,2023-07-01,750,760.11,750,760.11,746,428000,752,760.11
11117,Cringila,2024-07-01,752,776.28,752,776.28,748,437000,754,776.28
11117,Cringila,2025-07-01,752,776.28,752,776.28,748,437000,754,776.28
11118,Croki,2021-07-01,0,,0,,0,,27,175.79
11118,Croki,2022-07-01,0,,0,,0,,28,256.75
11118,Croki,2023-07-01,0,,0,,0,,28,256.75
11118,Croki,2024-07-01,0,,0,,0,,28,256.75
11118,Croki,2025-07-01,0,,0,,0,,28,256.75
11119,Cromer (NSW),2021-07-01,2176,1797.27,2135,1797.27,2143,1110000,2181,1797.27
11119,Cromer (NSW),2022-07-01,2180,2138.81,2139,2138.75,2147,1330000,2185,2138.75
11119,Cromer (NSW),2023-07-01,2177,1887.13,2136,1887.13,2144,1170000,2182,1887.13
11119,Cromer (NSW),2024-07-01,2179,2120.26,2138,2113.73,2146,1320000,2184,2119.13
11119,Cromer (NSW),2025-07-01,2180,2303.09,2139,2292.51,2147,1420000,2185,2303.09
11120,Cronulla,2021-07-01,2006,3683.92,1915,3662.39,1333,2000000,2012,3682.20
11120,Cronulla,2022-07-01,2087,4449.61,1995,4437.69,1403,2430000,2093,4448.22
11120,Cronulla,2023-07-01,2063,4273.21,1971,4252.58,1380,2310000,2069,4273.21
11120,Cronulla,2024-07-01,2113,4582.50,2021,4566.13,1428,2460000,2119,4577.60
11120,Cronulla,2025-07-01,2113,4462.86,1970,4463.72,1428,2420000,2119,4458.28
11124,Crookwell,2021-07-01,1079,137.80,1066,138.20,1078,126000,1247,130.43
11124,Crookwell,2022-07-01,1167,144.50,1154,144.71,1165,133000,1339,134.60
11124,Crookwell,2023-07-01,1161,167.39,1148,168.12,1160,150000,1332,161.63
11124,Crookwell,2024-07-01,1186,176.45,1173,177.19,1184,179000,1358,167.09
11124,Crookwell,2025-07-01,1186,198.84,1173,199.15,1184,200000,1358,188.56
11126,Croppa Creek,2021-07-01,0,,0,,0,,24,1.03
11126,Croppa Creek,2022-07-01,0,,0,,0,,24,1.30
11126,Croppa Creek,2023-07-01,0,,0,,0,,24,1.30
11126,Croppa Creek,2024-07-01,0,,0,,0,,24,1.30
11126,Croppa Creek,2025-07-01,0,,0,,0,,24,2.13
11128,Crosslands,2021-07-01,205,233.40,205,233.40,204,189000,226,227.13
11128,Crosslands,2022-07-01,205,313.73,205,313.73,204,254000,226,304.91
11128,Crosslands,2023-07-01,205,312.85,205,312.85,204,254000,226,304.91
11128,Crosslands,2024-07-01,205,312.85,205,312.85,204,254000,226,304.91
11128,Crosslands,2025-07-01,205,319.06,205,319.06,204,259000,226,310.45
11129,Croudace Bay,2021-07-01,241,745.01,241,745.01,238,464000,242,744.26
11129,Croudace Bay,2022-07-01,241,863.80,241,863.80,238,533000,242,862.68
11129,Croudace Bay,2023-07-01,241,840.69,241,840.69,238,527500,242,840.69
11129,Croudace Bay,2024-07-01,241,870.75,241,870.75,238,546000,242,870.30
11129,Croudace Bay,2025-07-01,241,928.24,241,928.24,238,572000,242,926.86
11131,Crowdy Head,2021-07-01,0,,0,,0,,71,911.73
11131,Crowdy Head,2022-07-01,0,,0,,0,,71,1181.22
11131,Crowdy Head,2023-07-01,0,,0,,0,,71,1413.59
11131,Crowdy Head,2024-07-01,0,,0,,0,,71,1366.79
11131,Crowdy Head,2025-07-01,0,,0,,0,,71,1388.89
11132,Crows Nest (NSW),2021-07-01,957,6408.66,925,6454.33,866,1540000,958,6407.95
11132,Crows Nest (NSW),2022-07-01,964,7581.40,932,7644.99,869,1820000,965,7581.40
11132,Crows Nest (NSW),2023-07-01,962,7200.83,930,7246.57,868,1720000,963,7199.33
11132,Crows Nest (NSW),2024-07-01,963,7781.94,931,7820.74,868,1860000,964,7772.00
11132,Crows Nest (NSW),2025-07-01,964,8095.29,935,8140.04,869,1940000,965,8089.32
11135,Croydon (NSW),2021-07-01,2712,3012.61,2538,3008.29,2651,1430000,2724,3008.68
11135,Croydon (NSW),2022-07-01,2731,3475.92,2556,3479.23,2669,1660000,2744,3468.07
11135,Croydon (NSW),2023-07-01,2730,3109.77,2555,3109.75,2668,1500000,2743,3102.88
11135,Croydon (NSW),2024-07-01,2730,3441.10,2555,3444.54,2668,1660000,2743,3433.95
11135,Croydon (NSW),2025-07-01,2731,3630.36,2556,3641.28,2669,1750000,2744,3625.96
11136,Croydon Park (NSW),2021-07-01,2837,2388.80,2718,2388.80,2715,1120000,2852,2383.70
11136,Croydon Park (NSW),2022-07-01,2853,2933.67,2734,2937.19,2727,1370000,2868,2928.03
11136,Croydon Park (NSW),2023-07-01,2852,2711.55,2733,2712.15,2727,1280000,2867,2707.38
11136,Croydon Park (NSW),2024-07-01,2852,3072.75,2732,3080.72,2727,1440000,2867,3071.27
11136,Croydon Park (NSW),2025-07-01,2853,3257.76,2734,3281.28,2727,1550000,2868,3251.67
11141,Cudal,2021-07-01,0,,0,,0,,261,43.30
11141,Cudal,2022-07-01,0,,0,,0,,277,67.27
11141,Cudal,2023-07-01,0,,0,,0,,272,83.26
11141,Cudal,2024-07-01,0,,0,,0,,274,89.96
11141,Cudal,2025-07-01,0,,0,,0,,277,86.51
11144,Cudgen,2021-07-01,208,672.52,208,672.52,190,480000,211,670.10
11144,Cudgen,2022-07-01,335,1056.34,335,1056.34,317,669000,339,1055.19
11144,Cudgen,2023-07-01,335,1056.34,335,1056.34,317,669000,339,1055.19
11144,Cudgen,2024-07-01,338,1055.77,338,1055.77,319,675000,342,1048.08
11144,Cudgen,2025-07-01,338,1134.38,338,1134.38,319,706000,342,1106.18
11146,Cudmirrah,2021-07-01,210,494.79,210,494.79,210,384000,210,494.79
11146,Cudmirrah,2022-07-01,210,839.68,210,839.68,210,652000,210,839.68
11146,Cudmirrah,2023-07-01,210,671.10,210,671.10,210,521000,210,671.10
11146,Cudmirrah,2024-07-01,210,733.61,210,733.61,210,572000,210,733.61
11146,Cudmirrah,2025-07-01,210,729.67,210,729.67,210,569000,210,729.67
11147,Culburra Beach,2021-07-01,2122,663.60,2079,652.33,2096,518000,2127,662.66
11147,Culburra Beach,2022-07-01,2155,927.52,2108,922.35,2128,733000,2160,925.29
11147,Culburra Beach,2023-07-01,2138,761.85,2088,752.96,2112,605000,2143,760.85
11147,Culburra Beach,2024-07-01,2145,864.42,2089,846.14,2118,649000,2150,863.95
11147,Culburra Beach,2025-07-01,2155,830.92,2098,816.75,2128,621000,2160,830.64
11148,Culcairn,2021-07-01,0,,0,,0,,602,43.48
11148,Culcairn,2022-07-01,0,,0,,0,,643,61.81
11148,Culcairn,2023-07-01,0,,0,,0,,643,70.05
11148,Culcairn,2024-07-01,0,,0,,0,,643,86.92
11148,Culcairn,2025-07-01,0,,0,,0,,643,91.11
11149,Cullen Bullen,2021-07-01,0,,0,,0,,90,51.21
11149,Cullen Bullen,2022-07-01,0,,0,,0,,91,65.11
11149,Cullen Bullen,2023-07-01,0,,0,,0,,90,69.78
11149,Cullen Bullen,2024-07-01,0,,0,,0,,91,72.74
11149,Cullen Bullen,2025-07-01,0,,0,,0,,91,74.86
11150,Cullenbone,2021-07-01,0,,0,,0,,13,3.53
11150,Cullenbone,2022-07-01,0,,0,,0,,13,4.40
11150,Cullenbone,2023-07-01,0,,0,,0,,13,4.61
11150,Cullenbone,2024-07-01,0,,0,,0,,13,4.61
11150,Cullenbone,2025-07-01,0,,0,,0,,13,4.40
11155,Cumbalum,2021-07-01,860,548.20,860,548.20,796,436500,881,544.64
11155,Cumbalum,2022-07-01,936,815.35,936,815.35,824,621000,960,813.25
11155,Cumbalum,2023-07-01,919,768.80,919,768.80,824,584000,943,763.81
11155,Cumbalum,2024-07-01,932,734.97,932,734.97,824,551000,956,731.96
11155,Cumbalum,2025-07-01,936,730.46,936,730.46,824,550000,960,722.83
11157,Cumberland Reach,2021-07-01,0,,0,,0,,47,244.04
11157,Cumberland Reach,2022-07-01,0,,0,,0,,47,321.90
11157,Cumberland Reach,2023-07-01,0,,0,,0,,47,305.11
11157,Cumberland Reach,2024-07-01,0,,0,,0,,47,317.70
11157,Cumberland Reach,2025-07-01,0,,0,,0,,47,317.70
11159,Cumborah,2021-07-01,0,,0,,0,,66,5.58
11159,Cumborah,2022-07-01,0,,0,,0,,68,7.30
11159,Cumborah,2023-07-01,0,,0,,0,,68,9.93
11159,Cumborah,2024-07-01,0,,0,,0,,68,8.40
11159,Cumborah,2025-07-01,0,,0,,0,,68,8.40
11160,Cumnock,2021-07-01,0,,0,,0,,153,17.79
11160,Cumnock,2022-07-01,0,,0,,0,,156,21.06
11160,Cumnock,2023-07-01,0,,0,,0,,154,31.58
11160,Cumnock,2024-07-01,0,,0,,0,,156,30.94
11160,Cumnock,2025-07-01,0,,0,,0,,156,38.68
11162,Cundletown,2021-07-01,603,239.82,579,239.82,599,198000,692,227.91
11162,Cundletown,2022-07-01,606,296.44,582,296.44,601,247000,695,284.68
11162,Cundletown,2023-07-01,605,272.73,581,272.73,600,227000,694,260.96
11162,Cundletown,2024-07-01,607,272.73,582,272.73,602,227000,696,261.25
11162,Cundletown,2025-07-01,607,272.73,582,272.73,602,227000,696,261.25
11164,Cunjurong Point,2021-07-01,164,827.79,164,827.79,163,574000,164,827.79
11164,Cunjurong Point,2022-07-01,164,1533.23,164,1533.23,163,1090000,164,1533.23
11164,Cunjurong Point,2023-07-01,164,1058.62,164,1058.62,163,787000,164,1058.62
11164,Cunjurong Point,2024-07-01,164,1058.62,164,1058.62,163,787000,164,1058.62
11164,Cunjurong Point,2025-07-01,164,1054.34,164,1054.34,163,780000,164,1054.34
11168,Curl Curl,2021-07-01,591,4327.79,576,4320.40,569,2150000,594,4320.40
11168,Curl Curl,2022-07-01,595,5224.84,576,5204.52,573,2620000,598,5209.66
11168,Curl Curl,2023-07-01,595,5059.86,576,5059.86,573,2540000,598,5059.86
11168,Curl Curl,2024-07-01,595,5754.45,576,5723.58,573,2850000,598,5723.58
11168,Curl Curl,2025-07-01,595,5684.26,576,5684.26,573,2810000,598,5684.26
11170,Curlewis (NSW),2021-07-01,0,,0,,0,,259,30.48
11170,Curlewis (NSW),2022-07-01,0,,0,,0,,260,41.54
11170,Curlewis (NSW),2023-07-01,0,,0,,0,,261,54.80
11170,Curlewis (NSW),2024-07-01,0,,0,,0,,261,57.57
11170,Curlewis (NSW),2025-07-01,0,,0,,0,,261,53.97
11171,Curlwaa,2024-07-01,0,,0,,0,,10,2.22
11171,Curlwaa,2025-07-01,0,,0,,0,,10,2.22
11173,Currabubula,2021-07-01,0,,0,,0,,91,15.59
11173,Currabubula,2022-07-01,0,,0,,0,,94,25.25
11173,Currabubula,2023-07-01,0,,0,,0,,92,25.77
11173,Currabubula,2024-07-01,0,,0,,0,,94,25.25
11173,Currabubula,2025-07-01,0,,0,,0,,94,25.25
11176,Currans Hill,2021-07-01,1810,765.46,1794,763.41,1787,415000,1831,763.26
11176,Currans Hill,2022-07-01,1810,968.63,1794,966.84,1787,520000,1831,966.39
11176,Currans Hill,2023-07-01,1810,879.93,1794,878.24,1787,470000,1831,877.73
11176,Currans Hill,2024-07-01,1810,968.84,1794,967.86,1787,520000,1831,967.44
11176,Currans Hill,2025-07-01,1810,1113.68,1794,1112.41,1787,600000,1831,1112.35
11177,Currarong,2021-07-01,550,1339.30,545,1334.12,547,851000,550,1339.30
11177,Currarong,2022-07-01,554,2179.41,549,2174.57,551,1430000,554,2179.41
11177,Currarong,2023-07-01,552,1697.06,547,1694.44,549,1130000,552,1697.06
11177,Currarong,2024-07-01,554,1657.29,549,1650.52,551,1000000,554,1657.29
11177,Currarong,2025-07-01,554,1556.37,549,1549.71,551,940000,554,1556.37
11179,Currawarna,2021-07-01,0,,0,,0,,50,27.39
11179,Currawarna,2022-07-01,0,,0,,0,,56,38.31
11179,Currawarna,2023-07-01,0,,0,,0,,54,53.39
11179,Currawarna,2024-07-01,0,,0,,0,,56,53.39
11179,Currawarna,2025-07-01,0,,0,,0,,56,45.38
11186,Daceyville,2021-07-01,365,3806.73,361,3814.69,365,1300000,369,3795.13
11186,Daceyville,2022-07-01,366,3897.66,361,3904.92,366,1330000,371,3892.94
11186,Daceyville,2023-07-01,366,3856.15,361,3856.15,366,1270000,371,3831.28
11186,Daceyville,2024-07-01,366,4302.28,361,4304.54,366,1470000,371,4278.44
11186,Daceyville,2025-07-01,366,4348.47,361,4363.10,366,1480000,371,4312.39
11189,Dairymans Plains,2021-07-01,0,,0,,0,,83,5.89
11189,Dairymans Plains,2022-07-01,0,,0,,0,,85,8.23
11189,Dairymans Plains,2023-07-01,0,,0,,0,,85,10.90
11189,Dairymans Plains,2024-07-01,0,,0,,0,,85,10.90
11189,Dairymans Plains,2025-07-01,0,,0,,0,,85,10.96
11190,Daleys Point,2021-07-01,222,983.66,151,847.26,221,737000,226,971.51
11190,Daleys Point,2022-07-01,223,1151.71,150,1016.47,222,894000,227,1127.26
11190,Daleys Point,2023-07-01,222,1051.38,151,916.57,221,781000,226,1036.55
11190,Daleys Point,2024-07-01,222,1061.65,151,925.08,221,813000,226,1047.69
11190,Daleys Point,2025-07-01,223,1126.04,150,987.56,222,857000,227,1100.83
11191,Dalgety,2021-07-01,0,,0,,0,,130,22.72
11191,Dalgety,2022-07-01,0,,0,,0,,150,17.03
11191,Dalgety,2023-07-01,0,,0,,0,,141,30.46
11191,Dalgety,2024-07-01,0,,0,,0,,144,28.00
11191,Dalgety,2025-07-01,0,,0,,0,,150,24.62
11192,Dalmeny,2021-07-01,952,336.08,912,329.90,937,242000,959,334.39
11192,Dalmeny,2022-07-01,957,640.20,917,632.60,941,465000,964,637.56
11192,Dalmeny,2023-07-01,952,544.34,951,544.17,937,395000,959,542.07
11192,Dalmeny,2024-07-01,957,569.31,956,569.22,941,414000,964,566.72
11192,Dalmeny,2025-07-01,957,537.02,956,536.93,941,390000,964,535.10
11195,Dalton,2021-07-01,0,,0,,0,,75,34.21
11195,Dalton,2022-07-01,0,,0,,0,,77,42.03
11195,Dalton,2023-07-01,0,,0,,0,,77,79.96
11195,Dalton,2024-07-01,0,,0,,0,,80,71.76
11195,Dalton,2025-07-01,0,,0,,0,,80,71.76
11203,Dapto,2021-07-01,3794,539.62,3789,539.62,3709,320000,3822,539.62
11203,Dapto,2022-07-01,3814,765.18,3809,765.18,3725,452000,3842,763.69
11203,Dapto,2023-07-01,3808,776.61,3803,777.08,3721,467000,3836,776.37
11203,Dapto,2024-07-01,3817,764.48,3812,764.64,3728,450000,3847,763.84
11203,Dapto,2025-07-01,3817,750.79,3812,750.79,3728,444000,3847,750.39
11204,Darawank,2021-07-01,0,,0,,0,,96,31.75
11204,Darawank,2022-07-01,0,,0,,0,,100,44.43
11204,Darawank,2023-07-01,0,,0,,0,,100,40.37
11204,Darawank,2024-07-01,0,,0,,0,,100,46.60
11204,Darawank,2025-07-01,0,,0,,0,,100,45.18
11206,Darbys Falls,2021-07-01,0,,0,,0,,54,20.60
11206,Darbys Falls,2022-07-01,0,,0,,0,,54,31.87
11206,Darbys Falls,2023-07-01,0,,0,,0,,54,39.18
11206,Darbys Falls,2024-07-01,0,,0,,0,,54,38.98
11206,Darbys Falls,2025-07-01,0,,0,,0,,54,38.98
11207,Dareton,2021-07-01,0,,0,,0,,271,10.89
11207,Dareton,2022-07-01,0,,0,,0,,274,10.78
11207,Dareton,2023-07-01,0,,0,,0,,274,31.97
11207,Dareton,2024-07-01,0,,0,,0,,274,31.97
11207,Dareton,2025-07-01,0,,0,,0,,274,31.97
11208,Dargan,2021-07-01,0,,0,,0,,74,14.49
11208,Dargan,2022-07-01,0,,0,,0,,74,16.67
11208,Dargan,2023-07-01,0,,0,,0,,74,16.67
11208,Dargan,2024-07-01,0,,0,,0,,74,19.14
11208,Dargan,2025-07-01,0,,0,,0,,74,21.61
11212,Darling Point,2021-07-01,392,9476.14,254,10103.56,218,4410000,405,9488.37
11212,Darling Point,2022-07-01,405,11809.19,263,12607.41,228,5660000,418,11838.14
11212,Darling Point,2023-07-01,397,11888.64,257,12858.93,223,5640000,410,11985.86
11212,Darling Point,2024-07-01,400,15267.32,259,16244.92,224,7290000,413,15291.05
11212,Darling Point,2025-07-01,405,16629.04,262,17702.38,228,8005000,418,16688.98
11213,Darlinghurst,2021-07-01,667,11740.22,495,11731.84,579,1620000,671,11740.22
11213,Darlinghurst,2022-07-01,675,14387.35,501,14235.50,587,1950000,679,14385.64
11213,Darlinghurst,2023-07-01,675,12332.02,500,12323.06,587,1650000,679,12323.06
11213,Darlinghurst,2024-07-01,675,13304.82,500,13306.26,587,1780000,679,13299.56
11213,Darlinghurst,2025-07-01,675,13796.48,500,13598.67,587,1860000,679,13796.13
11214,Darlington (Singleton - NSW),2021-07-01,138,159.19,138,159.19,129,132000,139,159.14
11214,Darlington (Singleton - NSW),2022-07-01,141,311.63,141,311.63,129,257000,142,310.81
11214,Darlington (Singleton - NSW),2023-07-01,141,330.38,141,330.38,129,272000,142,329.73
11214,Darlington (Singleton - NSW),2024-07-01,141,327.96,141,327.96,129,272000,142,327.87
11214,Darlington (Singleton - NSW),2025-07-01,141,331.41,141,331.41,129,275000,142,331.29
11215,Darlington (Sydney - NSW),2021-07-01,432,8336.33,418,8339.32,424,1145000,432,8336.33
11215,Darlington (Sydney - NSW),2022-07-01,444,9705.25,430,9733.47,436,1310000,444,9705.25
11215,Darlington (Sydney - NSW),2023-07-01,444,8534.30,430,8573.56,436,1200000,444,8534.30
11215,Darlington (Sydney - NSW),2024-07-01,444,9371.69,430,9404.41,436,1320000,444,9371.69
11215,Darlington (Sydney - NSW),2025-07-01,444,9518.41,430,9561.61,436,1330000,444,9518.41
11216,Darlington Point,2021-07-01,0,,0,,0,,503,29.03
11216,Darlington Point,2022-07-01,0,,0,,0,,567,49.71
11216,Darlington Point,2023-07-01,0,,0,,0,,567,59.60
11216,Darlington Point,2024-07-01,0,,0,,0,,567,65.44
11216,Darlington Point,2025-07-01,0,,0,,0,,567,68.81
11220,Daruka,2021-07-01,0,,0,,0,,229,12.59
11220,Daruka,2022-07-01,0,,0,,0,,231,17.05
11220,Daruka,2023-07-01,0,,0,,0,,229,17.07
11220,Daruka,2024-07-01,0,,0,,0,,231,18.32
11220,Daruka,2025-07-01,0,,0,,0,,231,18.32
11221,Davidson,2021-07-01,904,1384.57,904,1384.57,903,1060000,906,1384.37
11221,Davidson,2022-07-01,904,1799.18,904,1799.18,903,1380000,906,1798.65
11221,Davidson,2023-07-01,904,1599.43,904,1599.43,903,1240000,906,1597.83
11221,Davidson,2024-07-01,904,1817.43,904,1817.43,903,1410000,906,1816.87
11221,Davidson,2025-07-01,904,1849.89,904,1849.89,903,1440000,906,1849.20
11223,Davistown,2021-07-01,868,1082.24,864,1082.24,859,683000,871,1081.76
11223,Davistown,2022-07-01,874,1108.69,870,1108.69,865,691000,877,1105.77
11223,Davistown,2023-07-01,870,980.13,866,980.13,861,607000,873,980.13
11223,Davistown,2024-07-01,872,1052.98,868,1052.98,863,652000,875,1052.98
11223,Davistown,2025-07-01,874,1076.92,870,1076.17,865,672000,877,1075.41
11224,Dawes Point,2021-07-01,56,19859.27,56,19859.27,55,2690000,56,19859.27
11224,Dawes Point,2022-07-01,57,23978.69,57,23978.69,56,3325000,57,23978.69
11224,Dawes Point,2023-07-01,57,22557.73,57,22557.73,56,3135000,57,22557.73
11224,Dawes Point,2024-07-01,57,23445.83,57,23445.83,56,3255000,57,23445.83
11224,Dawes Point,2025-07-01,57,23889.88,57,23889.88,56,3395000,57,23889.88
11225,Daysdale,2021-07-01,0,,0,,0,,32,3.76
11225,Daysdale,2022-07-01,0,,0,,0,,38,3.95
11225,Daysdale,2023-07-01,0,,0,,0,,38,7.41
11225,Daysdale,2024-07-01,0,,0,,0,,38,9.88
11225,Daysdale,2025-07-01,0,,0,,0,,38,9.88
11226,Dean Park,2021-07-01,976,778.58,965,778.30,972,429000,978,778.58
11226,Dean Park,2022-07-01,978,914.78,967,914.37,974,504000,980,914.70
11226,Dean Park,2023-07-01,978,903.89,967,903.48,974,498000,980,903.81
11226,Dean Park,2024-07-01,982,1029.04,971,1028.66,978,567000,984,1029.04
11226,Dean Park,2025-07-01,982,1190.56,971,1190.13,978,656000,984,1190.56
11227,Deauville,2021-07-01,12,189.75,12,189.75,12,217000,15,180.26
11227,Deauville,2022-07-01,13,255.10,13,255.10,13,300000,19,164.69
11227,Deauville,2023-07-01,13,255.10,13,255.10,13,300000,19,164.69
11227,Deauville,2024-07-01,13,255.10,13,255.10,13,300000,19,164.69
11227,Deauville,2025-07-01,13,261.05,13,261.05,13,307000,19,168.97
11229,Dee Why,2021-07-01,2172,2567.35,2126,2548.09,1643,1300000,2192,2563.36
11229,Dee Why,2022-07-01,2177,3217.11,2131,3204.76,1645,1620000,2198,3210.49
11229,Dee Why,2023-07-01,2174,2836.18,2129,2806.88,1645,1380000,2194,2825.06
11229,Dee Why,2024-07-01,2176,3274.10,2131,3242.30,1646,1640000,2196,3259.67
11229,Dee Why,2025-07-01,2178,3351.27,2133,3334.34,1646,1700000,2199,3347.71
11233,Deepwater (NSW),2021-07-01,0,,0,,0,,230,21.65
11233,Deepwater (NSW),2022-07-01,0,,0,,0,,237,33.51
11233,Deepwater (NSW),2023-07-01,0,,0,,0,,232,37.86
11233,Deepwater (NSW),2024-07-01,0,,0,,0,,241,37.86
11233,Deepwater (NSW),2025-07-01,0,,0,,0,,241,43.25
11235,Delegate,2021-07-01,0,,0,,0,,194,11.52
11235,Delegate,2022-07-01,0,,0,,0,,198,17.25
11235,Delegate,2023-07-01,0,,0,,0,,198,20.66
11235,Delegate,2024-07-01,0,,0,,0,,198,25.80
11235,Delegate,2025-07-01,0,,0,,0,,198,23.04
11236,Delungra,2021-07-01,0,,0,,0,,178,16.30
11236,Delungra,2022-07-01,0,,0,,0,,185,24.41
11236,Delungra,2023-07-01,0,,0,,0,,183,24.41
11236,Delungra,2024-07-01,0,,0,,0,,185,24.41
11236,Delungra,2025-07-01,0,,0,,0,,185,53.66
11237,Denham Court,2021-07-01,2900,1255.06,2900,1255.06,2894,471000,3082,1243.33
11237,Denham Court,2022-07-01,2958,1978.20,2958,1978.20,2951,729000,3142,1959.73
11237,Denham Court,2023-07-01,2956,1837.31,2956,1837.31,2949,680000,3140,1818.18
11237,Denham Court,2024-07-01,2956,1970.18,2956,1970.18,2949,724000,3140,1949.68
11237,Denham Court,2025-07-01,2958,2047.28,2958,2047.28,2951,758000,3142,2027.06
11238,Denhams Beach,2021-07-01,324,474.89,312,466.76,306,322000,327,471.65
11238,Denhams Beach,2022-07-01,326,750.93,314,741.71,308,510000,329,747.56
11238,Denhams Beach,2023-07-01,326,784.34,310,764.64,308,534000,329,780.83
11238,Denhams Beach,2024-07-01,326,748.12,310,730.72,308,504000,329,744.85
11238,Denhams Beach,2025-07-01,326,701.49,310,679.96,308,466500,329,700.45
11239,Deniliquin,2021-07-01,2759,71.84,2721,71.84,2724,60800,3195,68.28
11239,Deniliquin,2022-07-01,2830,120.72,2787,119.68,2795,99800,3303,114.21
11239,Deniliquin,2023-07-01,2830,127.23,2787,126.68,2795,107000,3303,119.60
11239,Deniliquin,2024-07-01,2830,132.20,2787,130.96,2795,111000,3303,125.00
11239,Deniliquin,2025-07-01,2830,133.43,2787,132.46,2795,112000,3303,126.27
11240,Denistone,2021-07-01,1071,1726.32,1012,1736.14,1017,1240000,1074,1725.23
11240,Denistone,2022-07-01,1104,2588.51,1042,2592.71,1047,1910000,1108,2587.74
11240,Denistone,2023-07-01,1096,2099.12,1034,2099.72,1039,1500000,1099,2098.87
11240,Denistone,2024-07-01,1096,2319.63,1034,2319.76,1039,1690000,1099,2319.63
11240,Denistone,2025-07-01,1104,2514.65,1042,2521.95,1047,1800000,1108,2513.22
11241,Denistone East,2021-07-01,661,1849.92,627,1849.92,614,1240000,661,1849.92
11241,Denistone East,2022-07-01,714,2727.40,680,2724.32,663,1640000,714,2727.40
11241,Denistone East,2023-07-01,704,2395.85,670,2407.39,653,1480000,704,2395.85
11241,Denistone East,2024-07-01,704,2677.81,670,2681.09,653,1790000,704,2677.81
11241,Denistone East,2025-07-01,717,2916.42,682,2924.54,665,1900000,717,2916.42
11242,Denistone West,2021-07-01,303,1839.60,303,1839.60,298,1160000,303,1839.60
11242,Denistone West,2022-07-01,321,2603.66,321,2603.66,314,1780000,321,2603.66
11242,Denistone West,2023-07-01,317,2314.37,317,2314.37,310,1430000,317,2314.37
11242,Denistone West,2024-07-01,317,2618.17,317,2618.17,310,1590000,317,2618.17
11242,Denistone West,2025-07-01,321,2803.74,321,2803.74,314,1650000,321,2803.74
11243,Denman,2021-07-01,0,,0,,0,,700,96.43
11243,Denman,2022-07-01,0,,0,,0,,719,136.50
11243,Denman,2023-07-01,0,,0,,0,,715,143.53
11243,Denman,2024-07-01,0,,0,,0,,762,156.27
11243,Denman,2025-07-01,0,,0,,0,,762,176.34
11244,Depot Beach,2021-07-01,0,,0,,0,,48,1226.99
11244,Depot Beach,2022-07-01,0,,0,,0,,50,1908.66
11244,Depot Beach,2023-07-01,0,,0,,0,,48,1772.32
11244,Depot Beach,2024-07-01,0,,0,,0,,50,1826.86
11244,Depot Beach,2025-07-01,0,,0,,0,,50,1731.42
11250,Dharruk,2021-07-01,893,549.28,893,549.28,893,324000,893,549.28
11250,Dharruk,2022-07-01,893,723.10,893,723.10,893,427000,893,723.10
11250,Dharruk,2023-07-01,893,761.34,893,761.34,893,450000,893,761.34
11250,Dharruk,2024-07-01,893,898.66,893,898.66,893,531000,893,898.66
11250,Dharruk,2025-07-01,893,940.38,893,940.38,893,556000,893,940.38
11253,Diamond Beach,2021-07-01,432,605.18,432,605.18,417,351000,577,538.38
11253,Diamond Beach,2022-07-01,522,850.37,501,833.20,501,500000,671,768.58
11253,Diamond Beach,2023-07-01,520,778.99,499,763.62,501,460000,669,703.96
11253,Diamond Beach,2024-07-01,531,775.00,510,763.62,505,460000,680,703.95
11253,Diamond Beach,2025-07-01,531,772.50,510,763.62,505,458000,680,703.84
11256,Diggers Camp,2021-07-01,44,806.48,44,806.48,44,442500,44,806.48
11256,Diggers Camp,2022-07-01,44,1235.42,44,1235.42,44,677500,44,1235.42
11256,Diggers Camp,2023-07-01,44,1235.42,44,1235.42,44,677500,44,1235.42
11256,Diggers Camp,2024-07-01,44,1235.42,44,1235.42,44,677500,44,1235.42
11256,Diggers Camp,2025-07-01,44,898.09,44,898.09,44,550000,44,898.09
11265,Doctor George Mountain,2021-07-01,0,,0,,0,,12,26.77
11265,Doctor George Mountain,2022-07-01,0,,0,,0,,12,41.52
11265,Doctor George Mountain,2023-07-01,0,,0,,0,,12,37.86
11265,Doctor George Mountain,2024-07-01,0,,0,,0,,12,37.86
11265,Doctor George Mountain,2025-07-01,0,,0,,0,,12,38.71
11268,Dolans Bay,2021-07-01,21,1881.39,21,1881.39,16,1200000,21,1881.39
11268,Dolans Bay,2022-07-01,21,2101.23,21,2101.23,16,1340000,21,2101.23
11268,Dolans Bay,2023-07-01,21,2016.83,21,2016.83,16,1270000,21,2016.83
11268,Dolans Bay,2024-07-01,21,2234.47,21,2234.47,16,1410000,21,2234.47
11268,Dolans Bay,2025-07-01,21,2208.59,21,2208.59,16,1410000,21,2208.59
11269,Dolls Point,2021-07-01,188,3077.20,184,3106.80,138,1310000,189,3065.69
11269,Dolls Point,2022-07-01,188,3607.52,184,3607.52,138,1520000,189,3607.52
11269,Dolls Point,2023-07-01,188,3586.68,184,3602.86,138,1520000,189,3577.35
11269,Dolls Point,2024-07-01,188,4063.13,184,4078.88,138,1800000,189,4062.35
11269,Dolls Point,2025-07-01,188,4116.83,184,4120.88,138,1850000,189,4114.31
11271,Dolphin Point,2021-07-01,250,693.22,250,693.22,249,468000,252,685.73
11271,Dolphin Point,2022-07-01,251,1107.44,251,1107.44,249,771000,253,1105.74
11271,Dolphin Point,2023-07-01,250,960.79,250,960.79,249,686000,252,958.64
11271,Dolphin Point,2024-07-01,250,966.80,250,966.80,249,697000,252,962.22
11271,Dolphin Point,2025-07-01,251,927.96,251,927.96,249,674000,253,925.90
11274,Dondingalong,2021-07-01,0,,0,,0,,126,15.82
11274,Dondingalong,2022-07-01,0,,0,,0,,150,23.53
11274,Dondingalong,2023-07-01,0,,0,,0,,148,24.76
11274,Dondingalong,2024-07-01,0,,0,,0,,150,25.27
11274,Dondingalong,2025-07-01,0,,0,,0,,150,25.98
11277,Doonside,2021-07-01,4128,809.43,4124,809.50,4093,471000,4139,809.22
11277,Doonside,2022-07-01,4130,989.44,4126,989.55,4094,585000,4141,988.47
11277,Doonside,2023-07-01,4130,928.48,4126,928.70,4094,546000,4141,928.31
11277,Doonside,2024-07-01,4138,1062.30,4134,1062.62,4102,620000,4150,1061.55
11277,Doonside,2025-07-01,4138,1118.62,4134,1118.62,4102,662000,4150,1118.45
11279,Dora Creek,2021-07-01,764,464.08,710,440.22,762,413500,767,458.95
11279,Dora Creek,2022-07-01,877,644.49,818,609.04,874,449000,882,643.92
11279,Dora Creek,2023-07-01,872,623.43,816,598.43,870,435000,875,621.95
11279,Dora Creek,2024-07-01,876,652.73,818,622.10,874,453500,881,650.97
11279,Dora Creek,2025-07-01,877,641.31,818,605.97,874,454000,882,634.24
11280,Dorrigo,2021-07-01,477,164.68,454,167.00,477,165000,574,159.09
11280,Dorrigo,2022-07-01,495,226.97,473,229.40,495,226000,593,217.39
11280,Dorrigo,2023-07-01,495,248.02,473,248.02,495,242000,592,233.20
11280,Dorrigo,2024-07-01,495,276.68,473,276.68,495,270000,596,259.88
11280,Dorrigo,2025-07-01,495,281.62,473,281.62,495,275000,596,263.83
11283,Double Bay,2021-07-01,667,7648.25,566,7556.25,504,2780000,672,7622.14
11283,Double Bay,2022-07-01,680,9493.83,579,9406.66,511,3460000,686,9473.76
11283,Double Bay,2023-07-01,674,9623.64,573,9522.43,507,3540000,679,9606.86
11283,Double Bay,2024-07-01,677,11507.40,576,11276.66,510,4200000,683,11486.33
11283,Double Bay,2025-07-01,680,12104.62,579,11903.25,511,4380000,686,12104.62
11285,Douglas Park,2021-07-01,105,265.51,105,265.51,105,488000,157,260.01
11285,Douglas Park,2022-07-01,115,352.05,115,352.05,115,639000,168,341.06
11285,Douglas Park,2023-07-01,115,344.19,115,344.19,115,624000,167,335.01
11285,Douglas Park,2024-07-01,115,366.87,115,366.87,115,666000,167,356.17
11285,Douglas Park,2025-07-01,115,397.83,115,397.83,115,722000,168,386.40
11286,Dover Heights,2021-07-01,1143,6103.73,1125,6103.73,1066,2940000,1143,6103.73
11286,Dover Heights,2022-07-01,1168,8129.05,1148,8136.52,1079,3930000,1168,8129.05
11286,Dover Heights,2023-07-01,1155,8111.21,1135,8111.21,1073,3920000,1155,8111.21
11286,Dover Heights,2024-07-01,1166,9866.46,1146,9889.28,1078,4780000,1166,9866.46
11286,Dover Heights,2025-07-01,1168,9900.03,1147,9904.07,1079,4780000,1168,9900.03
11288,Doyalson,2021-07-01,96,504.99,96,504.99,96,358000,100,504.99
11288,Doyalson,2022-07-01,96,591.01,96,591.01,96,419000,100,591.01
11288,Doyalson,2023-07-01,96,567.43,96,567.43,96,402000,100,567.43
11288,Doyalson,2024-07-01,96,606.27,96,606.27,96,430000,100,606.27
11288,Doyalson,2025-07-01,96,621.53,96,621.53,96,441000,100,621.53
11292,Drake,2021-07-01,0,,0,,0,,26,15.03
11292,Drake,2022-07-01,0,,0,,0,,26,18.29
11292,Drake,2023-07-01,0,,0,,0,,26,18.29
11292,Drake,2024-07-01,0,,0,,0,,26,42.01
11292,Drake,2025-07-01,0,,0,,0,,26,44.66
11293,Drake Village,2021-07-01,0,,0,,0,,68,15.62
11293,Drake Village,2022-07-01,0,,0,,0,,71,18.98
11293,Drake Village,2023-07-01,0,,0,,0,,70,19.10
11293,Drake Village,2024-07-01,0,,0,,0,,71,45.06
11293,Drake Village,2025-07-01,0,,0,,0,,71,47.92
11296,Drummoyne,2021-07-01,2342,4759.02,2255,4799.33,2107,1840000,2353,4746.47
11296,Drummoyne,2022-07-01,2365,5953.69,2275,6000.00,2122,2340000,2377,5951.50
11296,Drummoyne,2023-07-01,2363,5311.85,2273,5347.90,2121,2080000,2375,5310.73
11296,Drummoyne,2024-07-01,2365,5513.94,2274,5544.17,2121,2160000,2377,5513.94
11296,Drummoyne,2025-07-01,2368,5738.82,2278,5768.95,2124,2260000,2380,5738.82
11299,Dubbo,2021-07-01,13817,211.54,13421,210.75,13694,162000,15160,206.58
11299,Dubbo,2022-07-01,14489,242.84,14071,241.45,14360,185000,15914,237.18
11299,Dubbo,2023-07-01,14415,261.90,14001,260.62,14287,198000,15833,255.17
11299,Dubbo,2024-07-01,14415,267.09,14001,265.86,14287,203000,15833,260.19
11299,Dubbo,2025-07-01,14489,289.19,14073,287.50,14360,217000,15914,280.63
11303,Dudley,2021-07-01,852,1138.07,845,1137.95,841,622000,861,1133.08
11303,Dudley,2022-07-01,869,1406.11,862,1404.96,858,756000,878,1394.68
11303,Dudley,2023-07-01,864,1353.22,857,1352.48,853,738000,873,1347.74
11303,Dudley,2024-07-01,869,1465.67,862,1465.26,858,785000,878,1456.45
11303,Dudley,2025-07-01,869,1495.33,862,1495.33,858,832000,878,1495.33
11306,Dulwich Hill,2021-07-01,2757,3808.16,2695,3806.03,2584,1340000,2765,3805.29
11306,Dulwich Hill,2022-07-01,2777,4106.68,2708,4106.68,2601,1440000,2785,4106.68
11306,Dulwich Hill,2023-07-01,2777,4005.10,2707,4001.92,2601,1380000,2785,4002.97
11306,Dulwich Hill,2024-07-01,2787,4260.95,2717,4262.06,2610,1490000,2795,4260.95
11306,Dulwich Hill,2025-07-01,2787,4474.17,2717,4476.95,2610,1580000,2795,4472.27
11312,Dunbible,2021-07-01,0,,0,,0,,60,93.58
11312,Dunbible,2022-07-01,0,,0,,0,,60,126.21
11312,Dunbible,2023-07-01,0,,0,,0,,60,126.21
11312,Dunbible,2024-07-01,0,,0,,0,,60,139.29
11312,Dunbible,2025-07-01,0,,0,,0,,60,146.25
11313,Dunbogan,2021-07-01,551,431.93,486,451.32,544,294000,556,430.32
11313,Dunbogan,2022-07-01,578,576.46,511,589.39,571,387000,583,572.37
11313,Dunbogan,2023-07-01,573,607.95,506,620.88,566,407000,578,607.50
11313,Dunbogan,2024-07-01,584,622.53,517,635.94,577,423000,590,622.53
11313,Dunbogan,2025-07-01,584,632.63,517,651.62,577,433000,590,632.41
11315,Dundas (NSW),2021-07-01,1095,1531.76,1090,1535.23,1030,927000,1106,1529.19
11315,Dundas (NSW),2022-07-01,1174,2003.31,1144,1995.89,1107,1150000,1187,1994.97
11315,Dundas (NSW),2023-07-01,1174,1932.07,1144,1922.48,1107,1120000,1187,1922.48
11315,Dundas (NSW),2024-07-01,1174,2077.64,1144,2065.15,1107,1200000,1187,2063.56
11315,Dundas (NSW),2025-07-01,1174,2213.82,1144,2199.80,1107,1260000,1187,2199.16
11316,Dundas Valley,2021-07-01,1580,1599.15,1570,1599.15,1555,967000,1587,1598.25
11316,Dundas Valley,2022-07-01,1714,2114.43,1704,2117.63,1687,1170000,1721,2109.34
11316,Dundas Valley,2023-07-01,1714,1932.91,1704,1934.14,1687,1090000,1721,1931.18
11316,Dundas Valley,2024-07-01,1714,2108.71,1704,2108.73,1687,1190000,1721,2102.88
11316,Dundas Valley,2025-07-01,1714,2197.44,1704,2199.89,1687,1250000,1721,2197.44
11317,Dundee,2021-07-01,0,,0,,0,,29,10.34
11317,Dundee,2022-07-01,0,,0,,0,,35,15.10
11317,Dundee,2023-07-01,0,,0,,0,,33,17.41
11317,Dundee,2024-07-01,0,,0,,0,,35,16.47
11317,Dundee,2025-07-01,0,,0,,0,,35,16.80
11318,Dundurrabin,2021-07-01,37,26.14,37,26.14,37,40000,48,24.77
11318,Dundurrabin,2022-07-01,41,37.65,41,37.65,41,57600,55,32.49
11318,Dundurrabin,2023-07-01,41,37.65,41,37.65,41,57600,55,32.49
11318,Dundurrabin,2024-07-01,41,41.11,41,41.11,41,65100,55,33.79
11318,Dundurrabin,2025-07-01,41,31.77,41,31.77,41,50300,55,26.10
11319,Dunedoo,2021-07-01,360,33.35,359,33.18,360,43400,396,31.49
11319,Dunedoo,2022-07-01,372,41.29,371,41.29,372,54200,425,38.66
11319,Dunedoo,2023-07-01,370,49.50,369,49.50,370,65000,422,46.37
11319,Dunedoo,2024-07-01,370,51.98,369,51.98,370,68200,422,48.64
11319,Dunedoo,2025-07-01,372,51.98,371,51.98,372,68200,425,48.64
11323,Dungog,2021-07-01,895,192.13,875,194.25,894,182000,950,187.75
11323,Dungog,2022-07-01,911,293.63,890,296.75,910,276000,971,286.56
11323,Dungog,2023-07-01,910,293.74,890,297.39,909,276000,970,286.56
11323,Dungog,2024-07-01,910,310.94,890,314.57,909,291000,970,302.94
11323,Dungog,2025-07-01,912,319.17,891,319.49,910,300000,972,311.16
11324,Dungowan,2021-07-01,0,,0,,0,,16,6.66
11324,Dungowan,2022-07-01,0,,0,,0,,16,9.56
11324,Dungowan,2023-07-01,0,,0,,0,,16,13.60
11324,Dungowan,2024-07-01,0,,0,,0,,16,15.64
11324,Dungowan,2025-07-01,0,,0,,0,,16,15.36
11326,Dunmore (NSW),2021-07-01,163,1000.00,163,1000.00,161,420000,167,1000.00
11326,Dunmore (NSW),2022-07-01,247,1572.07,247,1572.07,244,487500,251,1565.53
11326,Dunmore (NSW),2023-07-01,215,1344.50,215,1344.50,213,485000,219,1343.71
11326,Dunmore (NSW),2024-07-01,238,1332.24,238,1332.24,235,405000,242,1330.15
11326,Dunmore (NSW),2025-07-01,247,1301.90,247,1301.90,244,393000,251,1295.74
11328,Dunoon,2021-07-01,0,,0,,0,,220,208.28
11328,Dunoon,2022-07-01,0,,0,,0,,226,267.88
11328,Dunoon,2023-07-01,0,,0,,0,,226,231.24
11328,Dunoon,2024-07-01,0,,0,,0,,226,256.09
11328,Dunoon,2025-07-01,0,,0,,0,,226,256.09
11331,Dural (Hornsby - NSW),2021-07-01,1235,1219.99,1217,1218.54,1208,866000,1265,1217.28
11331,Dural (Hornsby - NSW),2022-07-01,1235,1639.34,1217,1638.41,1208,1145000,1265,1635.14
11331,Dural (Hornsby - NSW),2023-07-01,1235,1626.02,1217,1623.66,1208,1180000,1265,1617.55
11331,Dural (Hornsby - NSW),2024-07-01,1235,1771.86,1217,1771.00,1208,1290000,1265,1763.65
11331,Dural (Hornsby - NSW),2025-07-01,1235,1835.44,1217,1830.72,1208,1310000,1265,1825.00
11335,Duri,2021-07-01,0,,0,,0,,88,47.11
11335,Duri,2022-07-01,0,,0,,0,,94,67.72
11335,Duri,2023-07-01,0,,0,,0,,92,81.56
11335,Duri,2024-07-01,0,,0,,0,,94,81.56
11335,Duri,2025-07-01,0,,0,,0,,94,113.69
11338,Durras North,2021-07-01,0,,0,,0,,55,804.34
11338,Durras North,2022-07-01,0,,0,,0,,55,1132.70
11338,Durras North,2023-07-01,0,,0,,0,,55,985.09
11338,Durras North,2024-07-01,0,,0,,0,,55,985.09
11338,Durras North,2025-07-01,0,,0,,0,,55,1081.49
11344,Eagle Vale,2021-07-01,1755,681.15,1755,681.15,1709,418000,1758,680.74
11344,Eagle Vale,2022-07-01,1770,851.15,1770,851.15,1724,525000,1773,851.10
11344,Eagle Vale,2023-07-01,1770,799.20,1770,799.20,1724,488000,1773,798.87
11344,Eagle Vale,2024-07-01,1770,884.85,1770,884.85,1724,540000,1773,884.76
11344,Eagle Vale,2025-07-01,1770,959.84,1770,959.84,1724,593000,1773,959.46
11346,Earlwood,2021-07-01,5641,2628.52,5595,2629.64,5589,1300000,5653,2626.87
11346,Earlwood,2022-07-01,5684,3127.56,5638,3134.24,5632,1540000,5696,3125.79
11346,Earlwood,2023-07-01,5684,2934.00,5638,2939.27,5632,1450000,5696,2932.10
11346,Earlwood,2024-07-01,5718,3180.31,5665,3183.18,5665,1560000,5730,3178.81
11346,Earlwood,2025-07-01,5718,3229.17,5665,3232.56,5665,1590000,5730,3227.90
11347,East Albury,2021-07-01,2256,235.30,2135,231.54,2127,181000,2280,234.78
11347,East Albury,2022-07-01,2307,352.39,2173,347.22,2177,272000,2331,351.16
11347,East Albury,2023-07-01,2307,361.67,2173,357.26,2177,280000,2331,360.12
11347,East Albury,2024-07-01,2307,387.26,2173,379.77,2177,302000,2331,385.73
11347,East Albury,2025-07-01,2307,405.49,2173,401.15,2177,316000,2331,403.42
11348,East Ballina,2021-07-01,1792,809.44,1775,804.97,1575,588000,1801,807.60
11348,East Ballina,2022-07-01,1797,1194.35,1779,1188.32,1579,850000,1806,1191.25
11348,East Ballina,2023-07-01,1796,1118.79,1779,1113.98,1579,775000,1805,1115.82
11348,East Ballina,2024-07-01,1797,1108.28,1780,1102.46,1579,773000,1806,1104.29
11348,East Ballina,2025-07-01,1798,1084.84,1781,1080.05,1579,757000,1807,1082.99
11349,East Branxton,2021-07-01,610,248.08,609,247.85,581,221000,616,247.39
11349,East Branxton,2022-07-01,622,397.42,621,397.28,593,354000,628,396.69
11349,East Branxton,2023-07-01,620,341.74,620,341.74,591,305000,626,341.74
11349,East Branxton,2024-07-01,622,352.94,622,352.94,593,315000,628,352.94
11349,East Branxton,2025-07-01,622,375.35,622,375.35,593,335000,628,375.35
11351,East Corrimal,2021-07-01,893,1311.90,892,1311.90,775,914000,897,1311.77
11351,East Corrimal,2022-07-01,915,1761.93,914,1761.93,797,1240000,919,1761.93
11351,East Corrimal,2023-07-01,906,1567.70,904,1567.70,788,1100000,910,1567.49
11351,East Corrimal,2024-07-01,940,1667.15,938,1667.15,822,1130000,944,1664.99
11351,East Corrimal,2025-07-01,940,1638.87,938,1638.87,822,1110000,944,1636.29
11352,East Gosford,2021-07-01,1057,871.28,1020,867.00,836,502500,1062,869.77
11352,East Gosford,2022-07-01,1072,920.20,1033,912.10,845,566000,1077,919.96
11352,East Gosford,2023-07-01,1068,943.43,1029,929.79,842,542500,1073,941.72
11352,East Gosford,2024-07-01,1071,1014.57,1031,992.36,844,577500,1076,1013.02
11352,East Gosford,2025-07-01,1072,1040.83,1032,1030.51,845,602000,1077,1037.79
11353,East Gresford,2021-07-01,0,,0,,0,,138,111.45
11353,East Gresford,2022-07-01,0,,0,,0,,152,168.42
11353,East Gresford,2023-07-01,0,,0,,0,,150,169.41
11353,East Gresford,2024-07-01,0,,0,,0,,150,197.78
11353,East Gresford,2025-07-01,0,,0,,0,,154,192.37
11354,East Hills,2021-07-01,999,1404.35,944,1393.00,968,854000,1000,1402.05
11354,East Hills,2022-07-01,1042,1743.14,984,1734.92,1011,1060000,1043,1742.44
11354,East Hills,2023-07-01,1042,1549.34,984,1536.38,1011,918000,1043,1547.94
11354,East Hills,2024-07-01,1048,1660.80,991,1667.27,1017,998000,1049,1660.80
11354,East Hills,2025-07-01,1048,1830.97,991,1841.37,1017,1090000,1049,1830.70
11355,East Jindabyne,2021-07-01,29,415.09,29,415.09,26,500500,479,421.94
11355,East Jindabyne,2022-07-01,31,900.00,31,900.00,26,965500,498,784.67
11355,East Jindabyne,2023-07-01,30,915.03,30,915.03,26,924500,489,749.55
11355,East Jindabyne,2024-07-01,31,945.00,31,945.00,26,970500,496,782.06
11355,East Jindabyne,2025-07-01,31,766.00,31,766.00,26,786500,498,627.37
11357,East Kempsey,2021-07-01,544,132.67,544,132.67,537,106000,561,129.28
11357,East Kempsey,2022-07-01,547,171.84,547,171.84,540,134000,565,167.52
11357,East Kempsey,2023-07-01,545,231.44,545,231.44,538,185500,562,226.23
11357,East Kempsey,2024-07-01,546,232.05,546,232.05,539,185000,563,226.28
11357,East Kempsey,2025-07-01,547,238.75,547,238.75,540,190000,565,231.87
11358,East Killara,2021-07-01,311,2084.58,310,2084.58,311,1880000,313,2083.11
11358,East Killara,2022-07-01,313,2587.76,312,2587.76,313,2340000,315,2584.80
11358,East Killara,2023-07-01,311,2692.09,310,2692.09,311,2460000,313,2684.29
11358,East Killara,2024-07-01,311,2725.58,310,2726.22,311,2500000,313,2718.90
11358,East Killara,2025-07-01,313,2890.77,312,2892.38,313,2650000,315,2883.33
11360,East Lindfield,2021-07-01,1039,2293.27,1030,2297.02,1039,2140000,1040,2293.27
11360,East Lindfield,2022-07-01,1042,2870.32,1034,2870.32,1042,2680000,1043,2870.32
11360,East Lindfield,2023-07-01,1041,2439.77,1033,2439.77,1041,2280000,1042,2439.77
11360,East Lindfield,2024-07-01,1041,2712.82,1033,2718.45,1041,2530000,1042,2712.00
11360,East Lindfield,2025-07-01,1042,3007.07,1034,3014.22,1042,2780000,1043,3007.07
11361,East Lismore,2021-07-01,1791,286.93,1775,287.79,1749,199000,1820,284.67
11361,East Lismore,2022-07-01,1802,293.82,1786,295.28,1760,236000,1833,289.36
11361,East Lismore,2023-07-01,1793,298.20,1777,298.51,1751,231000,1822,294.49
11361,East Lismore,2024-07-01,1800,299.18,1784,300.48,1758,231000,1830,295.84
11361,East Lismore,2025-07-01,1803,329.47,1787,330.35,1761,255000,1834,325.06
11363,East Maitland,2021-07-01,4142,466.82,4088,467.34,3977,323000,4196,463.97
11363,East Maitland,2022-07-01,4225,644.51,4172,644.97,4048,447000,4282,642.52
11363,East Maitland,2023-07-01,4209,612.53,4156,612.90,4036,425000,4263,611.50
11363,East Maitland,2024-07-01,4216,622.08,4164,622.36,4042,433000,4272,619.68
11363,East Maitland,2025-07-01,4226,651.25,4174,651.74,4049,450000,4283,649.35
11364,East Ryde,2021-07-01,818,2163.29,814,2164.14,809,1300000,819,2162.44
11364,East Ryde,2022-07-01,840,2971.85,836,2971.85,828,1750000,841,2971.85
11364,East Ryde,2023-07-01,839,2676.40,835,2676.40,827,1560000,840,2676.40
11364,East Ryde,2024-07-01,839,2733.07,835,2741.17,827,1600000,840,2733.03
11364,East Ryde,2025-07-01,841,2902.33,837,2902.33,829,1670000,842,2902.33
11366,East Tamworth,2021-07-01,2182,280.61,2062,279.78,2120,225000,2229,276.75
11366,East Tamworth,2022-07-01,2198,339.61,1727,312.86,2136,280000,2248,334.42
11366,East Tamworth,2023-07-01,2193,340.16,1720,313.27,2131,280000,2241,335.82
11366,East Tamworth,2024-07-01,2198,361.66,1784,335.46,2136,289000,2248,356.99
11366,East Tamworth,2025-07-01,2198,364.89,2056,360.61,2136,289000,2248,360.61
11367,East Wagga Wagga,2021-07-01,67,191.22,63,183.18,65,139000,76,180.14
11367,East Wagga Wagga,2022-07-01,67,222.66,63,220.09,65,165000,76,215.08
11367,East Wagga Wagga,2023-07-01,67,279.31,63,266.60,65,198000,76,265.35
11367,East Wagga Wagga,2024-07-01,67,279.31,63,266.60,65,198000,76,265.35
11367,East Wagga Wagga,2025-07-01,67,300.78,63,297.45,65,223000,76,290.77
11368,East Wardell,2021-07-01,53,302.06,53,302.06,53,294000,53,302.06
11368,East Wardell,2022-07-01,55,290.80,55,290.80,55,294000,56,290.66
11368,East Wardell,2023-07-01,55,289.53,55,289.53,55,293000,56,289.53
11368,East Wardell,2024-07-01,55,320.16,55,320.16,55,324000,56,320.16
11368,East Wardell,2025-07-01,55,325.10,55,325.10,55,329000,56,325.10
11369,Eastern Creek,2021-07-01,247,719.48,247,719.48,245,505000,247,719.48
11369,Eastern Creek,2022-07-01,247,850.55,247,850.55,245,597000,247,850.55
11369,Eastern Creek,2023-07-01,247,836.30,247,836.30,245,587000,247,836.30
11369,Eastern Creek,2024-07-01,249,944.58,249,944.58,247,663000,249,944.58
11369,Eastern Creek,2025-07-01,249,977.35,249,977.35,247,686000,249,977.35
11370,Eastgardens,2021-07-01,288,3034.84,287,3034.84,288,1380000,292,3032.56
11370,Eastgardens,2022-07-01,350,3110.17,334,3108.47,350,1370000,367,3110.17
11370,Eastgardens,2023-07-01,334,3108.47,332,3110.17,334,1400000,347,3105.41
11370,Eastgardens,2024-07-01,350,3690.24,334,3666.88,350,1600000,366,3684.78
11370,Eastgardens,2025-07-01,350,3806.55,292,3702.33,350,1630000,367,3806.55
11371,Eastlakes,2021-07-01,955,3275.49,942,3292.04,845,1390000,959,3275.49
11371,Eastlakes,2022-07-01,972,3755.80,959,3790.85,860,1530000,976,3752.71
11371,Eastlakes,2023-07-01,961,3579.18,948,3608.66,850,1465000,965,3579.18
11371,Eastlakes,2024-07-01,969,3896.40,956,3929.41,858,1590000,973,3888.89
11371,Eastlakes,2025-07-01,972,3919.32,959,3952.94,860,1600000,976,3904.56
11372,Eastwood (NSW),2021-07-01,4138,2012.18,3815,2000.54,3848,1350000,4144,2011.83
11372,Eastwood (NSW),2022-07-01,4446,3047.73,4109,3037.09,4147,2040000,4454,3047.01
11372,Eastwood (NSW),2023-07-01,4401,2782.18,4063,2778.60,4104,1840000,4407,2780.49
11372,Eastwood (NSW),2024-07-01,4401,2941.99,4063,2935.40,4104,1950000,4407,2940.45
11372,Eastwood (NSW),2025-07-01,4457,2998.94,4059,2975.85,4158,1980000,4466,2996.60
11373,Eatonsville,2021-07-01,23,60.33,23,60.33,23,125000,43,41.07
11373,Eatonsville,2022-07-01,23,79.40,23,79.40,23,164000,43,53.93
11373,Eatonsville,2023-07-01,23,79.40,23,79.40,23,164000,43,53.93
11373,Eatonsville,2024-07-01,23,79.40,23,79.40,23,164000,43,53.93
11373,Eatonsville,2025-07-01,23,78.82,23,78.82,23,171000,43,52.39
11374,Ebenezer (NSW),2021-07-01,0,,0,,0,,89,424.09
11374,Ebenezer (NSW),2022-07-01,0,,0,,0,,89,546.29
11374,Ebenezer (NSW),2023-07-01,0,,0,,0,,89,517.54
11374,Ebenezer (NSW),2024-07-01,0,,0,,0,,89,539.10
11374,Ebenezer (NSW),2025-07-01,0,,0,,0,,89,539.10
11375,Ebor,2021-07-01,0,,0,,0,,68,19.87
11375,Ebor,2022-07-01,0,,0,,0,,71,34.45
11375,Ebor,2023-07-01,0,,0,,0,,69,98.10
11375,Ebor,2024-07-01,0,,0,,0,,71,85.93
11375,Ebor,2025-07-01,0,,0,,0,,71,85.93
11378,Eden,2021-07-01,1313,249.86,1302,249.75,1283,218000,1374,244.80
11378,Eden,2022-07-01,1324,401.99,1313,401.69,1292,343000,1385,390.48
11378,Eden,2023-07-01,1324,376.65,1313,376.38,1292,323000,1385,366.16
11378,Eden,2024-07-01,1333,373.59,1322,373.45,1301,322000,1395,365.18
11378,Eden,2025-07-01,1333,384.38,1322,383.71,1301,333000,1395,375.87
11380,Edensor Park,2021-07-01,2683,1007.26,2676,1007.66,2668,632000,2698,1005.58
11380,Edensor Park,2022-07-01,2687,1167.94,2680,1168.67,2672,733000,2702,1166.27
11380,Edensor Park,2023-07-01,2687,1107.78,2680,1108.49,2672,696000,2702,1106.13
11380,Edensor Park,2024-07-01,2692,1268.41,2685,1269.63,2677,797000,2708,1266.73
11380,Edensor Park,2025-07-01,2692,1433.49,2685,1433.73,2677,902000,2708,1432.48
11382,Edgecliff,2021-07-01,262,7977.99,241,7993.34,226,1770000,266,7972.15
11382,Edgecliff,2022-07-01,265,9658.62,244,9670.70,228,2130000,269,9634.55
11382,Edgecliff,2023-07-01,264,9690.91,243,9703.05,227,2130000,268,9670.70
11382,Edgecliff,2024-07-01,265,11461.79,244,11502.52,228,2540000,269,11418.63
11382,Edgecliff,2025-07-01,265,11960.13,244,11992.57,228,2660000,269,11919.61
11384,Edgeworth,2021-07-01,2602,557.92,2578,556.80,2579,324000,2625,556.63
11384,Edgeworth,2022-07-01,3062,674.78,3037,671.81,3038,384000,3100,668.99
11384,Edgeworth,2023-07-01,2878,682.63,2854,681.00,2854,391000,2911,679.82
11384,Edgeworth,2024-07-01,2971,695.31,2946,693.35,2947,397000,3004,691.98
11384,Edgeworth,2025-07-01,3062,735.49,3037,734.49,3038,422000,3100,733.11
11386,Edmondson Park,2021-07-01,3606,1234.95,3601,1234.76,3601,514000,3652,1233.25
11386,Edmondson Park,2022-07-01,3876,1606.76,3861,1606.40,3865,667000,3939,1602.75
11386,Edmondson Park,2023-07-01,3698,1497.71,3693,1497.61,3688,624000,3760,1491.87
11386,Edmondson Park,2024-07-01,3698,1713.81,3693,1713.81,3688,713000,3760,1708.81
11386,Edmondson Park,2025-07-01,3876,1798.23,3861,1797.11,3865,742000,3943,1793.92
11389,Eglinton (NSW),2021-07-01,1027,212.18,1024,212.19,1027,191000,1040,211.41
11389,Eglinton (NSW),2022-07-01,1084,359.17,1081,359.32,1084,323000,1100,357.51
11389,Eglinton (NSW),2023-07-01,1064,374.01,1061,374.07,1064,337000,1079,372.95
11389,Eglinton (NSW),2024-07-01,1104,346.59,1101,346.63,1104,312000,1121,345.65
11389,Eglinton (NSW),2025-07-01,1104,346.59,1101,346.63,1104,312000,1121,345.60
11391,Elands,2021-07-01,0,,0,,0,,38,41.54
11391,Elands,2022-07-01,0,,0,,0,,39,59.82
11391,Elands,2023-07-01,0,,0,,0,,39,54.70
11391,Elands,2024-07-01,0,,0,,0,,39,64.49
11391,Elands,2025-07-01,0,,0,,0,,39,66.55
11392,Elanora Heights,2021-07-01,727,1507.29,726,1507.29,723,1220000,766,1488.37
11392,Elanora Heights,2022-07-01,728,1922.56,727,1920.40,723,1560000,767,1909.59
11392,Elanora Heights,2023-07-01,727,1581.51,726,1581.51,723,1280000,766,1569.96
11392,Elanora Heights,2024-07-01,728,1677.25,727,1677.25,723,1360000,767,1657.25
11392,Elanora Heights,2025-07-01,728,1729.01,727,1728.58,723,1400000,767,1707.54
11394,Elderslie (Camden - NSW),2021-07-01,2529,852.50,2490,851.26,2522,449000,2561,849.06
11394,Elderslie (Camden - NSW),2022-07-01,2588,1204.79,2549,1203.59,2580,643000,2627,1197.43
11394,Elderslie (Camden - NSW),2023-07-01,2586,1205.39,2547,1204.58,2578,636000,2624,1197.84
11394,Elderslie (Camden - NSW),2024-07-01,2586,1211.27,2551,1210.16,2578,639000,2624,1204.34
11394,Elderslie (Camden - NSW),2025-07-01,2590,1231.13,2555,1231.13,2582,645000,2629,1231.13
11396,Eleebana,2021-07-01,2049,733.81,2011,729.15,2030,524000,2056,732.11
11396,Eleebana,2022-07-01,2070,846.26,2031,843.42,2051,599000,2078,845.40
11396,Eleebana,2023-07-01,2057,870.65,2019,865.53,2038,619000,2065,869.97
11396,Eleebana,2024-07-01,2057,897.52,2019,892.08,2038,639000,2065,896.99
11396,Eleebana,2025-07-01,2070,879.24,2031,874.82,2051,619000,2078,876.96
11397,Elermore Vale,2021-07-01,1612,545.33,1574,541.31,1556,373000,1651,541.25
11397,Elermore Vale,2022-07-01,1649,576.68,1594,572.76,1590,398000,1690,573.25
11397,Elermore Vale,2023-07-01,1641,565.70,1586,559.82,1584,387000,1682,560.73
11397,Elermore Vale,2024-07-01,1656,613.40,1601,608.67,1595,417000,1699,609.63
11397,Elermore Vale,2025-07-01,1656,664.22,1601,659.24,1595,458000,1699,659.91
11398,Elizabeth Bay,2021-07-01,126,17946.11,97,17944.04,55,10600000,133,17385.65
11398,Elizabeth Bay,2022-07-01,130,19761.23,102,19761.23,57,11700000,137,19152.10
11398,Elizabeth Bay,2023-07-01,130,22447.07,102,22447.07,57,13300000,137,21271.81
11398,Elizabeth Bay,2024-07-01,130,23192.63,102,23192.63,57,13800000,137,22115.93
11398,Elizabeth Bay,2025-07-01,130,26572.10,102,26572.10,57,16000000,137,25661.23
11399,Elizabeth Beach,2021-07-01,210,490.39,210,490.39,203,413000,214,487.93
11399,Elizabeth Beach,2022-07-01,210,826.30,210,826.30,203,696000,214,822.46
11399,Elizabeth Beach,2023-07-01,210,783.70,210,783.70,203,661000,214,778.82
11399,Elizabeth Beach,2024-07-01,213,742.67,213,742.67,206,661000,217,740.97
11399,Elizabeth Beach,2025-07-01,213,725.65,213,725.65,206,646000,217,723.54
11400,Elizabeth Hills,2021-07-01,856,1383.77,856,1383.77,836,583000,856,1383.77
11400,Elizabeth Hills,2022-07-01,856,1744.05,856,1744.05,836,757000,856,1744.05
11400,Elizabeth Hills,2023-07-01,856,1646.98,856,1646.98,836,715000,856,1646.98
11400,Elizabeth Hills,2024-07-01,856,1945.62,856,1945.62,836,833000,856,1945.62
11400,Elizabeth Hills,2025-07-01,856,2057.17,856,2057.17,836,877000,856,2057.17
11401,Ellalong,2021-07-01,0,,0,,0,,430,169.33
11401,Ellalong,2022-07-01,0,,0,,0,,446,259.91
11401,Ellalong,2023-07-01,0,,0,,0,,446,236.65
11401,Ellalong,2024-07-01,0,,0,,0,,446,244.00
11401,Ellalong,2025-07-01,0,,0,,0,,446,253.05
11402,Elland,2021-07-01,0,,0,,0,,37,13.78
11402,Elland,2022-07-01,0,,0,,0,,39,17.75
11402,Elland,2023-07-01,0,,0,,0,,39,17.75
11402,Elland,2024-07-01,0,,0,,0,,39,17.75
11402,Elland,2025-07-01,0,,0,,0,,39,18.74
11408,Ellis Lane,2021-07-01,0,,0,,0,,282,230.05
11408,Ellis Lane,2022-07-01,0,,0,,0,,282,331.11
11408,Ellis Lane,2023-07-01,0,,0,,0,,282,303.04
11408,Ellis Lane,2024-07-01,0,,0,,0,,282,309.82
11408,Ellis Lane,2025-07-01,0,,0,,0,,282,316.97
11410,Elrington,2021-07-01,0,,0,,0,,23,51.24
11410,Elrington,2022-07-01,0,,0,,0,,23,83.42
11410,Elrington,2023-07-01,0,,0,,0,,23,74.88
11410,Elrington,2024-07-01,0,,0,,0,,23,77.56
11410,Elrington,2025-07-01,0,,0,,0,,23,82.13
11411,Elsmore,2021-07-01,0,,0,,0,,26,7.01
11411,Elsmore,2022-07-01,0,,0,,0,,26,10.50
11411,Elsmore,2023-07-01,0,,0,,0,,26,10.50
11411,Elsmore,2024-07-01,0,,0,,0,,26,11.81
11411,Elsmore,2025-07-01,0,,0,,0,,26,17.79
11412,Eltham (NSW),2021-07-01,0,,0,,0,,43,39.80
11412,Eltham (NSW),2022-07-01,0,,0,,0,,43,59.66
11412,Eltham (NSW),2023-07-01,0,,0,,0,,43,53.91
11412,Eltham (NSW),2024-07-01,0,,0,,0,,43,56.78
11412,Eltham (NSW),2025-07-01,0,,0,,0,,43,57.95
11414,Emerald Beach,2021-07-01,663,625.65,662,625.13,651,371000,996,553.53
11414,Emerald Beach,2022-07-01,663,901.94,662,901.84,651,530000,1001,795.44
11414,Emerald Beach,2023-07-01,663,794.23,662,794.23,651,468000,1001,693.43
11414,Emerald Beach,2024-07-01,663,851.58,662,851.58,651,500000,1001,740.35
11414,Emerald Beach,2025-07-01,663,988.51,662,987.80,651,582000,1001,837.36
11416,Emerton,2021-07-01,622,532.71,622,532.71,622,320000,630,532.71
11416,Emerton,2022-07-01,622,702.51,622,702.51,622,422000,630,702.51
11416,Emerton,2023-07-01,622,740.80,622,740.80,622,445000,630,740.80
11416,Emerton,2024-07-01,622,873.98,622,873.98,622,525000,630,873.98
11416,Emerton,2025-07-01,622,915.60,622,915.60,622,550000,630,915.60
11417,Emmaville,2021-07-01,0,,0,,0,,227,7.98
11417,Emmaville,2022-07-01,0,,0,,0,,229,12.79
11417,Emmaville,2023-07-01,0,,0,,0,,229,14.73
11417,Emmaville,2024-07-01,0,,0,,0,,229,14.66
11417,Emmaville,2025-07-01,0,,0,,0,,229,22.05
11418,Empire Bay,2021-07-01,653,724.40,629,713.43,639,520000,654,723.53
11418,Empire Bay,2022-07-01,656,805.71,631,793.28,641,578000,657,805.31
11418,Empire Bay,2023-07-01,654,748.73,630,733.38,639,538000,655,747.77
11418,Empire Bay,2024-07-01,654,817.04,630,799.45,639,587000,655,816.13
11418,Empire Bay,2025-07-01,656,843.48,631,826.18,641,610000,657,843.48
11420,Emu Heights (NSW),2021-07-01,1049,678.16,1048,678.16,1031,464000,1051,678.12
11420,Emu Heights (NSW),2022-07-01,1053,821.84,1052,821.84,1034,562000,1055,821.84
11420,Emu Heights (NSW),2023-07-01,1053,747.13,1052,747.13,1034,511000,1055,747.08
11420,Emu Heights (NSW),2024-07-01,1055,858.35,1054,858.55,1036,587000,1057,858.25
11420,Emu Heights (NSW),2025-07-01,1055,941.49,1054,941.49,1036,643000,1057,941.49
11421,Emu Plains,2021-07-01,2653,699.13,2548,693.27,2592,471000,2673,698.09
11421,Emu Plains,2022-07-01,2672,865.79,2567,858.90,2604,583000,2692,863.54
11421,Emu Plains,2023-07-01,2672,808.84,2567,803.36,2604,544000,2692,808.18
11421,Emu Plains,2024-07-01,2673,905.19,2568,899.37,2604,607000,2693,903.57
11421,Emu Plains,2025-07-01,2673,1011.26,2568,1004.36,2604,680000,2693,1008.66
11424,Enfield (NSW),2021-07-01,673,2422.01,660,2428.26,652,1190000,678,2416.81
11424,Enfield (NSW),2022-07-01,681,3002.67,668,3011.76,652,1450000,687,2997.40
11424,Enfield (NSW),2023-07-01,680,2692.23,667,2708.40,652,1270000,686,2688.23
11424,Enfield (NSW),2024-07-01,680,3071.83,667,3084.47,652,1440000,686,3068.24
11424,Enfield (NSW),2025-07-01,681,3305.15,668,3311.25,652,1530000,687,3297.26
11425,Engadine,2021-07-01,1832,1256.29,1824,1256.29,1724,739000,1836,1256.29
11425,Engadine,2022-07-01,1886,1405.46,1878,1403.45,1775,824000,1890,1405.25
11425,Engadine,2023-07-01,1870,1335.37,1862,1335.37,1761,785000,1874,1335.37
11425,Engadine,2024-07-01,1917,1449.20,1909,1448.60,1805,850000,1921,1448.60
11425,Engadine,2025-07-01,1917,1482.75,1898,1482.18,1805,870000,1921,1482.75
11426,Englorie Park,2021-07-01,111,805.86,111,805.86,111,361000,114,800.22
11426,Englorie Park,2022-07-01,111,1009.27,111,1009.27,111,448000,114,992.30
11426,Englorie Park,2023-07-01,111,1133.95,111,1133.95,111,478000,114,1114.69
11426,Englorie Park,2024-07-01,111,1237.91,111,1237.91,111,522000,114,1217.06
11426,Englorie Park,2025-07-01,111,1349.13,111,1349.13,111,559000,114,1343.17
11428,Enmore (Inner West - NSW),2021-07-01,1014,6511.63,973,6557.38,986,1130000,1014,6511.63
11428,Enmore (Inner West - NSW),2022-07-01,1022,6792.28,981,6851.19,993,1180000,1022,6792.28
11428,Enmore (Inner West - NSW),2023-07-01,1022,6107.22,981,6180.11,993,1060000,1022,6107.22
11428,Enmore (Inner West - NSW),2024-07-01,1024,6811.42,983,6898.68,995,1180000,1024,6811.42
11428,Enmore (Inner West - NSW),2025-07-01,1024,6885.06,983,6902.36,995,1180000,1024,6885.06
11429,Enngonia,2021-07-01,0,,0,,0,,52,0.49
11429,Enngonia,2022-07-01,0,,0,,0,,52,0.49
11429,Enngonia,2023-07-01,0,,0,,0,,52,0.99
11429,Enngonia,2024-07-01,0,,0,,0,,52,0.99
11429,Enngonia,2025-07-01,0,,0,,0,,52,0.99
11430,Environa,2021-07-01,108,791.30,108,791.30,108,329000,108,791.30
11430,Environa,2022-07-01,125,1126.44,125,1126.44,125,485000,125,1126.44
11430,Environa,2023-07-01,124,1047.95,124,1047.95,124,450000,124,1047.95
11430,Environa,2024-07-01,125,1033.68,125,1033.68,125,445000,125,1033.68
11430,Environa,2025-07-01,125,1008.13,125,1008.13,125,434000,125,1008.13
11431,Epping (NSW),2021-07-01,5185,2092.15,5044,2091.23,4952,1540000,5226,2090.70
11431,Epping (NSW),2022-07-01,5324,2630.95,5183,2630.95,5089,1940000,5366,2630.15
11431,Epping (NSW),2023-07-01,5324,2372.05,5183,2372.05,5089,1750000,5367,2372.05
11431,Epping (NSW),2024-07-01,5324,2506.08,5183,2503.14,5089,1850000,5367,2501.80
11431,Epping (NSW),2025-07-01,5324,2681.97,5183,2681.41,5089,1990000,5367,2678.86
11436,Erina,2021-07-01,904,913.49,904,913.49,872,558000,926,909.92
11436,Erina,2022-07-01,906,1072.20,906,1072.20,874,654500,928,1068.31
11436,Erina,2023-07-01,906,1003.99,906,1003.99,874,631000,928,1000.10
11436,Erina,2024-07-01,906,1060.56,906,1060.56,874,666000,928,1056.25
11436,Erina,2025-07-01,906,1133.28,906,1133.28,874,714000,928,1126.66
11438,Ermington,2021-07-01,3003,1724.56,2989,1725.13,2969,1020000,3025,1722.52
11438,Ermington,2022-07-01,3206,2316.29,3192,2317.57,3171,1320000,3229,2312.93
11438,Ermington,2023-07-01,3207,2138.97,3193,2138.97,3172,1190000,3230,2136.25
11438,Ermington,2024-07-01,3207,2312.53,3193,2314.61,3172,1280000,3230,2308.40
11438,Ermington,2025-07-01,3207,2466.63,3193,2466.63,3172,1345000,3230,2462.66
11439,Erowal Bay,2021-07-01,434,658.83,393,645.26,434,654000,434,658.83
11439,Erowal Bay,2022-07-01,436,662.33,393,646.25,436,654000,436,662.33
11439,Erowal Bay,2023-07-01,434,595.30,390,580.83,434,588000,434,595.30
11439,Erowal Bay,2024-07-01,436,595.85,392,581.03,436,588000,436,595.85
11439,Erowal Bay,2025-07-01,436,578.67,392,564.23,436,571000,436,578.67
11441,Erskine Park,2021-07-01,2004,723.37,2004,723.37,1990,466000,2015,723.37
11441,Erskine Park,2022-07-01,2008,906.20,2008,906.20,1994,583000,2019,906.20
11441,Erskine Park,2023-07-01,2008,893.48,2008,893.48,1994,574000,2019,893.48
11441,Erskine Park,2024-07-01,2009,984.10,2009,984.10,1994,632000,2020,984.10
11441,Erskine Park,2025-07-01,2009,1104.93,2009,1104.93,1994,710000,2020,1104.93
11442,Erskineville,2021-07-01,1157,6477.35,1112,6501.73,1119,920000,1162,6477.35
11442,Erskineville,2022-07-01,1185,7682.93,1138,7692.31,1147,1070000,1190,7685.73
11442,Erskineville,2023-07-01,1185,7359.01,1138,7359.01,1147,1070000,1190,7359.01
11442,Erskineville,2024-07-01,1185,8665.40,1138,8696.60,1147,1220000,1190,8667.96
11442,Erskineville,2025-07-01,1185,8692.97,1138,8746.26,1147,1260000,1190,8693.19
11443,Erudgere,2021-07-01,0,,0,,0,,48,3.46
11443,Erudgere,2022-07-01,0,,0,,0,,50,4.33
11443,Erudgere,2023-07-01,0,,0,,0,,50,5.48
11443,Erudgere,2024-07-01,0,,0,,0,,50,5.48
11443,Erudgere,2025-07-01,0,,0,,0,,50,4.97
11444,Eschol Park,2021-07-01,902,754.26,902,754.26,888,444000,904,753.69
11444,Eschol Park,2022-07-01,902,947.06,902,947.06,888,557000,904,946.07
11444,Eschol Park,2023-07-01,902,903.08,902,903.08,888,531000,904,902.05
11444,Eschol Park,2024-07-01,902,998.63,902,998.63,888,587000,904,997.72
11444,Eschol Park,2025-07-01,904,1067.90,904,1067.90,890,628000,906,1066.95
11447,Estella,2021-07-01,803,189.74,776,189.72,786,148000,813,189.74
11447,Estella,2022-07-01,860,266.67,831,265.76,843,207000,875,266.13
11447,Estella,2023-07-01,856,292.22,827,291.43,839,227000,871,291.71
11447,Estella,2024-07-01,860,292.62,831,291.44,843,227000,875,291.86
11447,Estella,2025-07-01,860,325.96,831,324.77,843,253000,875,325.25
11448,Ettalong Beach,2021-07-01,1666,1297.33,1664,1296.69,1317,701000,1669,1296.05
11448,Ettalong Beach,2022-07-01,1712,1401.38,1710,1401.25,1340,757000,1715,1401.11
11448,Ettalong Beach,2023-07-01,1686,1288.88,1684,1288.38,1324,696000,1689,1287.97
11448,Ettalong Beach,2024-07-01,1702,1357.57,1700,1357.17,1334,734000,1705,1357.17
11448,Ettalong Beach,2025-07-01,1712,1423.34,1710,1423.34,1340,767000,1715,1423.34
11449,Ettamogah,2021-07-01,61,126.24,61,126.24,61,191000,62,126.24
11449,Ettamogah,2022-07-01,160,181.28,160,181.28,160,275000,185,180.56
11449,Ettamogah,2023-07-01,160,187.87,160,187.87,160,285000,185,187.13
11449,Ettamogah,2024-07-01,160,197.10,160,197.10,160,299000,185,196.32
11449,Ettamogah,2025-07-01,160,218.19,160,218.19,160,331000,185,217.33
11451,Ettrick (NSW),2021-07-01,0,,0,,0,,10,24.08
11451,Ettrick (NSW),2022-07-01,0,,0,,0,,10,44.11
11451,Ettrick (NSW),2023-07-01,0,,0,,0,,10,44.11
11451,Ettrick (NSW),2024-07-01,0,,0,,0,,10,46.05
11451,Ettrick (NSW),2025-07-01,0,,0,,0,,10,58.50
11452,Euabalong,2021-07-01,0,,0,,0,,89,1.58
11452,Euabalong,2022-07-01,0,,0,,0,,89,1.98
11452,Euabalong,2023-07-01,0,,0,,0,,89,1.98
11452,Euabalong,2024-07-01,0,,0,,0,,89,3.95
11452,Euabalong,2025-07-01,0,,0,,0,,89,3.95
11453,Euabalong West,2021-07-01,0,,0,,0,,40,0.49
11453,Euabalong West,2022-07-01,0,,0,,0,,42,0.99
11453,Euabalong West,2023-07-01,0,,0,,0,,41,0.99
11453,Euabalong West,2024-07-01,0,,0,,0,,42,1.98
11453,Euabalong West,2025-07-01,0,,0,,0,,42,2.97
11455,Euchareena,2021-07-01,0,,0,,0,,24,3.96
11455,Euchareena,2022-07-01,0,,0,,0,,29,4.16
11455,Euchareena,2023-07-01,0,,0,,0,,27,4.78
11455,Euchareena,2024-07-01,0,,0,,0,,27,5.24
11455,Euchareena,2025-07-01,0,,0,,0,,29,32.97
11457,Eugowra,2021-07-01,0,,0,,0,,329,19.17
11457,Eugowra,2022-07-01,0,,0,,0,,349,24.82
11457,Eugowra,2023-07-01,0,,0,,0,,344,23.78
11457,Eugowra,2024-07-01,0,,0,,0,,346,24.82
11457,Eugowra,2025-07-01,0,,0,,0,,349,25.30
11459,Eumungerie,2021-07-01,0,,0,,0,,90,11.10
11459,Eumungerie,2022-07-01,0,,0,,0,,96,15.71
11459,Eumungerie,2023-07-01,0,,0,,0,,96,20.90
11459,Eumungerie,2024-07-01,0,,0,,0,,96,19.84
11459,Eumungerie,2025-07-01,0,,0,,0,,96,21.21
11461,Eungai Creek,2021-07-01,0,,0,,0,,93,94.27
11461,Eungai Creek,2022-07-01,0,,0,,0,,109,136.87
11461,Eungai Creek,2023-07-01,0,,0,,0,,94,160.19
11461,Eungai Creek,2024-07-01,0,,0,,0,,109,154.93
11461,Eungai Creek,2025-07-01,0,,0,,0,,109,174.65
11462,Eungai Rail,2021-07-01,0,,0,,0,,68,88.92
11462,Eungai Rail,2022-07-01,0,,0,,0,,68,142.56
11462,Eungai Rail,2023-07-01,0,,0,,0,,68,168.35
11462,Eungai Rail,2024-07-01,0,,0,,0,,68,177.13
11462,Eungai Rail,2025-07-01,0,,0,,0,,68,199.09
11467,Euroka,2021-07-01,0,,0,,0,,54,18.52
11467,Euroka,2022-07-01,0,,0,,0,,54,26.35
11467,Euroka,2023-07-01,0,,0,,0,,54,27.44
11467,Euroka,2024-07-01,0,,0,,0,,54,28.13
11467,Euroka,2025-07-01,0,,0,,0,,54,28.93
11470,Eurunderee,2021-07-01,0,,0,,0,,17,4.80
11470,Eurunderee,2022-07-01,0,,0,,0,,17,5.99
11470,Eurunderee,2023-07-01,0,,0,,0,,17,6.28
11470,Eurunderee,2024-07-01,0,,0,,0,,17,6.28
11470,Eurunderee,2025-07-01,0,,0,,0,,17,6.00
11471,Euston,2021-07-01,0,,0,,0,,288,67.45
11471,Euston,2022-07-01,0,,0,,0,,293,73.48
11471,Euston,2023-07-01,0,,0,,0,,293,73.48
11471,Euston,2024-07-01,0,,0,,0,,294,84.54
11471,Euston,2025-07-01,0,,0,,0,,294,84.54
11472,Evans Head,2021-07-01,1062,852.27,1052,852.27,906,602000,1073,849.97
11472,Evans Head,2022-07-01,1072,1109.47,1062,1109.47,913,783000,1084,1105.00
11472,Evans Head,2023-07-01,1067,863.60,1057,863.60,909,600000,1079,862.22
11472,Evans Head,2024-07-01,1074,890.10,1064,890.10,914,620000,1086,888.04
11472,Evans Head,2025-07-01,1074,943.49,1064,943.49,914,690000,1086,941.11
11474,Eveleigh,2021-07-01,9,,9,,9,,10,4362.66
11474,Eveleigh,2022-07-01,9,,9,,9,,10,5321.13
11474,Eveleigh,2023-07-01,9,,9,,9,,10,5040.20
11474,Eveleigh,2024-07-01,9,,9,,9,,10,5783.84
11474,Eveleigh,2025-07-01,9,,9,,9,,10,6163.92
11477,Ewingsdale,2021-07-01,0,,0,,0,,262,319.30
11477,Ewingsdale,2022-07-01,0,,0,,0,,276,428.96
11477,Ewingsdale,2023-07-01,0,,0,,0,,271,341.77
11477,Ewingsdale,2024-07-01,0,,0,,0,,271,341.77
11477,Ewingsdale,2025-07-01,0,,0,,0,,276,325.92
11478,Exeter (NSW),2021-07-01,216,314.56,216,314.56,216,663000,249,288.29
11478,Exeter (NSW),2022-07-01,223,400.00,223,400.00,223,881000,259,381.50
11478,Exeter (NSW),2023-07-01,221,433.72,221,433.72,221,960000,254,417.04
11478,Exeter (NSW),2024-07-01,221,431.82,221,431.82,221,960000,256,411.01
11478,Exeter (NSW),2025-07-01,223,431.50,223,431.50,223,960000,259,410.22
11479,Failford,2021-07-01,0,,0,,0,,234,49.60
11479,Failford,2022-07-01,0,,0,,0,,239,67.83
11479,Failford,2023-07-01,0,,0,,0,,239,61.59
11479,Failford,2024-07-01,0,,0,,0,,239,71.16
11479,Failford,2025-07-01,0,,0,,0,,239,68.53
11480,Fairfield (NSW),2021-07-01,3203,1058.02,3176,1062.89,3031,610000,3210,1056.63
11480,Fairfield (NSW),2022-07-01,3270,1203.17,3241,1210.85,3098,699000,3278,1201.84
11480,Fairfield (NSW),2023-07-01,3250,1171.83,3221,1179.72,3078,671000,3257,1168.88
11480,Fairfield (NSW),2024-07-01,3317,1381.39,3288,1387.15,3145,764000,3326,1380.39
11480,Fairfield (NSW),2025-07-01,3317,1488.74,3289,1495.33,3145,843000,3326,1486.56
11481,Fairfield East,2021-07-01,1239,984.18,1236,984.18,1227,591000,1243,982.84
11481,Fairfield East,2022-07-01,1245,1124.12,1242,1125.89,1233,678000,1249,1121.24
11481,Fairfield East,2023-07-01,1243,1069.52,1240,1070.26,1231,644000,1247,1066.33
11481,Fairfield East,2024-07-01,1250,1208.24,1248,1208.60,1238,725000,1254,1208.01
11481,Fairfield East,2025-07-01,1250,1367.13,1248,1367.59,1238,817000,1254,1365.98
11482,Fairfield Heights,2021-07-01,1821,1344.40,1812,1344.40,1794,648500,1823,1344.40
11482,Fairfield Heights,2022-07-01,1876,1553.97,1867,1553.97,1849,727000,1878,1553.97
11482,Fairfield Heights,2023-07-01,1850,1666.67,1841,1666.67,1823,745000,1852,1666.67
11482,Fairfield Heights,2024-07-01,1943,2095.69,1934,2095.69,1913,895000,1945,2095.69
11482,Fairfield Heights,2025-07-01,1943,2313.17,1934,2313.17,1913,996000,1945,2313.17
11483,Fairfield West,2021-07-01,3205,1112.90,3200,1112.90,3196,632000,3210,1112.54
11483,Fairfield West,2022-07-01,3231,1284.72,3226,1284.95,3222,731000,3236,1284.71
11483,Fairfield West,2023-07-01,3228,1235.97,3223,1236.52,3219,703000,3233,1235.50
11483,Fairfield West,2024-07-01,3247,1409.83,3242,1409.89,3238,800000,3252,1409.66
11483,Fairfield West,2025-07-01,3247,1529.48,3242,1529.48,3238,865000,3252,1529.48
11485,Fairlight,2021-07-01,1164,5243.37,1082,5179.49,942,1970000,1166,5239.04
11485,Fairlight,2022-07-01,1182,6603.27,1100,6517.21,959,2420000,1184,6598.93
11485,Fairlight,2023-07-01,1172,5946.71,1090,5815.45,950,2130000,1174,5941.35
11485,Fairlight,2024-07-01,1180,6653.40,1098,6584.11,957,2480000,1182,6646.96
11485,Fairlight,2025-07-01,1182,7106.77,1100,7025.64,959,2670000,1184,7098.03
11486,Fairy Hill,2021-07-01,0,,0,,0,,110,25.45
11486,Fairy Hill,2022-07-01,0,,0,,0,,110,32.42
11486,Fairy Hill,2023-07-01,0,,0,,0,,110,33.00
11486,Fairy Hill,2024-07-01,0,,0,,0,,112,33.02
11486,Fairy Hill,2025-07-01,0,,0,,0,,112,31.32
11487,Fairy Meadow,2021-07-01,1787,1035.59,1779,1036.97,1670,639000,1803,1033.79
11487,Fairy Meadow,2022-07-01,1812,1353.34,1805,1353.34,1693,833000,1828,1349.83
11487,Fairy Meadow,2023-07-01,1802,1187.99,1794,1187.99,1684,733000,1818,1185.28
11487,Fairy Meadow,2024-07-01,1839,1220.35,1831,1220.35,1717,752000,1855,1217.14
11487,Fairy Meadow,2025-07-01,1839,1184.40,1831,1184.40,1717,727000,1855,1180.33
11490,Falls Creek (NSW),2021-07-01,0,,0,,0,,264,42.57
11490,Falls Creek (NSW),2022-07-01,0,,0,,0,,266,47.11
11490,Falls Creek (NSW),2023-07-01,0,,0,,0,,264,37.98
11490,Falls Creek (NSW),2024-07-01,0,,0,,0,,266,36.99
11490,Falls Creek (NSW),2025-07-01,0,,0,,0,,266,37.78
11493,Farley,2021-07-01,260,488.09,260,488.09,242,290000,282,487.48
11493,Farley,2022-07-01,684,632.44,684,632.44,615,370000,718,630.93
11493,Farley,2023-07-01,548,614.13,548,614.13,494,360000,576,609.93
11493,Farley,2024-07-01,571,589.34,571,589.34,507,345000,600,586.19
11493,Farley,2025-07-01,689,613.81,689,613.81,619,360000,723,608.93
11494,Farmborough Heights,2021-07-01,1422,587.60,1422,587.60,1406,379000,1434,587.60
11494,Farmborough Heights,2022-07-01,1431,865.12,1431,865.12,1414,558000,1443,865.12
11494,Farmborough Heights,2023-07-01,1425,880.62,1425,880.62,1408,568000,1437,880.62
11494,Farmborough Heights,2024-07-01,1432,927.13,1432,927.13,1415,598000,1444,927.13
11494,Farmborough Heights,2025-07-01,1432,911.63,1432,911.63,1415,588000,1444,911.63
11498,Fassifern (NSW),2021-07-01,213,459.50,213,459.50,204,343500,224,458.76
11498,Fassifern (NSW),2022-07-01,213,548.79,213,548.79,204,413500,224,544.56
11498,Fassifern (NSW),2023-07-01,213,528.23,213,528.23,204,398000,224,524.32
11498,Fassifern (NSW),2024-07-01,213,566.91,213,566.91,204,409500,224,566.91
11498,Fassifern (NSW),2025-07-01,213,566.91,213,566.91,204,421000,224,566.91
11499,Faulconbridge,2021-07-01,272,462.44,269,462.44,270,393000,274,462.34
11499,Faulconbridge,2022-07-01,274,575.52,271,575.06,272,488000,276,575.06
11499,Faulconbridge,2023-07-01,274,527.63,271,527.14,272,447000,276,527.14
11499,Faulconbridge,2024-07-01,274,547.99,271,548.40,272,472000,276,547.35
11499,Faulconbridge,2025-07-01,274,559.25,271,559.88,272,482000,276,558.57
11502,Federal (NSW),2021-07-01,0,,0,,0,,131,194.66
11502,Federal (NSW),2022-07-01,0,,0,,0,,132,218.50
11502,Federal (NSW),2023-07-01,0,,0,,0,,132,181.36
11502,Federal (NSW),2024-07-01,0,,0,,0,,132,203.17
11502,Federal (NSW),2025-07-01,0,,0,,0,,132,212.39
11503,Fennell Bay,2021-07-01,674,491.69,669,490.55,667,344000,677,491.33
11503,Fennell Bay,2022-07-01,681,588.05,675,588.05,674,419000,684,588.05
11503,Fennell Bay,2023-07-01,679,565.69,673,565.69,672,401500,682,565.69
11503,Fennell Bay,2024-07-01,679,581.91,673,580.90,672,414000,682,581.12
11503,Fennell Bay,2025-07-01,681,593.93,675,592.94,674,420000,684,593.18
11504,Fern Bay,2021-07-01,1013,597.99,204,540.13,997,341000,1017,596.58
11504,Fern Bay,2022-07-01,1028,818.26,211,744.66,1008,467000,1032,817.91
11504,Fern Bay,2023-07-01,1026,780.79,210,721.02,1007,443000,1030,780.79
11504,Fern Bay,2024-07-01,1028,801.14,211,735.18,1008,457000,1032,800.35
11504,Fern Bay,2025-07-01,1028,808.55,211,750.99,1008,457000,1032,806.82
11510,Fernhill,2021-07-01,320,995.15,319,995.23,312,667000,320,995.15
11510,Fernhill,2022-07-01,324,1299.33,323,1299.33,316,869000,324,1299.33
11510,Fernhill,2023-07-01,324,1122.67,323,1122.67,316,751000,324,1122.67
11510,Fernhill,2024-07-01,330,1144.35,329,1145.04,320,763000,330,1144.35
11510,Fernhill,2025-07-01,330,1114.10,329,1114.50,320,743000,330,1114.10
11512,Fernmount,2021-07-01,37,212.52,34,205.05,37,331000,115,31.98
11512,Fernmount,2022-07-01,37,251.24,34,242.58,37,391000,116,45.90
11512,Fernmount,2023-07-01,37,238.88,34,230.87,37,373000,116,44.55
11512,Fernmount,2024-07-01,39,245.52,36,244.57,39,400000,120,46.26
11512,Fernmount,2025-07-01,39,256.59,36,255.45,39,418000,120,47.40
11517,Fifield,2021-07-01,0,,0,,0,,35,0.60
11517,Fifield,2022-07-01,0,,0,,0,,40,0.90
11517,Fifield,2023-07-01,0,,0,,0,,40,0.94
11517,Fifield,2024-07-01,0,,0,,0,,40,8.45
11517,Fifield,2025-07-01,0,,0,,0,,40,8.45
11518,Figtree,2021-07-01,3872,705.84,3865,705.84,3766,458000,3926,701.53
11518,Figtree,2022-07-01,3886,950.56,3879,950.56,3779,617000,3940,945.70
11518,Figtree,2023-07-01,3880,981.83,3873,983.05,3773,636000,3934,976.74
11518,Figtree,2024-07-01,3895,1010.81,3888,1011.15,3785,655000,3951,1005.59
11518,Figtree,2025-07-01,3895,991.33,3888,992.64,3785,643000,3951,986.33
11521,Fingal Bay,2021-07-01,795,883.08,795,883.08,703,549000,798,880.33
11521,Fingal Bay,2022-07-01,811,1302.54,811,1302.54,716,807000,814,1300.30
11521,Fingal Bay,2023-07-01,804,1233.32,804,1233.32,709,766000,807,1231.38
11521,Fingal Bay,2024-07-01,808,1235.34,808,1235.34,713,766000,811,1233.63
11521,Fingal Bay,2025-07-01,811,1238.36,811,1238.36,716,766000,814,1235.34
11522,Fingal Head,2021-07-01,244,1504.01,242,1504.01,231,992000,249,1480.81
11522,Fingal Head,2022-07-01,245,1768.77,243,1768.77,232,1140000,250,1763.83
11522,Fingal Head,2023-07-01,245,1740.51,243,1740.51,232,1150000,250,1739.68
11522,Fingal Head,2024-07-01,245,1768.77,243,1768.77,232,1100000,250,1744.76
11522,Fingal Head,2025-07-01,245,1838.36,243,1838.36,232,1120000,250,1826.21
11523,Finley,2021-07-01,0,,0,,0,,1090,31.26
11523,Finley,2022-07-01,0,,0,,0,,1098,48.21
11523,Finley,2023-07-01,0,,0,,0,,1098,70.46
11523,Finley,2024-07-01,0,,0,,0,,1098,74.92
11523,Finley,2025-07-01,0,,0,,0,,1098,82.62
11525,Fishermans Bay,2021-07-01,49,1712.03,49,1712.03,48,835500,50,1712.03
11525,Fishermans Bay,2022-07-01,53,2464.14,53,2464.14,52,1085000,54,2464.14
11525,Fishermans Bay,2023-07-01,51,2629.64,51,2629.64,50,1205000,52,2629.64
11525,Fishermans Bay,2024-07-01,51,2850.31,51,2850.31,50,1300000,52,2838.06
11525,Fishermans Bay,2025-07-01,53,2905.48,53,2905.48,52,1280000,54,2886.73
11526,Fishermans Paradise,2021-07-01,0,,0,,0,,297,380.97
11526,Fishermans Paradise,2022-07-01,0,,0,,0,,314,565.06
11526,Fishermans Paradise,2023-07-01,0,,0,,0,,297,521.85
11526,Fishermans Paradise,2024-07-01,0,,0,,0,,314,452.91
11526,Fishermans Paradise,2025-07-01,0,,0,,0,,314,474.42
11527,Fishermans Reach,2021-07-01,0,,0,,0,,68,173.47
11527,Fishermans Reach,2022-07-01,0,,0,,0,,69,244.31
11527,Fishermans Reach,2023-07-01,0,,0,,0,,69,312.56
11527,Fishermans Reach,2024-07-01,0,,0,,0,,69,297.69
11527,Fishermans Reach,2025-07-01,0,,0,,0,,69,291.54
11529,Fishing Point,2021-07-01,497,512.73,385,449.97,496,396000,497,512.73
11529,Fishing Point,2022-07-01,503,732.64,385,642.61,502,570000,503,732.64
11529,Fishing Point,2023-07-01,501,727.78,383,645.49,500,572000,501,727.78
11529,Fishing Point,2024-07-01,501,710.98,383,623.92,500,553000,501,710.98
11529,Fishing Point,2025-07-01,503,744.13,388,652.67,502,579000,503,744.13
11532,Fitzroy Falls,2021-07-01,25,131.09,25,131.09,25,469000,30,129.33
11532,Fitzroy Falls,2022-07-01,25,197.58,25,197.58,25,707000,30,195.06
11532,Fitzroy Falls,2023-07-01,25,214.80,25,214.80,25,769000,30,212.19
11532,Fitzroy Falls,2024-07-01,25,195.96,25,195.96,25,702000,30,193.60
11532,Fitzroy Falls,2025-07-01,25,195.96,25,195.96,25,702000,30,193.60
11533,Five Dock,2021-07-01,2212,3430.11,2176,3452.30,2122,1430000,2232,3414.37
11533,Five Dock,2022-07-01,2318,4367.37,2281,4392.59,2224,1825000,2341,4345.84
11533,Five Dock,2023-07-01,2306,3912.19,2246,3920.76,2213,1660000,2328,3901.91
11533,Five Dock,2024-07-01,2310,4348.30,2250,4364.33,2217,1820000,2332,4333.21
11533,Five Dock,2025-07-01,2320,4631.98,2260,4652.54,2226,1950000,2343,4617.25
11536,Fletcher (NSW),2021-07-01,2535,558.05,1967,561.24,2505,331000,2561,556.05
11536,Fletcher (NSW),2022-07-01,2557,619.63,1989,623.70,2527,367000,2585,617.16
11536,Fletcher (NSW),2023-07-01,2553,725.91,1985,739.73,2523,431000,2581,722.60
11536,Fletcher (NSW),2024-07-01,2566,743.58,1998,757.84,2534,440000,2595,739.91
11536,Fletcher (NSW),2025-07-01,2566,785.67,1998,791.95,2534,470000,2595,781.55
11537,Flinders (NSW),2021-07-01,2204,810.84,2204,810.84,2058,459000,2207,810.71
11537,Flinders (NSW),2022-07-01,2216,1057.48,2216,1057.48,2066,592000,2219,1057.08
11537,Flinders (NSW),2023-07-01,2206,1057.97,2206,1057.97,2058,595500,2209,1057.69
11537,Flinders (NSW),2024-07-01,2209,1077.20,2209,1077.20,2060,607500,2212,1076.84
11537,Flinders (NSW),2025-07-01,2216,1034.58,2216,1034.58,2066,586000,2219,1034.43
11538,Floraville,2021-07-01,594,720.00,594,720.00,567,432000,606,717.11
11538,Floraville,2022-07-01,606,838.17,606,838.17,579,513000,619,822.18
11538,Floraville,2023-07-01,606,829.65,606,829.65,579,499000,619,815.35
11538,Floraville,2024-07-01,606,880.68,606,880.68,579,529000,619,867.20
11538,Floraville,2025-07-01,606,941.33,606,941.33,579,566000,619,929.60
11539,Forbes (NSW),2021-07-01,2690,81.12,2566,81.71,2679,68700,3090,74.74
11539,Forbes (NSW),2022-07-01,2839,114.98,2713,115.81,2828,96050,3281,107.07
11539,Forbes (NSW),2023-07-01,2799,122.89,2676,124.21,2788,102000,3241,115.00
11539,Forbes (NSW),2024-07-01,2799,127.40,2676,128.73,2788,105000,3241,118.88
11539,Forbes (NSW),2025-07-01,2839,128.48,2714,129.26,2828,107000,3281,119.65
11542,Forbesdale,2021-07-01,0,,0,,0,,30,11.41
11542,Forbesdale,2022-07-01,0,,0,,0,,30,18.27
11542,Forbesdale,2023-07-01,0,,0,,0,,30,16.77
11542,Forbesdale,2024-07-01,0,,0,,0,,32,19.18
11542,Forbesdale,2025-07-01,0,,0,,0,,32,20.69
11543,Fords Bridge,2021-07-01,0,,0,,0,,11,0.49
11543,Fords Bridge,2022-07-01,0,,0,,0,,11,0.49
11543,Fords Bridge,2023-07-01,0,,0,,0,,11,0.99
11543,Fords Bridge,2024-07-01,0,,0,,0,,11,0.99
11543,Fords Bridge,2025-07-01,0,,0,,0,,11,0.99
11547,Forest Hill (NSW),2021-07-01,837,166.74,809,166.20,827,120000,845,166.20
11547,Forest Hill (NSW),2022-07-01,953,178.37,923,178.17,941,132000,964,178.35
11547,Forest Hill (NSW),2023-07-01,951,203.86,921,202.58,939,138000,962,203.70
11547,Forest Hill (NSW),2024-07-01,953,203.70,923,202.55,941,138000,964,202.58
11547,Forest Hill (NSW),2025-07-01,953,217.93,923,216.18,941,149000,964,217.59
11549,Forest Lodge,2021-07-01,623,6300.92,601,6324.87,598,1070000,626,6285.85
11549,Forest Lodge,2022-07-01,647,7526.88,625,7550.24,622,1300000,650,7520.42
11549,Forest Lodge,2023-07-01,647,6642.12,625,6660.28,622,1150000,650,6641.37
11549,Forest Lodge,2024-07-01,647,7602.04,625,7618.59,622,1320000,650,7590.13
11549,Forest Lodge,2025-07-01,647,8035.56,625,8049.83,622,1400000,650,8032.89
11550,Forest Reefs,2021-07-01,0,,0,,0,,71,14.73
11550,Forest Reefs,2022-07-01,0,,0,,0,,72,22.45
11550,Forest Reefs,2023-07-01,0,,0,,0,,71,24.85
11550,Forest Reefs,2024-07-01,0,,0,,0,,71,22.78
11550,Forest Reefs,2025-07-01,0,,0,,0,,72,20.81
11551,Forestville (NSW),2021-07-01,2483,1465.47,2446,1460.93,2465,1090000,2495,1463.33
11551,Forestville (NSW),2022-07-01,2493,1755.80,2456,1753.10,2474,1310000,2505,1754.39
11551,Forestville (NSW),2023-07-01,2490,1554.47,2453,1553.83,2472,1160000,2502,1553.96
11551,Forestville (NSW),2024-07-01,2491,1782.60,2454,1779.13,2472,1330000,2503,1782.35
11551,Forestville (NSW),2025-07-01,2493,1909.41,2456,1904.17,2474,1420000,2505,1909.09
11552,Forresters Beach,2021-07-01,1076,1058.13,1074,1058.13,1060,718000,1085,1051.40
11552,Forresters Beach,2022-07-01,1085,1202.71,1083,1202.71,1069,814000,1094,1194.32
11552,Forresters Beach,2023-07-01,1083,1111.11,1081,1111.11,1067,749000,1092,1102.71
11552,Forresters Beach,2024-07-01,1085,1194.05,1083,1194.05,1069,808000,1094,1187.44
11552,Forresters Beach,2025-07-01,1085,1222.52,1083,1222.52,1069,818000,1094,1218.02
11553,Forster (NSW),2021-07-01,5398,491.44,5392,491.44,4881,309000,5525,489.03
11553,Forster (NSW),2022-07-01,5489,795.30,5483,795.52,4961,500000,5622,787.48
11553,Forster (NSW),2023-07-01,5476,725.02,5470,725.12,4952,456000,5609,719.47
11553,Forster (NSW),2024-07-01,5549,692.52,5544,692.52,5005,435000,5684,686.63
11553,Forster (NSW),2025-07-01,5549,691.90,5544,691.93,5005,435000,5684,686.56
11563,Frazers Creek,2021-07-01,0,,0,,0,,32,20.00
11563,Frazers Creek,2022-07-01,0,,0,,0,,69,54.64
11563,Frazers Creek,2023-07-01,0,,0,,0,,69,58.09
11563,Frazers Creek,2024-07-01,0,,0,,0,,69,58.34
11563,Frazers Creek,2025-07-01,0,,0,,0,,69,62.90
11564,Frederickton,2021-07-01,47,131.53,47,131.53,46,143000,477,120.85
11564,Frederickton,2022-07-01,48,169.93,48,169.93,46,185000,480,164.92
11564,Frederickton,2023-07-01,48,230.56,48,230.56,46,251000,478,178.25
11564,Frederickton,2024-07-01,48,230.56,48,230.56,46,251000,480,178.42
11564,Frederickton,2025-07-01,48,236.29,48,236.29,46,257000,480,191.30
11567,Freemans Reach,2021-07-01,0,,0,,0,,318,509.11
11567,Freemans Reach,2022-07-01,0,,0,,0,,318,584.43
11567,Freemans Reach,2023-07-01,0,,0,,0,,318,584.43
11567,Freemans Reach,2024-07-01,0,,0,,0,,318,611.94
11567,Freemans Reach,2025-07-01,0,,0,,0,,318,625.69
11571,Frenchs Forest,2021-07-01,4268,1469.56,4161,1466.36,4240,1050000,4278,1468.58
11571,Frenchs Forest,2022-07-01,4270,1854.51,4162,1845.02,4239,1330000,4280,1853.02
11571,Frenchs Forest,2023-07-01,4269,1638.87,4161,1638.41,4240,1160000,4279,1638.87
11571,Frenchs Forest,2024-07-01,4270,1883.27,4162,1883.27,4240,1340000,4280,1883.27
11571,Frenchs Forest,2025-07-01,4271,1932.50,4163,1926.39,4240,1390000,4281,1929.77
11572,Freshwater (NSW),2021-07-01,1842,4390.27,1701,4291.57,1653,2050000,1850,4374.80
11572,Freshwater (NSW),2022-07-01,1860,5296.21,1719,5173.76,1669,2500000,1868,5289.24
11572,Freshwater (NSW),2023-07-01,1848,5122.06,1707,4949.68,1658,2365000,1856,5116.88
11572,Freshwater (NSW),2024-07-01,1857,5681.71,1716,5670.89,1667,2700000,1865,5677.62
11572,Freshwater (NSW),2025-07-01,1860,5681.71,1719,5670.89,1669,2710000,1868,5677.62
11573,Frog Rock,2021-07-01,0,,0,,0,,65,3.00
11573,Frog Rock,2022-07-01,0,,0,,0,,65,4.71
11573,Frog Rock,2023-07-01,0,,0,,0,,65,3.84
11573,Frog Rock,2024-07-01,0,,0,,0,,65,4.60
11573,Frog Rock,2025-07-01,0,,0,,0,,65,4.60
11574,Frogmore,2021-07-01,0,,0,,0,,19,4.18
11574,Frogmore,2022-07-01,0,,0,,0,,19,5.83
11574,Frogmore,2023-07-01,0,,0,,0,,19,25.95
11574,Frogmore,2024-07-01,0,,0,,0,,19,12.98
11574,Frogmore,2025-07-01,0,,0,,0,,19,12.98
11580,Gables,2021-07-01,1774,1472.24,1774,1472.24,1774,683000,1785,1470.59
11580,Gables,2022-07-01,2943,1820.58,2943,1820.58,2943,850000,2964,1820.00
11580,Gables,2023-07-01,2775,1824.32,2775,1824.32,2775,850000,2796,1822.03
11580,Gables,2024-07-01,2775,2002.95,2775,2002.95,2775,922000,2796,2000.00
11580,Gables,2025-07-01,2943,2003.11,2943,2003.11,2943,922000,2964,2003.11
11583,Galambine,2021-07-01,0,,0,,0,,18,4.13
11583,Galambine,2022-07-01,0,,0,,0,,19,5.17
11583,Galambine,2023-07-01,0,,0,,0,,19,5.41
11583,Galambine,2024-07-01,0,,0,,0,,19,5.41
11583,Galambine,2025-07-01,0,,0,,0,,19,5.17
11584,Galong,2021-07-01,0,,0,,0,,85,14.13
11584,Galong,2022-07-01,0,,0,,0,,86,21.17
11584,Galong,2023-07-01,0,,0,,0,,86,26.43
11584,Galong,2024-07-01,0,,0,,0,,86,27.75
11584,Galong,2025-07-01,0,,0,,0,,86,28.34
11585,Galore,2021-07-01,0,,0,,0,,17,0.68
11585,Galore,2022-07-01,0,,0,,0,,17,1.02
11585,Galore,2023-07-01,0,,0,,0,,17,1.22
11585,Galore,2024-07-01,0,,0,,0,,17,1.22
11585,Galore,2025-07-01,0,,0,,0,,17,1.22
11586,Galston,2021-07-01,388,783.75,385,783.59,385,699000,395,782.56
11586,Galston,2022-07-01,388,1083.36,385,1082.52,385,968000,395,1077.77
11586,Galston,2023-07-01,388,1114.71,385,1113.56,385,998000,395,1110.53
11586,Galston,2024-07-01,393,1187.08,390,1185.19,390,1060000,400,1180.68
11586,Galston,2025-07-01,393,1187.08,390,1185.19,390,1060000,400,1180.68
11589,Ganmain,2021-07-01,0,,0,,0,,406,12.47
11589,Ganmain,2022-07-01,0,,0,,0,,428,22.29
11589,Ganmain,2023-07-01,0,,0,,0,,429,31.24
11589,Ganmain,2024-07-01,0,,0,,0,,429,32.97
11589,Ganmain,2025-07-01,0,,0,,0,,429,37.91
11590,Garah,2021-07-01,0,,0,,0,,71,0.89
11590,Garah,2022-07-01,0,,0,,0,,74,1.16
11590,Garah,2023-07-01,0,,0,,0,,73,1.16
11590,Garah,2024-07-01,0,,0,,0,,74,5.26
11590,Garah,2025-07-01,0,,0,,0,,74,5.26
11591,Garden Suburb,2021-07-01,659,616.49,648,612.35,657,424000,675,611.15
11591,Garden Suburb,2022-07-01,667,693.43,656,690.37,665,477000,684,687.53
11591,Garden Suburb,2023-07-01,665,702.88,654,702.33,663,489000,682,700.76
11591,Garden Suburb,2024-07-01,667,737.21,656,733.00,665,520000,684,730.58
11591,Garden Suburb,2025-07-01,667,772.31,656,768.76,665,534000,684,767.08
11598,Gateshead,2021-07-01,1164,544.36,1163,544.36,1162,327000,1169,544.36
11598,Gateshead,2022-07-01,1173,656.70,1172,656.70,1171,395000,1179,656.70
11598,Gateshead,2023-07-01,1167,650.74,1166,650.74,1165,395000,1173,649.66
11598,Gateshead,2024-07-01,1171,691.93,1170,691.93,1169,420000,1177,691.93
11598,Gateshead,2025-07-01,1173,720.45,1172,720.69,1171,435000,1179,717.76
11603,Geneva,2021-07-01,259,143.21,259,143.21,258,158000,289,135.76
11603,Geneva,2022-07-01,262,203.17,262,203.17,261,225000,294,196.05
11603,Geneva,2023-07-01,261,245.45,261,245.45,260,276000,291,237.23
11603,Geneva,2024-07-01,261,245.45,261,245.45,260,276000,291,237.23
11603,Geneva,2025-07-01,262,245.45,262,245.45,261,276000,294,237.23
11605,Georges Hall,2021-07-01,2567,1217.34,2558,1218.15,2558,685000,2578,1217.13
11605,Georges Hall,2022-07-01,2664,1693.03,2655,1693.91,2655,979000,2676,1693.03
11605,Georges Hall,2023-07-01,2664,1531.11,2655,1531.11,2655,881000,2676,1529.27
11605,Georges Hall,2024-07-01,2685,1654.50,2676,1654.50,2676,952000,2697,1654.50
11605,Georges Hall,2025-07-01,2685,1793.07,2676,1794.35,2676,1020000,2697,1792.30
11606,Georges Plains,2021-07-01,0,,0,,0,,31,62.96
11606,Georges Plains,2022-07-01,0,,0,,0,,31,118.05
11606,Georges Plains,2023-07-01,0,,0,,0,,31,125.75
11606,Georges Plains,2024-07-01,0,,0,,0,,31,136.87
11606,Georges Plains,2025-07-01,0,,0,,0,,31,124.89
11607,Georgetown (NSW),2021-07-01,771,1279.07,771,1279.07,755,559000,772,1279.07
11607,Georgetown (NSW),2022-07-01,775,1373.70,775,1373.70,759,598000,776,1373.70
11607,Georgetown (NSW),2023-07-01,775,1287.86,775,1287.86,759,561000,776,1287.85
11607,Georgetown (NSW),2024-07-01,777,1277.15,777,1277.15,761,550000,778,1277.15
11607,Georgetown (NSW),2025-07-01,777,1335.77,777,1335.77,761,574000,778,1335.53
11609,Gerogery,2021-07-01,0,,0,,0,,172,10.18
11609,Gerogery,2022-07-01,0,,0,,0,,188,19.03
11609,Gerogery,2023-07-01,0,,0,,0,,188,19.03
11609,Gerogery,2024-07-01,0,,0,,0,,188,21.11
11609,Gerogery,2025-07-01,0,,0,,0,,188,24.42
11610,Gerringong,2021-07-01,1511,1215.05,1499,1215.05,1490,740500,1529,1210.12
11610,Gerringong,2022-07-01,1520,1705.65,1508,1705.65,1498,1060000,1538,1697.68
11610,Gerringong,2023-07-01,1515,1482.45,1495,1480.95,1494,898000,1533,1476.33
11610,Gerringong,2024-07-01,1516,1477.84,1496,1472.73,1494,893000,1534,1468.38
11610,Gerringong,2025-07-01,1520,1438.63,1500,1433.89,1498,872000,1538,1428.86
11611,Gerroa,2021-07-01,465,2098.73,464,2104.50,454,1490000,466,2098.14
11611,Gerroa,2022-07-01,467,3702.37,466,3702.37,456,2420000,468,3702.37
11611,Gerroa,2023-07-01,467,3540.62,463,3540.62,456,2235000,468,3540.62
11611,Gerroa,2024-07-01,467,2958.68,463,2958.68,456,1830000,468,2949.34
11611,Gerroa,2025-07-01,467,2813.38,463,2813.38,456,1740000,468,2807.76
11612,Geurie,2021-07-01,0,,0,,0,,273,40.46
11612,Geurie,2022-07-01,0,,0,,0,,293,56.32
11612,Geurie,2023-07-01,0,,0,,0,,289,70.16
11612,Geurie,2024-07-01,0,,0,,0,,289,70.16
11612,Geurie,2025-07-01,0,,0,,0,,293,70.16
11621,Gilead,2022-07-01,784,1123.05,784,1123.05,784,575000,790,1122.83
11621,Gilead,2023-07-01,478,1074.22,478,1074.22,478,550000,481,1074.22
11621,Gilead,2024-07-01,478,1210.94,478,1210.94,478,620000,481,1210.94
11621,Gilead,2025-07-01,784,1269.53,784,1269.53,784,650000,790,1269.28
11622,Gilgai,2021-07-01,0,,0,,0,,166,18.09
11622,Gilgai,2022-07-01,0,,0,,0,,168,36.85
11622,Gilgai,2023-07-01,0,,0,,0,,168,36.85
11622,Gilgai,2024-07-01,0,,0,,0,,168,36.85
11622,Gilgai,2025-07-01,0,,0,,0,,168,49.62
11623,Gilgandra,2021-07-01,1040,21.74,1024,21.79,1040,23700,1256,20.12
11623,Gilgandra,2022-07-01,1067,29.41,1051,29.47,1067,28600,1293,27.21
11623,Gilgandra,2023-07-01,1067,29.95,1051,29.98,1067,29100,1293,27.83
11623,Gilgandra,2024-07-01,1069,44.93,1053,44.98,1069,43600,1296,41.66
11623,Gilgandra,2025-07-01,1069,46.84,1053,46.88,1069,45300,1296,43.74
11626,Gillenbah,2021-07-01,0,,0,,0,,14,1.94
11626,Gillenbah,2022-07-01,0,,0,,0,,15,2.17
11626,Gillenbah,2023-07-01,0,,0,,0,,15,2.17
11626,Gillenbah,2024-07-01,0,,0,,0,,15,2.71
11626,Gillenbah,2025-07-01,0,,0,,0,,15,3.25
11628,Gillieston Heights,2021-07-01,1611,429.57,1611,429.57,1585,265000,1631,428.20
11628,Gillieston Heights,2022-07-01,2050,651.05,2050,651.05,1985,396000,2081,649.86
11628,Gillieston Heights,2023-07-01,1938,583.49,1938,583.49,1896,359000,1967,580.73
11628,Gillieston Heights,2024-07-01,1951,614.14,1951,614.14,1898,379000,1981,611.57
11628,Gillieston Heights,2025-07-01,2056,652.24,2056,652.24,1987,396000,2087,649.78
11635,Girards Hill,2021-07-01,553,274.93,544,274.97,545,191000,554,274.89
11635,Girards Hill,2022-07-01,560,289.51,551,289.95,552,232000,561,289.33
11635,Girards Hill,2023-07-01,555,278.80,546,281.73,547,227000,556,278.75
11635,Girards Hill,2024-07-01,556,278.50,547,279.03,548,227000,557,278.29
11635,Girards Hill,2025-07-01,560,307.64,551,307.71,552,251000,561,307.64
11636,Girilambone,2021-07-01,0,,0,,0,,50,1.48
11636,Girilambone,2022-07-01,0,,0,,0,,55,1.48
11636,Girilambone,2023-07-01,0,,0,,0,,55,2.97
11636,Girilambone,2024-07-01,0,,0,,0,,55,2.97
11636,Girilambone,2025-07-01,0,,0,,0,,55,2.97
11640,Girraween (NSW),2021-07-01,1331,1243.27,1326,1243.09,1211,696000,1335,1242.61
11640,Girraween (NSW),2022-07-01,1391,1628.32,1386,1628.32,1263,922000,1396,1627.13
11640,Girraween (NSW),2023-07-01,1378,1529.37,1373,1529.37,1252,880000,1382,1529.13
11640,Girraween (NSW),2024-07-01,1378,1581.53,1373,1581.55,1252,910000,1382,1581.51
11640,Girraween (NSW),2025-07-01,1391,1684.64,1386,1684.72,1263,970000,1396,1684.04
11642,Gladesville,2021-07-01,2723,2431.75,2646,2440.21,2526,1420000,2733,2429.08
11642,Gladesville,2022-07-01,2808,3371.57,2730,3380.96,2606,1840000,2818,3370.36
11642,Gladesville,2023-07-01,2789,3162.82,2711,3181.24,2588,1790000,2799,3162.74
11642,Gladesville,2024-07-01,2794,3336.81,2716,3348.06,2592,1880000,2804,3336.03
11642,Gladesville,2025-07-01,2808,3530.35,2730,3534.88,2606,1990000,2818,3528.60
11643,Gladstone (NSW),2021-07-01,0,,0,,0,,169,173.97
11643,Gladstone (NSW),2022-07-01,0,,0,,0,,170,229.15
11643,Gladstone (NSW),2023-07-01,0,,0,,0,,170,238.86
11643,Gladstone (NSW),2024-07-01,0,,0,,0,,170,238.86
11643,Gladstone (NSW),2025-07-01,0,,0,,0,,170,245.56
11645,Glebe (NSW),2021-07-01,2040,7135.86,1855,7143.96,1945,1250000,2049,7135.33
11645,Glebe (NSW),2022-07-01,2075,8787.35,1886,8821.72,1978,1530000,2084,8782.20
11645,Glebe (NSW),2023-07-01,2075,8394.16,1885,8427.88,1978,1460000,2084,8377.04
11645,Glebe (NSW),2024-07-01,2075,9090.91,1885,9133.49,1978,1586139,2084,9088.93
11645,Glebe (NSW),2025-07-01,2075,9086.96,1885,9125.72,1978,1590000,2084,9075.77
11646,Gledswood Hills,2021-07-01,2360,949.93,2222,948.37,2347,428000,2384,949.61
11646,Gledswood Hills,2022-07-01,2925,1313.63,2677,1309.74,2910,589000,2957,1312.06
11646,Gledswood Hills,2023-07-01,2863,1317.31,2615,1312.06,2848,600000,2894,1316.18
11646,Gledswood Hills,2024-07-01,2863,1391.83,2615,1390.58,2848,634000,2894,1391.83
11646,Gledswood Hills,2025-07-01,2927,1550.05,2679,1543.69,2912,706000,2959,1548.25
11649,Glen Alpine,2021-07-01,1488,617.40,1487,617.44,1487,540000,1494,617.28
11649,Glen Alpine,2022-07-01,1493,765.73,1492,765.73,1492,670000,1499,765.68
11649,Glen Alpine,2023-07-01,1493,743.31,1492,743.32,1492,650000,1499,743.14
11649,Glen Alpine,2024-07-01,1493,811.92,1492,811.92,1492,710000,1499,811.76
11649,Glen Alpine,2025-07-01,1493,869.08,1492,869.13,1492,760000,1499,868.89
11653,Glen Innes,2021-07-01,2203,52.82,2123,52.68,2193,53700,2423,50.30
11653,Glen Innes,2022-07-01,2239,87.46,2158,87.46,2229,86400,2471,83.92
11653,Glen Innes,2023-07-01,2224,91.48,2144,91.50,2214,91200,2450,88.14
11653,Glen Innes,2024-07-01,2239,93.78,2158,93.79,2229,92000,2471,90.91
11653,Glen Innes,2025-07-01,2239,97.08,2182,97.49,2229,95000,2471,94.87
11659,Glenbawn,2021-07-01,0,,0,,0,,16,9.53
11659,Glenbawn,2022-07-01,0,,0,,0,,16,14.43
11659,Glenbawn,2023-07-01,0,,0,,0,,16,16.54
11659,Glenbawn,2024-07-01,0,,0,,0,,16,16.54
11659,Glenbawn,2025-07-01,0,,0,,0,,16,17.35
11660,Glenbrook,2021-07-01,303,854.05,301,854.28,295,674000,305,854.05
11660,Glenbrook,2022-07-01,307,1077.08,305,1077.08,299,840000,309,1077.08
11660,Glenbrook,2023-07-01,303,980.29,301,983.20,295,774000,305,975.83
11660,Glenbrook,2024-07-01,303,1027.50,301,1027.67,295,815000,305,1027.26
11660,Glenbrook,2025-07-01,307,998.02,305,1001.54,299,795000,309,998.02
11661,Glencoe (NSW),2021-07-01,0,,0,,0,,59,13.30
11661,Glencoe (NSW),2022-07-01,0,,0,,0,,61,26.60
11661,Glencoe (NSW),2023-07-01,0,,0,,0,,61,37.64
11661,Glencoe (NSW),2024-07-01,0,,0,,0,,61,36.30
11661,Glencoe (NSW),2025-07-01,0,,0,,0,,61,38.07
11662,Glendale (NSW),2021-07-01,1166,574.87,1148,576.90,1153,407000,1186,565.09
11662,Glendale (NSW),2022-07-01,1203,635.13,1185,637.85,1189,415000,1225,628.47
11662,Glendale (NSW),2023-07-01,1200,641.19,1182,641.66,1187,415000,1221,636.69
11662,Glendale (NSW),2024-07-01,1202,665.68,1184,669.90,1189,437000,1224,665.17
11662,Glendale (NSW),2025-07-01,1203,703.96,1185,706.59,1189,462000,1225,696.50
11663,Glendenning,2021-07-01,1516,906.67,1516,906.67,1513,418000,1519,906.67
11663,Glendenning,2022-07-01,1518,1066.67,1518,1066.67,1515,491000,1521,1066.67
11663,Glendenning,2023-07-01,1518,1053.33,1518,1053.33,1515,485000,1521,1053.30
11663,Glendenning,2024-07-01,1518,1200.00,1518,1200.00,1515,552000,1521,1200.00
11663,Glendenning,2025-07-01,1518,1388.73,1518,1388.73,1515,639000,1521,1388.58
11668,Glenfield (NSW),2021-07-01,2482,996.03,1990,960.36,2451,558000,2513,995.70
11668,Glenfield (NSW),2022-07-01,2500,1190.20,2007,1156.13,2466,683000,2536,1189.63
11668,Glenfield (NSW),2023-07-01,2496,1076.13,2003,1052.82,2462,628000,2532,1071.37
11668,Glenfield (NSW),2024-07-01,2496,1250.22,2003,1215.14,2462,710000,2532,1243.21
11668,Glenfield (NSW),2025-07-01,2500,1331.48,2007,1281.12,2466,746000,2536,1329.77
11669,Glenfield Park,2021-07-01,1925,179.32,1792,177.89,1862,137000,1930,179.22
11669,Glenfield Park,2022-07-01,1927,232.56,1794,231.10,1863,178000,1932,232.54
11669,Glenfield Park,2023-07-01,1927,243.46,1794,241.97,1863,186000,1932,243.41
11669,Glenfield Park,2024-07-01,1927,254.94,1794,253.24,1863,195000,1932,254.88
11669,Glenfield Park,2025-07-01,1927,286.12,1794,284.32,1863,219000,1932,286.12
11671,Glenhaven,2021-07-01,1377,1121.85,1365,1121.23,1357,1030000,1382,1121.67
11671,Glenhaven,2022-07-01,1379,1400.28,1367,1399.69,1358,1280000,1384,1399.92
11671,Glenhaven,2023-07-01,1379,1514.48,1367,1511.90,1358,1380000,1384,1513.25
11671,Glenhaven,2024-07-01,1379,1566.89,1367,1566.32,1358,1430000,1384,1566.58
11671,Glenhaven,2025-07-01,1381,1633.84,1369,1633.15,1360,1490000,1386,1633.40
11674,Glenmore Park,2021-07-01,7739,874.59,7636,873.17,7634,484000,7770,874.13
11674,Glenmore Park,2022-07-01,7852,1123.87,7728,1121.43,7745,589000,7884,1122.99
11674,Glenmore Park,2023-07-01,7852,1116.94,7728,1114.45,7745,589000,7884,1116.13
11674,Glenmore Park,2024-07-01,7889,1191.59,7765,1188.40,7782,650000,7923,1191.14
11674,Glenmore Park,2025-07-01,7889,1314.16,7765,1312.27,7782,714000,7923,1313.81
11676,Glenning Valley,2021-07-01,501,799.01,501,799.01,489,485000,501,799.01
11676,Glenning Valley,2022-07-01,548,971.67,548,971.67,535,583000,550,971.67
11676,Glenning Valley,2023-07-01,547,794.79,547,794.79,535,476000,549,794.46
11676,Glenning Valley,2024-07-01,548,868.33,548,868.33,535,521000,550,868.33
11676,Glenning Valley,2025-07-01,548,935.00,548,935.00,535,561000,550,935.00
11677,Glenorie,2021-07-01,227,696.68,225,699.92,227,699000,233,694.75
11677,Glenorie,2022-07-01,227,947.37,225,947.37,227,929000,233,946.58
11677,Glenorie,2023-07-01,227,961.66,225,964.43,227,954000,233,959.72
11677,Glenorie,2024-07-01,227,1000.00,225,1000.00,227,950000,233,999.79
11677,Glenorie,2025-07-01,227,1000.00,225,1000.00,227,950000,233,999.79
11679,Glenreagh,2021-07-01,163,158.10,163,158.10,162,160000,242,136.84
11679,Glenreagh,2022-07-01,165,182.81,165,182.81,164,190000,248,155.60
11679,Glenreagh,2023-07-01,163,192.69,161,192.69,162,197500,246,161.11
11679,Glenreagh,2024-07-01,165,197.63,163,197.63,164,206000,248,168.11
11679,Glenreagh,2025-07-01,165,226.42,163,226.60,164,230000,248,202.88
11682,Glenroy (Albury - NSW),2021-07-01,1296,147.96,1211,146.04,1248,114000,1337,147.06
11682,Glenroy (Albury - NSW),2022-07-01,1318,222.14,1230,220.14,1270,171000,1363,220.83
11682,Glenroy (Albury - NSW),2023-07-01,1318,229.76,1230,227.48,1270,176500,1363,228.41
11682,Glenroy (Albury - NSW),2024-07-01,1318,241.67,1230,239.51,1270,186000,1363,240.47
11682,Glenroy (Albury - NSW),2025-07-01,1318,266.75,1230,263.79,1270,205000,1363,264.46
11686,Glenwood (NSW),2021-07-01,4585,1244.08,4523,1242.07,4565,632000,4589,1243.85
11686,Glenwood (NSW),2022-07-01,4585,1641.70,4523,1638.18,4565,834000,4589,1641.41
11686,Glenwood (NSW),2023-07-01,4585,1723.73,4523,1720.82,4565,876000,4589,1723.73
11686,Glenwood (NSW),2024-07-01,4585,2117.88,4523,2114.16,4565,1080000,4589,2117.60
11686,Glenwood (NSW),2025-07-01,4585,2164.50,4523,2162.46,4565,1110000,4589,2164.06
11688,Glossodia,2021-07-01,583,607.48,583,607.48,583,350000,859,516.10
11688,Glossodia,2022-07-01,583,763.84,583,763.84,583,440000,859,648.36
11688,Glossodia,2023-07-01,583,693.75,583,693.75,583,400000,859,589.42
11688,Glossodia,2024-07-01,583,736.88,583,736.88,583,425000,859,625.36
11688,Glossodia,2025-07-01,583,745.87,583,745.87,583,430000,859,632.55
11689,Gloucester,2021-07-01,1111,146.04,1090,144.85,1107,119000,1385,130.73
11689,Gloucester,2022-07-01,1115,192.35,1094,192.12,1111,170000,1396,187.78
11689,Gloucester,2023-07-01,1115,176.99,1094,176.84,1111,155000,1394,172.54
11689,Gloucester,2024-07-01,1117,204.14,1096,203.93,1113,179000,1400,198.84
11689,Gloucester,2025-07-01,1117,209.89,1096,209.84,1113,184000,1400,204.15
11693,Gobbagombalin,2021-07-01,1065,216.97,938,214.80,1061,159000,1082,216.47
11693,Gobbagombalin,2022-07-01,1294,300.25,1093,293.23,1290,213000,1325,298.53
11693,Gobbagombalin,2023-07-01,1226,353.42,1048,350.00,1222,255000,1253,352.53
11693,Gobbagombalin,2024-07-01,1294,372.04,1093,367.50,1290,267000,1325,370.42
11693,Gobbagombalin,2025-07-01,1294,378.80,1093,373.75,1290,272000,1325,376.93
11697,Gol Gol,2021-07-01,0,,0,,0,,921,145.36
11697,Gol Gol,2022-07-01,0,,0,,0,,1103,166.67
11697,Gol Gol,2023-07-01,0,,0,,0,,1074,167.98
11697,Gol Gol,2024-07-01,0,,0,,0,,1119,167.91
11697,Gol Gol,2025-07-01,0,,0,,0,,1119,158.10
11700,Gongolgon,2021-07-01,0,,0,,0,,12,0.40
11700,Gongolgon,2022-07-01,0,,0,,0,,12,0.40
11700,Gongolgon,2023-07-01,0,,0,,0,,12,0.40
11700,Gongolgon,2024-07-01,0,,0,,0,,12,0.40
11700,Gongolgon,2025-07-01,0,,0,,0,,12,0.40
11708,Goodooga,2021-07-01,0,,0,,0,,143,0.30
11708,Goodooga,2022-07-01,0,,0,,0,,145,0.30
11708,Goodooga,2023-07-01,0,,0,,0,,145,0.30
11708,Goodooga,2024-07-01,0,,0,,0,,145,0.30
11708,Goodooga,2025-07-01,0,,0,,0,,145,0.30
11710,Googong,2021-07-01,2533,691.26,2533,691.26,2531,350000,2567,688.45
11710,Googong,2022-07-01,3086,1052.82,3086,1052.82,3080,529500,3144,1050.00
11710,Googong,2023-07-01,2972,972.67,2972,972.67,2967,485000,3023,969.70
11710,Googong,2024-07-01,3001,973.33,3001,973.33,2995,485000,3055,972.88
11710,Googong,2025-07-01,3086,974.91,3086,974.91,3080,480000,3144,972.88
11711,Goolgowi,2021-07-01,0,,0,,0,,175,8.00
11711,Goolgowi,2022-07-01,0,,0,,0,,178,11.47
11711,Goolgowi,2023-07-01,0,,0,,0,,178,19.93
11711,Goolgowi,2024-07-01,0,,0,,0,,178,19.93
11711,Goolgowi,2025-07-01,0,,0,,0,,178,19.93
11713,Goolma,2021-07-01,0,,0,,0,,15,4.01
11713,Goolma,2022-07-01,0,,0,,0,,15,5.73
11713,Goolma,2023-07-01,0,,0,,0,,15,7.16
11713,Goolma,2024-07-01,0,,0,,0,,15,7.45
11713,Goolma,2025-07-01,0,,0,,0,,15,8.60
11714,Goolmangar,2021-07-01,0,,0,,0,,15,157.74
11714,Goolmangar,2022-07-01,0,,0,,0,,15,203.11
11714,Goolmangar,2023-07-01,0,,0,,0,,15,159.90
11714,Goolmangar,2024-07-01,0,,0,,0,,15,143.69
11714,Goolmangar,2025-07-01,0,,0,,0,,15,151.25
11715,Gooloogong,2021-07-01,0,,0,,0,,124,16.02
11715,Gooloogong,2022-07-01,0,,0,,0,,125,23.73
11715,Gooloogong,2023-07-01,0,,0,,0,,125,29.66
11715,Gooloogong,2024-07-01,0,,0,,0,,125,29.66
11715,Gooloogong,2025-07-01,0,,0,,0,,125,34.60
11717,Goonellabah,2021-07-01,4865,242.57,4842,242.28,4571,194000,5021,239.77
11717,Goonellabah,2022-07-01,4953,349.72,4932,349.61,4643,286000,5117,345.24
11717,Goonellabah,2023-07-01,4916,322.34,4896,322.17,4616,264000,5077,319.67
11717,Goonellabah,2024-07-01,4950,322.13,4930,322.03,4640,264000,5113,319.45
11717,Goonellabah,2025-07-01,4954,332.78,4934,332.52,4644,272000,5119,329.21
11718,Goonengerry,2021-07-01,0,,0,,0,,28,74.92
11718,Goonengerry,2022-07-01,0,,0,,0,,28,86.35
11718,Goonengerry,2023-07-01,0,,0,,0,,28,62.21
11718,Goonengerry,2024-07-01,0,,0,,0,,28,57.84
11718,Goonengerry,2025-07-01,0,,0,,0,,28,55.38
11724,Gordon (NSW),2021-07-01,1386,1879.22,1319,1894.79,1352,1880000,1394,1878.13
11724,Gordon (NSW),2022-07-01,1393,2377.25,1322,2406.23,1359,2380000,1401,2373.42
11724,Gordon (NSW),2023-07-01,1390,2200.92,1320,2229.78,1356,2230000,1398,2200.84
11724,Gordon (NSW),2024-07-01,1390,2339.98,1320,2381.37,1356,2365000,1398,2339.69
11724,Gordon (NSW),2025-07-01,1393,2427.91,1322,2475.19,1359,2440000,1401,2425.78
11726,Gormans Hill,2021-07-01,218,181.27,217,181.27,215,130000,222,181.14
11726,Gormans Hill,2022-07-01,231,265.60,229,266.21,228,202000,238,265.37
11726,Gormans Hill,2023-07-01,231,277.19,229,277.19,228,211000,238,277.18
11726,Gormans Hill,2024-07-01,233,283.76,231,283.76,230,216000,240,283.75
11726,Gormans Hill,2025-07-01,233,283.76,231,283.76,230,216000,240,283.75
11727,Gorokan,2021-07-01,3172,640.29,3168,640.63,3098,379000,3186,638.46
11727,Gorokan,2022-07-01,3193,725.46,3189,725.56,3118,416000,3207,722.73
11727,Gorokan,2023-07-01,3186,682.17,3182,682.23,3112,391000,3200,681.25
11727,Gorokan,2024-07-01,3188,668.13,3184,668.39,3114,386000,3202,667.40
11727,Gorokan,2025-07-01,3193,675.82,3189,676.26,3118,391000,3207,674.63
11728,Gosford,2021-07-01,201,859.48,199,859.48,135,622000,215,841.12
11728,Gosford,2022-07-01,202,887.03,200,885.25,135,643000,219,873.89
11728,Gosford,2023-07-01,202,920.40,200,919.24,135,670000,217,912.29
11728,Gosford,2024-07-01,202,908.38,200,908.38,135,656000,219,900.96
11728,Gosford,2025-07-01,202,998.19,200,995.98,135,726000,219,980.23
11731,Goulburn,2021-07-01,8559,276.14,8285,275.71,8453,189000,9203,271.04
11731,Goulburn,2022-07-01,9005,344.49,8719,343.74,8867,248000,9669,335.93
11731,Goulburn,2023-07-01,8899,363.14,8619,362.47,8762,265000,9559,353.65
11731,Goulburn,2024-07-01,9116,365.73,8830,364.71,8970,265000,9787,356.74
11731,Goulburn,2025-07-01,9116,394.00,8820,392.72,8970,277000,9787,385.60
11735,Gowrie (Singleton - NSW),2022-07-01,30,466.25,30,466.25,30,350000,33,456.35
11735,Gowrie (Singleton - NSW),2023-07-01,30,466.25,30,466.25,30,350000,33,456.35
11735,Gowrie (Singleton - NSW),2024-07-01,30,452.63,30,452.63,30,340000,33,443.12
11735,Gowrie (Singleton - NSW),2025-07-01,30,459.44,30,459.44,30,345000,33,449.74
11737,Grabben Gullen,2021-07-01,3,,3,,3,,20,20.96
11737,Grabben Gullen,2022-07-01,3,,3,,3,,20,24.09
11737,Grabben Gullen,2023-07-01,3,,3,,3,,20,24.09
11737,Grabben Gullen,2024-07-01,3,,3,,3,,20,24.09
11737,Grabben Gullen,2025-07-01,3,,3,,3,,20,25.45
11739,Grafton,2021-07-01,3856,192.37,3450,192.87,3712,131000,3960,190.84
11739,Grafton,2022-07-01,3911,249.88,3503,251.27,3755,170000,4023,247.68
11739,Grafton,2023-07-01,3892,248.52,3484,249.84,3741,170000,4003,246.33
11739,Grafton,2024-07-01,3898,248.01,3487,249.63,3744,170000,4009,246.24
11739,Grafton,2025-07-01,3913,231.33,3501,232.56,3757,160000,4025,230.60
11742,Graman,2021-07-01,0,,0,,0,,21,2.47
11742,Graman,2022-07-01,0,,0,,0,,21,4.62
11742,Graman,2023-07-01,0,,0,,0,,21,4.62
11742,Graman,2024-07-01,0,,0,,0,,21,4.62
11742,Graman,2025-07-01,0,,0,,0,,21,9.89
11743,Grantham Farm,2021-07-01,1507,1225.08,1506,1225.08,1506,402500,1550,1218.19
11743,Grantham Farm,2022-07-01,1759,1800.63,1758,1801.02,1758,592000,1804,1790.57
11743,Grantham Farm,2023-07-01,1658,1764.27,1657,1764.27,1657,577000,1701,1760.02
11743,Grantham Farm,2024-07-01,1819,1895.97,1818,1896.05,1818,620000,1864,1885.32
11743,Grantham Farm,2025-07-01,1819,1977.07,1818,1977.36,1818,646000,1864,1964.69
11745,Granville (NSW),2021-07-01,2537,1343.87,2359,1351.16,2335,604000,2549,1343.16
11745,Granville (NSW),2022-07-01,2570,1691.59,2389,1702.69,2367,764000,2582,1690.17
11745,Granville (NSW),2023-07-01,2562,1544.86,2381,1550.63,2359,696000,2574,1544.46
11745,Granville (NSW),2024-07-01,2562,1644.18,2381,1651.14,2359,730000,2574,1641.64
11745,Granville (NSW),2025-07-01,2570,1790.56,2385,1797.01,2367,810000,2583,1788.35
11746,Grasmere,2021-07-01,0,,0,,0,,449,244.07
11746,Grasmere,2022-07-01,0,,0,,0,,452,352.50
11746,Grasmere,2023-07-01,0,,0,,0,,452,327.50
11746,Grasmere,2024-07-01,0,,0,,0,,452,335.00
11746,Grasmere,2025-07-01,0,,0,,0,,452,342.50
11747,Grassy Head,2021-07-01,0,,0,,0,,19,421.73
11747,Grassy Head,2022-07-01,0,,0,,0,,19,566.70
11747,Grassy Head,2023-07-01,0,,0,,0,,19,566.70
11747,Grassy Head,2024-07-01,0,,0,,0,,19,531.56
11747,Grassy Head,2025-07-01,0,,0,,0,,19,519.84
11748,Grattai,2021-07-01,0,,0,,0,,138,1.77
11748,Grattai,2022-07-01,0,,0,,0,,138,3.30
11748,Grattai,2023-07-01,0,,0,,0,,138,3.06
11748,Grattai,2024-07-01,0,,0,,0,,138,3.06
11748,Grattai,2025-07-01,0,,0,,0,,138,3.39
11749,Gravesend,2021-07-01,0,,0,,0,,98,2.05
11749,Gravesend,2022-07-01,0,,0,,0,,104,2.22
11749,Gravesend,2023-07-01,0,,0,,0,,100,2.22
11749,Gravesend,2024-07-01,0,,0,,0,,104,6.67
11749,Gravesend,2025-07-01,0,,0,,0,,104,7.41
11752,Great Marlow,2021-07-01,35,230.53,35,230.53,34,192000,35,230.53
11752,Great Marlow,2022-07-01,35,300.38,35,300.38,34,251000,35,300.38
11752,Great Marlow,2023-07-01,35,272.50,35,272.50,34,225000,35,272.50
11752,Great Marlow,2024-07-01,35,272.50,35,272.50,34,225000,35,272.50
11752,Great Marlow,2025-07-01,35,193.77,35,193.77,34,160000,35,193.77
11756,Green Gully (NSW),2021-07-01,0,,0,,0,,11,1.19
11756,Green Gully (NSW),2022-07-01,0,,0,,0,,11,2.23
11756,Green Gully (NSW),2023-07-01,0,,0,,0,,11,2.06
11756,Green Gully (NSW),2024-07-01,0,,0,,0,,11,2.06
11756,Green Gully (NSW),2025-07-01,0,,0,,0,,11,2.28
11760,Green Point (Central Coast - NSW),2021-07-01,2138,955.32,2128,956.28,2049,602000,2153,953.12
11760,Green Point (Central Coast - NSW),2022-07-01,2145,1007.94,2134,1008.29,2056,635000,2160,1005.60
11760,Green Point (Central Coast - NSW),2023-07-01,2143,945.82,2132,946.10,2054,595000,2158,943.60
11760,Green Point (Central Coast - NSW),2024-07-01,2143,1023.84,2132,1024.23,2054,644000,2158,1021.36
11760,Green Point (Central Coast - NSW),2025-07-01,2145,1071.18,2134,1071.21,2056,674000,2160,1068.05
11761,Green Point (Mid-Coast - NSW),2021-07-01,0,,0,,0,,307,337.73
11761,Green Point (Mid-Coast - NSW),2022-07-01,0,,0,,0,,307,546.14
11761,Green Point (Mid-Coast - NSW),2023-07-01,0,,0,,0,,307,467.87
11761,Green Point (Mid-Coast - NSW),2024-07-01,0,,0,,0,,307,467.87
11761,Green Point (Mid-Coast - NSW),2025-07-01,0,,0,,0,,307,467.87
11762,Green Valley (NSW),2021-07-01,3435,950.98,3435,950.98,3391,507000,3444,950.48
11762,Green Valley (NSW),2022-07-01,3459,1187.31,3459,1187.31,3413,620000,3469,1185.35
11762,Green Valley (NSW),2023-07-01,3447,1115.45,3447,1115.45,3401,571000,3456,1114.30
11762,Green Valley (NSW),2024-07-01,3447,1216.27,3447,1216.27,3401,640000,3456,1215.16
11762,Green Valley (NSW),2025-07-01,3459,1435.19,3459,1435.19,3413,737000,3469,1434.98
11763,Greenacre,2021-07-01,5776,1391.60,5725,1392.69,5649,796000,5803,1389.79
11763,Greenacre,2022-07-01,5956,1759.10,5905,1762.81,5820,978000,5984,1757.21
11763,Greenacre,2023-07-01,5950,1681.81,5899,1684.05,5816,934000,5978,1680.88
11763,Greenacre,2024-07-01,5982,1875.04,5934,1877.81,5848,1040000,6010,1872.39
11763,Greenacre,2025-07-01,5984,1955.45,5936,1957.60,5848,1090000,6012,1954.51
11766,Greenethorpe,2021-07-01,0,,0,,0,,124,10.45
11766,Greenethorpe,2022-07-01,0,,0,,0,,131,14.79
11766,Greenethorpe,2023-07-01,0,,0,,0,,131,27.22
11766,Greenethorpe,2024-07-01,0,,0,,0,,131,27.22
11766,Greenethorpe,2025-07-01,0,,0,,0,,131,27.22
11767,Greenfield Park,2021-07-01,1318,1025.08,1318,1025.08,1317,621000,1325,1024.71
11767,Greenfield Park,2022-07-01,1320,1180.85,1320,1180.85,1319,716000,1327,1179.89
11767,Greenfield Park,2023-07-01,1320,1122.82,1320,1122.82,1319,681000,1327,1122.27
11767,Greenfield Park,2024-07-01,1320,1294.95,1320,1294.95,1319,785000,1327,1294.25
11767,Greenfield Park,2025-07-01,1320,1459.67,1320,1459.67,1319,885000,1327,1459.43
11769,Greenhill (NSW),2021-07-01,134,114.07,134,114.07,134,87700,220,98.43
11769,Greenhill (NSW),2022-07-01,135,147.69,135,147.69,135,113000,221,130.46
11769,Greenhill (NSW),2023-07-01,135,181.68,135,181.68,135,139000,221,153.97
11769,Greenhill (NSW),2024-07-01,135,181.68,135,181.68,135,139000,221,148.22
11769,Greenhill (NSW),2025-07-01,135,194.75,135,194.75,135,149000,221,161.07
11773,Greenleigh,2021-07-01,12,546.42,12,546.42,8,,12,546.42
11773,Greenleigh,2022-07-01,12,818.92,12,818.92,8,,12,818.92
11773,Greenleigh,2023-07-01,12,818.92,12,818.92,8,,12,818.92
11773,Greenleigh,2024-07-01,12,856.14,12,856.14,8,,12,856.14
11773,Greenleigh,2025-07-01,12,856.14,12,856.14,8,,12,856.14
11775,Greenwell Point,2021-07-01,643,528.29,611,517.92,641,371000,647,525.97
11775,Greenwell Point,2022-07-01,653,670.15,622,659.01,649,472000,657,667.61
11775,Greenwell Point,2023-07-01,647,689.38,615,681.43,643,506000,651,684.87
11775,Greenwell Point,2024-07-01,647,661.30,612,651.48,643,481000,651,661.30
11775,Greenwell Point,2025-07-01,653,610.98,618,601.66,649,444000,657,610.98
11776,Greenwich,2021-07-01,1282,3573.06,1154,3452.01,1213,2080000,1289,3549.80
11776,Greenwich,2022-07-01,1289,4141.54,1161,4049.36,1220,2480000,1296,4129.52
11776,Greenwich,2023-07-01,1285,3913.85,1157,3783.26,1216,2330000,1292,3900.00
11776,Greenwich,2024-07-01,1289,4195.58,1161,4088.14,1220,2500000,1296,4189.84
11776,Greenwich,2025-07-01,1289,4709.77,1160,4559.29,1220,2730000,1296,4694.34
11780,Gregory Hills,2021-07-01,3273,994.20,3272,994.24,3149,382000,3287,990.97
11780,Gregory Hills,2022-07-01,3577,1368.11,3576,1368.24,3444,514500,3593,1366.12
11780,Gregory Hills,2023-07-01,3567,1370.00,3566,1370.13,3434,516000,3583,1367.75
11780,Gregory Hills,2024-07-01,3567,1477.33,3566,1477.33,3434,556000,3583,1475.10
11780,Gregory Hills,2025-07-01,3579,1624.00,3578,1624.00,3446,609000,3595,1623.33
11782,Grenfell,2021-07-01,907,32.61,833,32.20,901,35200,1210,28.18
11782,Grenfell,2022-07-01,920,59.22,845,57.85,914,65000,1235,49.61
11782,Grenfell,2023-07-01,920,73.02,844,71.56,914,83000,1235,62.93
11782,Grenfell,2024-07-01,921,79.23,845,77.17,915,93000,1238,66.74
11782,Grenfell,2025-07-01,921,79.51,845,78.61,915,95200,1238,67.92
11783,Gresford,2021-07-01,0,,0,,0,,83,61.73
11783,Gresford,2022-07-01,0,,0,,0,,86,98.23
11783,Gresford,2023-07-01,0,,0,,0,,86,98.23
11783,Gresford,2024-07-01,0,,0,,0,,86,114.91
11783,Gresford,2025-07-01,0,,0,,0,,86,114.91
11784,Greta (NSW),2021-07-01,1178,214.28,1173,214.72,1169,180000,1401,199.03
11784,Greta (NSW),2022-07-01,1218,441.45,1213,441.47,1205,369000,1444,410.00
11784,Greta (NSW),2023-07-01,1218,366.53,1213,367.44,1205,316000,1444,338.78
11784,Greta (NSW),2024-07-01,1218,378.12,1213,379.07,1205,326000,1444,349.30
11784,Greta (NSW),2025-07-01,1218,394.54,1213,395.35,1205,340000,1444,365.08
11787,Greystanes,2021-07-01,7432,1141.27,7430,1141.27,7400,651000,7450,1141.27
11787,Greystanes,2022-07-01,7671,1586.99,7668,1586.99,7639,900000,7690,1586.99
11787,Greystanes,2023-07-01,7603,1403.92,7600,1404.05,7571,800000,7622,1403.67
11787,Greystanes,2024-07-01,7603,1494.61,7600,1494.61,7571,857000,7622,1494.61
11787,Greystanes,2025-07-01,7679,1562.12,7676,1562.12,7647,882000,7698,1561.09
11788,Griffith (NSW),2021-07-01,6156,198.21,5970,196.68,6053,160000,6421,195.55
11788,Griffith (NSW),2022-07-01,6439,282.70,6238,280.18,6334,231000,6719,279.07
11788,Griffith (NSW),2023-07-01,6441,283.93,6240,281.64,6335,232000,6723,280.33
11788,Griffith (NSW),2024-07-01,6441,270.24,6240,269.09,6335,220000,6723,268.36
11788,Griffith (NSW),2025-07-01,6441,297.48,6240,296.49,6335,242000,6723,295.48
11790,Grong Grong,2021-07-01,0,,0,,0,,144,6.33
11790,Grong Grong,2022-07-01,0,,0,,0,,154,8.85
11790,Grong Grong,2023-07-01,0,,0,,0,,154,13.25
11790,Grong Grong,2024-07-01,0,,0,,0,,154,14.83
11790,Grong Grong,2025-07-01,0,,0,,0,,154,16.45
11796,Guildford (NSW),2021-07-01,4661,1150.25,4604,1151.36,4488,661000,4674,1148.88
11796,Guildford (NSW),2022-07-01,4822,1449.11,4767,1449.11,4647,817000,4838,1449.11
11796,Guildford (NSW),2023-07-01,4798,1329.32,4744,1333.99,4623,761000,4812,1329.32
11796,Guildford (NSW),2024-07-01,4798,1429.28,4744,1434.00,4623,804000,4812,1428.62
11796,Guildford (NSW),2025-07-01,4822,1549.64,4769,1552.20,4647,862000,4838,1549.64
11797,Guildford West,2021-07-01,1450,1082.07,1448,1082.07,1427,609000,1454,1082.07
11797,Guildford West,2022-07-01,1553,1368.16,1551,1368.16,1530,732000,1557,1368.16
11797,Guildford West,2023-07-01,1535,1279.65,1533,1279.65,1512,705000,1539,1279.65
11797,Guildford West,2024-07-01,1535,1390.91,1533,1390.91,1512,756000,1539,1388.74
11797,Guildford West,2025-07-01,1553,1522.97,1551,1524.66,1530,820000,1557,1522.19
11798,Gulargambone,2021-07-01,0,,0,,0,,226,3.01
11798,Gulargambone,2022-07-01,0,,0,,0,,229,3.31
11798,Gulargambone,2023-07-01,0,,0,,0,,227,4.14
11798,Gulargambone,2024-07-01,0,,0,,0,,227,4.14
11798,Gulargambone,2025-07-01,0,,0,,0,,229,4.34
11800,Gulgong,2021-07-01,824,112.18,724,113.64,823,109000,1060,104.66
11800,Gulgong,2022-07-01,891,131.42,798,132.18,890,126000,1148,122.08
11800,Gulgong,2023-07-01,836,187.95,744,189.72,835,182000,1080,174.71
11800,Gulgong,2024-07-01,891,198.81,797,200.00,890,191000,1146,185.04
11800,Gulgong,2025-07-01,891,200.79,797,201.99,890,193000,1148,186.90
11801,Gulmarrad,2021-07-01,0,,0,,0,,840,63.66
11801,Gulmarrad,2022-07-01,0,,0,,0,,896,109.50
11801,Gulmarrad,2023-07-01,0,,0,,0,,871,95.19
11801,Gulmarrad,2024-07-01,0,,0,,0,,895,94.83
11801,Gulmarrad,2025-07-01,0,,0,,0,,896,89.54
11802,Gum Flat,2021-07-01,0,,0,,0,,12,5.52
11802,Gum Flat,2022-07-01,0,,0,,0,,12,8.28
11802,Gum Flat,2023-07-01,0,,0,,0,,12,8.28
11802,Gum Flat,2024-07-01,0,,0,,0,,12,8.28
11802,Gum Flat,2025-07-01,0,,0,,0,,12,12.40
11806,Gumly Gumly,2021-07-01,0,,0,,0,,96,57.75
11806,Gumly Gumly,2022-07-01,0,,0,,0,,145,65.62
11806,Gumly Gumly,2023-07-01,0,,0,,0,,145,75.33
11806,Gumly Gumly,2024-07-01,0,,0,,0,,145,79.01
11806,Gumly Gumly,2025-07-01,0,,0,,0,,145,82.90
11807,Gumma,2021-07-01,0,,0,,0,,168,23.66
11807,Gumma,2022-07-01,0,,0,,0,,172,34.61
11807,Gumma,2023-07-01,0,,0,,0,,172,32.84
11807,Gumma,2024-07-01,0,,0,,0,,172,35.18
11807,Gumma,2025-07-01,0,,0,,0,,172,37.08
11809,Gundagai,2021-07-01,535,56.23,532,56.20,532,64100,670,48.94
11809,Gundagai,2022-07-01,538,98.41,535,98.18,535,115000,676,87.50
11809,Gundagai,2023-07-01,538,121.51,535,121.39,535,142000,676,106.67
11809,Gundagai,2024-07-01,538,128.31,535,128.21,535,146000,676,113.58
11809,Gundagai,2025-07-01,538,147.62,535,147.46,535,169000,676,129.14
11811,Gundaroo,2021-07-01,51,153.50,51,153.50,51,307500,278,187.82
11811,Gundaroo,2022-07-01,51,203.00,51,203.00,51,407000,286,299.62
11811,Gundaroo,2023-07-01,51,289.86,51,289.86,51,580000,282,300.19
11811,Gundaroo,2024-07-01,51,238.88,51,238.88,51,478000,285,239.98
11811,Gundaroo,2025-07-01,51,240.88,51,240.88,51,482000,286,244.44
11815,Gundy,2021-07-01,0,,0,,0,,63,48.43
11815,Gundy,2022-07-01,0,,0,,0,,65,74.13
11815,Gundy,2023-07-01,0,,0,,0,,65,74.15
11815,Gundy,2024-07-01,0,,0,,0,,65,81.56
11815,Gundy,2025-07-01,0,,0,,0,,65,81.56
11818,Gunnedah,2021-07-01,3028,103.75,2993,103.79,2975,92900,3584,94.70
11818,Gunnedah,2022-07-01,3095,115.94,3063,116.15,3042,102000,3669,104.74
11818,Gunnedah,2023-07-01,3060,126.40,3027,126.62,3007,114000,3630,112.28
11818,Gunnedah,2024-07-01,3095,135.28,3071,135.33,3042,121000,3669,122.44
11818,Gunnedah,2025-07-01,3095,143.88,3080,143.88,3042,129000,3669,132.33
11819,Gunning,2021-07-01,0,,0,,0,,395,89.40
11819,Gunning,2022-07-01,0,,0,,0,,405,158.06
11819,Gunning,2023-07-01,0,,0,,0,,400,158.63
11819,Gunning,2024-07-01,0,,0,,0,,434,146.38
11819,Gunning,2025-07-01,0,,0,,0,,434,149.80
11824,Gurley,2021-07-01,0,,0,,0,,22,1.55
11824,Gurley,2022-07-01,0,,0,,0,,23,2.01
11824,Gurley,2023-07-01,0,,0,,0,,23,2.01
11824,Gurley,2024-07-01,0,,0,,0,,23,8.55
11824,Gurley,2025-07-01,0,,0,,0,,23,7.41
11829,Guyra,2021-07-01,721,45.92,696,46.46,715,50100,951,36.60
11829,Guyra,2022-07-01,729,64.22,699,65.51,723,70800,972,50.84
11829,Guyra,2023-07-01,725,65.01,697,65.79,719,72600,962,51.69
11829,Guyra,2024-07-01,729,85.40,701,86.09,723,96100,972,72.17
11829,Guyra,2025-07-01,729,87.16,714,87.89,723,98100,972,73.65
11830,Gwabegar,2021-07-01,0,,0,,0,,56,0.80
11830,Gwabegar,2022-07-01,0,,0,,0,,56,12.25
11830,Gwabegar,2023-07-01,0,,0,,0,,56,12.25
11830,Gwabegar,2024-07-01,0,,0,,0,,56,12.25
11830,Gwabegar,2025-07-01,0,,0,,0,,56,3.67
11831,Gwandalan,2021-07-01,1684,593.21,1682,593.01,1678,325000,1686,593.01
11831,Gwandalan,2022-07-01,1702,708.71,1700,708.71,1696,384000,1704,708.71
11831,Gwandalan,2023-07-01,1700,716.78,1698,716.78,1694,385000,1702,716.78
11831,Gwandalan,2024-07-01,1702,747.59,1700,747.59,1696,400000,1704,747.59
11831,Gwandalan,2025-07-01,1702,780.79,1700,780.41,1696,410000,1704,780.41
11832,Gwynneville,2021-07-01,724,997.14,720,997.14,664,674000,726,995.75
11832,Gwynneville,2022-07-01,731,1254.26,727,1254.26,670,803000,733,1254.26
11832,Gwynneville,2023-07-01,727,1096.55,723,1096.55,666,728000,729,1096.55
11832,Gwynneville,2024-07-01,740,1208.99,736,1208.99,678,827500,742,1208.99
11832,Gwynneville,2025-07-01,740,1183.86,736,1183.86,678,810500,742,1183.86
11833,Gymea,2021-07-01,1575,1706.74,1564,1702.53,1371,989000,1579,1706.74
11833,Gymea,2022-07-01,1647,1894.33,1636,1894.33,1442,1090000,1651,1894.33
11833,Gymea,2023-07-01,1628,1772.68,1617,1772.68,1423,1020000,1632,1772.68
11833,Gymea,2024-07-01,1679,1883.44,1668,1883.44,1473,1080000,1683,1883.44
11833,Gymea,2025-07-01,1679,2020.73,1657,2020.73,1473,1150000,1683,2020.73
11834,Gymea Bay,2021-07-01,1092,1702.06,1087,1702.06,1033,1100000,1093,1702.06
11834,Gymea Bay,2022-07-01,1140,1856.82,1135,1856.63,1079,1200000,1141,1856.63
11834,Gymea Bay,2023-07-01,1128,1773.16,1123,1773.16,1067,1140000,1129,1773.16
11834,Gymea Bay,2024-07-01,1155,1945.42,1150,1942.16,1094,1240000,1156,1944.00
11834,Gymea Bay,2025-07-01,1155,2030.96,1135,2029.39,1094,1300000,1156,2030.18
11835,Haberfield,2021-07-01,2094,2984.69,2064,2985.52,2078,2010000,2102,2979.88
11835,Haberfield,2022-07-01,2133,3602.34,2103,3602.34,2116,2400000,2142,3602.34
11835,Haberfield,2023-07-01,2133,3530.58,2103,3530.58,2116,2295000,2142,3530.58
11835,Haberfield,2024-07-01,2138,3774.56,2108,3774.56,2121,2460000,2147,3774.56
11835,Haberfield,2025-07-01,2138,3918.08,2108,3918.08,2121,2600000,2147,3918.08
11837,Halekulani,2021-07-01,903,553.56,903,553.56,900,312000,906,553.56
11837,Halekulani,2022-07-01,906,675.77,906,675.77,903,380000,909,675.77
11837,Halekulani,2023-07-01,903,643.42,903,643.42,900,362000,906,643.42
11837,Halekulani,2024-07-01,903,686.56,903,686.56,900,386000,906,686.56
11837,Halekulani,2025-07-01,906,686.56,906,686.56,903,395000,909,686.56
11839,Hallidays Point,2021-07-01,0,,0,,0,,214,65.33
11839,Hallidays Point,2022-07-01,0,,0,,0,,216,92.30
11839,Hallidays Point,2023-07-01,0,,0,,0,,216,90.00
11839,Hallidays Point,2024-07-01,0,,0,,0,,222,90.00
11839,Hallidays Point,2025-07-01,0,,0,,0,,222,94.83
11842,Hallsville,2021-07-01,15,88.43,15,88.43,15,180000,177,12.24
11842,Hallsville,2022-07-01,37,115.46,37,115.46,37,280000,210,16.46
11842,Hallsville,2023-07-01,15,146.38,15,146.38,15,297000,181,16.28
11842,Hallsville,2024-07-01,37,135.26,37,135.26,37,328000,210,17.45
11842,Hallsville,2025-07-01,37,141.44,37,141.44,37,343000,210,17.50
11845,Hamilton (NSW),2021-07-01,1498,2016.78,1469,2028.94,1448,632000,1504,2014.73
11845,Hamilton (NSW),2022-07-01,1516,2180.79,1487,2192.74,1464,690500,1522,2178.12
11845,Hamilton (NSW),2023-07-01,1515,2125.32,1486,2131.02,1463,655000,1521,2120.93
11845,Hamilton (NSW),2024-07-01,1527,2073.08,1498,2092.90,1475,644000,1533,2066.75
11845,Hamilton (NSW),2025-07-01,1527,2130.67,1498,2154.58,1475,667000,1533,2123.95
11846,Hamilton East,2021-07-01,378,1988.49,375,1995.86,377,1060000,379,1986.25
11846,Hamilton East,2022-07-01,379,2146.49,376,2149.66,378,1140000,380,2146.49
11846,Hamilton East,2023-07-01,379,2092.31,376,2092.31,378,1110000,380,2091.37
11846,Hamilton East,2024-07-01,390,2184.15,387,2184.15,389,1160000,391,2184.15
11846,Hamilton East,2025-07-01,390,2278.29,387,2278.29,389,1210000,391,2278.29
11847,Hamilton North,2021-07-01,386,1209.34,386,1209.34,377,513000,387,1209.34
11847,Hamilton North,2022-07-01,389,1305.54,389,1305.54,379,552000,390,1305.54
11847,Hamilton North,2023-07-01,389,1259.73,389,1259.73,379,515000,390,1258.91
11847,Hamilton North,2024-07-01,390,1370.73,390,1370.73,380,554000,391,1370.42
11847,Hamilton North,2025-07-01,390,1438.26,390,1438.26,380,580000,391,1438.26
11848,Hamilton South,2021-07-01,1210,1706.46,1206,1707.63,1185,910000,1219,1701.65
11848,Hamilton South,2022-07-01,1214,1869.61,1210,1874.19,1188,987000,1223,1867.13
11848,Hamilton South,2023-07-01,1214,1776.57,1210,1776.57,1188,936000,1223,1773.91
11848,Hamilton South,2024-07-01,1217,1835.88,1213,1837.31,1191,968000,1226,1831.18
11848,Hamilton South,2025-07-01,1217,1967.46,1213,1967.46,1191,1030000,1226,1959.39
11849,Hamilton Valley,2021-07-01,306,167.67,291,163.21,304,120000,337,162.10
11849,Hamilton Valley,2022-07-01,350,230.65,335,228.42,348,163000,382,224.39
11849,Hamilton Valley,2023-07-01,350,234.30,335,231.39,348,166000,382,228.20
11849,Hamilton Valley,2024-07-01,350,240.26,335,237.47,348,170000,382,234.70
11849,Hamilton Valley,2025-07-01,350,283.78,335,279.94,348,205000,382,273.32
11850,Hamlyn Terrace,2021-07-01,2911,724.01,2910,724.01,2903,402000,2946,721.17
11850,Hamlyn Terrace,2022-07-01,3035,807.81,3034,807.93,3026,442000,3076,804.95
11850,Hamlyn Terrace,2023-07-01,3010,753.57,3009,753.57,3001,410000,3050,750.35
11850,Hamlyn Terrace,2024-07-01,3030,788.42,3029,788.48,3021,425000,3071,787.09
11850,Hamlyn Terrace,2025-07-01,3035,851.38,3034,851.38,3026,460000,3076,849.92
11851,Hammondville,2021-07-01,902,1026.24,793,1018.01,891,595000,910,1026.24
11851,Hammondville,2022-07-01,912,1287.89,803,1259.83,901,726000,920,1287.67
11851,Hammondville,2023-07-01,908,1142.33,799,1121.45,897,639000,916,1142.31
11851,Hammondville,2024-07-01,908,1338.83,799,1311.65,897,747000,916,1337.64
11851,Hammondville,2025-07-01,912,1513.54,803,1493.05,901,855000,920,1507.21
11854,Hanging Rock,2021-07-01,0,,0,,0,,55,7.38
11854,Hanging Rock,2022-07-01,0,,0,,0,,55,10.36
11854,Hanging Rock,2023-07-01,0,,0,,0,,55,14.11
11854,Hanging Rock,2024-07-01,0,,0,,0,,55,14.77
11854,Hanging Rock,2025-07-01,0,,0,,0,,55,15.76
11857,Hanwood,2021-07-01,0,,0,,0,,239,150.74
11857,Hanwood,2022-07-01,0,,0,,0,,250,172.91
11857,Hanwood,2023-07-01,0,,0,,0,,250,172.91
11857,Hanwood,2024-07-01,0,,0,,0,,250,172.91
11857,Hanwood,2025-07-01,0,,0,,0,,250,181.06
11858,Harden,2021-07-01,671,31.62,654,31.80,671,35500,799,29.16
11858,Harden,2022-07-01,680,68.67,662,68.72,680,75650,812,61.56
11858,Harden,2023-07-01,680,95.91,662,95.99,680,106000,812,86.17
11858,Harden,2024-07-01,683,96.63,665,96.65,683,109000,819,86.96
11858,Harden,2025-07-01,683,96.63,665,96.65,683,109000,819,86.96
11859,Hardys Bay,2021-07-01,173,1764.71,172,1770.43,172,1150000,176,1747.70
11859,Hardys Bay,2022-07-01,173,2050.42,172,2053.19,172,1330000,176,2023.10
11859,Hardys Bay,2023-07-01,173,1815.13,172,1819.97,172,1180000,176,1803.17
11859,Hardys Bay,2024-07-01,173,1753.84,172,1743.02,172,1120000,176,1731.65
11859,Hardys Bay,2025-07-01,173,1628.56,172,1621.88,172,1040000,176,1614.32
11861,Hargraves,2021-07-01,0,,0,,0,,80,1.28
11861,Hargraves,2022-07-01,0,,0,,0,,81,2.41
11861,Hargraves,2023-07-01,0,,0,,0,,81,2.23
11861,Hargraves,2024-07-01,0,,0,,0,,81,2.23
11861,Hargraves,2025-07-01,0,,0,,0,,81,2.48
11865,Harrington,2021-07-01,1877,450.51,1818,444.75,1831,267000,1892,449.73
11865,Harrington,2022-07-01,2002,637.15,1820,629.08,1956,368000,2017,637.03
11865,Harrington,2023-07-01,2001,579.94,1819,571.90,1955,336000,2016,579.86
11865,Harrington,2024-07-01,2004,618.87,1822,600.13,1957,360000,2020,614.75
11865,Harrington,2025-07-01,2004,605.40,1822,589.24,1957,351000,2020,604.58
11866,Harrington Park,2021-07-01,3475,780.66,2446,768.48,3475,485000,3529,778.07
11866,Harrington Park,2022-07-01,3487,1086.60,2458,1072.37,3487,674000,3542,1083.04
11866,Harrington Park,2023-07-01,3487,1053.75,2458,1029.61,3487,651000,3542,1051.36
11866,Harrington Park,2024-07-01,3487,1128.72,2458,1114.64,3487,702000,3542,1124.84
11866,Harrington Park,2025-07-01,3487,1212.55,2458,1187.88,3487,747000,3542,1208.58
11867,Harris Park,2021-07-01,418,1809.01,261,1690.39,308,863000,422,1796.19
11867,Harris Park,2022-07-01,420,2095.46,263,1979.08,310,1110000,425,2090.53
11867,Harris Park,2023-07-01,420,2034.84,263,1951.51,310,1060000,425,2026.03
11867,Harris Park,2024-07-01,420,2116.23,263,1989.25,310,1150000,425,2109.45
11867,Harris Park,2025-07-01,420,2198.25,263,2041.59,310,1160000,425,2194.87
11868,Hartley (NSW),2021-07-01,0,,0,,0,,108,16.95
11868,Hartley (NSW),2022-07-01,0,,0,,0,,112,23.83
11868,Hartley (NSW),2023-07-01,0,,0,,0,,108,24.75
11868,Hartley (NSW),2024-07-01,0,,0,,0,,110,26.84
11868,Hartley (NSW),2025-07-01,0,,0,,0,,112,26.95
11872,Harwood,2021-07-01,63,212.04,62,212.35,63,136000,67,201.50
11872,Harwood,2022-07-01,65,285.31,64,286.01,65,187000,69,271.71
11872,Harwood,2023-07-01,63,283.55,62,283.55,63,188000,67,281.99
11872,Harwood,2024-07-01,63,283.55,62,283.55,63,188000,67,281.99
11872,Harwood,2025-07-01,65,266.60,64,267.20,65,177000,69,253.40
11873,Hassall Grove,2021-07-01,1254,759.72,1254,759.72,1245,429000,1255,759.72
11873,Hassall Grove,2022-07-01,1255,892.40,1255,892.40,1245,504000,1256,892.40
11873,Hassall Grove,2023-07-01,1254,881.50,1254,881.50,1245,498000,1255,881.50
11873,Hassall Grove,2024-07-01,1255,1003.27,1255,1003.27,1245,567000,1256,1003.27
11873,Hassall Grove,2025-07-01,1255,1161.40,1255,1161.40,1245,656000,1256,1161.40
11875,Hastings Point,2021-07-01,94,1137.08,93,1132.64,77,932000,97,1116.60
11875,Hastings Point,2022-07-01,94,1799.63,92,1766.25,77,1490000,97,1753.84
11875,Hastings Point,2023-07-01,94,1718.61,93,1709.65,77,1410000,97,1689.72
11875,Hastings Point,2024-07-01,94,1718.61,92,1699.68,77,1410000,97,1689.72
11875,Hastings Point,2025-07-01,94,1823.63,92,1811.37,77,1500000,97,1809.37
11876,Hat Head,2021-07-01,0,,0,,0,,303,487.65
11876,Hat Head,2022-07-01,0,,0,,0,,307,655.86
11876,Hat Head,2023-07-01,0,,0,,0,,305,655.86
11876,Hat Head,2024-07-01,0,,0,,0,,305,699.07
11876,Hat Head,2025-07-01,0,,0,,0,,307,804.01
11880,Hawks Nest,2021-07-01,1163,749.80,1160,749.56,1068,439000,1170,749.46
11880,Hawks Nest,2022-07-01,1165,886.05,1162,886.05,1070,525000,1174,886.05
11880,Hawks Nest,2023-07-01,1165,808.77,1162,808.77,1070,479000,1172,808.77
11880,Hawks Nest,2024-07-01,1165,911.21,1162,911.21,1070,540000,1174,911.21
11880,Hawks Nest,2025-07-01,1165,911.21,1162,911.21,1070,540000,1174,911.21
11881,Hay (NSW),2021-07-01,0,,0,,0,,1123,16.46
11881,Hay (NSW),2022-07-01,0,,0,,0,,1153,26.05
11881,Hay (NSW),2023-07-01,0,,0,,0,,1151,26.01
11881,Hay (NSW),2024-07-01,0,,0,,0,,1153,27.24
11881,Hay (NSW),2025-07-01,0,,0,,0,,1153,40.71
11882,Hay South,2021-07-01,0,,0,,0,,126,13.77
11882,Hay South,2022-07-01,0,,0,,0,,140,22.69
11882,Hay South,2023-07-01,0,,0,,0,,140,22.66
11882,Hay South,2024-07-01,0,,0,,0,,140,23.75
11882,Hay South,2025-07-01,0,,0,,0,,140,27.76
11887,Haywards Bay,2021-07-01,431,752.55,430,752.55,427,420000,431,752.55
11887,Haywards Bay,2022-07-01,434,842.29,433,842.29,430,470000,434,842.29
11887,Haywards Bay,2023-07-01,434,878.14,433,878.14,430,490000,434,878.14
11887,Haywards Bay,2024-07-01,434,958.78,433,958.78,430,535000,434,958.78
11887,Haywards Bay,2025-07-01,434,949.82,433,949.82,430,530000,434,949.82
11888,Hazelbrook,2021-07-01,345,383.73,337,383.84,340,268000,348,383.17
11888,Hazelbrook,2022-07-01,347,657.52,339,657.71,342,460000,350,657.52
11888,Hazelbrook,2023-07-01,347,603.80,339,603.80,342,420000,350,603.80
11888,Hazelbrook,2024-07-01,347,610.98,339,610.98,342,425000,350,610.98
11888,Hazelbrook,2025-07-01,347,610.98,339,610.98,342,425000,350,610.98
11890,Heathcote (NSW),2021-07-01,205,1200.23,204,1195.55,194,775000,205,1200.23
11890,Heathcote (NSW),2022-07-01,213,1361.65,212,1357.89,200,874000,213,1361.65
11890,Heathcote (NSW),2023-07-01,209,1249.17,208,1248.71,196,799000,209,1249.17
11890,Heathcote (NSW),2024-07-01,217,1331.04,216,1331.04,204,850000,217,1331.04
11890,Heathcote (NSW),2025-07-01,217,1331.04,215,1331.04,204,850000,217,1331.04
11891,Heatherbrae,2021-07-01,40,400.63,40,400.63,40,152000,83,119.48
11891,Heatherbrae,2022-07-01,88,605.74,88,605.74,88,390000,131,558.44
11891,Heatherbrae,2023-07-01,40,595.68,40,595.68,40,226000,83,150.67
11891,Heatherbrae,2024-07-01,40,651.03,40,651.03,40,247000,83,156.91
11891,Heatherbrae,2025-07-01,88,702.72,88,702.72,88,450000,131,644.92
11893,Hebersham,2021-07-01,1671,537.41,1670,537.41,1668,320000,1677,537.41
11893,Hebersham,2022-07-01,1675,707.48,1674,707.48,1672,422000,1681,707.48
11893,Hebersham,2023-07-01,1675,744.90,1674,744.90,1672,445000,1681,744.90
11893,Hebersham,2024-07-01,1675,879.25,1674,879.25,1672,525000,1681,879.25
11893,Hebersham,2025-07-01,1675,920.07,1674,920.07,1672,550000,1681,920.07
11894,Heckenberg,2021-07-01,855,823.72,855,823.72,855,500000,857,823.72
11894,Heckenberg,2022-07-01,858,1040.45,858,1040.45,858,625000,860,1040.45
11894,Heckenberg,2023-07-01,858,915.60,858,915.60,858,550000,860,915.60
11894,Heckenberg,2024-07-01,858,998.15,858,998.15,858,600000,860,998.07
11894,Heckenberg,2025-07-01,858,1110.57,858,1110.57,858,670000,860,1108.02
11895,Heddon Greta,2021-07-01,1103,333.58,1041,333.58,1084,235000,1128,333.58
11895,Heddon Greta,2022-07-01,1372,610.54,1310,601.30,1347,400000,1402,606.80
11895,Heddon Greta,2023-07-01,1306,554.25,1302,554.20,1283,364000,1333,549.23
11895,Heddon Greta,2024-07-01,1307,576.98,1303,576.78,1283,379000,1334,572.09
11895,Heddon Greta,2025-07-01,1372,593.18,1368,592.69,1347,395000,1402,590.37
11897,Helensburgh,2021-07-01,1874,1111.30,1854,1111.30,1808,690000,1883,1109.60
11897,Helensburgh,2022-07-01,1891,1471.12,1869,1471.12,1821,909000,1900,1471.12
11897,Helensburgh,2023-07-01,1889,1332.94,1867,1334.42,1819,822000,1898,1332.32
11897,Helensburgh,2024-07-01,1898,1378.96,1876,1380.56,1826,849000,1907,1376.91
11897,Helensburgh,2025-07-01,1898,1347.72,1876,1349.26,1826,830000,1907,1346.60
11898,Henley,2021-07-01,141,3864.77,129,3934.43,137,2640000,144,3842.82
11898,Henley,2022-07-01,141,4688.59,129,4740.10,137,3230000,144,4645.56
11898,Henley,2023-07-01,141,4669.55,129,4671.41,137,3120000,144,4638.58
11898,Henley,2024-07-01,141,4730.47,129,4734.96,137,3120000,144,4708.34
11898,Henley,2025-07-01,141,5234.42,129,5283.29,137,3490000,144,5229.27
11899,Henty (NSW),2021-07-01,0,,0,,0,,611,38.13
11899,Henty (NSW),2022-07-01,0,,0,,0,,649,72.83
11899,Henty (NSW),2023-07-01,0,,0,,0,,649,80.24
11899,Henty (NSW),2024-07-01,0,,0,,0,,649,82.87
11899,Henty (NSW),2025-07-01,0,,0,,0,,649,85.58
11901,Hermidale,2021-07-01,0,,0,,0,,60,1.98
11901,Hermidale,2022-07-01,0,,0,,0,,60,1.98
11901,Hermidale,2023-07-01,0,,0,,0,,60,3.95
11901,Hermidale,2024-07-01,0,,0,,0,,60,3.95
11901,Hermidale,2025-07-01,0,,0,,0,,60,3.95
11902,Hermitage Flat,2021-07-01,51,177.96,51,177.96,51,84500,51,177.96
11902,Hermitage Flat,2022-07-01,51,254.53,51,254.53,51,120000,52,253.78
11902,Hermitage Flat,2023-07-01,51,272.78,51,272.78,51,134000,52,271.36
11902,Hermitage Flat,2024-07-01,51,291.32,51,291.32,51,143000,52,289.10
11902,Hermitage Flat,2025-07-01,51,326.02,51,326.02,51,160000,52,323.30
11904,Herons Creek,2021-07-01,0,,0,,0,,13,110.94
11904,Herons Creek,2022-07-01,0,,0,,0,,16,163.15
11904,Herons Creek,2023-07-01,0,,0,,0,,16,163.15
11904,Herons Creek,2024-07-01,0,,0,,0,,16,163.15
11904,Herons Creek,2025-07-01,0,,0,,0,,16,163.15
11909,Highfields (NSW),2021-07-01,334,796.89,333,796.20,329,530000,338,783.94
11909,Highfields (NSW),2022-07-01,334,926.16,333,925.47,329,616000,338,911.23
11909,Highfields (NSW),2023-07-01,334,879.40,333,878.71,329,585000,338,865.30
11909,Highfields (NSW),2024-07-01,334,909.65,333,908.97,329,605000,338,894.62
11909,Highfields (NSW),2025-07-01,334,909.65,334,909.65,329,605000,338,898.71
11910,Hill End (NSW),2021-07-01,0,,0,,0,,75,24.24
11910,Hill End (NSW),2022-07-01,0,,0,,0,,81,40.28
11910,Hill End (NSW),2023-07-01,0,,0,,0,,79,39.53
11910,Hill End (NSW),2024-07-01,0,,0,,0,,83,40.77
11910,Hill End (NSW),2025-07-01,0,,0,,0,,83,46.95
11912,Hill Top (Wingecarribee - NSW),2021-07-01,797,389.76,797,389.76,796,380000,931,368.19
11912,Hill Top (Wingecarribee - NSW),2022-07-01,801,441.67,801,441.67,800,438000,943,415.34
11912,Hill Top (Wingecarribee - NSW),2023-07-01,801,433.30,800,433.47,800,433000,937,410.66
11912,Hill Top (Wingecarribee - NSW),2024-07-01,801,427.22,800,427.41,800,429000,939,404.41
11912,Hill Top (Wingecarribee - NSW),2025-07-01,801,449.52,800,449.76,800,450000,943,427.39
11914,Hillgrove (Armidale Regional - NSW),2021-07-01,0,,0,,0,,103,23.80
11914,Hillgrove (Armidale Regional - NSW),2022-07-01,0,,0,,0,,122,39.82
11914,Hillgrove (Armidale Regional - NSW),2023-07-01,0,,0,,0,,120,39.61
11914,Hillgrove (Armidale Regional - NSW),2024-07-01,0,,0,,0,,122,43.06
11914,Hillgrove (Armidale Regional - NSW),2025-07-01,0,,0,,0,,122,43.15
11916,Hillsborough (Lake Macquarie - NSW),2021-07-01,237,564.42,237,564.42,237,414000,237,564.42
11916,Hillsborough (Lake Macquarie - NSW),2022-07-01,239,648.94,239,648.94,239,476000,239,648.94
11916,Hillsborough (Lake Macquarie - NSW),2023-07-01,237,642.13,237,642.13,237,471000,237,642.13
11916,Hillsborough (Lake Macquarie - NSW),2024-07-01,239,681.66,239,681.66,239,500000,239,681.66
11916,Hillsborough (Lake Macquarie - NSW),2025-07-01,239,749.83,239,749.83,239,550000,239,749.83
11918,Hillsdale,2021-07-01,340,2582.02,340,2582.02,154,1230000,345,2572.57
11918,Hillsdale,2022-07-01,346,2932.40,346,2932.40,159,1330000,351,2926.60
11918,Hillsdale,2023-07-01,343,2806.36,343,2806.36,156,1285000,348,2788.50
11918,Hillsdale,2024-07-01,346,2848.90,346,2848.90,159,1420000,351,2839.35
11918,Hillsdale,2025-07-01,346,2886.14,346,2886.14,159,1430000,351,2876.71
11919,Hillston,2021-07-01,0,,0,,0,,510,23.52
11919,Hillston,2022-07-01,0,,0,,0,,532,26.98
11919,Hillston,2023-07-01,0,,0,,0,,532,26.98
11919,Hillston,2024-07-01,0,,0,,0,,532,26.98
11919,Hillston,2025-07-01,0,,0,,0,,532,29.58
11921,Hillvue,2021-07-01,2573,189.43,2218,184.48,2556,141000,2692,187.60
11921,Hillvue,2022-07-01,2595,246.23,2226,239.10,2578,181000,2717,243.77
11921,Hillvue,2023-07-01,2591,246.38,2222,239.70,2574,181000,2710,244.17
11921,Hillvue,2024-07-01,2595,249.61,2472,247.06,2578,181000,2717,247.04
11921,Hillvue,2025-07-01,2595,255.76,2502,253.68,2578,186000,2717,253.04
11922,Hinchinbrook (NSW),2021-07-01,3106,878.78,3074,873.97,3065,475000,3116,878.15
11922,Hinchinbrook (NSW),2022-07-01,3125,1062.26,3090,1058.25,3084,571000,3135,1060.05
11922,Hinchinbrook (NSW),2023-07-01,3118,996.91,3084,992.75,3077,543000,3128,996.45
11922,Hinchinbrook (NSW),2024-07-01,3118,1075.30,3084,1072.21,3077,592000,3128,1073.90
11922,Hinchinbrook (NSW),2025-07-01,3125,1250.19,3090,1242.74,3084,681000,3135,1247.47
11923,Hinton,2021-07-01,0,,0,,0,,146,219.54
11923,Hinton,2022-07-01,0,,0,,0,,150,325.59
11923,Hinton,2023-07-01,0,,0,,0,,150,314.77
11923,Hinton,2024-07-01,0,,0,,0,,150,314.77
11923,Hinton,2025-07-01,0,,0,,0,,150,320.59
11924,Hobartville,2021-07-01,1066,701.91,1065,701.91,1056,399000,1066,701.91
11924,Hobartville,2022-07-01,1072,945.35,1071,945.35,1062,538000,1072,945.35
11924,Hobartville,2023-07-01,1072,875.07,1072,875.07,1062,498000,1072,875.07
11924,Hobartville,2024-07-01,1075,875.07,1075,875.07,1064,498000,1075,875.07
11924,Hobartville,2025-07-01,1075,917.24,1075,917.24,1064,522000,1075,917.24
11927,Holbrook,2021-07-01,0,,0,,0,,797,42.20
11927,Holbrook,2022-07-01,0,,0,,0,,830,65.63
11927,Holbrook,2023-07-01,0,,0,,0,,830,99.80
11927,Holbrook,2024-07-01,0,,0,,0,,830,104.91
11927,Holbrook,2025-07-01,0,,0,,0,,830,108.84
11931,Holmesville,2021-07-01,508,401.53,501,401.53,508,325000,518,401.53
11931,Holmesville,2022-07-01,521,497.90,514,497.90,521,403000,531,497.90
11931,Holmesville,2023-07-01,514,497.90,507,497.90,514,403000,524,497.90
11931,Holmesville,2024-07-01,519,544.85,512,544.85,519,441000,529,544.85
11931,Holmesville,2025-07-01,521,520.14,514,520.14,521,421000,531,520.14
11932,Holroyd,2021-07-01,139,1233.94,135,1200.01,125,722000,139,1233.94
11932,Holroyd,2022-07-01,141,1673.98,137,1574.96,127,855000,141,1673.98
11932,Holroyd,2023-07-01,141,1512.07,137,1423.39,127,772000,141,1512.07
11932,Holroyd,2024-07-01,141,1655.27,137,1607.91,127,850000,141,1655.27
11932,Holroyd,2025-07-01,141,1728.23,137,1696.87,127,901000,141,1728.23
11933,Holsworthy,2021-07-01,1387,1227.15,1237,1203.48,1348,692000,1392,1224.31
11933,Holsworthy,2022-07-01,1451,1485.43,1301,1456.53,1410,836000,1456,1485.43
11933,Holsworthy,2023-07-01,1437,1291.76,1287,1268.87,1396,727000,1442,1291.76
11933,Holsworthy,2024-07-01,1437,1522.74,1287,1490.75,1396,857000,1442,1522.47
11933,Holsworthy,2025-07-01,1451,1726.52,1301,1696.51,1410,976000,1456,1724.79
11936,Homebush (NSW),2021-07-01,659,2545.77,633,2577.24,592,1680000,664,2541.61
11936,Homebush (NSW),2022-07-01,660,3264.40,633,3265.81,592,2165000,665,3262.54
11936,Homebush (NSW),2023-07-01,660,2960.26,633,2970.78,592,1975000,665,2958.58
11936,Homebush (NSW),2024-07-01,660,3436.16,633,3473.17,592,2330000,665,3436.16
11936,Homebush (NSW),2025-07-01,660,3718.45,633,3729.01,592,2510000,665,3716.37
11937,Homebush West,2021-07-01,294,2705.63,288,2735.99,184,1340000,300,2694.51
11937,Homebush West,2022-07-01,296,3041.07,290,3041.07,185,1820000,304,3041.01
11937,Homebush West,2023-07-01,296,2813.38,291,2813.38,185,1690000,303,2793.50
11937,Homebush West,2024-07-01,296,3282.98,291,3290.68,185,1950000,303,3257.23
11937,Homebush West,2025-07-01,296,3250.08,291,3250.08,185,2010000,304,3250.01
11942,Horningsea Park,2021-07-01,1046,1041.93,1046,1041.93,1045,490000,1050,1040.67
11942,Horningsea Park,2022-07-01,1167,1176.22,1167,1176.22,1166,544000,1177,1174.91
11942,Horningsea Park,2023-07-01,1167,1176.22,1167,1176.22,1166,544000,1177,1174.91
11942,Horningsea Park,2024-07-01,1167,1282.16,1167,1282.16,1166,593000,1177,1280.92
11942,Horningsea Park,2025-07-01,1167,1431.35,1167,1431.35,1166,662000,1177,1428.89
11943,Hornsby,2021-07-01,3447,1227.13,3383,1228.53,3165,936000,3501,1223.43
11943,Hornsby,2022-07-01,3480,1492.54,3416,1495.41,3196,1150000,3536,1488.37
11943,Hornsby,2023-07-01,3480,1471.50,3416,1474.33,3196,1120000,3536,1466.06
11943,Hornsby,2024-07-01,3497,1619.69,3433,1620.70,3211,1240000,3553,1612.06
11943,Hornsby,2025-07-01,3497,1638.23,3433,1642.82,3211,1250000,3553,1630.17
11944,Hornsby Heights,2021-07-01,2088,928.12,2076,926.05,2062,804000,2097,926.25
11944,Hornsby Heights,2022-07-01,2094,1202.73,2082,1202.34,2068,1040000,2104,1202.34
11944,Hornsby Heights,2023-07-01,2094,1145.98,2082,1143.95,2068,993000,2104,1143.95
11944,Hornsby Heights,2024-07-01,2094,1259.51,2082,1256.81,2068,1090000,2104,1256.81
11944,Hornsby Heights,2025-07-01,2094,1280.27,2082,1278.16,2068,1110000,2104,1278.16
11945,Horse Station Creek,2021-07-01,0,,0,,0,,14,13.62
11945,Horse Station Creek,2022-07-01,0,,0,,0,,16,20.36
11945,Horse Station Creek,2023-07-01,0,,0,,0,,16,20.36
11945,Horse Station Creek,2024-07-01,0,,0,,0,,16,21.26
11945,Horse Station Creek,2025-07-01,0,,0,,0,,16,22.64
11946,Horseshoe Bend,2021-07-01,191,273.34,184,273.67,191,160000,195,260.02
11946,Horseshoe Bend,2022-07-01,208,491.51,200,497.42,207,298000,212,488.17
11946,Horseshoe Bend,2023-07-01,205,485.57,197,485.57,205,298000,209,477.24
11946,Horseshoe Bend,2024-07-01,205,542.34,197,542.34,205,333000,209,533.04
11946,Horseshoe Bend,2025-07-01,208,539.33,200,542.54,207,333000,212,530.84
11948,Horsfield Bay,2021-07-01,207,575.92,206,571.77,206,481000,208,571.77
11948,Horsfield Bay,2022-07-01,208,660.13,207,657.88,207,543000,209,657.88
11948,Horsfield Bay,2023-07-01,208,696.01,207,695.90,207,553000,209,695.90
11948,Horsfield Bay,2024-07-01,208,674.23,207,674.08,207,536000,209,674.08
11948,Horsfield Bay,2025-07-01,208,694.79,207,694.77,207,553000,209,694.77
11949,Horsley,2021-07-01,3190,675.63,3190,675.63,3154,388500,3216,675.13
11949,Horsley,2022-07-01,3346,914.39,3346,914.39,3307,522000,3375,912.50
11949,Horsley,2023-07-01,3303,856.67,3303,856.67,3267,494000,3332,854.19
11949,Horsley,2024-07-01,3392,893.97,3391,894.06,3350,508000,3421,892.89
11949,Horsley,2025-07-01,3392,877.91,3391,878.11,3350,500000,3421,875.80
11950,Horsley Park,2021-07-01,0,,0,,0,,13,800.81
11950,Horsley Park,2022-07-01,0,,0,,0,,13,962.31
11950,Horsley Park,2023-07-01,0,,0,,0,,13,1002.69
11950,Horsley Park,2024-07-01,0,,0,,0,,13,1120.46
11950,Horsley Park,2025-07-01,0,,0,,0,,13,1177.66
11953,Howards Grass,2021-07-01,29,203.55,29,203.55,29,184000,32,195.91
11953,Howards Grass,2022-07-01,29,297.04,29,297.04,29,268000,32,285.54
11953,Howards Grass,2023-07-01,29,262.72,29,262.72,29,237000,32,253.31
11953,Howards Grass,2024-07-01,29,262.72,29,262.72,29,237000,32,253.31
11953,Howards Grass,2025-07-01,29,280.47,29,280.47,29,253000,32,270.44
11957,Howlong,2021-07-01,1120,85.91,1104,85.66,1092,101000,1278,76.27
11957,Howlong,2022-07-01,1164,140.72,1146,140.00,1134,158000,1327,129.20
11957,Howlong,2023-07-01,1164,146.07,1146,145.85,1134,165000,1327,133.47
11957,Howlong,2024-07-01,1164,153.35,1146,153.16,1134,178500,1327,135.75
11957,Howlong,2025-07-01,1164,156.25,1146,156.13,1134,182000,1327,137.55
11958,Hoxton Park,2021-07-01,1249,956.56,1212,952.48,1244,445000,1257,955.48
11958,Hoxton Park,2022-07-01,1293,1192.32,1256,1185.80,1288,553000,1303,1190.78
11958,Hoxton Park,2023-07-01,1293,1186.94,1256,1180.01,1288,550000,1303,1184.91
11958,Hoxton Park,2024-07-01,1293,1401.73,1256,1395.03,1288,650000,1303,1399.66
11958,Hoxton Park,2025-07-01,1293,1509.43,1256,1502.20,1288,700000,1303,1507.87
11959,Humula,2021-07-01,0,,0,,0,,47,5.53
11959,Humula,2022-07-01,0,,0,,0,,49,8.90
11959,Humula,2023-07-01,0,,0,,0,,49,8.90
11959,Humula,2024-07-01,0,,0,,0,,49,8.90
11959,Humula,2025-07-01,0,,0,,0,,49,8.90
11961,Hunters Hill,2021-07-01,2380,3146.95,2098,3162.76,2267,2140000,2401,3141.70
11961,Hunters Hill,2022-07-01,2396,3720.93,2114,3736.19,2281,2530000,2417,3715.73
11961,Hunters Hill,2023-07-01,2384,3715.32,2102,3744.44,2270,2560000,2405,3700.77
11961,Hunters Hill,2024-07-01,2390,3898.47,2108,3923.54,2276,2690000,2411,3891.47
11961,Hunters Hill,2025-07-01,2396,4220.18,2114,4229.84,2281,2850000,2417,4220.18
11962,Hunterview,2021-07-01,1117,236.58,1115,236.65,1044,189000,1129,236.19
11962,Hunterview,2022-07-01,1175,415.04,1173,415.09,1102,337000,1191,413.80
11962,Hunterview,2023-07-01,1175,413.97,1174,414.05,1102,337000,1191,413.20
11962,Hunterview,2024-07-01,1175,400.29,1174,400.30,1102,326000,1191,399.95
11962,Hunterview,2025-07-01,1175,406.71,1174,406.77,1102,331000,1191,406.20
11966,Huntley (Wollongong - NSW),2021-07-01,73,829.97,73,829.97,73,360000,84,824.84
11966,Huntley (Wollongong - NSW),2022-07-01,275,1123.46,275,1123.46,275,475000,290,1114.64
11966,Huntley (Wollongong - NSW),2023-07-01,187,1087.54,187,1087.54,187,457000,199,1071.88
11966,Huntley (Wollongong - NSW),2024-07-01,336,1112.00,336,1112.00,335,480000,356,1112.00
11966,Huntley (Wollongong - NSW),2025-07-01,336,1113.79,336,1113.79,335,480000,356,1112.00
11967,Huntleys Cove,2021-07-01,13,3021.75,10,2909.65,6,,20,2701.93
11967,Huntleys Cove,2022-07-01,13,3671.28,10,3526.89,6,,20,3268.75
11967,Huntleys Cove,2023-07-01,13,3530.08,10,3392.71,6,,20,3146.38
11967,Huntleys Cove,2024-07-01,13,3699.52,10,3553.73,6,,20,3255.34
11967,Huntleys Cove,2025-07-01,13,3784.24,10,3634.24,6,,20,3358.81
11968,Huntleys Point,2021-07-01,62,4091.03,59,4154.56,61,3970000,62,4091.03
11968,Huntleys Point,2022-07-01,62,4832.78,59,4902.74,61,4690000,62,4832.78
11968,Huntleys Point,2023-07-01,62,4972.44,59,5015.40,61,4890000,62,4972.44
11968,Huntleys Point,2024-07-01,62,5187.85,59,5279.41,61,5160000,62,5187.85
11968,Huntleys Point,2025-07-01,62,5710.74,59,5791.74,61,5550000,62,5710.74
11970,Hurlstone Park,2021-07-01,1271,3099.51,1235,3099.51,1228,1430000,1274,3099.07
11970,Hurlstone Park,2022-07-01,1274,3434.85,1238,3449.03,1231,1600000,1277,3433.64
11970,Hurlstone Park,2023-07-01,1274,3297.34,1238,3320.31,1231,1540000,1277,3292.71
11970,Hurlstone Park,2024-07-01,1274,3573.52,1238,3592.95,1231,1680000,1277,3573.52
11970,Hurlstone Park,2025-07-01,1274,3777.30,1238,3791.83,1231,1780000,1277,3777.15
11971,Hurstville,2021-07-01,4089,2290.38,4035,2295.08,3707,1180000,4094,2290.38
11971,Hurstville,2022-07-01,4145,2529.82,4090,2533.54,3761,1310000,4150,2529.69
11971,Hurstville,2023-07-01,4120,2308.01,4065,2309.24,3736,1190000,4125,2307.90
11971,Hurstville,2024-07-01,4134,2466.26,4079,2466.38,3750,1280000,4139,2466.13
11971,Hurstville,2025-07-01,4145,2613.89,4089,2615.72,3761,1340000,4150,2613.89
11972,Hurstville Grove,2021-07-01,804,2014.32,779,2014.32,781,1220000,805,2014.32
11972,Hurstville Grove,2022-07-01,845,2253.03,820,2253.03,822,1320000,846,2253.03
11972,Hurstville Grove,2023-07-01,829,2030.91,804,2029.83,806,1190000,830,2029.83
11972,Hurstville Grove,2024-07-01,839,2144.56,814,2144.15,816,1265000,840,2144.15
11972,Hurstville Grove,2025-07-01,845,2284.31,820,2283.43,822,1330000,846,2283.43
11973,Huskisson,2021-07-01,404,1384.19,350,1313.07,378,993000,407,1383.40
11973,Huskisson,2022-07-01,424,1889.95,361,1792.57,397,1350000,427,1889.54
11973,Huskisson,2023-07-01,409,1487.16,349,1458.20,383,1070000,412,1485.56
11973,Huskisson,2024-07-01,420,1366.67,356,1325.99,393,1030000,423,1359.30
11973,Huskisson,2025-07-01,425,1390.85,361,1348.34,398,1050000,428,1383.40
11974,Hyams Beach,2021-07-01,236,2252.90,220,2229.54,233,1580000,236,2252.90
11974,Hyams Beach,2022-07-01,236,2242.67,220,2221.21,233,1580000,236,2242.67
11974,Hyams Beach,2023-07-01,236,1763.36,220,1748.55,233,1240000,236,1763.36
11974,Hyams Beach,2024-07-01,236,1912.47,220,1887.02,233,1350000,236,1912.47
11974,Hyams Beach,2025-07-01,236,2017.72,220,1980.33,233,1410000,236,2017.72
11976,Hyland Park,2021-07-01,223,295.08,205,306.05,220,192000,228,295.01
11976,Hyland Park,2022-07-01,223,460.66,205,477.91,220,300000,228,460.54
11976,Hyland Park,2023-07-01,223,460.66,205,477.91,220,303000,228,460.54
11976,Hyland Park,2024-07-01,223,460.66,205,477.91,220,304000,228,460.54
11976,Hyland Park,2025-07-01,223,468.85,205,485.45,220,309000,228,468.74
11978,Ilarwill,2021-07-01,51,232.44,51,232.44,51,192000,101,114.42
11978,Ilarwill,2022-07-01,57,315.22,57,315.22,57,261000,116,147.31
11978,Ilarwill,2023-07-01,53,306.12,53,306.12,53,249000,110,127.87
11978,Ilarwill,2024-07-01,53,277.73,53,277.73,53,249000,111,133.17
11978,Ilarwill,2025-07-01,57,311.59,57,311.59,57,280000,116,110.18
11979,Ilford,2021-07-01,0,,0,,0,,32,3.11
11979,Ilford,2022-07-01,0,,0,,0,,32,6.58
11979,Ilford,2023-07-01,0,,0,,0,,32,6.56
11979,Ilford,2024-07-01,0,,0,,0,,32,6.56
11979,Ilford,2025-07-01,0,,0,,0,,32,6.95
11980,Illabo,2021-07-01,0,,0,,0,,65,22.19
11980,Illabo,2022-07-01,0,,0,,0,,76,42.97
11980,Illabo,2023-07-01,0,,0,,0,,75,40.84
11980,Illabo,2024-07-01,0,,0,,0,,76,40.75
11980,Illabo,2025-07-01,0,,0,,0,,76,40.25
11982,Illawong,2021-07-01,116,1221.77,116,1221.77,113,850000,117,1219.98
11982,Illawong,2022-07-01,116,1365.63,116,1365.63,113,950000,117,1363.77
11982,Illawong,2023-07-01,116,1307.94,116,1307.94,113,910000,117,1305.96
11982,Illawong,2024-07-01,116,1307.94,116,1307.94,113,910000,117,1309.92
11982,Illawong,2025-07-01,116,1321.81,116,1321.81,113,920000,117,1319.30
11983,Iluka (NSW),2021-07-01,903,440.13,894,440.56,854,334000,909,439.47
11983,Iluka (NSW),2022-07-01,997,629.03,988,627.51,943,451000,1004,627.51
11983,Iluka (NSW),2023-07-01,991,606.44,982,605.63,939,436000,998,605.63
11983,Iluka (NSW),2024-07-01,997,486.20,988,484.45,943,350000,1004,484.45
11983,Iluka (NSW),2025-07-01,997,524.64,988,523.16,943,381000,1004,523.16
11987,Ingleburn,2021-07-01,3872,861.32,3861,861.33,3756,514000,3909,860.62
11987,Ingleburn,2022-07-01,4038,1085.47,4027,1085.47,3920,644000,4082,1083.78
11987,Ingleburn,2023-07-01,4023,1000.48,4014,1000.47,3905,591000,4067,1000.15
11987,Ingleburn,2024-07-01,4023,1124.87,4013,1124.87,3905,664000,4067,1124.06
11987,Ingleburn,2025-07-01,4038,1235.42,4028,1235.31,3920,730000,4082,1233.05
11990,Inverell,2021-07-01,3730,86.76,3538,85.76,3712,70900,4773,79.55
11990,Inverell,2022-07-01,3763,120.77,3570,119.70,3743,98600,4845,110.95
11990,Inverell,2023-07-01,3756,120.73,3563,119.65,3737,98600,4827,110.99
11990,Inverell,2024-07-01,3763,121.99,3570,120.89,3743,101000,4845,112.41
11990,Inverell,2025-07-01,3763,122.20,3691,122.14,3743,101000,4845,112.58
11992,Invergowrie,2021-07-01,0,,0,,0,,329,6.70
11992,Invergowrie,2022-07-01,0,,0,,0,,329,9.12
11992,Invergowrie,2023-07-01,0,,0,,0,,329,9.12
11992,Invergowrie,2024-07-01,0,,0,,0,,329,9.75
11992,Invergowrie,2025-07-01,0,,0,,0,,329,11.57
11999,Islington,2021-07-01,602,2062.15,591,2061.80,591,547000,604,2061.44
11999,Islington,2022-07-01,625,2311.90,614,2310.95,613,608000,627,2310.00
11999,Islington,2023-07-01,611,2216.67,601,2213.78,599,588000,613,2213.78
11999,Islington,2024-07-01,634,2267.45,624,2260.90,621,588000,636,2260.90
11999,Islington,2025-07-01,634,2545.26,624,2543.87,621,637000,636,2543.87
12000,Ivanhoe (NSW),2021-07-01,0,,0,,0,,189,0.37
12000,Ivanhoe (NSW),2022-07-01,0,,0,,0,,193,0.74
12000,Ivanhoe (NSW),2023-07-01,0,,0,,0,,193,0.74
12000,Ivanhoe (NSW),2024-07-01,0,,0,,0,,193,0.74
12000,Ivanhoe (NSW),2025-07-01,0,,0,,0,,193,0.74
12007,Jamberoo,2021-07-01,454,653.95,446,656.23,448,560000,465,651.93
12007,Jamberoo,2022-07-01,467,894.64,459,896.44,461,760000,479,889.51
12007,Jamberoo,2023-07-01,467,901.85,459,902.85,461,765000,478,896.15
12007,Jamberoo,2024-07-01,467,900.05,459,904.63,461,779000,479,894.64
12007,Jamberoo,2025-07-01,467,885.55,459,889.79,461,765000,479,881.21
12008,James Creek,2021-07-01,0,,0,,0,,75,23.04
12008,James Creek,2022-07-01,0,,0,,0,,87,38.06
12008,James Creek,2023-07-01,0,,0,,0,,87,32.98
12008,James Creek,2024-07-01,0,,0,,0,,87,34.46
12008,James Creek,2025-07-01,0,,0,,0,,87,31.77
12009,Jamisontown,2021-07-01,1339,740.98,1339,740.98,1274,483500,1347,741.14
12009,Jamisontown,2022-07-01,1344,917.42,1344,917.42,1275,590000,1352,917.48
12009,Jamisontown,2023-07-01,1344,874.05,1344,874.05,1275,561000,1352,874.05
12009,Jamisontown,2024-07-01,1344,987.60,1344,987.60,1275,634000,1352,987.60
12009,Jamisontown,2025-07-01,1344,1101.15,1344,1101.15,1275,707000,1352,1101.15
12010,Jannali,2021-07-01,1409,1599.28,1404,1597.68,1339,944000,1413,1600.77
12010,Jannali,2022-07-01,1445,1730.63,1440,1729.82,1374,1010000,1449,1734.01
12010,Jannali,2023-07-01,1437,1686.06,1432,1684.04,1366,989000,1441,1686.07
12010,Jannali,2024-07-01,1455,1851.19,1450,1850.79,1384,1080000,1459,1851.19
12010,Jannali,2025-07-01,1455,1858.49,1432,1858.49,1384,1080000,1459,1858.49
12013,Jeir,2021-07-01,0,,0,,0,,19,125.78
12013,Jeir,2022-07-01,0,,0,,0,,19,175.91
12013,Jeir,2023-07-01,0,,0,,0,,19,175.91
12013,Jeir,2024-07-01,0,,0,,0,,19,175.91
12013,Jeir,2025-07-01,0,,0,,0,,19,161.75
12017,Jennings,2021-07-01,0,,0,,0,,84,15.11
12017,Jennings,2022-07-01,0,,0,,0,,98,21.75
12017,Jennings,2023-07-01,0,,0,,0,,94,25.70
12017,Jennings,2024-07-01,0,,0,,0,,98,26.99
12017,Jennings,2025-07-01,0,,0,,0,,98,44.46
12023,Jerilderie,2021-07-01,0,,0,,0,,487,22.73
12023,Jerilderie,2022-07-01,0,,0,,0,,492,31.72
12023,Jerilderie,2023-07-01,0,,0,,0,,492,31.72
12023,Jerilderie,2024-07-01,0,,0,,0,,492,31.72
12023,Jerilderie,2025-07-01,0,,0,,0,,492,44.37
12025,Jerrabomberra,2021-07-01,2835,612.11,2827,611.97,2780,505000,2857,611.43
12025,Jerrabomberra,2022-07-01,2836,777.30,2828,776.74,2781,644000,2858,776.34
12025,Jerrabomberra,2023-07-01,2836,778.79,2828,778.58,2781,644000,2858,777.70
12025,Jerrabomberra,2024-07-01,2836,811.73,2828,811.45,2781,676000,2858,810.78
12025,Jerrabomberra,2025-07-01,2836,811.66,2828,811.27,2781,676000,2858,810.70
12027,Jerrawa,2021-07-01,0,,0,,0,,10,17.31
12027,Jerrawa,2022-07-01,0,,0,,0,,10,21.63
12027,Jerrawa,2023-07-01,0,,0,,0,,10,41.24
12027,Jerrawa,2024-07-01,0,,0,,0,,10,41.24
12027,Jerrawa,2025-07-01,0,,0,,0,,10,41.24
12030,Jerrys Plains,2021-07-01,0,,0,,0,,76,29.41
12030,Jerrys Plains,2022-07-01,0,,0,,0,,82,70.69
12030,Jerrys Plains,2023-07-01,0,,0,,0,,78,75.63
12030,Jerrys Plains,2024-07-01,0,,0,,0,,78,89.97
12030,Jerrys Plains,2025-07-01,0,,0,,0,,82,92.13
12031,Jerseyville,2021-07-01,0,,0,,0,,29,320.36
12031,Jerseyville,2022-07-01,0,,0,,0,,29,393.35
12031,Jerseyville,2023-07-01,0,,0,,0,,29,409.57
12031,Jerseyville,2024-07-01,0,,0,,0,,29,409.57
12031,Jerseyville,2025-07-01,0,,0,,0,,29,421.74
12032,Jesmond,2021-07-01,633,632.57,632,632.57,569,363000,646,629.04
12032,Jesmond,2022-07-01,642,695.22,641,695.22,576,402500,656,694.00
12032,Jesmond,2023-07-01,641,666.54,640,666.50,576,390000,654,663.65
12032,Jesmond,2024-07-01,650,720.49,649,720.42,580,414000,664,718.45
12032,Jesmond,2025-07-01,650,759.29,649,759.47,580,438000,664,755.99
12033,Jewells,2021-07-01,877,691.30,839,697.39,874,458000,883,690.38
12033,Jewells,2022-07-01,897,757.20,841,764.21,894,500000,903,756.19
12033,Jewells,2023-07-01,895,760.08,839,771.11,892,505000,901,759.20
12033,Jewells,2024-07-01,895,794.52,839,794.03,892,520000,901,794.40
12033,Jewells,2025-07-01,897,843.47,841,841.74,894,553500,903,843.05
12036,Jilliby,2021-07-01,0,,0,,0,,312,88.30
12036,Jilliby,2022-07-01,0,,0,,0,,312,103.90
12036,Jilliby,2023-07-01,0,,0,,0,,312,98.86
12036,Jilliby,2024-07-01,0,,0,,0,,312,98.86
12036,Jilliby,2025-07-01,0,,0,,0,,312,101.85
12039,Jindabyne,2021-07-01,797,630.93,789,630.55,590,537000,898,594.03
12039,Jindabyne,2022-07-01,896,1060.78,888,1059.66,651,909000,1001,1010.15
12039,Jindabyne,2023-07-01,839,1067.44,831,1066.90,616,918000,942,1013.48
12039,Jindabyne,2024-07-01,874,927.76,866,923.66,639,823000,978,885.42
12039,Jindabyne,2025-07-01,896,820.66,888,818.83,651,721000,1001,799.36
12041,Jindera,2021-07-01,62,102.39,59,102.60,62,209000,779,109.26
12041,Jindera,2022-07-01,106,121.78,103,121.84,106,255000,864,145.06
12041,Jindera,2023-07-01,106,140.55,103,140.66,106,295000,864,176.55
12041,Jindera,2024-07-01,106,143.35,103,143.64,106,300000,864,182.38
12041,Jindera,2025-07-01,106,144.27,103,144.46,106,294000,864,185.39
12042,Jingellic,2021-07-01,0,,0,,0,,17,12.35
12042,Jingellic,2022-07-01,0,,0,,0,,17,16.04
12042,Jingellic,2023-07-01,0,,0,,0,,17,16.04
12042,Jingellic,2024-07-01,0,,0,,0,,17,16.04
12042,Jingellic,2025-07-01,0,,0,,0,,17,18.44
12046,Johns River,2021-07-01,0,,0,,0,,65,128.46
12046,Johns River,2022-07-01,0,,0,,0,,67,173.44
12046,Johns River,2023-07-01,0,,0,,0,,65,163.04
12046,Johns River,2024-07-01,0,,0,,0,,68,159.13
12046,Johns River,2025-07-01,0,,0,,0,,68,170.51
12052,Jugiong,2021-07-01,0,,0,,0,,81,31.20
12052,Jugiong,2022-07-01,0,,0,,0,,97,50.37
12052,Jugiong,2023-07-01,0,,0,,0,,97,50.37
12052,Jugiong,2024-07-01,0,,0,,0,,101,50.37
12052,Jugiong,2025-07-01,0,,0,,0,,101,57.91
12053,Junction Hill,2021-07-01,608,163.62,608,163.62,601,141000,645,159.46
12053,Junction Hill,2022-07-01,647,204.74,647,204.74,640,174500,686,202.08
12053,Junction Hill,2023-07-01,624,197.26,624,197.26,617,166000,661,195.69
12053,Junction Hill,2024-07-01,647,198.75,647,198.75,640,170000,686,195.83
12053,Junction Hill,2025-07-01,647,240.83,647,240.83,640,201000,686,237.50
12054,Junee,2021-07-01,0,,0,,0,,1955,75.59
12054,Junee,2022-07-01,0,,0,,0,,2086,105.73
12054,Junee,2023-07-01,0,,0,,0,,2086,149.21
12054,Junee,2024-07-01,0,,0,,0,,2086,151.28
12054,Junee,2025-07-01,0,,0,,0,,2086,173.87
12056,Kahibah,2021-07-01,825,968.21,804,956.38,766,566500,829,965.82
12056,Kahibah,2022-07-01,832,1061.93,811,1052.12,770,630000,837,1059.67
12056,Kahibah,2023-07-01,830,1064.75,809,1054.88,769,630000,835,1064.44
12056,Kahibah,2024-07-01,830,1137.60,809,1120.26,769,678000,835,1133.73
12056,Kahibah,2025-07-01,832,1147.20,811,1132.28,770,679000,837,1141.92
12057,Kains Flat,2021-07-01,0,,0,,0,,88,2.05
12057,Kains Flat,2022-07-01,0,,0,,0,,90,3.15
12057,Kains Flat,2023-07-01,0,,0,,0,,88,2.61
12057,Kains Flat,2024-07-01,0,,0,,0,,88,3.12
12057,Kains Flat,2025-07-01,0,,0,,0,,90,3.07
12059,Kalaru,2021-07-01,0,,0,,0,,161,140.18
12059,Kalaru,2022-07-01,0,,0,,0,,169,235.53
12059,Kalaru,2023-07-01,0,,0,,0,,167,235.53
12059,Kalaru,2024-07-01,0,,0,,0,,171,229.83
12059,Kalaru,2025-07-01,0,,0,,0,,171,233.09
12060,Kalkite,2021-07-01,0,,0,,0,,150,334.86
12060,Kalkite,2022-07-01,0,,0,,0,,152,501.85
12060,Kalkite,2023-07-01,0,,0,,0,,152,601.88
12060,Kalkite,2024-07-01,0,,0,,0,,152,598.81
12060,Kalkite,2025-07-01,0,,0,,0,,152,501.24
12063,Kanahooka,2021-07-01,1861,658.40,1848,658.67,1844,379000,1916,652.77
12063,Kanahooka,2022-07-01,1863,928.67,1850,929.74,1846,535000,1918,921.46
12063,Kanahooka,2023-07-01,1861,992.73,1533,976.94,1844,575000,1916,988.48
12063,Kanahooka,2024-07-01,1872,862.72,1544,848.43,1855,500000,1931,859.55
12063,Kanahooka,2025-07-01,1872,845.86,1544,831.96,1855,490000,1931,842.36
12065,Kandos,2021-07-01,0,,0,,0,,796,53.46
12065,Kandos,2022-07-01,0,,0,,0,,825,79.05
12065,Kandos,2023-07-01,0,,0,,0,,811,113.64
12065,Kandos,2024-07-01,0,,0,,0,,823,116.49
12065,Kandos,2025-07-01,0,,0,,0,,825,128.35
12069,Kangaroo Valley,2021-07-01,1,,1,,1,,230,306.59
12069,Kangaroo Valley,2022-07-01,1,,1,,1,,233,479.43
12069,Kangaroo Valley,2023-07-01,1,,1,,1,,233,494.01
12069,Kangaroo Valley,2024-07-01,1,,1,,1,,233,494.01
12069,Kangaroo Valley,2025-07-01,1,,1,,1,,233,445.45
12075,Kanwal,2021-07-01,1327,552.04,1324,552.81,1309,369000,1337,552.04
12075,Kanwal,2022-07-01,1331,647.15,1328,647.66,1313,411000,1341,646.29
12075,Kanwal,2023-07-01,1329,632.84,1326,632.84,1311,405000,1339,632.61
12075,Kanwal,2024-07-01,1329,640.58,1326,640.58,1311,421000,1339,640.33
12075,Kanwal,2025-07-01,1331,653.52,1328,653.60,1313,415000,1341,652.60
12079,Karabar,2021-07-01,2846,557.50,2843,557.48,2754,399000,2861,556.84
12079,Karabar,2022-07-01,2850,713.14,2847,713.13,2756,508000,2865,712.37
12079,Karabar,2023-07-01,2846,709.53,2843,709.48,2754,505000,2861,708.90
12079,Karabar,2024-07-01,2849,708.91,2846,708.90,2756,487000,2864,707.98
12079,Karabar,2025-07-01,2850,716.23,2847,715.98,2756,493000,2865,715.32
12081,Kareela,2021-07-01,588,1518.69,588,1518.69,587,875000,588,1518.69
12081,Kareela,2022-07-01,590,1734.36,590,1734.36,589,1000000,590,1734.36
12081,Kareela,2023-07-01,590,1646.30,590,1646.30,589,950000,590,1646.30
12081,Kareela,2024-07-01,590,1732.57,590,1732.57,589,1000000,590,1732.57
12081,Kareela,2025-07-01,590,1764.92,589,1764.92,589,1020000,590,1764.92
12082,Kariong,2021-07-01,2066,828.94,2055,827.76,2007,533000,2070,828.20
12082,Kariong,2022-07-01,2080,921.38,2069,920.54,2021,592000,2084,920.81
12082,Kariong,2023-07-01,2077,835.96,2066,835.12,2018,537000,2081,835.67
12082,Kariong,2024-07-01,2077,938.48,2066,937.66,2018,601000,2081,938.04
12082,Kariong,2025-07-01,2080,962.45,2068,961.59,2021,616000,2084,961.97
12084,Karuah,2021-07-01,639,250.93,639,250.93,636,188000,686,250.76
12084,Karuah,2022-07-01,743,413.03,743,413.03,733,297000,796,408.45
12084,Karuah,2023-07-01,688,387.43,688,387.43,681,293000,737,382.05
12084,Karuah,2024-07-01,738,404.75,738,404.75,729,300000,791,399.12
12084,Karuah,2025-07-01,745,410.25,745,410.25,735,302000,798,410.84
12085,Katoomba,2021-07-01,1806,567.85,1715,566.41,1768,394000,1825,566.72
12085,Katoomba,2022-07-01,1872,742.79,1739,735.23,1832,499000,1892,741.50
12085,Katoomba,2023-07-01,1867,714.29,1734,703.71,1827,484000,1887,711.05
12085,Katoomba,2024-07-01,1867,712.60,1734,698.79,1827,486000,1887,709.58
12085,Katoomba,2025-07-01,1872,697.94,1739,685.34,1832,480000,1892,690.97
12087,Kearns,2021-07-01,853,764.65,853,764.65,843,450000,853,764.65
12087,Kearns,2022-07-01,856,951.59,856,951.59,846,560000,856,951.59
12087,Kearns,2023-07-01,856,910.06,856,910.06,846,535000,856,910.06
12087,Kearns,2024-07-01,856,1029.16,856,1029.16,846,605000,856,1029.16
12087,Kearns,2025-07-01,856,1122.23,856,1122.23,846,660000,856,1122.23
12088,Kearsley,2021-07-01,220,197.66,215,197.66,218,200000,309,193.68
12088,Kearsley,2022-07-01,221,311.32,216,311.32,219,315000,322,304.35
12088,Kearsley,2023-07-01,221,291.55,216,291.55,219,295000,313,284.58
12088,Kearsley,2024-07-01,221,301.43,216,301.43,219,305000,313,293.48
12088,Kearsley,2025-07-01,221,316.26,216,316.26,219,320000,322,308.30
12093,Keiraville,2021-07-01,974,993.68,970,994.71,909,683000,983,991.36
12093,Keiraville,2022-07-01,982,1181.78,978,1180.75,915,813000,991,1178.49
12093,Keiraville,2023-07-01,976,1068.14,972,1068.14,909,740000,985,1066.87
12093,Keiraville,2024-07-01,992,1086.16,988,1085.93,923,741000,1001,1084.61
12093,Keiraville,2025-07-01,992,1063.41,988,1062.90,923,726000,1001,1061.85
12096,Kellyville,2021-07-01,7946,1335.56,7163,1300.85,7937,735000,8006,1335.56
12096,Kellyville,2022-07-01,8173,1657.78,7288,1620.18,8164,950000,8240,1656.11
12096,Kellyville,2023-07-01,8151,1607.99,7286,1580.95,8142,900000,8218,1605.08
12096,Kellyville,2024-07-01,8151,1736.27,7286,1691.46,8142,997500,8218,1731.12
12096,Kellyville,2025-07-01,8173,1789.21,7288,1747.82,8164,1000000,8240,1785.59
12097,Kellyville Ridge,2021-07-01,2748,1377.07,2539,1373.45,2737,669000,2756,1376.66
12097,Kellyville Ridge,2022-07-01,2804,1750.00,2578,1747.09,2793,848000,2812,1750.00
12097,Kellyville Ridge,2023-07-01,2804,1720.99,2578,1718.75,2793,833000,2812,1720.83
12097,Kellyville Ridge,2024-07-01,2804,2057.13,2578,2048.80,2793,997000,2812,2056.71
12097,Kellyville Ridge,2025-07-01,2804,2145.83,2578,2143.01,2793,1040000,2812,2145.83
12098,Kelso (NSW),2021-07-01,3806,177.91,3803,177.91,3794,159000,3859,177.10
12098,Kelso (NSW),2022-07-01,3995,346.12,3990,346.45,3981,308000,4053,344.63
12098,Kelso (NSW),2023-07-01,3972,346.21,3967,346.50,3959,308000,4030,344.66
12098,Kelso (NSW),2024-07-01,4007,326.19,4002,326.23,3993,292000,4065,324.09
12098,Kelso (NSW),2025-07-01,4007,326.17,4002,326.21,3993,292000,4065,324.09
12103,Kempsey,2021-07-01,73,114.10,71,114.45,71,77200,76,113.82
12103,Kempsey,2022-07-01,73,142.58,72,142.60,71,96500,76,142.56
12103,Kempsey,2023-07-01,73,149.28,72,149.32,71,101000,76,149.23
12103,Kempsey,2024-07-01,73,149.28,72,149.32,71,101000,76,149.23
12103,Kempsey,2025-07-01,73,155.19,72,155.19,71,105000,76,155.14
12104,Kendall,2021-07-01,342,209.74,334,210.85,342,201000,448,173.39
12104,Kendall,2022-07-01,345,301.96,337,308.82,345,298000,453,244.26
12104,Kendall,2023-07-01,342,301.02,334,307.03,342,298000,449,244.26
12104,Kendall,2024-07-01,345,301.96,337,308.82,345,298000,453,244.26
12104,Kendall,2025-07-01,345,311.75,337,318.63,345,308000,453,252.46
12105,Kenebri,2021-07-01,0,,0,,0,,26,0.77
12105,Kenebri,2022-07-01,0,,0,,0,,26,0.82
12105,Kenebri,2023-07-01,0,,0,,0,,26,0.98
12105,Kenebri,2024-07-01,0,,0,,0,,26,3.52
12105,Kenebri,2025-07-01,0,,0,,0,,26,3.52
12107,Kensington (NSW),2021-07-01,1501,4069.43,1414,4073.45,1320,2110000,1508,4069.31
12107,Kensington (NSW),2022-07-01,1504,4395.00,1416,4401.68,1322,2270000,1512,4395.00
12107,Kensington (NSW),2023-07-01,1504,4125.86,1406,4158.83,1322,2160000,1512,4125.86
12107,Kensington (NSW),2024-07-01,1510,4610.84,1412,4631.83,1328,2435000,1518,4610.84
12107,Kensington (NSW),2025-07-01,1510,4726.17,1412,4744.65,1328,2490000,1518,4726.17
12108,Kenthurst,2021-07-01,63,943.67,62,943.67,63,776000,67,943.67
12108,Kenthurst,2022-07-01,63,1205.07,62,1205.07,63,991000,67,1205.07
12108,Kenthurst,2023-07-01,63,1077.18,62,1080.31,63,889000,67,1069.95
12108,Kenthurst,2024-07-01,63,1176.59,62,1186.57,63,957000,67,1166.44
12108,Kenthurst,2025-07-01,63,1151.16,62,1151.16,63,916000,67,1141.46
12117,Kew (NSW),2021-07-01,290,276.09,290,276.09,286,212000,501,198.44
12117,Kew (NSW),2022-07-01,297,377.53,297,377.53,291,290000,509,281.56
12117,Kew (NSW),2023-07-01,296,420.26,296,420.26,291,311000,508,314.50
12117,Kew (NSW),2024-07-01,322,426.71,319,428.68,316,315000,537,338.29
12117,Kew (NSW),2025-07-01,322,433.29,319,435.18,316,318000,537,344.87
12119,Khancoban,2021-07-01,0,,0,,0,,281,45.67
12119,Khancoban,2022-07-01,0,,0,,0,,289,45.51
12119,Khancoban,2023-07-01,0,,0,,0,,289,102.34
12119,Khancoban,2024-07-01,0,,0,,0,,289,102.34
12119,Khancoban,2025-07-01,0,,0,,0,,289,116.80
12124,Kiama,2021-07-01,2439,1385.10,2411,1387.90,2305,786000,2614,1346.39
12124,Kiama,2022-07-01,2490,1923.65,2461,1924.80,2353,1100000,2667,1874.15
12124,Kiama,2023-07-01,2463,1769.24,2376,1762.07,2328,1020000,2639,1714.67
12124,Kiama,2024-07-01,2481,1691.59,2393,1689.96,2345,983000,2657,1656.88
12124,Kiama,2025-07-01,2493,1633.39,2405,1631.32,2356,951000,2670,1596.90
12125,Kiama Downs,2021-07-01,1861,1000.15,1854,992.61,1832,633000,1863,999.87
12125,Kiama Downs,2022-07-01,1905,1374.91,1887,1374.91,1876,873500,1907,1374.91
12125,Kiama Downs,2023-07-01,1863,1210.46,1856,1209.59,1834,771000,1865,1210.26
12125,Kiama Downs,2024-07-01,1867,1202.76,1860,1198.28,1838,771500,1869,1199.32
12125,Kiama Downs,2025-07-01,1905,1195.74,1887,1187.87,1876,749000,1907,1195.18
12126,Kiama Heights,2021-07-01,329,1130.55,329,1130.55,326,689000,374,1067.58
12126,Kiama Heights,2022-07-01,331,2170.26,331,2170.26,328,1330000,377,2066.86
12126,Kiama Heights,2023-07-01,329,1749.66,329,1749.66,326,1065000,374,1662.86
12126,Kiama Heights,2024-07-01,331,1588.79,331,1588.79,328,998000,376,1520.49
12126,Kiama Heights,2025-07-01,331,1524.08,331,1524.08,328,958000,377,1459.38
12127,Kianga (NSW),2021-07-01,437,366.64,437,366.64,437,239000,441,366.64
12127,Kianga (NSW),2022-07-01,437,780.01,437,780.01,437,513000,441,769.23
12127,Kianga (NSW),2023-07-01,437,763.84,434,763.84,437,502000,441,763.84
12127,Kianga (NSW),2024-07-01,437,785.41,434,785.41,437,512000,441,785.41
12127,Kianga (NSW),2025-07-01,437,785.41,434,785.41,437,504000,441,774.62
12130,Kielvale,2021-07-01,0,,0,,0,,78,218.19
12130,Kielvale,2022-07-01,0,,0,,0,,78,251.16
12130,Kielvale,2023-07-01,0,,0,,0,,78,259.00
12130,Kielvale,2024-07-01,0,,0,,0,,95,242.26
12130,Kielvale,2025-07-01,0,,0,,0,,95,269.18
12133,Kilaben Bay,2021-07-01,482,491.13,409,472.04,476,360000,496,485.82
12133,Kilaben Bay,2022-07-01,489,599.33,407,565.06,483,436000,503,592.28
12133,Kilaben Bay,2023-07-01,484,635.99,407,605.19,478,460000,498,631.55
12133,Kilaben Bay,2024-07-01,486,683.58,405,648.20,480,496500,500,680.08
12133,Kilaben Bay,2025-07-01,489,703.09,408,668.67,483,516000,503,697.84
12137,Killara (NSW),2021-07-01,2196,2064.87,2057,2068.88,2163,2030000,2216,2064.87
12137,Killara (NSW),2022-07-01,2214,2671.62,2071,2684.48,2180,2620000,2236,2671.62
12137,Killara (NSW),2023-07-01,2214,2587.65,2071,2600.39,2180,2560000,2236,2587.65
12137,Killara (NSW),2024-07-01,2214,2731.51,2071,2743.48,2180,2700000,2236,2731.51
12137,Killara (NSW),2025-07-01,2214,2831.79,2071,2846.60,2180,2820000,2236,2830.90
12138,Killarney Heights,2021-07-01,1408,1833.45,1405,1833.45,1403,1350000,1411,1833.45
12138,Killarney Heights,2022-07-01,1411,2239.33,1408,2239.33,1406,1650000,1414,2239.33
12138,Killarney Heights,2023-07-01,1411,1959.41,1408,1959.41,1406,1440000,1414,1959.02
12138,Killarney Heights,2024-07-01,1411,2197.34,1408,2197.34,1406,1610000,1414,2195.02
12138,Killarney Heights,2025-07-01,1411,2295.31,1408,2295.31,1406,1690000,1414,2295.31
12139,Killarney Vale,2021-07-01,2784,861.01,2783,861.01,2750,494000,2790,861.01
12139,Killarney Vale,2022-07-01,2790,954.33,2789,954.55,2756,539000,2796,952.88
12139,Killarney Vale,2023-07-01,2790,842.94,2789,843.03,2756,478000,2796,842.84
12139,Killarney Vale,2024-07-01,2790,869.34,2789,869.34,2756,493000,2796,868.36
12139,Killarney Vale,2025-07-01,2790,901.15,2789,901.42,2756,513000,2796,900.22
12141,Killcare,2021-07-01,400,1589.68,397,1589.68,400,1150000,405,1589.68
12141,Killcare,2022-07-01,408,1830.58,404,1821.73,408,1280000,414,1821.73
12141,Killcare,2023-07-01,407,1686.18,403,1675.38,407,1140000,412,1647.94
12141,Killcare,2024-07-01,408,1610.19,404,1602.57,408,1090000,414,1573.03
12141,Killcare,2025-07-01,408,1501.33,405,1501.33,408,1070000,414,1487.46
12142,Killcare Heights,2021-07-01,372,1538.46,372,1538.46,371,1100000,373,1538.24
12142,Killcare Heights,2022-07-01,372,1985.86,372,1985.86,371,1410000,373,1983.90
12142,Killcare Heights,2023-07-01,372,1831.60,372,1831.60,371,1300000,373,1828.21
12142,Killcare Heights,2024-07-01,372,1718.71,372,1718.71,371,1240000,373,1717.79
12142,Killcare Heights,2025-07-01,372,1579.76,372,1579.76,371,1140000,373,1578.06
12145,Killingworth (NSW),2021-07-01,248,316.21,247,316.21,248,320000,248,316.21
12145,Killingworth (NSW),2022-07-01,252,383.15,251,384.88,252,390000,252,383.15
12145,Killingworth (NSW),2023-07-01,248,385.38,247,385.38,248,390000,248,385.38
12145,Killingworth (NSW),2024-07-01,250,395.26,249,395.26,250,400000,250,395.26
12145,Killingworth (NSW),2025-07-01,252,395.26,251,395.26,252,400000,252,395.26
12148,Kinchela,2021-07-01,0,,0,,0,,28,165.69
12148,Kinchela,2022-07-01,0,,0,,0,,28,200.38
12148,Kinchela,2023-07-01,0,,0,,0,,28,209.49
12148,Kinchela,2024-07-01,0,,0,,0,,28,209.49
12148,Kinchela,2025-07-01,0,,0,,0,,28,215.29
12149,Kincumber,2021-07-01,1915,900.00,1853,897.16,1861,576000,1942,897.69
12149,Kincumber,2022-07-01,1920,996.77,1858,993.82,1866,638000,1948,993.98
12149,Kincumber,2023-07-01,1917,917.74,1855,915.08,1863,588000,1944,915.70
12149,Kincumber,2024-07-01,1918,940.32,1856,938.12,1864,603000,1945,938.60
12149,Kincumber,2025-07-01,1920,993.83,1858,992.06,1866,637000,1948,992.23
12150,Kincumber South,2021-07-01,53,766.19,44,768.04,53,707000,53,766.19
12150,Kincumber South,2022-07-01,53,858.67,44,860.30,53,791000,53,858.67
12150,Kincumber South,2023-07-01,53,810.16,44,825.48,53,747000,53,810.16
12150,Kincumber South,2024-07-01,53,879.19,44,895.82,53,811000,53,879.19
12150,Kincumber South,2025-07-01,53,892.38,44,918.60,53,793000,53,892.38
12153,King Creek,2021-07-01,0,,0,,0,,613,49.58
12153,King Creek,2022-07-01,0,,0,,0,,616,62.80
12153,King Creek,2023-07-01,0,,0,,0,,616,65.98
12153,King Creek,2024-07-01,0,,0,,0,,616,65.98
12153,King Creek,2025-07-01,0,,0,,0,,616,67.08
12154,Kingfisher Shores,2021-07-01,77,546.03,77,546.03,77,328000,77,546.03
12154,Kingfisher Shores,2022-07-01,77,680.87,77,680.87,77,409000,77,680.87
12154,Kingfisher Shores,2023-07-01,77,619.28,77,619.28,77,372000,77,619.28
12154,Kingfisher Shores,2024-07-01,77,594.31,77,594.31,77,357000,77,594.31
12154,Kingfisher Shores,2025-07-01,77,650.91,77,650.91,77,391000,77,650.91
12156,Kings Forest,2021-07-01,10,375.49,10,375.49,10,380000,11,375.49
12156,Kings Forest,2022-07-01,10,518.77,10,518.77,10,525000,11,518.77
12156,Kings Forest,2023-07-01,10,518.77,10,518.77,10,525000,11,518.77
12156,Kings Forest,2024-07-01,10,518.77,10,518.77,10,525000,11,518.77
12156,Kings Forest,2025-07-01,10,542.49,10,542.49,10,549000,11,542.49
12157,Kings Langley,2021-07-01,3061,1002.34,3056,1002.01,3039,711000,3067,1002.01
12157,Kings Langley,2022-07-01,3065,1219.14,3060,1218.90,3043,863000,3071,1218.67
12157,Kings Langley,2023-07-01,3065,1219.14,3060,1218.90,3043,863000,3071,1218.67
12157,Kings Langley,2024-07-01,3067,1457.65,3062,1457.64,3045,1030000,3073,1457.22
12157,Kings Langley,2025-07-01,3067,1457.65,3062,1457.64,3045,1030000,3073,1457.22
12158,Kings Park (NSW),2021-07-01,1176,1023.21,1176,1023.21,1166,587000,1178,1022.90
12158,Kings Park (NSW),2022-07-01,1177,1248.21,1177,1248.21,1167,716000,1179,1247.55
12158,Kings Park (NSW),2023-07-01,1177,1187.63,1177,1187.63,1167,681000,1179,1186.95
12158,Kings Park (NSW),2024-07-01,1181,1424.99,1181,1424.99,1171,815000,1183,1423.08
12158,Kings Park (NSW),2025-07-01,1181,1486.90,1181,1486.90,1171,854000,1183,1485.69
12161,Kings Point,2021-07-01,308,468.04,305,466.74,308,338000,311,466.74
12161,Kings Point,2022-07-01,314,826.56,311,825.19,314,592000,317,825.19
12161,Kings Point,2023-07-01,310,695.80,307,694.65,310,494000,313,694.65
12161,Kings Point,2024-07-01,314,599.48,311,599.48,314,425000,317,599.48
12161,Kings Point,2025-07-01,314,600.92,311,600.92,314,426000,317,600.92
12162,Kingscliff,2021-07-01,2395,1235.38,2357,1233.87,2079,738000,2410,1232.20
12162,Kingscliff,2022-07-01,2425,1861.38,2387,1858.27,2099,1120000,2440,1858.17
12162,Kingscliff,2023-07-01,2419,1756.95,2381,1750.13,2097,1060000,2434,1750.13
12162,Kingscliff,2024-07-01,2451,1796.19,2413,1795.42,2117,1080000,2466,1791.70
12162,Kingscliff,2025-07-01,2451,1898.66,2415,1895.91,2117,1140000,2466,1892.30
12164,Kingsford (NSW),2021-07-01,2668,4205.38,2619,4200.54,2473,1650000,2671,4200.54
12164,Kingsford (NSW),2022-07-01,2680,4541.35,2631,4541.35,2485,1810000,2683,4541.35
12164,Kingsford (NSW),2023-07-01,2679,4283.38,2628,4283.38,2484,1700000,2682,4283.38
12164,Kingsford (NSW),2024-07-01,2685,4844.03,2641,4844.03,2490,1900000,2688,4844.03
12164,Kingsford (NSW),2025-07-01,2685,4891.70,2641,4894.06,2490,1900000,2688,4890.27
12166,Kingsgrove,2021-07-01,3971,1924.02,3946,1924.02,3934,982000,3977,1924.02
12166,Kingsgrove,2022-07-01,4043,2228.42,4018,2228.42,4003,1140000,4051,2228.42
12166,Kingsgrove,2023-07-01,4030,2076.00,4005,2076.00,3991,1060000,4036,2076.00
12166,Kingsgrove,2024-07-01,4044,2291.29,4019,2291.29,4004,1170000,4052,2291.29
12166,Kingsgrove,2025-07-01,4051,2436.42,4026,2440.59,4011,1250000,4059,2435.47
12171,Kingswood (Penrith - NSW),2021-07-01,2020,756.07,1981,752.34,1816,466000,2044,754.18
12171,Kingswood (Penrith - NSW),2022-07-01,2037,900.38,1998,897.28,1825,560000,2062,897.99
12171,Kingswood (Penrith - NSW),2023-07-01,2037,789.00,1998,787.57,1825,490000,2062,788.32
12171,Kingswood (Penrith - NSW),2024-07-01,2042,908.93,2003,905.40,1826,563000,2067,907.14
12171,Kingswood (Penrith - NSW),2025-07-01,2042,1036.67,2003,1036.39,1826,642000,2067,1036.39
12172,Kingswood (Tamworth Regional - NSW),2021-07-01,0,,0,,0,,343,37.73
12172,Kingswood (Tamworth Regional - NSW),2022-07-01,0,,0,,0,,343,51.20
12172,Kingswood (Tamworth Regional - NSW),2023-07-01,0,,0,,0,,343,53.99
12172,Kingswood (Tamworth Regional - NSW),2024-07-01,0,,0,,0,,343,67.77
12172,Kingswood (Tamworth Regional - NSW),2025-07-01,0,,0,,0,,343,67.77
12173,Kinvara,2021-07-01,0,,0,,0,,21,15.06
12173,Kinvara,2022-07-01,0,,0,,0,,21,20.33
12173,Kinvara,2023-07-01,0,,0,,0,,21,18.51
12173,Kinvara,2024-07-01,0,,0,,0,,21,25.00
12173,Kinvara,2025-07-01,0,,0,,0,,21,28.00
12174,Kioloa,2021-07-01,0,,0,,0,,359,510.85
12174,Kioloa,2022-07-01,0,,0,,0,,359,790.68
12174,Kioloa,2023-07-01,0,,0,,0,,359,638.98
12174,Kioloa,2024-07-01,0,,0,,0,,359,614.43
12174,Kioloa,2025-07-01,0,,0,,0,,359,624.81
12180,Kirkham,2021-07-01,0,,0,,0,,144,254.02
12180,Kirkham,2022-07-01,0,,0,,0,,145,367.59
12180,Kirkham,2023-07-01,0,,0,,0,,145,367.59
12180,Kirkham,2024-07-01,0,,0,,0,,145,377.57
12180,Kirkham,2025-07-01,0,,0,,0,,145,400.46
12181,Kirrawee,2021-07-01,1916,1568.69,1910,1568.69,1785,949000,1928,1567.43
12181,Kirrawee,2022-07-01,2029,1762.24,2023,1762.24,1890,1040000,2041,1758.43
12181,Kirrawee,2023-07-01,1998,1657.88,1992,1657.88,1860,975000,2010,1657.88
12181,Kirrawee,2024-07-01,2066,1815.24,2060,1815.24,1926,1060000,2078,1815.24
12181,Kirrawee,2025-07-01,2066,1904.70,2009,1904.70,1926,1110000,2078,1904.70
12182,Kirribilli,2021-07-01,437,10367.89,319,10626.19,294,2770000,438,10354.26
12182,Kirribilli,2022-07-01,440,12660.71,322,12949.15,297,3370000,441,12655.37
12182,Kirribilli,2023-07-01,440,11841.36,322,11966.34,297,3130000,441,11826.28
12182,Kirribilli,2024-07-01,440,12772.90,322,12900.18,297,3390000,441,12764.37
12182,Kirribilli,2025-07-01,440,12567.21,326,12585.38,297,3360000,441,12561.85
12183,Kitchener,2021-07-01,0,,0,,0,,260,219.37
12183,Kitchener,2022-07-01,0,,0,,0,,260,337.94
12183,Kitchener,2023-07-01,0,,0,,0,,260,307.31
12183,Kitchener,2024-07-01,0,,0,,0,,260,317.19
12183,Kitchener,2025-07-01,0,,0,,0,,260,327.08
12190,Kogarah,2021-07-01,1805,2319.70,1733,2319.70,1578,1050000,1816,2319.70
12190,Kogarah,2022-07-01,1828,2678.19,1754,2683.92,1595,1190000,1841,2669.77
12190,Kogarah,2023-07-01,1821,2582.90,1747,2587.26,1592,1170000,1834,2581.31
12190,Kogarah,2024-07-01,1824,2780.07,1750,2783.64,1593,1250000,1837,2775.70
12190,Kogarah,2025-07-01,1828,2867.99,1762,2870.80,1595,1290000,1841,2867.99
12191,Kogarah Bay,2021-07-01,716,2281.17,696,2261.25,711,1260000,716,2281.17
12191,Kogarah Bay,2022-07-01,745,2586.22,725,2577.99,738,1400000,745,2586.22
12191,Kogarah Bay,2023-07-01,733,2372.03,713,2344.19,726,1290000,733,2372.03
12191,Kogarah Bay,2024-07-01,745,2546.97,725,2545.60,738,1380000,745,2546.97
12191,Kogarah Bay,2025-07-01,745,2650.14,724,2634.95,738,1460000,745,2650.14
12194,Koolewong,2021-07-01,385,832.96,338,815.02,382,553000,386,832.96
12194,Koolewong,2022-07-01,389,923.33,340,903.85,386,613000,390,923.33
12194,Koolewong,2023-07-01,389,856.47,340,843.90,386,573000,390,855.54
12194,Koolewong,2024-07-01,389,878.32,341,863.58,386,587000,390,878.08
12194,Koolewong,2025-07-01,389,926.93,340,912.18,386,621000,390,926.30
12195,Koolkhan,2021-07-01,50,236.87,50,236.87,47,175000,51,236.87
12195,Koolkhan,2022-07-01,59,300.00,59,300.00,53,228000,60,298.37
12195,Koolkhan,2023-07-01,59,300.00,59,300.00,53,228000,60,300.00
12195,Koolkhan,2024-07-01,59,300.00,59,300.00,53,228000,60,300.00
12195,Koolkhan,2025-07-01,59,390.14,59,390.14,53,290000,60,390.14
12196,Koonawarra,2021-07-01,1317,499.30,1317,499.30,1295,303000,1319,499.22
12196,Koonawarra,2022-07-01,1318,689.09,1318,689.09,1295,422000,1321,689.04
12196,Koonawarra,2023-07-01,1318,739.60,1318,739.60,1295,451000,1320,739.53
12196,Koonawarra,2024-07-01,1320,681.36,1320,681.36,1297,422000,1323,681.36
12196,Koonawarra,2025-07-01,1320,666.22,1320,666.22,1297,412000,1323,666.22
12201,Koorawatha,2021-07-01,0,,0,,0,,273,15.71
12201,Koorawatha,2022-07-01,0,,0,,0,,280,28.26
12201,Koorawatha,2023-07-01,0,,0,,0,,280,42.42
12201,Koorawatha,2024-07-01,0,,0,,0,,282,43.86
12201,Koorawatha,2025-07-01,0,,0,,0,,282,55.86
12202,Kooringal (NSW),2021-07-01,2817,183.12,2680,181.28,2739,146000,2825,183.07
12202,Kooringal (NSW),2022-07-01,2842,210.46,2686,208.06,2761,167000,2850,210.40
12202,Kooringal (NSW),2023-07-01,2833,254.00,2684,251.53,2753,200000,2841,253.62
12202,Kooringal (NSW),2024-07-01,2842,280.30,2686,276.75,2761,222000,2850,279.97
12202,Kooringal (NSW),2025-07-01,2842,306.52,2686,302.55,2761,243000,2850,306.20
12203,Kootingal,2021-07-01,715,104.83,711,104.90,710,86700,813,100.25
12203,Kootingal,2022-07-01,810,145.16,806,145.18,804,124000,911,141.67
12203,Kootingal,2023-07-01,809,145.16,805,145.20,804,124000,910,141.88
12203,Kootingal,2024-07-01,810,153.29,806,153.56,804,127000,911,147.04
12203,Kootingal,2025-07-01,810,186.39,807,186.42,804,153000,911,177.23
12204,Koraleigh,2021-07-01,0,,0,,0,,36,8.89
12204,Koraleigh,2022-07-01,0,,0,,0,,36,14.33
12204,Koraleigh,2023-07-01,0,,0,,0,,36,24.70
12204,Koraleigh,2024-07-01,0,,0,,0,,36,24.70
12204,Koraleigh,2025-07-01,0,,0,,0,,36,24.70
12206,Korora,2021-07-01,700,523.57,624,529.64,663,350000,1068,416.67
12206,Korora,2022-07-01,702,695.84,625,705.47,665,472000,1083,549.56
12206,Korora,2023-07-01,702,712.87,625,722.30,665,481000,1079,565.00
12206,Korora,2024-07-01,702,712.87,625,722.30,665,481000,1081,562.56
12206,Korora,2025-07-01,702,718.87,625,728.53,665,485000,1083,565.00
12208,Kotara,2021-07-01,1472,810.86,1410,808.32,1446,520000,1484,809.54
12208,Kotara,2022-07-01,1489,851.09,1427,849.32,1457,547000,1502,851.09
12208,Kotara,2023-07-01,1488,798.49,1426,795.14,1456,512000,1501,796.43
12208,Kotara,2024-07-01,1490,839.03,1428,837.60,1457,548000,1503,839.03
12208,Kotara,2025-07-01,1490,889.94,1428,881.25,1457,576000,1503,886.05
12209,Kotara South,2021-07-01,459,739.53,457,739.53,458,492000,460,739.53
12209,Kotara South,2022-07-01,465,858.91,463,858.91,464,568500,466,858.91
12209,Kotara South,2023-07-01,461,815.50,459,815.50,460,543000,462,815.50
12209,Kotara South,2024-07-01,461,843.41,459,843.41,460,562000,462,843.41
12209,Kotara South,2025-07-01,465,906.98,463,906.98,464,605000,466,906.98
12210,Krambach,2021-07-01,0,,0,,0,,69,115.12
12210,Krambach,2022-07-01,0,,0,,0,,73,158.91
12210,Krambach,2023-07-01,0,,0,,0,,69,174.06
12210,Krambach,2024-07-01,0,,0,,0,,73,174.96
12210,Krambach,2025-07-01,0,,0,,0,,73,182.99
12217,Kundabung,2021-07-01,0,,0,,0,,22,36.09
12217,Kundabung,2022-07-01,0,,0,,0,,22,48.13
12217,Kundabung,2023-07-01,0,,0,,0,,22,49.21
12217,Kundabung,2024-07-01,0,,0,,0,,22,51.40
12217,Kundabung,2025-07-01,0,,0,,0,,22,52.50
12219,Kundle Kundle,2021-07-01,0,,0,,0,,12,30.19
12219,Kundle Kundle,2022-07-01,0,,0,,0,,12,38.91
12219,Kundle Kundle,2023-07-01,0,,0,,0,,12,37.88
12219,Kundle Kundle,2024-07-01,0,,0,,0,,12,37.88
12219,Kundle Kundle,2025-07-01,0,,0,,0,,12,39.78
12221,Kunghur,2021-07-01,0,,0,,0,,24,89.51
12221,Kunghur,2022-07-01,0,,0,,0,,26,108.67
12221,Kunghur,2023-07-01,0,,0,,0,,26,108.67
12221,Kunghur,2024-07-01,0,,0,,0,,26,119.73
12221,Kunghur,2025-07-01,0,,0,,0,,26,125.74
12223,Kurmond,2021-07-01,52,394.66,52,394.66,52,399000,52,394.66
12223,Kurmond,2022-07-01,52,507.42,52,507.42,52,513000,52,507.42
12223,Kurmond,2023-07-01,52,462.91,52,462.91,52,468000,52,462.91
12223,Kurmond,2024-07-01,52,521.27,52,521.27,52,527000,52,521.27
12223,Kurmond,2025-07-01,52,531.16,52,531.16,52,537000,52,531.16
12225,Kurraba Point,2021-07-01,236,5966.39,184,6102.26,137,3230000,237,5925.07
12225,Kurraba Point,2022-07-01,239,7179.65,186,7407.52,139,3810000,240,7161.84
12225,Kurraba Point,2023-07-01,239,6767.44,186,7023.17,139,3570000,240,6763.84
12225,Kurraba Point,2024-07-01,239,7395.35,186,7655.38,139,3840000,240,7394.06
12225,Kurraba Point,2025-07-01,239,7506.49,193,8050.60,139,3840000,240,7481.89
12226,Kurrajong,2021-07-01,298,412.98,270,406.83,296,431000,394,334.47
12226,Kurrajong,2022-07-01,303,530.33,275,521.02,301,551000,399,439.25
12226,Kurrajong,2023-07-01,303,498.00,275,486.80,301,515000,399,410.50
12226,Kurrajong,2024-07-01,303,545.00,275,532.75,301,563000,399,449.32
12226,Kurrajong,2025-07-01,303,535.89,275,511.26,301,555000,399,418.37
12227,Kurrajong Heights,2021-07-01,284,330.12,272,335.48,284,346000,315,326.09
12227,Kurrajong Heights,2022-07-01,284,448.34,272,456.90,284,468000,315,440.71
12227,Kurrajong Heights,2023-07-01,284,402.14,272,408.44,284,422000,315,397.23
12227,Kurrajong Heights,2024-07-01,284,436.15,272,443.05,284,457000,315,430.83
12227,Kurrajong Heights,2025-07-01,284,446.00,272,451.14,284,458500,315,440.71
12228,Kurrajong Hills,2021-07-01,0,,0,,0,,30,57.50
12228,Kurrajong Hills,2022-07-01,0,,0,,0,,30,67.88
12228,Kurrajong Hills,2023-07-01,0,,0,,0,,30,67.88
12228,Kurrajong Hills,2024-07-01,0,,0,,0,,30,67.88
12228,Kurrajong Hills,2025-07-01,0,,0,,0,,30,71.08
12229,Kurri Kurri,2021-07-01,2201,327.20,2184,327.28,2146,235000,2221,324.16
12229,Kurri Kurri,2022-07-01,2260,475.85,2200,470.94,2197,357000,2280,473.09
12229,Kurri Kurri,2023-07-01,2245,398.22,2234,399.69,2183,300000,2265,395.71
12229,Kurri Kurri,2024-07-01,2249,411.16,2238,413.37,2187,310000,2269,409.04
12229,Kurri Kurri,2025-07-01,2260,433.03,2249,433.84,2197,325000,2280,430.37
12230,Kyalite,2021-07-01,0,,0,,0,,15,12.23
12230,Kyalite,2022-07-01,0,,0,,0,,16,10.40
12230,Kyalite,2023-07-01,0,,0,,0,,15,12.23
12230,Kyalite,2024-07-01,0,,0,,0,,17,8.58
12230,Kyalite,2025-07-01,0,,0,,0,,17,8.58
12234,Kyeemagh,2021-07-01,344,2689.97,340,2689.97,339,1290000,346,2689.97
12234,Kyeemagh,2022-07-01,344,3065.31,341,3065.31,339,1470000,346,3065.31
12234,Kyeemagh,2023-07-01,344,3065.31,341,3065.31,339,1470000,346,3065.31
12234,Kyeemagh,2024-07-01,344,3294.69,341,3294.69,339,1580000,346,3294.69
12234,Kyeemagh,2025-07-01,344,3440.65,340,3440.65,339,1650000,346,3440.65
12235,Kyle Bay,2021-07-01,368,2262.26,312,2191.69,367,1400000,368,2262.26
12235,Kyle Bay,2022-07-01,378,2473.08,321,2402.68,377,1490000,378,2473.08
12235,Kyle Bay,2023-07-01,374,2239.00,318,2157.35,373,1350000,374,2239.00
12235,Kyle Bay,2024-07-01,378,2372.18,321,2301.65,377,1410000,378,2372.18
12235,Kyle Bay,2025-07-01,378,2461.19,321,2396.43,377,1460000,378,2461.19
12237,Kyogle,2021-07-01,922,140.32,913,140.32,906,133000,989,137.70
12237,Kyogle,2022-07-01,931,194.96,922,194.96,915,182000,1034,182.84
12237,Kyogle,2023-07-01,927,201.58,918,201.58,911,188000,994,196.47
12237,Kyogle,2024-07-01,927,201.58,918,201.58,911,188000,996,196.03
12237,Kyogle,2025-07-01,931,201.98,922,201.76,915,188000,1034,194.20
12238,La Perouse,2021-07-01,106,2509.76,105,2485.41,106,1370000,107,2485.41
12238,La Perouse,2022-07-01,106,3151.49,105,3125.59,106,1720000,107,3125.59
12238,La Perouse,2023-07-01,106,3055.68,105,3031.44,106,1665000,107,3031.44
12238,La Perouse,2024-07-01,106,3515.55,105,3483.34,106,1915000,107,3483.34
12238,La Perouse,2025-07-01,106,3793.57,105,3791.92,106,2060000,107,3791.92
12239,Lacmalac,2021-07-01,0,,0,,0,,20,9.78
12239,Lacmalac,2022-07-01,0,,0,,0,,20,14.65
12239,Lacmalac,2023-07-01,0,,0,,0,,20,14.65
12239,Lacmalac,2024-07-01,0,,0,,0,,20,14.65
12239,Lacmalac,2025-07-01,0,,0,,0,,20,13.52
12241,Ladysmith,2021-07-01,0,,0,,0,,123,76.94
12241,Ladysmith,2022-07-01,0,,0,,0,,127,92.26
12241,Ladysmith,2023-07-01,0,,0,,0,,124,138.39
12241,Ladysmith,2024-07-01,0,,0,,0,,127,158.98
12241,Ladysmith,2025-07-01,0,,0,,0,,127,166.39
12243,Laggan,2021-07-01,0,,0,,0,,26,34.13
12243,Laggan,2022-07-01,0,,0,,0,,27,35.74
12243,Laggan,2023-07-01,0,,0,,0,,27,74.96
12243,Laggan,2024-07-01,0,,0,,0,,28,71.77
12243,Laggan,2025-07-01,0,,0,,0,,28,71.77
12246,Lake Albert (NSW),2021-07-01,1630,201.62,1595,200.58,1609,157000,2240,191.59
12246,Lake Albert (NSW),2022-07-01,1667,266.62,1629,266.30,1646,207000,2365,237.42
12246,Lake Albert (NSW),2023-07-01,1661,280.70,1625,279.69,1640,220000,2318,255.86
12246,Lake Albert (NSW),2024-07-01,1667,282.41,1629,281.52,1646,220000,2365,255.73
12246,Lake Albert (NSW),2025-07-01,1667,316.27,1629,314.93,1646,246000,2365,285.43
12247,Lake Bathurst,2021-07-01,0,,0,,0,,27,48.24
12247,Lake Bathurst,2022-07-01,0,,0,,0,,27,106.13
12247,Lake Bathurst,2023-07-01,0,,0,,0,,27,127.35
12247,Lake Bathurst,2024-07-01,0,,0,,0,,27,120.60
12247,Lake Bathurst,2025-07-01,0,,0,,0,,27,120.60
12250,Lake Cargelligo,2021-07-01,0,,0,,0,,663,19.93
12250,Lake Cargelligo,2022-07-01,0,,0,,0,,677,26.39
12250,Lake Cargelligo,2023-07-01,0,,0,,0,,677,26.39
12250,Lake Cargelligo,2024-07-01,0,,0,,0,,677,26.39
12250,Lake Cargelligo,2025-07-01,0,,0,,0,,677,26.39
12251,Lake Cathie,2021-07-01,1658,533.63,1657,533.55,1597,338000,1714,530.67
12251,Lake Cathie,2022-07-01,1710,757.23,1705,757.14,1639,471000,1771,756.18
12251,Lake Cathie,2023-07-01,1700,744.61,1699,744.01,1632,455500,1761,736.25
12251,Lake Cathie,2024-07-01,1748,764.22,1743,763.36,1674,456000,1810,753.34
12251,Lake Cathie,2025-07-01,1748,798.11,1743,797.92,1674,478000,1810,787.03
12252,Lake Conjola,2021-07-01,0,,0,,0,,408,496.09
12252,Lake Conjola,2022-07-01,0,,0,,0,,410,806.48
12252,Lake Conjola,2023-07-01,0,,0,,0,,408,823.48
12252,Lake Conjola,2024-07-01,0,,0,,0,,410,794.18
12252,Lake Conjola,2025-07-01,0,,0,,0,,410,781.55
12255,Lake Haven,2021-07-01,1271,490.00,1270,490.00,1225,319000,1283,490.00
12255,Lake Haven,2022-07-01,1280,638.30,1279,638.30,1233,424000,1292,638.30
12255,Lake Haven,2023-07-01,1275,600.55,1274,600.55,1229,403000,1287,599.17
12255,Lake Haven,2024-07-01,1277,617.45,1276,617.67,1231,420000,1289,616.15
12255,Lake Haven,2025-07-01,1280,629.50,1279,629.68,1233,415000,1292,628.07
12256,Lake Heights,2021-07-01,1497,555.13,1496,555.47,1467,353000,1500,555.11
12256,Lake Heights,2022-07-01,1508,794.52,1507,794.80,1475,504000,1511,793.79
12256,Lake Heights,2023-07-01,1506,825.95,1500,826.31,1473,524000,1509,825.43
12256,Lake Heights,2024-07-01,1512,806.84,1506,807.45,1476,513000,1516,806.39
12256,Lake Heights,2025-07-01,1512,790.71,1506,791.47,1476,504000,1516,789.99
12258,Lake Hume Village,2021-07-01,0,,0,,0,,43,175.14
12258,Lake Hume Village,2022-07-01,0,,0,,0,,44,183.08
12258,Lake Hume Village,2023-07-01,0,,0,,0,,44,248.46
12258,Lake Hume Village,2024-07-01,0,,0,,0,,44,251.08
12258,Lake Hume Village,2025-07-01,0,,0,,0,,44,256.05
12259,Lake Illawarra,2021-07-01,978,662.74,976,662.74,851,394000,981,662.74
12259,Lake Illawarra,2022-07-01,1002,849.61,1000,849.61,865,507000,1005,849.61
12259,Lake Illawarra,2023-07-01,989,850.56,987,850.56,858,509000,992,846.76
12259,Lake Illawarra,2024-07-01,992,854.26,990,853.42,858,521000,995,852.57
12259,Lake Illawarra,2025-07-01,1003,848.19,1001,848.19,865,517000,1006,848.19
12260,Lake Innes,2021-07-01,0,,0,,0,,93,16.88
12260,Lake Innes,2022-07-01,0,,0,,0,,93,24.97
12260,Lake Innes,2023-07-01,0,,0,,0,,93,26.20
12260,Lake Innes,2024-07-01,0,,0,,0,,93,26.20
12260,Lake Innes,2025-07-01,0,,0,,0,,93,26.57
12262,Lake Munmorah,2021-07-01,1493,629.06,1489,629.06,1484,377000,1495,629.06
12262,Lake Munmorah,2022-07-01,1498,678.75,1493,678.75,1489,407000,1503,678.75
12262,Lake Munmorah,2023-07-01,1496,657.43,1491,657.43,1487,397000,1499,657.43
12262,Lake Munmorah,2024-07-01,1496,693.43,1491,693.43,1487,415000,1499,693.43
12262,Lake Munmorah,2025-07-01,1498,693.43,1493,693.43,1489,414000,1503,693.43
12263,Lake Tabourie,2021-07-01,0,,0,,0,,428,471.83
12263,Lake Tabourie,2022-07-01,0,,0,,0,,428,627.94
12263,Lake Tabourie,2023-07-01,0,,0,,0,,428,640.42
12263,Lake Tabourie,2024-07-01,0,,0,,0,,428,548.68
12263,Lake Tabourie,2025-07-01,0,,0,,0,,428,555.93
12264,Lake Wyangan,2021-07-01,0,,0,,0,,239,54.86
12264,Lake Wyangan,2022-07-01,0,,0,,0,,274,77.72
12264,Lake Wyangan,2023-07-01,0,,0,,0,,274,77.72
12264,Lake Wyangan,2024-07-01,0,,0,,0,,274,77.72
12264,Lake Wyangan,2025-07-01,0,,0,,0,,274,77.82
12265,Lakelands (NSW),2021-07-01,476,587.31,470,585.20,476,488500,480,585.50
12265,Lakelands (NSW),2022-07-01,476,701.38,470,696.46,476,583000,480,698.43
12265,Lakelands (NSW),2023-07-01,476,667.88,470,666.95,476,551000,480,667.00
12265,Lakelands (NSW),2024-07-01,476,697.44,470,694.80,476,573500,480,695.58
12265,Lakelands (NSW),2025-07-01,476,757.59,470,754.48,476,622500,480,755.38
12266,Lakemba,2021-07-01,1862,1473.18,1824,1467.55,1512,716000,1872,1470.90
12266,Lakemba,2022-07-01,1871,1769.22,1832,1767.58,1519,878000,1882,1768.81
12266,Lakemba,2023-07-01,1871,1679.79,1832,1676.18,1519,834000,1882,1678.21
12266,Lakemba,2024-07-01,1876,1895.80,1837,1895.01,1522,959000,1887,1895.01
12266,Lakemba,2025-07-01,1876,2153.35,1837,2149.39,1522,1070000,1887,2150.19
12268,Lakewood,2021-07-01,551,329.94,545,329.82,544,235000,556,329.82
12268,Lakewood,2022-07-01,552,426.85,546,425.26,544,303000,557,425.26
12268,Lakewood,2023-07-01,552,465.96,546,465.76,544,338000,557,465.96
12268,Lakewood,2024-07-01,554,466.47,548,465.96,546,337500,559,465.96
12268,Lakewood,2025-07-01,554,466.47,548,465.96,546,337500,559,465.96
12270,Lalor Park,2021-07-01,2699,921.61,2699,921.61,2697,542000,2703,921.61
12270,Lalor Park,2022-07-01,2712,1098.45,2712,1098.45,2710,646000,2716,1098.45
12270,Lalor Park,2023-07-01,2707,1098.45,2707,1098.45,2705,646000,2711,1098.45
12270,Lalor Park,2024-07-01,2720,1249.79,2720,1249.79,2718,735000,2724,1249.79
12270,Lalor Park,2025-07-01,2720,1333.33,2720,1333.33,2718,784000,2724,1333.39
12273,Lambton,2021-07-01,1847,1167.39,1830,1172.00,1765,620000,1851,1166.23
12273,Lambton,2022-07-01,1864,1223.95,1847,1224.00,1782,653000,1868,1222.64
12273,Lambton,2023-07-01,1857,1152.51,1840,1152.51,1775,615000,1861,1151.72
12273,Lambton,2024-07-01,1872,1214.32,1855,1217.91,1790,661000,1876,1212.72
12273,Lambton,2025-07-01,1872,1224.86,1855,1229.81,1790,668000,1876,1224.16
12275,Lane Cove,2021-07-01,1944,2755.84,1884,2755.85,1793,1840000,1963,2750.28
12275,Lane Cove,2022-07-01,1949,3215.16,1888,3215.16,1798,2170000,1968,3215.16
12275,Lane Cove,2023-07-01,1945,2929.92,1884,2929.51,1794,1950000,1964,2928.69
12275,Lane Cove,2024-07-01,1949,3200.80,1888,3200.80,1798,2110000,1968,3200.80
12275,Lane Cove,2025-07-01,1949,3415.14,1894,3412.63,1798,2270000,1968,3412.67
12276,Lane Cove North,2021-07-01,1254,2411.53,1182,2396.67,1082,1540000,1264,2411.53
12276,Lane Cove North,2022-07-01,1267,2885.03,1194,2870.36,1089,1840000,1278,2883.03
12276,Lane Cove North,2023-07-01,1260,2551.43,1188,2532.46,1085,1600000,1271,2551.43
12276,Lane Cove North,2024-07-01,1267,2745.04,1195,2710.89,1089,1720000,1278,2745.48
12276,Lane Cove North,2025-07-01,1267,3004.60,1195,2965.97,1089,1870000,1278,3004.60
12277,Lane Cove West,2021-07-01,683,2786.78,679,2786.78,675,1750000,684,2786.10
12277,Lane Cove West,2022-07-01,687,3285.85,683,3286.92,679,2060000,688,3285.59
12277,Lane Cove West,2023-07-01,686,2885.03,682,2885.03,678,1800000,687,2885.03
12277,Lane Cove West,2024-07-01,687,3036.92,683,3036.92,679,1890000,688,3036.24
12277,Lane Cove West,2025-07-01,687,3473.52,683,3473.52,679,2170000,688,3473.52
12282,Lansdowne (Mid-Coast - NSW),2021-07-01,0,,0,,0,,162,132.41
12282,Lansdowne (Mid-Coast - NSW),2022-07-01,0,,0,,0,,162,197.63
12282,Lansdowne (Mid-Coast - NSW),2023-07-01,0,,0,,0,,162,172.92
12282,Lansdowne (Mid-Coast - NSW),2024-07-01,0,,0,,0,,162,172.92
12282,Lansdowne (Mid-Coast - NSW),2025-07-01,0,,0,,0,,162,172.92
12284,Lansvale,2021-07-01,815,916.51,815,916.51,814,559000,817,915.11
12284,Lansvale,2022-07-01,815,1050.84,815,1050.84,814,641000,817,1049.60
12284,Lansvale,2023-07-01,815,992.09,815,992.09,814,609000,817,992.09
12284,Lansvale,2024-07-01,815,1148.45,815,1148.45,814,705000,817,1148.45
12284,Lansvale,2025-07-01,815,1245.51,815,1245.51,814,765000,817,1243.71
12287,Largs,2021-07-01,546,381.84,542,381.90,536,309000,626,379.29
12287,Largs,2022-07-01,557,561.89,553,563.15,547,463000,638,532.71
12287,Largs,2023-07-01,551,545.90,548,547.20,541,436000,631,529.51
12287,Largs,2024-07-01,552,531.51,549,532.00,542,427000,632,523.87
12287,Largs,2025-07-01,557,545.56,554,545.78,547,440000,638,523.91
12292,Laurieton,2021-07-01,679,430.27,678,430.61,609,296000,686,428.24
12292,Laurieton,2022-07-01,682,587.11,681,587.72,610,400000,693,583.70
12292,Laurieton,2023-07-01,682,587.11,681,587.72,610,400000,692,583.70
12292,Laurieton,2024-07-01,684,587.86,683,587.98,612,400000,695,584.39
12292,Laurieton,2025-07-01,684,602.31,683,602.36,612,410000,695,598.92
12294,Lavender Bay,2021-07-01,177,11258.70,90,11798.86,143,2460000,177,11258.70
12294,Lavender Bay,2022-07-01,177,13725.49,81,14295.13,143,3290000,177,13725.49
12294,Lavender Bay,2023-07-01,177,12956.87,81,13175.23,143,3120000,177,12956.87
12294,Lavender Bay,2024-07-01,177,14155.87,81,14398.68,143,3410000,177,14155.87
12294,Lavender Bay,2025-07-01,177,13438.74,88,13724.17,143,3300000,177,13438.74
12296,Lavington,2021-07-01,4674,151.66,4445,150.69,4287,116000,4829,150.79
12296,Lavington,2022-07-01,4785,212.95,4515,211.32,4395,162000,4952,211.48
12296,Lavington,2023-07-01,4785,215.81,4515,214.04,4395,164000,4952,214.05
12296,Lavington,2024-07-01,4785,238.54,4520,236.84,4395,182000,4952,237.21
12296,Lavington,2025-07-01,4785,264.49,4520,262.71,4395,203000,4952,262.89
12297,Lawrence (NSW),2021-07-01,327,92.65,317,92.05,327,135000,457,75.09
12297,Lawrence (NSW),2022-07-01,339,122.88,329,122.30,339,178000,473,99.85
12297,Lawrence (NSW),2023-07-01,335,122.88,327,121.81,335,178000,467,99.85
12297,Lawrence (NSW),2024-07-01,336,165.69,327,164.02,336,241000,470,134.95
12297,Lawrence (NSW),2025-07-01,339,178.55,329,177.30,339,253000,473,145.33
12298,Lawson (NSW),2021-07-01,358,480.41,336,485.84,353,362000,361,477.98
12298,Lawson (NSW),2022-07-01,361,629.81,338,637.36,355,474000,367,624.67
12298,Lawson (NSW),2023-07-01,361,565.45,338,567.57,355,420000,367,563.40
12298,Lawson (NSW),2024-07-01,361,596.25,338,599.63,355,445000,367,593.21
12298,Lawson (NSW),2025-07-01,363,596.25,340,599.63,357,445000,369,593.21
12299,Leadville,2021-07-01,0,,0,,0,,55,4.51
12299,Leadville,2022-07-01,0,,0,,0,,57,4.58
12299,Leadville,2023-07-01,0,,0,,0,,57,5.49
12299,Leadville,2024-07-01,0,,0,,0,,57,22.23
12299,Leadville,2025-07-01,0,,0,,0,,57,17.79
12302,Leeton,2021-07-01,2467,78.12,2446,78.10,2388,76700,3058,66.68
12302,Leeton,2022-07-01,2518,104.03,2497,103.33,2435,110000,3147,91.17
12302,Leeton,2023-07-01,2516,110.60,2495,110.24,2433,120000,3144,95.72
12302,Leeton,2024-07-01,2518,112.31,2497,112.03,2435,123000,3147,95.72
12302,Leeton,2025-07-01,2518,117.34,2497,116.80,2435,135000,3147,97.77
12303,Leets Vale,2021-07-01,0,,0,,0,,25,44.75
12303,Leets Vale,2022-07-01,0,,0,,0,,25,53.36
12303,Leets Vale,2023-07-01,0,,0,,0,,25,49.89
12303,Leets Vale,2024-07-01,0,,0,,0,,25,52.41
12303,Leets Vale,2025-07-01,0,,0,,0,,25,53.26
12305,Legume,2021-07-01,0,,0,,0,,26,15.32
12305,Legume,2022-07-01,0,,0,,0,,26,18.39
12305,Legume,2023-07-01,0,,0,,0,,26,18.39
12305,Legume,2024-07-01,0,,0,,0,,26,36.78
12305,Legume,2025-07-01,0,,0,,0,,26,36.78
12306,Leichhardt (NSW),2021-07-01,3806,5489.77,3669,5491.94,3643,1250000,3812,5489.77
12306,Leichhardt (NSW),2022-07-01,4195,5754.11,4052,5755.71,4028,1300000,4203,5750.80
12306,Leichhardt (NSW),2023-07-01,4196,5369.02,4053,5367.51,4029,1210000,4204,5367.42
12306,Leichhardt (NSW),2024-07-01,4284,5851.34,4141,5860.47,4117,1330000,4293,5848.72
12306,Leichhardt (NSW),2025-07-01,4284,5853.02,4141,5860.47,4117,1330000,4293,5850.03
12309,Lemon Tree Passage,2021-07-01,1250,410.50,1249,410.50,1239,252000,1256,410.50
12309,Lemon Tree Passage,2022-07-01,1257,549.96,1256,549.96,1246,337000,1263,549.96
12309,Lemon Tree Passage,2023-07-01,1255,559.95,1254,560.14,1244,343000,1261,559.95
12309,Lemon Tree Passage,2024-07-01,1257,571.09,1256,571.17,1246,350000,1263,571.09
12309,Lemon Tree Passage,2025-07-01,1257,571.09,1256,571.17,1246,350000,1263,571.09
12312,Lennox Head,2021-07-01,2351,1027.32,2341,1027.54,1924,841500,2380,1024.20
12312,Lennox Head,2022-07-01,2497,1443.34,2487,1443.38,2015,1050000,2529,1433.35
12312,Lennox Head,2023-07-01,2469,1250.00,2458,1250.45,2009,955000,2500,1246.76
12312,Lennox Head,2024-07-01,2487,1246.87,2476,1246.95,2013,953000,2518,1238.25
12312,Lennox Head,2025-07-01,2521,1191.94,2510,1192.46,2037,941000,2555,1184.83
12313,Leonay,2021-07-01,886,730.35,885,730.63,880,515000,887,730.07
12313,Leonay,2022-07-01,890,902.33,889,902.33,883,628000,891,902.33
12313,Leonay,2023-07-01,890,872.10,889,872.10,883,610000,891,872.10
12313,Leonay,2024-07-01,893,964.23,892,964.23,885,675000,894,964.23
12313,Leonay,2025-07-01,893,1098.78,892,1098.78,885,770000,894,1098.78
12314,Leppington,2021-07-01,3929,1055.00,3703,1074.13,3919,395000,4084,1050.19
12314,Leppington,2022-07-01,5165,1785.47,4926,1803.83,5152,656000,5358,1767.77
12314,Leppington,2023-07-01,4996,1723.15,4757,1728.89,4984,614000,5186,1711.77
12314,Leppington,2024-07-01,4996,1779.70,4757,1791.93,4984,637000,5186,1773.17
12314,Leppington,2025-07-01,5167,1872.00,4928,1872.00,5154,691000,5360,1871.34
12316,Lethbridge Park,2021-07-01,1565,527.72,1565,527.72,1564,316000,1568,527.72
12316,Lethbridge Park,2022-07-01,1565,695.85,1565,695.85,1564,416000,1568,695.85
12316,Lethbridge Park,2023-07-01,1565,732.48,1565,732.48,1564,438000,1568,732.48
12316,Lethbridge Park,2024-07-01,1571,865.66,1571,865.66,1570,517000,1574,865.66
12316,Lethbridge Park,2025-07-01,1571,905.61,1571,905.61,1570,541000,1574,905.61
12317,Leumeah,2021-07-01,2921,730.43,2794,728.50,2879,445000,2934,729.74
12317,Leumeah,2022-07-01,2975,928.80,2848,923.95,2931,565000,2991,928.32
12317,Leumeah,2023-07-01,2975,858.53,2847,849.33,2931,520000,2991,857.83
12317,Leumeah,2024-07-01,2975,948.89,2847,944.25,2931,570000,2991,947.28
12317,Leumeah,2025-07-01,2975,1039.46,2847,1037.54,2931,630000,2991,1039.46
12318,Leura,2021-07-01,111,585.92,86,581.44,105,500000,120,562.39
12318,Leura,2022-07-01,114,805.06,88,812.06,108,745000,124,770.82
12318,Leura,2023-07-01,113,798.46,88,787.21,107,777000,123,759.37
12318,Leura,2024-07-01,113,752.90,88,743.83,107,777000,123,715.14
12318,Leura,2025-07-01,114,735.55,88,730.07,108,769000,124,701.05
12319,Levenstrath,2022-07-01,0,,0,,0,,10,1.38
12319,Levenstrath,2023-07-01,0,,0,,0,,10,1.44
12319,Levenstrath,2024-07-01,0,,0,,0,,10,1.50
12319,Levenstrath,2025-07-01,0,,0,,0,,10,1.57
12322,Lewisham (NSW),2021-07-01,818,4025.21,793,4044.38,785,1160000,820,4025.13
12322,Lewisham (NSW),2022-07-01,822,4339.66,797,4350.86,789,1250000,824,4330.56
12322,Lewisham (NSW),2023-07-01,822,4159.46,797,4169.06,789,1200000,824,4148.74
12322,Lewisham (NSW),2024-07-01,824,4475.10,799,4476.21,791,1280000,826,4474.39
12322,Lewisham (NSW),2025-07-01,824,4731.15,799,4736.84,791,1350000,826,4723.87
12324,Liberty Grove,2021-07-01,304,6042.10,10,3921.58,294,1040000,306,6032.87
12324,Liberty Grove,2022-07-01,304,6280.93,10,4703.92,294,1080000,306,6268.88
12324,Liberty Grove,2023-07-01,304,5647.69,10,4257.26,294,972000,306,5639.97
12324,Liberty Grove,2024-07-01,304,6092.26,10,3910.86,294,1050000,306,6071.95
12324,Liberty Grove,2025-07-01,304,6092.26,10,4086.97,294,1050000,306,6071.95
12325,Lidcombe,2021-07-01,3777,1928.01,3509,1887.13,3567,914000,3813,1926.93
12325,Lidcombe,2022-07-01,3844,2426.53,3559,2394.03,3619,1120000,3884,2423.50
12325,Lidcombe,2023-07-01,3816,2224.54,3543,2198.65,3592,1060000,3856,2222.03
12325,Lidcombe,2024-07-01,3816,2366.85,3544,2343.25,3592,1130000,3856,2364.53
12325,Lidcombe,2025-07-01,3844,2653.32,3561,2613.03,3619,1280000,3884,2646.33
12327,Lidsdale,2021-07-01,0,,0,,0,,115,39.04
12327,Lidsdale,2022-07-01,0,,0,,0,,152,62.75
12327,Lidsdale,2023-07-01,0,,0,,0,,149,77.99
12327,Lidsdale,2024-07-01,0,,0,,0,,152,99.60
12327,Lidsdale,2025-07-01,0,,0,,0,,152,93.94
12329,Lightning Ridge,2021-07-01,630,27.24,17,24.23,630,29000,641,27.12
12329,Lightning Ridge,2022-07-01,641,35.67,2,,641,38000,654,35.46
12329,Lightning Ridge,2023-07-01,639,35.73,2,,639,38000,652,35.47
12329,Lightning Ridge,2024-07-01,641,50.00,2,,641,53200,654,49.62
12329,Lightning Ridge,2025-07-01,641,33.82,0,,641,36000,654,33.57
12330,Lilli Pilli (Eurobodalla - NSW),2021-07-01,333,392.43,333,392.43,331,320000,338,385.92
12330,Lilli Pilli (Eurobodalla - NSW),2022-07-01,333,565.14,333,565.14,331,474000,338,563.34
12330,Lilli Pilli (Eurobodalla - NSW),2023-07-01,333,536.82,333,536.82,331,450000,338,534.72
12330,Lilli Pilli (Eurobodalla - NSW),2024-07-01,333,570.29,333,570.29,331,478000,338,567.86
12330,Lilli Pilli (Eurobodalla - NSW),2025-07-01,333,523.94,333,523.94,331,439000,338,521.16
12331,Lilli Pilli (Sutherland Shire - NSW),2021-07-01,32,1767.73,32,1767.73,30,1270000,32,1767.73
12331,Lilli Pilli (Sutherland Shire - NSW),2022-07-01,32,1967.21,32,1967.21,30,1410000,32,1967.21
12331,Lilli Pilli (Sutherland Shire - NSW),2023-07-01,32,1864.00,32,1864.00,30,1340000,32,1864.00
12331,Lilli Pilli (Sutherland Shire - NSW),2024-07-01,35,2004.09,35,2004.09,32,1490000,35,2004.09
12331,Lilli Pilli (Sutherland Shire - NSW),2025-07-01,35,2017.72,35,2017.72,32,1500000,35,2017.72
12334,Lilyfield,2021-07-01,1916,5701.96,1888,5701.96,1846,1530000,1921,5695.61
12334,Lilyfield,2022-07-01,2218,6024.10,2190,6026.17,2146,1600000,2223,6019.20
12334,Lilyfield,2023-07-01,2218,5570.65,2190,5572.29,2146,1480000,2223,5568.92
12334,Lilyfield,2024-07-01,2261,5982.27,2233,5983.83,2189,1590000,2266,5979.18
12334,Lilyfield,2025-07-01,2261,6351.55,2233,6359.57,2189,1690000,2266,6350.91
12337,Limeburners Creek (Mid-Coast - NSW),2021-07-01,0,,0,,0,,48,167.44
12337,Limeburners Creek (Mid-Coast - NSW),2022-07-01,0,,0,,0,,49,211.84
12337,Limeburners Creek (Mid-Coast - NSW),2023-07-01,0,,0,,0,,48,202.59
12337,Limeburners Creek (Mid-Coast - NSW),2024-07-01,0,,0,,0,,49,203.34
12337,Limeburners Creek (Mid-Coast - NSW),2025-07-01,0,,0,,0,,49,203.34
12348,Lindfield,2021-07-01,2040,2269.15,1923,2268.21,1988,2070000,2053,2272.23
12348,Lindfield,2022-07-01,2065,2885.84,1947,2892.96,2005,2600000,2079,2889.17
12348,Lindfield,2023-07-01,2061,2678.24,1943,2693.35,2003,2460000,2075,2687.50
12348,Lindfield,2024-07-01,2061,2835.52,1943,2844.66,2003,2530000,2075,2839.29
12348,Lindfield,2025-07-01,2065,2937.98,1947,2946.05,2005,2650000,2079,2940.49
12350,Linley Point,2021-07-01,134,3313.12,132,3327.04,134,2465000,134,3313.12
12350,Linley Point,2022-07-01,134,4049.05,132,4064.45,134,3015000,134,4049.05
12350,Linley Point,2023-07-01,134,3588.96,132,3619.32,134,2695000,134,3588.96
12350,Linley Point,2024-07-01,134,3854.98,132,3883.17,134,2870000,134,3854.98
12350,Linley Point,2025-07-01,134,4578.35,132,4605.55,134,3405000,134,4578.35
12352,Lisarow,2021-07-01,1298,690.03,1271,688.74,1273,480000,1319,687.58
12352,Lisarow,2022-07-01,1310,793.83,1283,793.21,1285,549000,1333,787.87
12352,Lisarow,2023-07-01,1302,764.54,1275,764.26,1277,533000,1324,761.59
12352,Lisarow,2024-07-01,1303,813.73,1276,810.54,1278,564000,1326,809.15
12352,Lisarow,2025-07-01,1310,844.56,1283,842.86,1285,586000,1333,840.78
12353,Lismore (NSW),2021-07-01,1194,262.83,1182,262.83,1177,172000,1209,262.40
12353,Lismore (NSW),2022-07-01,1198,291.99,1185,293.08,1180,221500,1213,289.74
12353,Lismore (NSW),2023-07-01,1195,264.63,1183,264.95,1178,204000,1210,263.73
12353,Lismore (NSW),2024-07-01,1196,264.34,1184,264.95,1178,204000,1211,263.56
12353,Lismore (NSW),2025-07-01,1198,295.67,1185,296.51,1180,222000,1213,294.62
12354,Lismore Heights,2021-07-01,815,225.15,806,225.19,751,178000,837,224.37
12354,Lismore Heights,2022-07-01,819,328.40,810,328.78,753,260000,842,326.94
12354,Lismore Heights,2023-07-01,817,291.40,808,291.96,753,230000,840,289.93
12354,Lismore Heights,2024-07-01,819,291.40,810,291.96,753,230000,842,289.93
12354,Lismore Heights,2025-07-01,819,310.82,810,311.45,753,245000,842,309.75
12355,Liston,2021-07-01,0,,0,,0,,42,14.23
12355,Liston,2022-07-01,0,,0,,0,,42,17.05
12355,Liston,2023-07-01,0,,0,,0,,42,21.30
12355,Liston,2024-07-01,0,,0,,0,,42,38.26
12355,Liston,2025-07-01,0,,0,,0,,42,63.67
12356,Lithgow,2021-07-01,3008,205.48,2964,205.77,2989,110000,3037,204.34
12356,Lithgow,2022-07-01,3060,319.94,3017,320.54,3041,170000,3090,319.38
12356,Lithgow,2023-07-01,3052,338.88,3009,339.18,3033,180000,3081,337.40
12356,Lithgow,2024-07-01,3056,356.60,3013,357.36,3037,189000,3086,355.48
12356,Lithgow,2025-07-01,3062,371.40,3019,371.87,3043,199000,3092,368.76
12358,Little Bay,2021-07-01,720,2586.19,536,2518.55,688,1420000,749,2577.89
12358,Little Bay,2022-07-01,760,3255.97,575,3196.50,723,1760000,789,3235.78
12358,Little Bay,2023-07-01,740,3145.99,556,3081.24,704,1720000,769,3128.31
12358,Little Bay,2024-07-01,781,3622.22,594,3546.08,744,1880000,810,3599.28
12358,Little Bay,2025-07-01,781,3716.59,594,3648.45,744,1930000,810,3690.24
12361,Little Hartley,2021-07-01,0,,0,,0,,285,19.27
12361,Little Hartley,2022-07-01,0,,0,,0,,299,26.87
12361,Little Hartley,2023-07-01,0,,0,,0,,292,27.12
12361,Little Hartley,2024-07-01,0,,0,,0,,296,29.10
12361,Little Hartley,2025-07-01,0,,0,,0,,299,29.04
12369,Littleton,2021-07-01,287,158.14,287,158.14,287,110000,287,158.14
12369,Littleton,2022-07-01,287,229.63,287,229.63,287,160000,287,229.63
12369,Littleton,2023-07-01,287,243.98,287,243.98,287,170000,287,243.98
12369,Littleton,2024-07-01,287,258.33,287,258.33,287,180000,287,258.33
12369,Littleton,2025-07-01,287,287.04,287,287.04,287,200000,287,287.04
12370,Liverpool,2021-07-01,3322,961.67,3289,960.25,3063,559000,3364,960.98
12370,Liverpool,2022-07-01,3382,1188.70,3344,1187.55,3119,676000,3428,1188.16
12370,Liverpool,2023-07-01,3371,1069.70,3334,1069.69,3109,630000,3417,1069.70
12370,Liverpool,2024-07-01,3371,1162.45,3333,1159.86,3109,680000,3417,1160.93
12370,Liverpool,2025-07-01,3382,1280.63,3344,1277.54,3119,780000,3428,1277.65
12371,Llanarth (NSW),2021-07-01,850,217.96,850,217.96,850,204000,855,217.91
12371,Llanarth (NSW),2022-07-01,857,397.78,857,397.78,857,372000,862,397.43
12371,Llanarth (NSW),2023-07-01,857,397.69,857,397.69,857,372000,862,397.17
12371,Llanarth (NSW),2024-07-01,859,397.55,859,397.55,859,372000,864,397.02
12371,Llanarth (NSW),2025-07-01,859,385.75,859,385.75,859,361000,864,385.11
12373,Llangothlin,2021-07-01,0,,0,,0,,17,8.56
12373,Llangothlin,2022-07-01,0,,0,,0,,17,14.97
12373,Llangothlin,2023-07-01,0,,0,,0,,17,14.97
12373,Llangothlin,2024-07-01,0,,0,,0,,17,20.33
12373,Llangothlin,2025-07-01,0,,0,,0,,17,23.08
12374,Lloyd,2021-07-01,748,195.87,682,194.97,737,143000,756,194.97
12374,Lloyd,2022-07-01,922,232.53,824,229.60,911,165000,938,231.05
12374,Lloyd,2023-07-01,809,341.14,720,330.99,798,252000,820,338.96
12374,Lloyd,2024-07-01,922,359.55,824,350.22,911,272000,938,357.15
12374,Lloyd,2025-07-01,922,410.55,824,401.34,911,312000,938,406.62
12377,Lochinvar,2021-07-01,728,383.30,728,383.30,725,272000,869,352.10
12377,Lochinvar,2022-07-01,1452,647.25,1452,647.25,1415,410000,1617,625.00
12377,Lochinvar,2023-07-01,1278,567.07,1278,567.07,1250,376500,1436,553.83
12377,Lochinvar,2024-07-01,1302,578.12,1302,578.12,1269,371000,1460,553.69
12377,Lochinvar,2025-07-01,1454,605.35,1454,605.35,1415,370000,1619,585.83
12378,Lockhart,2021-07-01,0,,0,,0,,576,25.22
12378,Lockhart,2022-07-01,0,,0,,0,,584,57.41
12378,Lockhart,2023-07-01,0,,0,,0,,584,60.28
12378,Lockhart,2024-07-01,0,,0,,0,,584,63.24
12378,Lockhart,2025-07-01,0,,0,,0,,584,65.12
12380,Loftus,2021-07-01,393,1232.44,392,1234.65,365,849000,394,1232.15
12380,Loftus,2022-07-01,412,1395.56,411,1400.00,382,950000,413,1391.13
12380,Loftus,2023-07-01,407,1316.44,406,1316.44,377,899000,408,1316.44
12380,Loftus,2024-07-01,424,1472.63,423,1475.76,394,985000,425,1475.76
12380,Loftus,2025-07-01,424,1489.07,416,1482.00,394,985000,425,1483.66
12382,Logans Crossing,2021-07-01,0,,0,,0,,56,31.91
12382,Logans Crossing,2022-07-01,0,,0,,0,,56,43.57
12382,Logans Crossing,2023-07-01,0,,0,,0,,56,45.74
12382,Logans Crossing,2024-07-01,0,,0,,0,,56,45.74
12382,Logans Crossing,2025-07-01,0,,0,,0,,56,46.61
12384,Londonderry (NSW),2021-07-01,0,,0,,0,,181,690.05
12384,Londonderry (NSW),2022-07-01,0,,0,,0,,183,761.93
12384,Londonderry (NSW),2023-07-01,0,,0,,0,,183,646.92
12384,Londonderry (NSW),2024-07-01,0,,0,,0,,183,718.80
12384,Londonderry (NSW),2025-07-01,0,,0,,0,,183,862.56
12385,Long Beach,2021-07-01,925,370.86,925,370.86,895,287000,940,367.41
12385,Long Beach,2022-07-01,933,546.44,933,546.44,897,423000,948,542.16
12385,Long Beach,2023-07-01,930,514.78,930,514.78,897,401000,945,513.19
12385,Long Beach,2024-07-01,933,495.36,933,495.36,897,382000,948,490.95
12385,Long Beach,2025-07-01,933,495.02,933,495.02,897,382000,948,490.17
12386,Long Flat (NSW),2021-07-01,0,,0,,0,,51,117.81
12386,Long Flat (NSW),2022-07-01,0,,0,,0,,51,243.05
12386,Long Flat (NSW),2023-07-01,0,,0,,0,,51,243.05
12386,Long Flat (NSW),2024-07-01,0,,0,,0,,51,243.05
12386,Long Flat (NSW),2025-07-01,0,,0,,0,,51,243.05
12387,Long Jetty,2021-07-01,2218,1139.27,2205,1140.39,2017,684000,2221,1138.67
12387,Long Jetty,2022-07-01,2273,1194.65,2260,1194.65,2067,768000,2277,1194.21
12387,Long Jetty,2023-07-01,2240,1112.07,2227,1113.10,2037,712000,2243,1111.44
12387,Long Jetty,2024-07-01,2258,1240.43,2245,1241.42,2054,774500,2262,1240.30
12387,Long Jetty,2025-07-01,2275,1303.89,2262,1303.89,2069,821000,2279,1303.89
12394,Longueville,2021-07-01,712,4115.26,670,4163.29,707,2930000,713,4114.51
12394,Longueville,2022-07-01,719,4782.41,674,4882.13,714,3390000,720,4781.52
12394,Longueville,2023-07-01,716,4554.70,672,4568.16,711,3240000,717,4554.19
12394,Longueville,2024-07-01,719,4856.32,674,4898.62,714,3430000,720,4853.83
12394,Longueville,2025-07-01,719,5411.22,674,5477.77,714,3850000,720,5410.94
12398,Lorn,2021-07-01,536,629.29,531,629.81,533,458000,541,627.15
12398,Lorn,2022-07-01,538,923.50,533,924.26,535,672000,543,919.24
12398,Lorn,2023-07-01,538,830.41,533,831.40,535,604000,543,826.89
12398,Lorn,2024-07-01,538,834.13,533,834.71,535,607000,543,829.04
12398,Lorn,2025-07-01,538,879.81,533,885.53,535,629000,543,874.98
12403,Louth,2021-07-01,0,,0,,0,,52,2.22
12403,Louth,2022-07-01,0,,0,,0,,53,2.22
12403,Louth,2023-07-01,0,,0,,0,,52,2.22
12403,Louth,2024-07-01,0,,0,,0,,53,2.22
12403,Louth,2025-07-01,0,,0,,0,,53,2.22
12404,Louth Park,2021-07-01,0,,0,,0,,344,151.49
12404,Louth Park,2022-07-01,0,,0,,0,,350,214.14
12404,Louth Park,2023-07-01,0,,0,,0,,350,192.59
12404,Louth Park,2024-07-01,0,,0,,0,,350,205.52
12404,Louth Park,2025-07-01,0,,0,,0,,350,208.04
12407,Lowanna,2021-07-01,102,73.92,102,73.92,102,82000,102,73.92
12407,Lowanna,2022-07-01,106,143.28,105,143.28,106,159000,106,143.28
12407,Lowanna,2023-07-01,104,134.24,104,134.24,104,149000,104,134.24
12407,Lowanna,2024-07-01,106,138.22,105,138.34,106,154000,106,138.22
12407,Lowanna,2025-07-01,106,128.73,105,128.89,106,144000,106,128.73
12417,Lower Macdonald,2021-07-01,0,,0,,0,,196,238.64
12417,Lower Macdonald,2022-07-01,0,,0,,0,,199,284.65
12417,Lower Macdonald,2023-07-01,0,,0,,0,,199,265.96
12417,Lower Macdonald,2024-07-01,0,,0,,0,,201,278.90
12417,Lower Macdonald,2025-07-01,0,,0,,0,,201,283.21
12427,Lucknow (NSW),2021-07-01,0,,0,,0,,75,62.49
12427,Lucknow (NSW),2022-07-01,0,,0,,0,,80,89.06
12427,Lucknow (NSW),2023-07-01,0,,0,,0,,79,91.78
12427,Lucknow (NSW),2024-07-01,0,,0,,0,,80,113.02
12427,Lucknow (NSW),2025-07-01,0,,0,,0,,80,112.68
12429,Lue,2021-07-01,0,,0,,0,,66,15.61
12429,Lue,2022-07-01,0,,0,,0,,69,21.50
12429,Lue,2023-07-01,0,,0,,0,,68,23.28
12429,Lue,2024-07-01,0,,0,,0,,69,23.73
12429,Lue,2025-07-01,0,,0,,0,,69,23.73
12430,Lugarno,2021-07-01,1912,1306.61,1838,1312.11,1896,880000,1925,1304.70
12430,Lugarno,2022-07-01,1933,1445.95,1854,1451.05,1917,975000,1946,1441.03
12430,Lugarno,2023-07-01,1924,1330.50,1846,1338.04,1908,899000,1937,1328.70
12430,Lugarno,2024-07-01,1931,1412.03,1852,1418.06,1915,950000,1944,1410.86
12430,Lugarno,2025-07-01,1933,1441.41,1854,1447.22,1917,970000,1946,1439.47
12431,Lurnea,2021-07-01,2375,873.93,2373,873.93,2312,512000,2381,873.15
12431,Lurnea,2022-07-01,2439,1076.55,2437,1076.55,2367,644000,2445,1074.42
12431,Lurnea,2023-07-01,2424,1007.50,2422,1007.50,2353,596000,2430,1007.50
12431,Lurnea,2024-07-01,2424,1075.44,2422,1075.44,2353,637000,2430,1074.55
12431,Lurnea,2025-07-01,2440,1209.59,2438,1209.59,2367,718000,2446,1208.00
12435,Lyndhurst (Blayney - NSW),2021-07-01,0,,0,,0,,132,13.59
12435,Lyndhurst (Blayney - NSW),2022-07-01,0,,0,,0,,142,26.08
12435,Lyndhurst (Blayney - NSW),2023-07-01,0,,0,,0,,140,31.85
12435,Lyndhurst (Blayney - NSW),2024-07-01,0,,0,,0,,141,34.97
12435,Lyndhurst (Blayney - NSW),2025-07-01,0,,0,,0,,142,35.33
12439,Macksville,2021-07-01,1001,256.70,998,256.85,990,181000,1124,246.78
12439,Macksville,2022-07-01,1012,403.78,1010,403.69,1000,272000,1140,389.71
12439,Macksville,2023-07-01,1006,380.61,1003,380.40,994,257000,1130,367.31
12439,Macksville,2024-07-01,1010,356.71,1007,356.64,998,245000,1138,344.88
12439,Macksville,2025-07-01,1012,365.43,1010,364.74,1000,250000,1140,351.98
12440,Maclean,2021-07-01,1102,306.93,1022,304.78,1077,217000,1144,301.78
12440,Maclean,2022-07-01,1116,467.20,1036,464.02,1090,330000,1158,461.18
12440,Maclean,2023-07-01,1110,444.93,1030,440.61,1084,314000,1152,439.36
12440,Maclean,2024-07-01,1112,442.53,1032,440.07,1086,313000,1154,435.84
12440,Maclean,2025-07-01,1116,424.04,1036,419.43,1090,302000,1158,417.28
12441,Macmasters Beach,2021-07-01,686,1337.82,679,1329.98,681,904000,687,1337.73
12441,Macmasters Beach,2022-07-01,689,1663.92,682,1650.39,684,1120000,691,1663.26
12441,Macmasters Beach,2023-07-01,688,1892.56,681,1883.94,683,1280000,689,1890.57
12441,Macmasters Beach,2024-07-01,689,1890.57,682,1874.14,684,1280000,691,1889.83
12441,Macmasters Beach,2025-07-01,689,1801.43,682,1778.79,684,1220000,691,1793.67
12442,Macquarie Fields,2021-07-01,3624,823.06,3617,823.06,3533,468000,3659,821.15
12442,Macquarie Fields,2022-07-01,3645,1027.11,3638,1027.11,3552,590000,3680,1025.41
12442,Macquarie Fields,2023-07-01,3640,959.24,3633,959.46,3548,550000,3675,957.59
12442,Macquarie Fields,2024-07-01,3640,1113.67,3633,1113.67,3548,640000,3675,1110.29
12442,Macquarie Fields,2025-07-01,3645,1186.09,3638,1186.17,3552,680000,3680,1183.52
12443,Macquarie Hills,2021-07-01,1220,543.24,1220,543.24,1213,313000,1227,542.77
12443,Macquarie Hills,2022-07-01,1222,635.09,1222,635.09,1215,368000,1229,634.42
12443,Macquarie Hills,2023-07-01,1220,620.06,1220,620.06,1213,356000,1227,619.89
12443,Macquarie Hills,2024-07-01,1222,720.63,1222,720.63,1215,420000,1229,719.62
12443,Macquarie Hills,2025-07-01,1222,786.92,1222,786.92,1215,461000,1229,786.59
12444,Macquarie Links,2021-07-01,427,873.46,0,,427,588000,428,873.46
12444,Macquarie Links,2022-07-01,430,1091.03,1,,430,735000,431,1091.03
12444,Macquarie Links,2023-07-01,430,1091.03,1,,430,735000,431,1091.03
12444,Macquarie Links,2024-07-01,430,1187.01,1,,430,800000,431,1187.01
12444,Macquarie Links,2025-07-01,430,1319.79,1,,430,890000,431,1319.79
12446,Macquarie Park,2021-07-01,37,2250.86,37,2250.86,8,,62,2072.97
12446,Macquarie Park,2022-07-01,38,2669.52,38,2669.52,9,,64,2510.25
12446,Macquarie Park,2023-07-01,37,2646.05,37,2646.05,8,,62,2445.27
12446,Macquarie Park,2024-07-01,37,2646.05,37,2646.05,8,,62,2445.27
12446,Macquarie Park,2025-07-01,38,2853.04,38,2853.04,9,,64,2659.03
12454,Main Arm,2021-07-01,0,,0,,0,,21,329.86
12454,Main Arm,2022-07-01,0,,0,,0,,21,329.86
12454,Main Arm,2023-07-01,0,,0,,0,,21,262.30
12454,Main Arm,2024-07-01,0,,0,,0,,21,262.30
12454,Main Arm,2025-07-01,0,,0,,0,,21,274.22
12458,Maitland (NSW),2021-07-01,353,359.19,337,361.98,341,210000,370,348.74
12458,Maitland (NSW),2022-07-01,368,539.75,352,545.29,352,315000,386,522.23
12458,Maitland (NSW),2023-07-01,362,549.02,339,544.10,348,327000,380,537.45
12458,Maitland (NSW),2024-07-01,364,590.64,341,590.04,349,353000,382,573.16
12458,Maitland (NSW),2025-07-01,368,618.74,345,612.92,352,365500,386,601.89
12460,Maitland Vale,2021-07-01,0,,0,,0,,76,161.68
12460,Maitland Vale,2022-07-01,0,,0,,0,,76,251.12
12460,Maitland Vale,2023-07-01,0,,0,,0,,76,230.27
12460,Maitland Vale,2024-07-01,0,,0,,0,,76,229.13
12460,Maitland Vale,2025-07-01,0,,0,,0,,76,229.13
12461,Majors Creek (NSW),2021-07-01,0,,0,,0,,124,46.34
12461,Majors Creek (NSW),2022-07-01,0,,0,,0,,133,47.20
12461,Majors Creek (NSW),2023-07-01,0,,0,,0,,128,62.50
12461,Majors Creek (NSW),2024-07-01,0,,0,,0,,133,63.65
12461,Majors Creek (NSW),2025-07-01,0,,0,,0,,133,63.65
12462,Malabar,2021-07-01,944,3450.75,932,3475.95,914,1760000,949,3450.75
12462,Malabar,2022-07-01,972,4500.14,960,4518.39,938,2270000,977,4469.40
12462,Malabar,2023-07-01,966,4180.24,954,4220.44,932,2120000,971,4171.44
12462,Malabar,2024-07-01,981,4485.34,969,4497.16,945,2220000,986,4475.72
12462,Malabar,2025-07-01,981,4688.89,969,4710.02,945,2320000,986,4687.72
12465,Mallabula,2021-07-01,448,349.70,448,349.70,442,249000,448,349.70
12465,Mallabula,2022-07-01,454,506.56,454,506.56,448,361000,454,506.56
12465,Mallabula,2023-07-01,450,486.07,450,486.07,444,346000,450,486.07
12465,Mallabula,2024-07-01,452,486.16,452,486.16,446,346000,452,486.16
12465,Mallabula,2025-07-01,454,486.07,454,486.07,448,346000,454,486.07
12467,Mallanganee,2021-07-01,0,,0,,0,,63,36.20
12467,Mallanganee,2022-07-01,0,,0,,0,,63,50.67
12467,Mallanganee,2023-07-01,0,,0,,0,,63,50.67
12467,Mallanganee,2024-07-01,0,,0,,0,,63,50.67
12467,Mallanganee,2025-07-01,0,,0,,0,,63,76.85
12470,Maloneys Beach,2021-07-01,257,485.29,257,485.29,248,341000,257,485.29
12470,Maloneys Beach,2022-07-01,257,606.41,257,606.41,248,426000,257,606.41
12470,Maloneys Beach,2023-07-01,257,575.09,257,575.09,248,404000,257,575.09
12470,Maloneys Beach,2024-07-01,257,548.04,257,548.04,248,385000,257,548.04
12470,Maloneys Beach,2025-07-01,257,548.04,257,548.04,248,385000,257,548.04
12471,Malua Bay,2021-07-01,1446,441.56,1438,443.83,1415,300000,1493,431.31
12471,Malua Bay,2022-07-01,1459,705.11,1452,707.82,1424,485000,1511,690.10
12471,Malua Bay,2023-07-01,1448,682.96,1433,685.78,1416,460000,1495,668.86
12471,Malua Bay,2024-07-01,1454,688.35,1439,688.35,1420,467000,1504,679.37
12471,Malua Bay,2025-07-01,1459,629.86,1444,632.64,1424,425000,1511,619.27
12477,Mandurama,2021-07-01,0,,0,,0,,124,23.72
12477,Mandurama,2022-07-01,0,,0,,0,,129,45.11
12477,Mandurama,2023-07-01,0,,0,,0,,125,45.45
12477,Mandurama,2024-07-01,0,,0,,0,,127,49.36
12477,Mandurama,2025-07-01,0,,0,,0,,129,45.26
12478,Mangerton,2021-07-01,807,828.99,804,828.99,784,547000,814,827.74
12478,Mangerton,2022-07-01,811,1174.53,808,1175.40,788,811000,818,1172.45
12478,Mangerton,2023-07-01,811,1054.88,808,1055.20,788,719000,818,1053.27
12478,Mangerton,2024-07-01,816,1096.89,814,1097.22,793,753000,824,1095.77
12478,Mangerton,2025-07-01,816,1058.23,814,1058.39,793,726000,824,1056.91
12480,Mangoplah,2021-07-01,0,,0,,0,,67,17.30
12480,Mangoplah,2022-07-01,0,,0,,0,,70,19.87
12480,Mangoplah,2023-07-01,0,,0,,0,,68,31.78
12480,Mangoplah,2024-07-01,0,,0,,0,,70,39.69
12480,Mangoplah,2025-07-01,0,,0,,0,,70,39.69
12482,Mangrove Mountain,2021-07-01,0,,0,,0,,11,166.09
12482,Mangrove Mountain,2022-07-01,0,,0,,0,,11,224.22
12482,Mangrove Mountain,2023-07-01,0,,0,,0,,11,224.22
12482,Mangrove Mountain,2024-07-01,0,,0,,0,,11,231.83
12482,Mangrove Mountain,2025-07-01,0,,0,,0,,11,240.83
12483,Manildra,2021-07-01,0,,0,,0,,267,30.02
12483,Manildra,2022-07-01,0,,0,,0,,295,34.44
12483,Manildra,2023-07-01,0,,0,,0,,279,42.35
12483,Manildra,2024-07-01,0,,0,,0,,284,63.16
12483,Manildra,2025-07-01,0,,0,,0,,295,65.12
12484,Manilla,2021-07-01,923,56.98,888,57.01,920,56900,979,55.23
12484,Manilla,2022-07-01,925,73.77,890,73.83,922,73900,983,71.25
12484,Manilla,2023-07-01,925,91.31,890,91.31,922,90000,983,87.75
12484,Manilla,2024-07-01,925,91.31,890,91.31,922,90000,983,87.75
12484,Manilla,2025-07-01,925,93.90,891,94.03,922,95000,983,92.00
12485,Manly (NSW),2021-07-01,1869,7705.25,1599,7792.21,1400,2430000,1878,7688.91
12485,Manly (NSW),2022-07-01,1884,9243.36,1613,9342.69,1414,2900000,1893,9236.57
12485,Manly (NSW),2023-07-01,1873,8723.40,1603,8795.62,1403,2770000,1882,8722.50
12485,Manly (NSW),2024-07-01,1878,10087.51,1607,10202.99,1408,3130000,1887,10058.59
12485,Manly (NSW),2025-07-01,1885,10912.65,1613,11077.35,1415,3430000,1894,10893.00
12486,Manly Vale,2021-07-01,968,2583.76,948,2568.43,891,1460000,978,2580.06
12486,Manly Vale,2022-07-01,978,3186.63,958,3174.67,901,1810000,988,3179.39
12486,Manly Vale,2023-07-01,974,3078.98,955,3078.98,897,1750000,984,3078.98
12486,Manly Vale,2024-07-01,975,3601.61,956,3550.60,898,2050000,985,3568.66
12486,Manly Vale,2025-07-01,978,3653.50,959,3631.39,901,2100000,988,3653.50
12487,Mannering Park,2021-07-01,1055,573.33,1009,573.33,1052,335000,1058,573.33
12487,Mannering Park,2022-07-01,1064,704.53,1015,704.53,1061,411000,1067,704.53
12487,Mannering Park,2023-07-01,1060,661.39,1011,661.39,1057,386000,1063,661.39
12487,Mannering Park,2024-07-01,1062,711.72,1013,711.72,1059,415000,1065,711.72
12487,Mannering Park,2025-07-01,1064,711.72,1015,711.72,1061,415000,1067,711.72
12488,Manning Point,2021-07-01,0,,0,,0,,110,517.76
12488,Manning Point,2022-07-01,0,,0,,0,,110,699.74
12488,Manning Point,2023-07-01,0,,0,,0,,110,604.42
12488,Manning Point,2024-07-01,0,,0,,0,,110,604.42
12488,Manning Point,2025-07-01,0,,0,,0,,110,604.42
12491,Manton (NSW),2021-07-01,0,,0,,0,,80,7.62
12491,Manton (NSW),2022-07-01,0,,0,,0,,81,10.54
12491,Manton (NSW),2023-07-01,0,,0,,0,,80,11.28
12491,Manton (NSW),2024-07-01,0,,0,,0,,80,11.28
12491,Manton (NSW),2025-07-01,0,,0,,0,,81,11.12
12492,Manyana,2021-07-01,784,865.87,784,865.87,784,535000,786,865.17
12492,Manyana,2022-07-01,784,1091.00,784,1091.00,784,680500,786,1089.68
12492,Manyana,2023-07-01,784,926.10,784,926.10,784,561000,786,925.59
12492,Manyana,2024-07-01,784,926.10,784,926.10,784,561000,786,925.59
12492,Manyana,2025-07-01,784,906.28,784,906.28,784,549000,786,905.82
12494,Maraylya,2021-07-01,12,1259.26,12,1259.26,12,340000,12,1259.26
12494,Maraylya,2022-07-01,12,1718.52,12,1718.52,12,464000,12,1718.52
12494,Maraylya,2023-07-01,12,1718.52,12,1718.52,12,464000,12,1718.52
12494,Maraylya,2024-07-01,12,1918.52,12,1918.52,12,518000,12,1918.52
12494,Maraylya,2025-07-01,12,1918.52,12,1918.52,12,518000,12,1918.52
12495,Marayong,2021-07-01,2364,876.79,2362,876.79,2345,523000,2366,876.74
12495,Marayong,2022-07-01,2372,1029.74,2370,1029.74,2353,614000,2374,1029.74
12495,Marayong,2023-07-01,2367,1048.65,2365,1048.65,2348,625000,2369,1048.65
12495,Marayong,2024-07-01,2379,1268.70,2377,1268.70,2360,756000,2381,1268.70
12495,Marayong,2025-07-01,2379,1323.71,2377,1323.71,2360,789000,2381,1323.71
12497,Marchmont,2021-07-01,0,,0,,0,,79,9.27
12497,Marchmont,2022-07-01,0,,0,,0,,79,12.96
12497,Marchmont,2023-07-01,0,,0,,0,,79,13.74
12497,Marchmont,2024-07-01,0,,0,,0,,79,13.74
12497,Marchmont,2025-07-01,0,,0,,0,,79,13.69
12498,Mardi,2021-07-01,1039,823.79,857,792.53,974,459000,1104,812.55
12498,Mardi,2022-07-01,1041,846.91,859,810.49,976,469000,1107,835.11
12498,Mardi,2023-07-01,1039,849.26,857,811.83,974,470000,1104,836.92
12498,Mardi,2024-07-01,1041,901.71,859,863.80,976,501000,1106,889.63
12498,Mardi,2025-07-01,1041,922.41,859,899.18,976,522000,1107,911.85
12502,Marks Point,2021-07-01,552,794.41,511,779.41,538,455000,561,787.20
12502,Marks Point,2022-07-01,561,998.93,517,963.34,545,575000,570,981.78
12502,Marks Point,2023-07-01,559,993.75,515,953.70,544,569000,568,984.92
12502,Marks Point,2024-07-01,559,1043.45,515,1003.29,544,609000,568,1034.64
12502,Marks Point,2025-07-01,561,1048.18,518,1018.08,545,616000,570,1036.18
12503,Markwell,2021-07-01,0,,0,,0,,13,30.15
12503,Markwell,2022-07-01,0,,0,,0,,13,42.17
12503,Markwell,2023-07-01,0,,0,,0,,13,43.82
12503,Markwell,2024-07-01,0,,0,,0,,13,45.47
12503,Markwell,2025-07-01,0,,0,,0,,13,46.46
12508,Marmong Point,2021-07-01,287,487.38,287,487.38,282,356000,287,487.38
12508,Marmong Point,2022-07-01,291,585.81,291,585.81,286,435000,291,585.81
12508,Marmong Point,2023-07-01,291,692.06,291,692.06,286,510000,291,692.06
12508,Marmong Point,2024-07-01,291,703.33,291,703.33,286,520000,291,703.33
12508,Marmong Point,2025-07-01,291,703.33,291,703.33,286,514500,291,703.33
12511,Maroubra,2021-07-01,6344,4239.57,6229,4243.95,5914,1590000,6358,4237.71
12511,Maroubra,2022-07-01,6439,4796.91,6322,4801.09,5991,1790000,6453,4791.57
12511,Maroubra,2023-07-01,6405,4645.80,6286,4648.22,5960,1710000,6419,4645.80
12511,Maroubra,2024-07-01,6468,5301.94,6348,5304.78,6019,1960000,6482,5299.24
12511,Maroubra,2025-07-01,6468,5399.02,6348,5409.78,6019,1990000,6482,5395.35
12512,Marrangaroo,2021-07-01,58,109.37,58,109.37,58,294000,118,85.60
12512,Marrangaroo,2022-07-01,58,164.34,58,164.34,58,442000,118,128.77
12512,Marrangaroo,2023-07-01,58,171.77,58,171.77,58,462000,118,134.80
12512,Marrangaroo,2024-07-01,58,171.77,58,171.77,58,462000,118,134.80
12512,Marrangaroo,2025-07-01,58,171.77,58,171.77,58,462000,118,134.80
12513,Marrar,2021-07-01,0,,0,,0,,128,28.92
12513,Marrar,2022-07-01,0,,0,,0,,134,44.24
12513,Marrar,2023-07-01,0,,0,,0,,138,48.64
12513,Marrar,2024-07-01,0,,0,,0,,138,48.64
12513,Marrar,2025-07-01,0,,0,,0,,138,50.91
12514,Marrickville,2021-07-01,5891,4196.26,5769,4204.08,5645,1200000,5902,4193.58
12514,Marrickville,2022-07-01,5963,4524.11,5841,4525.48,5714,1310000,5974,4524.11
12514,Marrickville,2023-07-01,5963,4314.96,5842,4314.68,5714,1250000,5974,4313.91
12514,Marrickville,2024-07-01,5981,4658.12,5857,4663.42,5732,1350000,5992,4655.85
12514,Marrickville,2025-07-01,5981,4852.62,5855,4856.12,5732,1410000,5992,4850.24
12515,Marsden Park,2021-07-01,5488,1266.67,5124,1265.78,5478,437000,5563,1266.67
12515,Marsden Park,2022-07-01,5898,1955.19,5492,1954.67,5888,665000,5987,1954.67
12515,Marsden Park,2023-07-01,5680,1791.21,5274,1784.00,5670,609000,5762,1787.47
12515,Marsden Park,2024-07-01,5994,2115.38,5586,2114.67,5981,715000,6087,2114.67
12515,Marsden Park,2025-07-01,5994,2144.42,5586,2144.00,5981,725000,6087,2144.00
12516,Marsfield,2021-07-01,1782,2540.98,1704,2537.37,1703,1590000,1837,2524.54
12516,Marsfield,2022-07-01,1923,3099.96,1829,3093.50,1839,1790000,1978,3076.12
12516,Marsfield,2023-07-01,1902,2794.72,1810,2778.78,1818,1610000,1957,2773.95
12516,Marsfield,2024-07-01,1902,2965.33,1810,2953.60,1818,1735000,1957,2924.12
12516,Marsfield,2025-07-01,1925,3146.40,1833,3142.86,1841,1880000,1980,3129.68
12517,Marshall Mount,2021-07-01,2,,0,,2,,20,16.61
12517,Marshall Mount,2022-07-01,2,,0,,2,,24,46.01
12517,Marshall Mount,2023-07-01,2,,0,,2,,22,54.66
12517,Marshall Mount,2024-07-01,2,,0,,2,,24,47.54
12517,Marshall Mount,2025-07-01,2,,0,,2,,24,47.54
12521,Martins Creek,2021-07-01,0,,0,,0,,66,99.88
12521,Martins Creek,2022-07-01,0,,0,,0,,69,156.91
12521,Martins Creek,2023-07-01,0,,0,,0,,66,173.61
12521,Martins Creek,2024-07-01,0,,0,,0,,66,202.91
12521,Martins Creek,2025-07-01,0,,0,,0,,69,198.63
12523,Marulan,2021-07-01,362,217.25,362,217.25,361,223000,488,182.33
12523,Marulan,2022-07-01,492,272.65,492,272.65,491,247000,642,248.67
12523,Marulan,2023-07-01,430,266.65,430,266.65,429,248000,579,231.45
12523,Marulan,2024-07-01,492,326.10,492,326.10,491,296000,642,297.71
12523,Marulan,2025-07-01,492,326.88,492,326.88,491,296000,642,297.97
12524,Maryland (Newcastle - NSW),2021-07-01,2661,510.29,2650,509.73,2609,314000,2681,509.27
12524,Maryland (Newcastle - NSW),2022-07-01,2677,552.38,2666,551.91,2625,343000,2698,551.23
12524,Maryland (Newcastle - NSW),2023-07-01,2671,560.64,2660,560.27,2619,345000,2692,560.27
12524,Maryland (Newcastle - NSW),2024-07-01,2682,601.81,2671,601.01,2627,375000,2703,600.87
12524,Maryland (Newcastle - NSW),2025-07-01,2682,634.79,2671,634.14,2627,393000,2703,633.94
12527,Maryvale (NSW),2021-07-01,0,,0,,0,,23,3.41
12527,Maryvale (NSW),2022-07-01,0,,0,,0,,23,4.09
12527,Maryvale (NSW),2023-07-01,0,,0,,0,,23,4.68
12527,Maryvale (NSW),2024-07-01,0,,0,,0,,23,4.68
12527,Maryvale (NSW),2025-07-01,0,,0,,0,,23,6.08
12528,Maryville,2021-07-01,474,2032.95,474,2032.95,462,617000,477,2032.95
12528,Maryville,2022-07-01,485,2204.28,485,2204.28,473,669000,488,2204.28
12528,Maryville,2023-07-01,483,2148.27,483,2148.27,471,652000,486,2148.27
12528,Maryville,2024-07-01,489,2319.60,489,2319.60,477,704000,492,2319.60
12528,Maryville,2025-07-01,489,2421.75,489,2421.75,477,735000,492,2421.75
12529,Mascot,2021-07-01,2035,3399.31,1991,3417.11,2002,1210000,2041,3396.78
12529,Mascot,2022-07-01,2072,3912.54,2027,3932.81,2039,1390000,2078,3912.54
12529,Mascot,2023-07-01,2061,3848.18,2016,3889.03,2028,1370000,2067,3843.28
12529,Mascot,2024-07-01,2066,4063.32,2021,4122.92,2033,1450000,2072,4059.04
12529,Mascot,2025-07-01,2072,4192.79,2029,4217.36,2039,1500000,2078,4190.83
12532,Mathoura,2021-07-01,0,,0,,0,,418,28.20
12532,Mathoura,2022-07-01,0,,0,,0,,450,46.60
12532,Mathoura,2023-07-01,0,,0,,0,,450,53.77
12532,Mathoura,2024-07-01,0,,0,,0,,450,56.37
12532,Mathoura,2025-07-01,0,,0,,0,,450,58.51
12533,Matong,2021-07-01,0,,0,,0,,78,5.68
12533,Matong,2022-07-01,0,,0,,0,,88,12.51
12533,Matong,2023-07-01,0,,0,,0,,88,19.97
12533,Matong,2024-07-01,0,,0,,0,,88,19.97
12533,Matong,2025-07-01,0,,0,,0,,88,19.97
12534,Matraville,2021-07-01,2054,2666.39,2040,2668.86,1983,1300000,2063,2664.64
12534,Matraville,2022-07-01,2163,3045.09,2148,3045.09,2069,1460000,2174,3040.63
12534,Matraville,2023-07-01,2132,2759.08,2117,2759.08,2044,1330000,2143,2758.74
12534,Matraville,2024-07-01,2206,3302.05,2191,3304.95,2110,1560000,2217,3300.39
12534,Matraville,2025-07-01,2206,3357.89,2191,3362.74,2110,1580000,2217,3353.34
12535,Maude (NSW),2021-07-01,0,,0,,0,,36,3.27
12535,Maude (NSW),2022-07-01,0,,0,,0,,37,3.48
12535,Maude (NSW),2023-07-01,0,,0,,0,,37,4.17
12535,Maude (NSW),2024-07-01,0,,0,,0,,37,4.17
12535,Maude (NSW),2025-07-01,0,,0,,0,,37,6.25
12540,Mayfield (Newcastle - NSW),2021-07-01,3554,1118.33,3529,1119.65,3463,450000,3573,1116.06
12540,Mayfield (Newcastle - NSW),2022-07-01,3596,1210.95,3568,1215.61,3500,494000,3618,1208.82
12540,Mayfield (Newcastle - NSW),2023-07-01,3582,1142.86,3557,1143.55,3487,470000,3603,1139.56
12540,Mayfield (Newcastle - NSW),2024-07-01,3615,1223.27,3589,1223.27,3517,505000,3638,1223.27
12540,Mayfield (Newcastle - NSW),2025-07-01,3615,1329.57,3588,1334.32,3517,545000,3638,1328.64
12544,Mayfield East,2021-07-01,637,1270.42,632,1270.42,623,470000,640,1270.42
12544,Mayfield East,2022-07-01,647,1440.57,642,1456.88,629,530000,650,1440.57
12544,Mayfield East,2023-07-01,646,1405.98,641,1425.98,629,517000,649,1405.98
12544,Mayfield East,2024-07-01,651,1362.20,646,1362.20,633,519000,654,1362.20
12544,Mayfield East,2025-07-01,651,1590.55,646,1590.55,633,606000,654,1590.55
12546,Mayfield West,2021-07-01,698,708.12,695,711.44,682,379000,703,708.12
12546,Mayfield West,2022-07-01,703,779.94,700,781.40,685,415000,708,774.62
12546,Mayfield West,2023-07-01,703,774.40,701,774.40,685,420000,708,774.12
12546,Mayfield West,2024-07-01,704,855.13,702,855.13,686,460000,709,855.13
12546,Mayfield West,2025-07-01,704,919.56,702,919.56,686,495000,709,919.56
12548,Mays Hill,2021-07-01,151,1420.93,148,1426.53,131,830000,152,1420.49
12548,Mays Hill,2022-07-01,158,1779.68,155,1782.37,136,1050000,159,1776.98
12548,Mays Hill,2023-07-01,157,1790.24,154,1790.24,135,929000,158,1790.24
12548,Mays Hill,2024-07-01,157,1921.37,154,1921.37,135,1050000,158,1920.41
12548,Mays Hill,2025-07-01,158,1897.25,155,1897.83,136,1170000,159,1896.67
12552,McGraths Hill,2021-07-01,826,716.59,825,716.59,809,400000,833,715.82
12552,McGraths Hill,2022-07-01,827,868.20,826,868.20,810,485000,834,867.78
12552,McGraths Hill,2023-07-01,827,805.60,826,805.60,810,450000,834,804.94
12552,McGraths Hill,2024-07-01,828,882.48,827,882.72,811,493000,835,881.62
12552,McGraths Hill,2025-07-01,828,905.76,827,906.00,811,506000,835,904.86
12554,McKellars Park,2021-07-01,109,126.21,109,126.21,108,108500,111,124.27
12554,McKellars Park,2022-07-01,111,198.67,111,198.67,110,170000,113,196.12
12554,McKellars Park,2023-07-01,111,211.52,111,211.52,110,181000,113,208.74
12554,McKellars Park,2024-07-01,111,224.38,111,224.38,110,192000,113,221.36
12554,McKellars Park,2025-07-01,111,245.16,111,245.16,110,209000,113,244.24
12555,McLeans Ridges,2021-07-01,0,,0,,0,,163,49.36
12555,McLeans Ridges,2022-07-01,0,,0,,0,,165,73.58
12555,McLeans Ridges,2023-07-01,0,,0,,0,,163,66.67
12555,McLeans Ridges,2024-07-01,0,,0,,0,,164,66.77
12555,McLeans Ridges,2025-07-01,0,,0,,0,,165,67.76
12557,McMahons Point,2021-07-01,413,9489.80,336,10090.80,346,2010000,415,9489.80
12557,McMahons Point,2022-07-01,421,11832.73,343,12408.44,354,2505000,423,11832.73
12557,McMahons Point,2023-07-01,418,11339.30,342,11749.03,351,2350000,420,11339.30
12557,McMahons Point,2024-07-01,421,12316.18,343,12813.52,354,2590000,423,12316.18
12557,McMahons Point,2025-07-01,421,11977.40,359,12366.60,354,2490000,423,11977.40
12560,Meadowbank (NSW),2021-07-01,128,2123.49,121,2123.42,74,1245000,129,2123.42
12560,Meadowbank (NSW),2022-07-01,132,2992.69,125,3000.56,78,1950000,133,2984.82
12560,Meadowbank (NSW),2023-07-01,132,2755.82,125,2759.21,78,1750000,133,2752.43
12560,Meadowbank (NSW),2024-07-01,132,2931.10,125,2934.40,78,1910000,133,2927.80
12560,Meadowbank (NSW),2025-07-01,132,3044.17,125,3077.39,78,1910000,133,3010.95
12564,Medowie,2021-07-01,2454,366.67,2047,365.07,2436,244000,4087,316.24
12564,Medowie,2022-07-01,2559,493.83,2152,489.57,2536,322000,4215,417.45
12564,Medowie,2023-07-01,2533,503.62,2126,499.72,2515,328000,4183,424.14
12564,Medowie,2024-07-01,2555,524.89,2148,521.32,2534,341000,4211,441.82
12564,Medowie,2025-07-01,2559,525.83,2152,522.60,2536,341000,4215,447.91
12565,Medway,2021-07-01,30,301.05,30,301.05,30,435000,31,300.44
12565,Medway,2022-07-01,32,421.09,32,421.09,32,610000,33,420.90
12565,Medway,2023-07-01,32,421.09,32,421.09,32,610000,33,420.90
12565,Medway,2024-07-01,32,338.63,32,338.63,32,491000,33,338.17
12565,Medway,2025-07-01,32,406.21,32,406.21,32,589000,33,405.66
12573,Melonba,2021-07-01,2752,1290.33,2659,1288.91,2748,420000,2753,1290.12
12573,Melonba,2022-07-01,3212,2003.02,3119,1991.27,3208,639000,3214,2002.70
12573,Melonba,2023-07-01,2913,1815.54,2820,1815.54,2909,591000,2914,1815.54
12573,Melonba,2024-07-01,3487,2165.02,3394,2158.70,3483,681000,3491,2164.52
12573,Melonba,2025-07-01,3487,2193.23,3394,2187.03,3483,690000,3491,2192.98
12574,Melrose Park (NSW),2021-07-01,516,2053.49,511,2058.04,508,1190000,518,2057.14
12574,Melrose Park (NSW),2022-07-01,523,2542.28,518,2542.28,514,1470000,527,2542.28
12574,Melrose Park (NSW),2023-07-01,523,2371.02,518,2371.58,514,1380000,527,2371.02
12574,Melrose Park (NSW),2024-07-01,523,2676.89,518,2676.89,514,1550000,527,2676.89
12574,Melrose Park (NSW),2025-07-01,523,2819.00,518,2819.16,514,1640000,527,2819.00
12577,Menah,2021-07-01,0,,0,,0,,48,5.26
12577,Menah,2022-07-01,0,,0,,0,,52,6.51
12577,Menah,2023-07-01,0,,0,,0,,49,6.88
12577,Menah,2024-07-01,0,,0,,0,,52,6.81
12577,Menah,2025-07-01,0,,0,,0,,52,6.51
12578,Menai,2021-07-01,1168,1608.72,958,1569.11,1138,785000,1182,1606.71
12578,Menai,2022-07-01,1168,1781.41,958,1737.85,1138,869000,1182,1779.05
12578,Menai,2023-07-01,1168,1692.79,958,1657.85,1138,824000,1182,1691.72
12578,Menai,2024-07-01,1168,1813.36,958,1776.51,1138,884000,1182,1812.59
12578,Menai,2025-07-01,1168,1850.83,953,1814.95,1138,904000,1182,1849.73
12579,Menangle,2021-07-01,326,694.64,316,696.30,326,390000,335,691.00
12579,Menangle,2022-07-01,397,1138.56,387,1146.97,397,616000,408,1132.55
12579,Menangle,2023-07-01,326,1015.58,316,1021.91,326,558000,335,1010.51
12579,Menangle,2024-07-01,395,1151.43,385,1158.00,395,621000,406,1144.38
12579,Menangle,2025-07-01,397,1168.09,387,1173.74,397,630000,408,1160.22
12580,Menangle Park,2021-07-01,340,960.28,340,960.28,340,425000,409,934.38
12580,Menangle Park,2022-07-01,1214,1250.28,1214,1250.28,1214,560000,1421,1244.44
12580,Menangle Park,2023-07-01,906,1230.66,906,1230.66,906,550000,1047,1222.22
12580,Menangle Park,2024-07-01,906,1264.12,906,1264.12,906,565000,1047,1255.56
12580,Menangle Park,2025-07-01,1214,1332.66,1214,1332.66,1214,595000,1421,1322.22
12581,Mendooran,2021-07-01,0,,0,,0,,258,7.95
12581,Mendooran,2022-07-01,0,,0,,0,,262,9.92
12581,Mendooran,2023-07-01,0,,0,,0,,260,11.90
12581,Mendooran,2024-07-01,0,,0,,0,,260,11.90
12581,Mendooran,2025-07-01,0,,0,,0,,262,33.60
12582,Menindee,2021-07-01,0,,0,,0,,397,1.99
12582,Menindee,2022-07-01,0,,0,,0,,406,1.99
12582,Menindee,2023-07-01,0,,0,,0,,399,1.99
12582,Menindee,2024-07-01,0,,0,,0,,401,1.99
12582,Menindee,2025-07-01,0,,0,,0,,406,1.98
12584,Merewether,2021-07-01,3464,2327.42,3447,2329.22,3183,1160000,3470,2324.27
12584,Merewether,2022-07-01,3547,2530.64,3530,2535.59,3258,1280000,3553,2530.14
12584,Merewether,2023-07-01,3520,2399.04,3503,2399.04,3233,1230000,3526,2398.49
12584,Merewether,2024-07-01,3586,2484.42,3569,2485.07,3293,1290000,3593,2481.25
12584,Merewether,2025-07-01,3586,2731.18,3569,2732.17,3293,1390000,3593,2730.18
12585,Merewether Heights,2021-07-01,504,1469.79,497,1462.98,501,877000,507,1465.74
12585,Merewether Heights,2022-07-01,506,1512.69,499,1509.40,503,892000,509,1509.58
12585,Merewether Heights,2023-07-01,506,1451.04,499,1447.90,503,856000,509,1448.88
12585,Merewether Heights,2024-07-01,506,1580.50,499,1577.93,503,933000,509,1578.27
12585,Merewether Heights,2025-07-01,506,1718.98,499,1714.83,503,1020000,509,1718.37
12586,Merimbula,2021-07-01,1467,369.28,1460,368.70,1274,288000,1520,361.68
12586,Merimbula,2022-07-01,1477,617.00,1469,613.77,1282,474000,1531,604.10
12586,Merimbula,2023-07-01,1475,577.01,1467,575.13,1280,441000,1529,564.48
12586,Merimbula,2024-07-01,1490,577.78,1479,575.13,1292,440000,1544,564.65
12586,Merimbula,2025-07-01,1490,589.54,1479,586.75,1292,444000,1544,575.93
12590,Meroo Meadow,2021-07-01,74,618.32,74,618.32,74,427000,89,612.24
12590,Meroo Meadow,2022-07-01,74,798.28,74,798.28,74,551000,89,790.44
12590,Meroo Meadow,2023-07-01,74,724.45,74,724.45,74,501000,89,717.33
12590,Meroo Meadow,2024-07-01,74,617.29,74,617.29,74,425500,89,613.87
12590,Meroo Meadow,2025-07-01,74,640.44,74,640.44,74,441000,89,636.89
12596,Merriwa (NSW),2021-07-01,414,31.56,398,31.05,413,47700,591,26.94
12596,Merriwa (NSW),2022-07-01,420,59.91,404,59.23,419,90600,607,50.91
12596,Merriwa (NSW),2023-07-01,420,59.91,419,59.91,419,90600,607,50.91
12596,Merriwa (NSW),2024-07-01,421,54.80,420,54.67,420,82500,614,46.35
12596,Merriwa (NSW),2025-07-01,421,76.28,419,75.36,420,115500,614,64.26
12597,Merriwagga,2021-07-01,0,,0,,0,,54,2.04
12597,Merriwagga,2022-07-01,0,,0,,0,,54,3.05
12597,Merriwagga,2023-07-01,0,,0,,0,,54,3.64
12597,Merriwagga,2024-07-01,0,,0,,0,,54,3.64
12597,Merriwagga,2025-07-01,0,,0,,0,,54,3.64
12598,Merrygoen,2021-07-01,0,,0,,0,,25,3.81
12598,Merrygoen,2022-07-01,0,,0,,0,,26,4.11
12598,Merrygoen,2023-07-01,0,,0,,0,,26,4.94
12598,Merrygoen,2024-07-01,0,,0,,0,,26,8.83
12598,Merrygoen,2025-07-01,0,,0,,0,,26,7.91
12599,Merrylands,2021-07-01,6281,1300.03,6226,1300.03,6018,740000,6301,1300.03
12599,Merrylands,2022-07-01,6441,1627.13,6387,1626.44,6178,930000,6464,1625.52
12599,Merrylands,2023-07-01,6405,1465.12,6351,1463.83,6142,850000,6427,1463.32
12599,Merrylands,2024-07-01,6405,1612.97,6351,1612.85,6142,915000,6427,1612.85
12599,Merrylands,2025-07-01,6443,1733.89,6390,1732.92,6180,970000,6466,1732.78
12600,Merrylands West,2021-07-01,1477,1271.93,1472,1272.21,1420,653000,1487,1269.77
12600,Merrylands West,2022-07-01,1548,1508.82,1543,1508.82,1491,800000,1558,1508.82
12600,Merrylands West,2023-07-01,1532,1366.92,1527,1367.81,1475,700000,1542,1363.97
12600,Merrylands West,2024-07-01,1532,1480.40,1527,1480.47,1475,762000,1542,1478.88
12600,Merrylands West,2025-07-01,1550,1605.42,1545,1604.70,1493,830000,1560,1598.96
12603,Metford,2021-07-01,1653,461.54,1653,461.54,1588,297500,1658,461.20
12603,Metford,2022-07-01,1658,577.35,1658,577.35,1591,371000,1664,576.82
12603,Metford,2023-07-01,1657,546.00,1657,546.00,1591,351000,1662,545.54
12603,Metford,2024-07-01,1658,546.45,1658,546.45,1591,351000,1664,546.13
12603,Metford,2025-07-01,1658,584.79,1658,584.79,1591,376000,1664,584.44
12608,Micalo Island,2021-07-01,11,1132.66,5,,11,514000,11,1132.66
12608,Micalo Island,2022-07-01,11,1710.00,5,,11,776000,11,1710.00
12608,Micalo Island,2023-07-01,11,1425.74,5,,11,647000,11,1425.74
12608,Micalo Island,2024-07-01,11,1336.47,5,,11,617000,11,1336.47
12608,Micalo Island,2025-07-01,11,1203.30,5,,11,525000,11,1203.30
12609,Michelago,2021-07-01,0,,0,,0,,111,50.29
12609,Michelago,2022-07-01,0,,0,,0,,124,69.04
12609,Michelago,2023-07-01,0,,0,,0,,122,69.74
12609,Michelago,2024-07-01,0,,0,,0,,124,69.04
12609,Michelago,2025-07-01,0,,0,,0,,124,67.58
12611,Middle Brook,2021-07-01,0,,0,,0,,48,12.55
12611,Middle Brook,2022-07-01,0,,0,,0,,50,19.03
12611,Middle Brook,2023-07-01,0,,0,,0,,50,19.92
12611,Middle Brook,2024-07-01,0,,0,,0,,51,20.61
12611,Middle Brook,2025-07-01,0,,0,,0,,51,22.64
12612,Middle Brother,2021-07-01,0,,0,,0,,17,3.58
12612,Middle Brother,2022-07-01,0,,0,,0,,17,4.88
12612,Middle Brother,2023-07-01,0,,0,,0,,17,5.12
12612,Middle Brother,2024-07-01,0,,0,,0,,17,5.12
12612,Middle Brother,2025-07-01,0,,0,,0,,17,5.22
12613,Middle Cove,2021-07-01,151,2094.32,150,2081.69,150,1530000,151,2094.32
12613,Middle Cove,2022-07-01,153,2558.64,152,2558.64,152,1640000,153,2558.64
12613,Middle Cove,2023-07-01,151,2320.31,150,2320.31,150,1470000,151,2320.31
12613,Middle Cove,2024-07-01,153,2479.72,152,2479.72,152,1580000,153,2479.72
12613,Middle Cove,2025-07-01,153,2570.09,152,2572.95,152,1845000,153,2570.09
12618,Middleton Grange,2021-07-01,2078,1176.95,1380,1205.40,2060,476000,2090,1176.75
12618,Middleton Grange,2022-07-01,2085,1526.79,1387,1564.50,2066,618000,2097,1526.40
12618,Middleton Grange,2023-07-01,2085,1606.26,1387,1647.95,2066,648000,2097,1605.95
12618,Middleton Grange,2024-07-01,2085,1680.09,1387,1724.14,2066,678000,2097,1679.25
12618,Middleton Grange,2025-07-01,2085,1718.12,1387,1761.99,2066,693000,2097,1717.01
12624,Milbrulong,2021-07-01,0,,0,,0,,28,3.80
12624,Milbrulong,2022-07-01,0,,0,,0,,35,5.68
12624,Milbrulong,2023-07-01,0,,0,,0,,35,7.07
12624,Milbrulong,2024-07-01,0,,0,,0,,35,23.68
12624,Milbrulong,2025-07-01,0,,0,,0,,35,24.81
12628,Miller,2021-07-01,823,785.63,823,785.63,820,457000,833,785.63
12628,Miller,2022-07-01,827,1010.49,827,1010.49,823,600000,838,1010.49
12628,Miller,2023-07-01,827,884.86,827,884.86,823,524000,838,884.86
12628,Miller,2024-07-01,827,1011.47,827,1011.47,823,582000,838,1011.47
12628,Miller,2025-07-01,827,1100.22,827,1100.22,823,640000,838,1100.22
12630,Millers Point,2021-07-01,187,16716.42,150,17610.61,179,2120000,187,16716.42
12630,Millers Point,2022-07-01,188,20597.01,151,21726.70,179,2610000,188,20597.01
12630,Millers Point,2023-07-01,188,19402.99,151,20462.76,179,2460000,188,19402.99
12630,Millers Point,2024-07-01,188,20149.25,152,21063.33,179,2550000,188,20149.25
12630,Millers Point,2025-07-01,188,20527.35,152,21191.65,179,2590000,188,20527.35
12631,Millfield,2021-07-01,0,,0,,0,,443,183.18
12631,Millfield,2022-07-01,0,,0,,0,,489,296.57
12631,Millfield,2023-07-01,0,,0,,0,,451,258.96
12631,Millfield,2024-07-01,0,,0,,0,,454,267.09
12631,Millfield,2025-07-01,0,,0,,0,,489,290.61
12634,Millthorpe,2021-07-01,252,305.98,237,310.28,250,244000,469,260.85
12634,Millthorpe,2022-07-01,278,389.92,263,393.16,276,302000,527,331.13
12634,Millthorpe,2023-07-01,276,413.64,261,416.10,274,321000,510,355.75
12634,Millthorpe,2024-07-01,276,463.13,261,469.74,274,375000,513,394.76
12634,Millthorpe,2025-07-01,280,462.67,265,468.66,278,375000,529,391.07
12636,Milperra,2021-07-01,1339,1270.43,1334,1270.43,1332,715000,1341,1270.43
12636,Milperra,2022-07-01,1459,1599.15,1422,1599.15,1452,900000,1462,1599.15
12636,Milperra,2023-07-01,1459,1535.18,1422,1535.18,1452,864000,1462,1535.18
12636,Milperra,2024-07-01,1533,1689.77,1485,1689.77,1526,951000,1536,1689.77
12636,Milperra,2025-07-01,1533,1773.28,1485,1773.28,1526,998000,1536,1773.28
12641,Milton (NSW),2021-07-01,628,535.44,607,539.45,617,424000,687,521.07
12641,Milton (NSW),2022-07-01,647,883.82,624,896.23,634,719000,709,851.78
12641,Milton (NSW),2023-07-01,637,699.72,616,707.89,625,554000,698,681.40
12641,Milton (NSW),2024-07-01,640,695.87,619,704.23,627,546000,701,679.99
12641,Milton (NSW),2025-07-01,648,663.95,625,667.98,634,520500,710,645.60
12644,Minchinbury,2021-07-01,1640,823.91,1640,823.91,1634,505000,1654,823.81
12644,Minchinbury,2022-07-01,1650,971.51,1650,971.51,1644,595000,1664,971.33
12644,Minchinbury,2023-07-01,1650,969.86,1650,969.86,1644,594000,1664,969.70
12644,Minchinbury,2024-07-01,1650,1114.29,1650,1114.29,1644,683000,1664,1113.86
12644,Minchinbury,2025-07-01,1650,1292.06,1650,1292.06,1644,792000,1664,1291.20
12647,Minimbah,2021-07-01,0,,0,,0,,33,19.74
12647,Minimbah,2022-07-01,0,,0,,0,,33,38.38
12647,Minimbah,2023-07-01,0,,0,,0,,33,35.24
12647,Minimbah,2024-07-01,0,,0,,0,,33,36.16
12647,Minimbah,2025-07-01,0,,0,,0,,33,36.62
12649,Minmi,2021-07-01,239,392.40,233,393.33,238,295000,244,392.03
12649,Minmi,2022-07-01,347,478.88,341,482.00,346,348000,354,477.63
12649,Minmi,2023-07-01,347,489.53,341,490.84,346,354000,354,486.22
12649,Minmi,2024-07-01,368,539.84,361,543.97,366,394000,376,535.64
12649,Minmi,2025-07-01,368,581.19,361,585.93,366,415000,376,577.01
12650,Minnamurra,2021-07-01,349,1637.31,349,1637.31,341,911000,351,1637.31
12650,Minnamurra,2022-07-01,353,2156.72,353,2156.72,345,1200000,355,2156.72
12650,Minnamurra,2023-07-01,353,1869.16,351,1869.16,345,1040000,355,1869.16
12650,Minnamurra,2024-07-01,353,1815.24,351,1815.24,345,1010000,355,1815.24
12650,Minnamurra,2025-07-01,353,1768.51,351,1768.51,345,984000,355,1768.51
12651,Minnie Water,2021-07-01,170,591.64,170,591.64,166,391000,170,591.64
12651,Minnie Water,2022-07-01,172,788.47,172,788.47,168,516000,172,788.47
12651,Minnie Water,2023-07-01,172,858.14,172,858.14,168,567000,172,858.14
12651,Minnie Water,2024-07-01,172,858.14,172,858.14,168,567000,172,858.14
12651,Minnie Water,2025-07-01,172,863.34,172,863.34,168,565000,172,863.34
12652,Minore,2021-07-01,0,,0,,0,,36,1.73
12652,Minore,2022-07-01,0,,0,,0,,41,2.66
12652,Minore,2023-07-01,0,,0,,0,,41,2.70
12652,Minore,2024-07-01,0,,0,,0,,41,2.70
12652,Minore,2025-07-01,0,,0,,0,,41,3.51
12653,Minto,2021-07-01,3478,851.71,3449,849.90,3425,466000,3507,847.73
12653,Minto,2022-07-01,3553,1097.15,3524,1095.46,3498,582000,3582,1094.76
12653,Minto,2023-07-01,3552,1030.23,3523,1028.57,3498,550000,3581,1026.74
12653,Minto,2024-07-01,3552,1147.32,3523,1144.42,3498,610000,3581,1141.61
12653,Minto,2025-07-01,3553,1298.12,3524,1297.30,3498,690000,3582,1292.77
12655,Mirador,2021-07-01,294,254.48,294,254.48,286,250500,297,253.31
12655,Mirador,2022-07-01,294,473.93,294,473.93,286,466000,297,471.64
12655,Mirador,2023-07-01,294,453.71,294,453.71,286,453000,297,448.16
12655,Mirador,2024-07-01,296,456.22,296,456.22,288,454000,299,451.81
12655,Mirador,2025-07-01,296,482.10,296,482.10,288,480000,299,477.91
12656,Miranda (NSW),2021-07-01,3129,1682.24,3111,1681.69,2856,989000,3158,1681.91
12656,Miranda (NSW),2022-07-01,3284,1894.33,3266,1894.33,2998,1090000,3313,1894.33
12656,Miranda (NSW),2023-07-01,3247,1772.68,3229,1772.68,2961,1020000,3276,1772.68
12656,Miranda (NSW),2024-07-01,3343,1910.43,3325,1910.13,3055,1080000,3372,1910.43
12656,Miranda (NSW),2025-07-01,3343,1998.61,3291,1998.61,3055,1150000,3372,1998.54
12658,Mirrabooka (NSW),2021-07-01,304,428.52,299,429.84,304,308000,305,428.52
12658,Mirrabooka (NSW),2022-07-01,309,579.84,304,584.50,309,412000,310,579.34
12658,Mirrabooka (NSW),2023-07-01,309,570.54,304,575.19,309,406000,310,570.09
12658,Mirrabooka (NSW),2024-07-01,309,550.39,304,555.04,309,391000,310,550.03
12658,Mirrabooka (NSW),2025-07-01,309,578.29,304,582.95,309,411000,310,577.80
12659,Mirrool,2021-07-01,0,,0,,0,,52,3.88
12659,Mirrool,2022-07-01,0,,0,,0,,57,6.67
12659,Mirrool,2023-07-01,0,,0,,0,,57,8.00
12659,Mirrool,2024-07-01,0,,0,,0,,57,15.51
12659,Mirrool,2025-07-01,0,,0,,0,,57,14.72
12661,Mitchell (NSW),2021-07-01,86,326.29,86,326.29,80,146000,87,325.79
12661,Mitchell (NSW),2022-07-01,87,478.13,87,478.13,80,214000,88,476.84
12661,Mitchell (NSW),2023-07-01,87,479.09,87,479.09,80,214000,88,479.09
12661,Mitchell (NSW),2024-07-01,87,495.71,87,495.71,80,221000,88,495.71
12661,Mitchell (NSW),2025-07-01,87,504.02,87,504.02,80,224000,88,503.89
12663,Mitchells Island,2021-07-01,0,,0,,0,,44,20.89
12663,Mitchells Island,2022-07-01,0,,0,,0,,44,28.28
12663,Mitchells Island,2023-07-01,0,,0,,0,,44,29.94
12663,Mitchells Island,2024-07-01,0,,0,,0,,44,30.55
12663,Mitchells Island,2025-07-01,0,,0,,0,,44,30.55
12664,Mittagong,2021-07-01,1837,479.37,1807,479.37,1805,439000,2242,427.01
12664,Mittagong,2022-07-01,1901,600.77,1871,600.40,1864,547000,2319,539.53
12664,Mittagong,2023-07-01,1873,576.09,1824,572.54,1839,531000,2282,526.31
12664,Mittagong,2024-07-01,1894,581.54,1845,578.54,1857,529000,2308,522.42
12664,Mittagong,2025-07-01,1904,625.45,1855,622.35,1867,576000,2322,561.22
12665,Moama,2021-07-01,2623,231.58,2441,231.00,2518,192000,2921,221.02
12665,Moama,2022-07-01,3211,283.74,2978,281.12,3106,240000,3516,273.87
12665,Moama,2023-07-01,3250,303.03,3017,299.36,3145,257000,3558,296.63
12665,Moama,2024-07-01,3250,277.63,3017,275.51,3145,234000,3560,272.53
12665,Moama,2025-07-01,3250,277.43,3017,275.48,3145,229000,3560,272.48
12666,Modanville,2021-07-01,0,,0,,0,,191,63.00
12666,Modanville,2022-07-01,0,,0,,0,,191,88.20
12666,Modanville,2023-07-01,0,,0,,0,,191,75.80
12666,Modanville,2024-07-01,0,,0,,0,,191,75.80
12666,Modanville,2025-07-01,0,,0,,0,,191,80.00
12671,Mogo (Eurobodalla - NSW),2021-07-01,62,122.04,62,122.04,60,125000,71,110.70
12671,Mogo (Eurobodalla - NSW),2022-07-01,62,238.14,62,238.14,60,244000,72,215.45
12671,Mogo (Eurobodalla - NSW),2023-07-01,62,238.14,62,238.14,60,244000,72,215.45
12671,Mogo (Eurobodalla - NSW),2024-07-01,62,238.14,62,238.14,60,244000,72,215.45
12671,Mogo (Eurobodalla - NSW),2025-07-01,62,253.46,62,253.46,60,260000,72,229.20
12676,Mogriguy,2021-07-01,0,,0,,0,,15,2.33
12676,Mogriguy,2022-07-01,0,,0,,0,,17,2.62
12676,Mogriguy,2023-07-01,0,,0,,0,,17,3.14
12676,Mogriguy,2024-07-01,0,,0,,0,,17,3.45
12676,Mogriguy,2025-07-01,0,,0,,0,,17,4.14
12680,Mollymook,2021-07-01,785,750.17,780,748.06,742,609000,789,748.30
12680,Mollymook,2022-07-01,804,990.34,799,986.92,759,754000,808,987.62
12680,Mollymook,2023-07-01,795,946.33,790,941.24,752,690000,799,942.04
12680,Mollymook,2024-07-01,802,833.32,797,832.38,758,626000,806,832.52
12680,Mollymook,2025-07-01,804,799.66,799,798.40,759,602000,808,798.74
12681,Mollymook Beach,2021-07-01,1631,948.89,1631,948.89,1591,682000,1641,945.93
12681,Mollymook Beach,2022-07-01,1684,1316.07,1684,1316.07,1644,964500,1694,1312.31
12681,Mollymook Beach,2023-07-01,1637,1152.79,1637,1152.79,1597,834000,1647,1144.07
12681,Mollymook Beach,2024-07-01,1670,1079.16,1670,1079.16,1630,796000,1680,1069.14
12681,Mollymook Beach,2025-07-01,1688,1032.66,1688,1032.66,1648,760000,1699,1024.69
12682,Molong,2021-07-01,628,99.98,605,100.08,628,109500,835,80.28
12682,Molong,2022-07-01,641,128.54,619,128.68,641,142000,861,101.87
12682,Molong,2023-07-01,634,165.07,612,165.40,634,180000,850,130.92
12682,Molong,2024-07-01,639,165.02,617,165.12,639,180000,857,131.15
12682,Molong,2025-07-01,641,166.78,619,167.92,641,180000,861,132.84
12683,Mona Vale,2021-07-01,1897,1737.92,1798,1710.75,1771,1180000,1912,1737.91
12683,Mona Vale,2022-07-01,1906,2169.60,1807,2127.36,1772,1460000,1921,2169.55
12683,Mona Vale,2023-07-01,1901,2061.27,1803,2027.03,1771,1360000,1916,2061.13
12683,Mona Vale,2024-07-01,1906,2207.60,1808,2170.79,1772,1470000,1921,2206.91
12683,Mona Vale,2025-07-01,1906,2265.38,1808,2219.16,1772,1515000,1921,2265.47
12689,Mongarlowe,2021-07-01,0,,0,,0,,25,16.61
12689,Mongarlowe,2022-07-01,0,,0,,0,,27,20.68
12689,Mongarlowe,2023-07-01,0,,0,,0,,27,22.67
12689,Mongarlowe,2024-07-01,0,,0,,0,,27,39.59
12689,Mongarlowe,2025-07-01,0,,0,,0,,27,41.47
12694,Monteagle,2021-07-01,0,,0,,0,,60,9.25
12694,Monteagle,2022-07-01,0,,0,,0,,68,14.96
12694,Monteagle,2023-07-01,0,,0,,0,,68,17.03
12694,Monteagle,2024-07-01,0,,0,,0,,68,17.87
12694,Monteagle,2025-07-01,0,,0,,0,,68,21.91
12696,Montefiores,2021-07-01,209,77.60,206,78.16,209,83900,259,66.90
12696,Montefiores,2022-07-01,224,100.31,221,100.81,224,107500,276,87.57
12696,Montefiores,2023-07-01,223,119.73,220,120.26,223,130000,274,103.21
12696,Montefiores,2024-07-01,223,130.98,220,131.51,223,143000,274,113.05
12696,Montefiores,2025-07-01,224,133.35,221,134.18,224,134500,276,113.73
12697,Monterey,2021-07-01,1040,2924.53,1037,2924.53,926,1380000,1042,2924.53
12697,Monterey,2022-07-01,1050,3430.51,1047,3433.15,933,1590000,1052,3429.84
12697,Monterey,2023-07-01,1047,3371.74,1044,3375.38,931,1590000,1049,3369.57
12697,Monterey,2024-07-01,1049,3720.43,1046,3723.98,933,1740000,1051,3718.74
12697,Monterey,2025-07-01,1050,3867.67,1050,3867.67,933,1900000,1052,3866.75
12698,Mooball,2021-07-01,0,,0,,0,,43,293.48
12698,Mooball,2022-07-01,0,,0,,0,,43,395.26
12698,Mooball,2023-07-01,0,,0,,0,,43,395.26
12698,Mooball,2024-07-01,0,,0,,0,,43,421.94
12698,Mooball,2025-07-01,0,,0,,0,,43,471.34
12708,Moonan Flat,2021-07-01,0,,0,,0,,53,33.97
12708,Moonan Flat,2022-07-01,0,,0,,0,,54,63.65
12708,Moonan Flat,2023-07-01,0,,0,,0,,54,70.67
12708,Moonan Flat,2024-07-01,0,,0,,0,,54,61.77
12708,Moonan Flat,2025-07-01,0,,0,,0,,54,64.74
12709,Moonbah,2021-07-01,0,,0,,0,,53,61.95
12709,Moonbah,2022-07-01,0,,0,,0,,53,111.44
12709,Moonbah,2023-07-01,0,,0,,0,,53,128.07
12709,Moonbah,2024-07-01,0,,0,,0,,53,140.81
12709,Moonbah,2025-07-01,0,,0,,0,,53,99.24
12710,Moonbi,2021-07-01,0,,0,,0,,346,13.86
12710,Moonbi,2022-07-01,0,,0,,0,,355,18.62
12710,Moonbi,2023-07-01,0,,0,,0,,352,18.88
12710,Moonbi,2024-07-01,0,,0,,0,,355,19.41
12710,Moonbi,2025-07-01,0,,0,,0,,355,23.06
12714,Moonee Beach,2021-07-01,422,573.39,391,569.92,414,415000,760,428.87
12714,Moonee Beach,2022-07-01,628,767.40,594,759.08,619,535000,973,668.22
12714,Moonee Beach,2023-07-01,574,789.44,540,780.14,566,550000,914,678.59
12714,Moonee Beach,2024-07-01,576,789.67,542,780.15,568,550000,918,678.82
12714,Moonee Beach,2025-07-01,628,767.07,594,760.23,619,535000,973,668.54
12715,Mooney Mooney,2021-07-01,135,702.90,109,669.77,134,655000,135,702.90
12715,Mooney Mooney,2022-07-01,135,943.22,108,850.47,134,829000,135,943.22
12715,Mooney Mooney,2023-07-01,135,886.34,108,797.38,134,779000,135,886.34
12715,Mooney Mooney,2024-07-01,135,971.87,108,877.18,134,859000,135,971.87
12715,Mooney Mooney,2025-07-01,135,1016.54,107,927.20,134,899000,135,1016.54
12720,Moorbel,2021-07-01,0,,0,,0,,105,5.71
12720,Moorbel,2022-07-01,0,,0,,0,,108,10.19
12720,Moorbel,2023-07-01,0,,0,,0,,108,12.64
12720,Moorbel,2024-07-01,0,,0,,0,,108,12.64
12720,Moorbel,2025-07-01,0,,0,,0,,108,12.31
12721,Moore Creek,2021-07-01,437,87.00,437,87.00,437,169000,1169,45.75
12721,Moore Creek,2022-07-01,589,134.55,589,134.55,589,221000,1343,70.36
12721,Moore Creek,2023-07-01,552,152.42,552,152.42,552,284000,1300,75.00
12721,Moore Creek,2024-07-01,589,159.28,589,159.28,589,290000,1343,79.52
12721,Moore Creek,2025-07-01,589,165.84,589,165.84,589,285000,1343,89.25
12723,Moorebank,2021-07-01,3352,1054.70,3059,1054.38,3295,616000,3359,1054.38
12723,Moorebank,2022-07-01,3695,1328.57,3238,1265.25,3625,724000,3702,1321.88
12723,Moorebank,2023-07-01,3661,1316.86,3188,1265.25,3593,677000,3668,1313.81
12723,Moorebank,2024-07-01,3661,1507.20,3188,1430.94,3593,807000,3668,1507.10
12723,Moorebank,2025-07-01,3696,1665.37,3223,1655.63,3626,909000,3703,1664.82
12725,Moorland (NSW),2021-07-01,0,,0,,0,,75,162.72
12725,Moorland (NSW),2022-07-01,0,,0,,0,,75,218.08
12725,Moorland (NSW),2023-07-01,0,,0,,0,,75,201.18
12725,Moorland (NSW),2024-07-01,0,,0,,0,,76,199.43
12725,Moorland (NSW),2025-07-01,0,,0,,0,,76,213.84
12726,Moorong,2021-07-01,0,,0,,0,,38,26.92
12726,Moorong,2022-07-01,0,,0,,0,,38,28.75
12726,Moorong,2023-07-01,0,,0,,0,,38,34.49
12726,Moorong,2024-07-01,0,,0,,0,,38,34.49
12726,Moorong,2025-07-01,0,,0,,0,,38,33.44
12733,Moree,2021-07-01,2961,43.63,2949,43.66,2930,37900,3315,37.41
12733,Moree,2022-07-01,2986,53.98,2970,53.98,2955,47800,3353,46.68
12733,Moree,2023-07-01,2979,57.32,2841,53.85,2948,50600,3341,49.23
12733,Moree,2024-07-01,2986,58.15,2848,54.84,2955,50600,3353,50.24
12733,Moree,2025-07-01,2986,62.37,2970,62.31,2955,53200,3353,56.48
12734,Morisset,2021-07-01,834,451.12,811,441.59,824,297000,879,441.27
12734,Morisset,2022-07-01,988,575.76,954,574.70,974,360000,1035,564.19
12734,Morisset,2023-07-01,948,582.95,914,580.41,936,381000,994,576.57
12734,Morisset,2024-07-01,977,613.84,943,611.20,964,398000,1023,606.03
12734,Morisset,2025-07-01,988,658.95,954,652.99,974,423000,1035,649.32
12735,Morisset Park,2021-07-01,480,410.77,469,413.24,478,340000,486,408.46
12735,Morisset Park,2022-07-01,486,621.34,468,641.46,484,532000,492,617.72
12735,Morisset Park,2023-07-01,484,604.96,466,613.33,482,514000,490,601.05
12735,Morisset Park,2024-07-01,486,598.33,468,602.91,484,495000,492,598.33
12735,Morisset Park,2025-07-01,486,620.00,468,625.00,484,513000,492,620.00
12738,Morpeth,2021-07-01,531,622.71,498,621.79,520,389000,561,613.50
12738,Morpeth,2022-07-01,539,786.38,506,788.87,526,534000,570,776.23
12738,Morpeth,2023-07-01,538,784.50,505,786.28,525,534000,569,774.20
12738,Morpeth,2024-07-01,538,781.94,505,781.94,525,522000,569,769.86
12738,Morpeth,2025-07-01,541,781.94,508,781.94,528,522000,572,771.23
12739,Mortdale,2021-07-01,2279,1897.53,2268,1897.53,2049,954000,2281,1897.53
12739,Mortdale,2022-07-01,2336,2101.72,2324,2101.72,2103,1040000,2338,2101.36
12739,Mortdale,2023-07-01,2306,1920.54,2295,1920.54,2073,958000,2308,1920.54
12739,Mortdale,2024-07-01,2329,2102.33,2317,2102.33,2096,1040000,2331,2102.22
12739,Mortdale,2025-07-01,2336,2212.94,2324,2212.94,2103,1090000,2338,2211.83
12740,Mortlake (NSW),2021-07-01,184,4506.13,130,4169.31,154,1540000,191,4456.52
12740,Mortlake (NSW),2022-07-01,186,5062.98,132,4636.00,156,1695000,194,5023.02
12740,Mortlake (NSW),2023-07-01,186,4554.63,132,4187.35,156,1520000,193,4542.84
12740,Mortlake (NSW),2024-07-01,186,4653.25,132,4391.88,156,1600000,193,4615.25
12740,Mortlake (NSW),2025-07-01,186,4921.50,132,4442.94,156,1690000,194,4804.13
12743,Morts Estate,2021-07-01,250,141.86,249,142.08,249,99300,258,140.71
12743,Morts Estate,2022-07-01,259,215.54,258,216.22,258,150000,267,212.83
12743,Morts Estate,2023-07-01,257,229.53,256,229.99,256,160000,265,226.31
12743,Morts Estate,2024-07-01,257,243.79,256,243.90,256,173500,265,241.18
12743,Morts Estate,2025-07-01,259,271.30,258,271.32,258,186500,267,265.65
12744,Morundah,2021-07-01,0,,0,,0,,36,1.53
12744,Morundah,2022-07-01,0,,0,,0,,39,6.22
12744,Morundah,2023-07-01,0,,0,,0,,39,15.08
12744,Morundah,2024-07-01,0,,0,,0,,39,15.82
12744,Morundah,2025-07-01,0,,0,,0,,39,15.82
12745,Moruya,2021-07-01,1121,230.46,1092,230.39,1113,220000,1278,215.19
12745,Moruya,2022-07-01,1146,414.72,1117,414.60,1136,399000,1306,387.40
12745,Moruya,2023-07-01,1124,374.87,1094,373.15,1116,369000,1282,350.79
12745,Moruya,2024-07-01,1144,386.25,1114,385.07,1134,380000,1303,360.67
12745,Moruya,2025-07-01,1146,410.60,1116,410.54,1136,390000,1306,384.61
12746,Moruya Heads,2021-07-01,398,276.28,395,275.66,390,215000,406,273.91
12746,Moruya Heads,2022-07-01,405,459.06,402,459.00,397,354000,413,455.25
12746,Moruya Heads,2023-07-01,403,481.54,393,477.11,395,371000,411,477.11
12746,Moruya Heads,2024-07-01,405,481.54,395,477.11,397,371000,413,477.11
12746,Moruya Heads,2025-07-01,405,478.75,395,472.89,397,371000,413,472.89
12748,Morven (Greater Hume Shire - NSW),2021-07-01,0,,0,,0,,46,20.12
12748,Morven (Greater Hume Shire - NSW),2022-07-01,0,,0,,0,,53,20.27
12748,Morven (Greater Hume Shire - NSW),2023-07-01,0,,0,,0,,53,39.55
12748,Morven (Greater Hume Shire - NSW),2024-07-01,0,,0,,0,,53,42.61
12748,Morven (Greater Hume Shire - NSW),2025-07-01,0,,0,,0,,53,43.90
12749,Mosman,2021-07-01,4075,5397.43,3664,5401.67,3410,2530000,4079,5390.54
12749,Mosman,2022-07-01,4087,6491.66,3676,6498.90,3418,3060000,4091,6484.26
12749,Mosman,2023-07-01,4085,6362.74,3674,6369.00,3416,2970000,4089,6359.25
12749,Mosman,2024-07-01,4100,6976.74,3689,6980.48,3428,3230000,4104,6976.17
12749,Mosman,2025-07-01,4100,7425.27,3741,7445.64,3428,3445000,4104,7423.22
12750,Moss Vale,2021-07-01,3134,406.25,3099,407.83,3105,366000,3558,388.89
12750,Moss Vale,2022-07-01,3475,603.91,3440,604.47,3445,523000,3907,568.14
12750,Moss Vale,2023-07-01,3337,586.55,3300,586.86,3307,511000,3763,548.12
12750,Moss Vale,2024-07-01,3359,569.76,3321,571.11,3329,504000,3789,538.05
12750,Moss Vale,2025-07-01,3476,574.00,3438,575.02,3446,504000,3908,543.68
12752,Mossy Point,2021-07-01,236,445.67,235,445.67,230,376000,320,410.82
12752,Mossy Point,2022-07-01,238,708.04,237,708.04,231,597000,322,646.82
12752,Mossy Point,2023-07-01,236,708.04,235,708.04,230,597000,320,652.57
12752,Mossy Point,2024-07-01,236,682.88,235,682.88,230,585000,320,670.30
12752,Mossy Point,2025-07-01,238,639.75,237,639.75,231,548000,322,629.75
12754,Moulamein,2021-07-01,0,,0,,0,,207,10.97
12754,Moulamein,2022-07-01,0,,0,,0,,212,17.00
12754,Moulamein,2023-07-01,0,,0,,0,,212,23.22
12754,Moulamein,2024-07-01,0,,0,,0,,213,23.32
12754,Moulamein,2025-07-01,0,,0,,0,,213,24.70
12756,Mount Annan,2021-07-01,3647,761.52,3637,761.43,3612,470000,3672,760.99
12756,Mount Annan,2022-07-01,3651,982.18,3641,981.43,3616,617000,3676,980.98
12756,Mount Annan,2023-07-01,3651,981.76,3641,981.43,3616,617000,3676,980.40
12756,Mount Annan,2024-07-01,3651,985.98,3641,985.38,3616,624000,3676,984.15
12756,Mount Annan,2025-07-01,3651,1051.30,3641,1050.67,3616,663000,3676,1049.68
12758,Mount Arthur,2021-07-01,0,,0,,0,,21,4.75
12758,Mount Arthur,2022-07-01,0,,0,,0,,21,5.68
12758,Mount Arthur,2023-07-01,0,,0,,0,,21,6.50
12758,Mount Arthur,2024-07-01,0,,0,,0,,21,6.50
12758,Mount Arthur,2025-07-01,0,,0,,0,,21,8.43
12759,Mount Austin,2021-07-01,1655,141.25,1626,141.14,1644,90200,1659,141.25
12759,Mount Austin,2022-07-01,1656,171.75,1627,170.86,1645,110000,1660,171.46
12759,Mount Austin,2023-07-01,1656,216.03,1627,215.65,1645,140000,1660,215.96
12759,Mount Austin,2024-07-01,1656,255.31,1627,254.94,1645,165000,1660,255.21
12759,Mount Austin,2025-07-01,1656,285.76,1627,284.65,1645,185000,1660,285.13
12761,Mount Colah,2021-07-01,2352,981.68,2295,977.58,2312,750000,2372,978.49
12761,Mount Colah,2022-07-01,2364,1242.20,2307,1237.40,2322,950000,2384,1238.44
12761,Mount Colah,2023-07-01,2364,1217.68,2307,1213.47,2322,935000,2384,1216.95
12761,Mount Colah,2024-07-01,2364,1323.56,2307,1319.61,2322,1020000,2384,1320.68
12761,Mount Colah,2025-07-01,2364,1373.94,2307,1369.86,2322,1050000,2384,1370.57
12765,Mount David,2021-07-01,0,,0,,0,,37,19.37
12765,Mount David,2022-07-01,0,,0,,0,,37,27.08
12765,Mount David,2023-07-01,0,,0,,0,,37,21.14
12765,Mount David,2024-07-01,0,,0,,0,,37,23.29
12765,Mount David,2025-07-01,0,,0,,0,,37,23.29
12767,Mount Druitt,2021-07-01,2792,711.11,2778,709.69,2666,430000,2844,709.32
12767,Mount Druitt,2022-07-01,2834,865.78,2820,865.35,2708,533000,2886,865.35
12767,Mount Druitt,2023-07-01,2808,872.43,2794,872.43,2682,541000,2860,872.28
12767,Mount Druitt,2024-07-01,2845,988.47,2831,988.47,2718,622000,2897,984.38
12767,Mount Druitt,2025-07-01,2845,1043.49,2831,1042.41,2718,661000,2897,1037.97
12774,Mount Hope (NSW),2021-07-01,0,,0,,0,,17,0.86
12774,Mount Hope (NSW),2022-07-01,0,,0,,0,,18,0.73
12774,Mount Hope (NSW),2023-07-01,0,,0,,0,,17,0.86
12774,Mount Hope (NSW),2024-07-01,0,,0,,0,,18,1.47
12774,Mount Hope (NSW),2025-07-01,0,,0,,0,,18,1.47
12776,Mount Hunter,2021-07-01,58,427.24,57,427.73,58,420000,59,426.76
12776,Mount Hunter,2022-07-01,58,579.62,57,580.14,58,570000,59,579.10
12776,Mount Hunter,2023-07-01,58,543.85,57,544.74,58,535000,59,542.97
12776,Mount Hunter,2024-07-01,58,538.95,57,539.82,58,530000,59,538.09
12776,Mount Hunter,2025-07-01,58,538.95,57,539.82,58,530000,59,538.09
12777,Mount Hutton (NSW),2021-07-01,1026,527.74,1018,526.95,978,343000,1057,525.58
12777,Mount Hutton (NSW),2022-07-01,1046,579.17,1038,577.19,994,377000,1080,572.22
12777,Mount Hutton (NSW),2023-07-01,1042,616.81,1034,615.45,992,400000,1074,612.40
12777,Mount Hutton (NSW),2024-07-01,1042,639.55,1034,638.62,992,417000,1076,634.09
12777,Mount Hutton (NSW),2025-07-01,1046,658.45,1038,656.05,994,427000,1080,651.36
12779,Mount Keira,2021-07-01,519,848.31,519,848.31,514,554000,523,844.72
12779,Mount Keira,2022-07-01,525,1003.45,525,1003.45,520,666000,529,1002.69
12779,Mount Keira,2023-07-01,523,957.45,523,957.45,518,636500,527,957.27
12779,Mount Keira,2024-07-01,525,996.81,525,996.81,520,665000,529,995.69
12779,Mount Keira,2025-07-01,525,982.10,525,982.10,520,655000,529,981.31
12783,Mount Kuring-Gai,2021-07-01,580,841.44,578,844.28,573,696000,585,840.28
12783,Mount Kuring-Gai,2022-07-01,590,1076.06,588,1076.43,583,881000,596,1064.10
12783,Mount Kuring-Gai,2023-07-01,590,1059.54,588,1060.28,583,867000,596,1047.63
12783,Mount Kuring-Gai,2024-07-01,594,1151.78,592,1155.39,587,946000,600,1146.71
12783,Mount Kuring-Gai,2025-07-01,594,1184.88,592,1188.24,587,978000,600,1184.21
12785,Mount Lewis,2021-07-01,342,1434.22,342,1434.22,341,798000,344,1434.22
12785,Mount Lewis,2022-07-01,349,1815.24,349,1815.24,348,973000,351,1815.24
12785,Mount Lewis,2023-07-01,349,1761.50,349,1761.50,348,934000,351,1759.92
12785,Mount Lewis,2024-07-01,355,1926.92,355,1926.92,354,1020000,357,1926.92
12785,Mount Lewis,2025-07-01,355,2017.81,355,2017.81,354,1070000,357,2017.65
12793,Mount Ousley,2021-07-01,553,978.17,550,978.60,549,639000,556,977.10
12793,Mount Ousley,2022-07-01,556,1310.57,553,1311.30,551,854000,559,1305.81
12793,Mount Ousley,2023-07-01,555,1108.68,552,1108.68,551,710000,558,1108.68
12793,Mount Ousley,2024-07-01,560,1131.90,557,1132.01,555,719000,563,1129.69
12793,Mount Ousley,2025-07-01,560,1093.37,557,1093.72,555,695000,563,1092.03
12795,Mount Pleasant (NSW),2021-07-01,478,827.43,478,827.43,474,730000,489,820.64
12795,Mount Pleasant (NSW),2022-07-01,478,1112.36,478,1112.36,474,988000,489,1103.80
12795,Mount Pleasant (NSW),2023-07-01,478,937.21,478,937.21,474,829000,489,932.89
12795,Mount Pleasant (NSW),2024-07-01,479,952.03,479,952.03,475,836000,490,939.23
12795,Mount Pleasant (NSW),2025-07-01,479,920.19,479,920.19,475,808000,490,907.33
12796,Mount Pritchard,2021-07-01,2859,872.58,2845,873.30,2844,536000,2866,872.47
12796,Mount Pritchard,2022-07-01,2865,1007.09,2851,1008.71,2850,615500,2872,1006.67
12796,Mount Pritchard,2023-07-01,2862,947.28,2848,947.34,2847,577000,2869,946.41
12796,Mount Pritchard,2024-07-01,2876,1066.19,2863,1066.60,2860,655000,2884,1065.16
12796,Mount Pritchard,2025-07-01,2876,1163.24,2863,1164.03,2860,714000,2884,1162.37
12797,Mount Rankin,2021-07-01,0,,0,,0,,102,5.07
12797,Mount Rankin,2022-07-01,0,,0,,0,,111,6.94
12797,Mount Rankin,2023-07-01,0,,0,,0,,111,6.91
12797,Mount Rankin,2024-07-01,0,,0,,0,,113,7.26
12797,Mount Rankin,2025-07-01,0,,0,,0,,113,7.26
12799,Mount Riverview,2021-07-01,222,637.14,222,637.14,222,416500,222,637.14
12799,Mount Riverview,2022-07-01,222,813.38,222,813.38,222,531000,222,813.38
12799,Mount Riverview,2023-07-01,222,700.41,222,700.41,222,457000,222,700.41
12799,Mount Riverview,2024-07-01,222,715.47,222,715.47,222,467000,222,715.47
12799,Mount Riverview,2025-07-01,223,754.63,223,754.63,222,492000,223,754.63
12801,Mount Russell,2021-07-01,0,,0,,0,,17,5.44
12801,Mount Russell,2022-07-01,0,,0,,0,,17,9.89
12801,Mount Russell,2023-07-01,0,,0,,0,,17,9.89
12801,Mount Russell,2024-07-01,0,,0,,0,,17,9.89
12801,Mount Russell,2025-07-01,0,,0,,0,,17,20.76
12802,Mount Saint Thomas,2021-07-01,561,869.81,561,869.81,554,489000,562,867.45
12802,Mount Saint Thomas,2022-07-01,561,1029.88,561,1029.88,554,573000,562,1029.88
12802,Mount Saint Thomas,2023-07-01,561,977.82,561,977.82,554,548500,562,977.14
12802,Mount Saint Thomas,2024-07-01,561,1041.04,561,1041.04,554,578000,562,1040.55
12802,Mount Saint Thomas,2025-07-01,561,1003.00,561,1003.00,554,557000,562,1002.62
12808,Mount Victoria,2021-07-01,187,301.19,154,304.24,187,226000,200,286.33
12808,Mount Victoria,2022-07-01,192,418.57,157,441.86,192,317000,205,417.19
12808,Mount Victoria,2023-07-01,192,450.97,157,476.88,192,342000,205,449.75
12808,Mount Victoria,2024-07-01,192,457.34,157,482.17,192,347000,205,456.34
12808,Mount Victoria,2025-07-01,192,435.93,158,457.85,192,325500,205,420.57
12812,Mount Warrigal,2021-07-01,1823,682.96,1823,682.96,1818,380000,1825,682.96
12812,Mount Warrigal,2022-07-01,1830,825.14,1830,825.14,1820,460000,1832,825.14
12812,Mount Warrigal,2023-07-01,1825,751.60,1825,751.60,1818,419000,1827,751.60
12812,Mount Warrigal,2024-07-01,1826,861.02,1826,861.02,1818,480000,1828,861.02
12812,Mount Warrigal,2025-07-01,1830,825.14,1830,825.14,1820,460000,1832,825.14
12819,Mountain View (NSW),2021-07-01,0,,0,,0,,43,41.15
12819,Mountain View (NSW),2022-07-01,0,,0,,0,,43,53.37
12819,Mountain View (NSW),2023-07-01,0,,0,,0,,43,53.37
12819,Mountain View (NSW),2024-07-01,0,,0,,0,,43,53.37
12819,Mountain View (NSW),2025-07-01,0,,0,,0,,43,56.43
12823,Mudgee,2021-07-01,4487,190.05,4360,188.90,4419,162000,4687,187.37
12823,Mudgee,2022-07-01,4687,303.48,4514,297.09,4617,239000,4906,292.00
12823,Mudgee,2023-07-01,4597,329.63,4424,326.11,4527,278000,4813,322.27
12823,Mudgee,2024-07-01,4673,334.96,4491,331.11,4603,282000,4891,328.29
12823,Mudgee,2025-07-01,4691,337.57,4508,334.20,4621,284000,4910,330.58
12824,Mulbring,2021-07-01,0,,0,,0,,145,172.02
12824,Mulbring,2022-07-01,0,,0,,0,,150,265.45
12824,Mulbring,2023-07-01,0,,0,,0,,147,241.72
12824,Mulbring,2024-07-01,0,,0,,0,,147,249.63
12824,Mulbring,2025-07-01,0,,0,,0,,150,258.03
12825,Mulgoa,2021-07-01,11,1085.71,11,1085.71,11,380000,245,502.47
12825,Mulgoa,2022-07-01,11,1248.57,11,1248.57,11,437000,249,653.31
12825,Mulgoa,2023-07-01,11,1248.57,11,1248.57,11,437000,249,623.72
12825,Mulgoa,2024-07-01,11,1474.29,11,1474.29,11,516000,252,687.22
12825,Mulgoa,2025-07-01,11,1622.86,11,1622.86,11,568000,252,722.16
12828,Muli Muli,2021-07-01,0,,0,,0,,34,22.69
12828,Muli Muli,2022-07-01,0,,0,,0,,34,32.54
12828,Muli Muli,2023-07-01,0,,0,,0,,34,32.54
12828,Muli Muli,2024-07-01,0,,0,,0,,34,33.99
12828,Muli Muli,2025-07-01,0,,0,,0,,34,36.22
12831,Mullaley,2021-07-01,0,,0,,0,,52,4.99
12831,Mullaley,2022-07-01,0,,0,,0,,55,10.83
12831,Mullaley,2023-07-01,0,,0,,0,,55,15.13
12831,Mullaley,2024-07-01,0,,0,,0,,55,14.09
12831,Mullaley,2025-07-01,0,,0,,0,,55,14.09
12833,Mullaway,2021-07-01,233,476.96,233,476.96,232,357000,235,476.96
12833,Mullaway,2022-07-01,237,812.04,237,812.04,236,605000,239,812.04
12833,Mullaway,2023-07-01,233,747.46,233,747.46,232,560000,235,747.20
12833,Mullaway,2024-07-01,237,787.71,237,787.71,236,587000,239,787.71
12833,Mullaway,2025-07-01,237,787.71,237,787.71,236,587000,239,787.71
12837,Mullion Creek,2021-07-01,0,,0,,0,,86,22.07
12837,Mullion Creek,2022-07-01,0,,0,,0,,90,28.30
12837,Mullion Creek,2023-07-01,0,,0,,0,,86,29.42
12837,Mullion Creek,2024-07-01,0,,0,,0,,86,30.65
12837,Mullion Creek,2025-07-01,0,,0,,0,,90,30.76
12839,Mullumbimby,2021-07-01,1302,929.88,1277,929.16,1258,633000,1426,891.04
12839,Mullumbimby,2022-07-01,1386,971.71,1358,973.09,1328,670000,1513,947.63
12839,Mullumbimby,2023-07-01,1365,706.96,1337,708.10,1313,489000,1492,691.03
12839,Mullumbimby,2024-07-01,1374,706.63,1346,706.91,1318,486000,1501,689.76
12839,Mullumbimby,2025-07-01,1386,879.12,1358,879.12,1328,600000,1513,850.11
12840,Mullumbimby Creek,2021-07-01,0,,0,,0,,66,148.05
12840,Mullumbimby Creek,2022-07-01,0,,0,,0,,66,169.28
12840,Mullumbimby Creek,2023-07-01,0,,0,,0,,66,145.94
12840,Mullumbimby Creek,2024-07-01,0,,0,,0,,66,135.68
12840,Mullumbimby Creek,2025-07-01,0,,0,,0,,66,130.39
12841,Mulwala,2021-07-01,822,169.71,788,167.41,747,156000,1201,143.51
12841,Mulwala,2022-07-01,838,300.24,804,296.74,762,260000,1259,246.26
12841,Mulwala,2023-07-01,838,308.30,804,307.69,762,266000,1259,253.70
12841,Mulwala,2024-07-01,838,308.30,804,308.30,762,267000,1259,255.23
12841,Mulwala,2025-07-01,838,309.19,804,308.30,762,274500,1259,256.30
12843,Mumbil,2021-07-01,0,,0,,0,,152,8.36
12843,Mumbil,2022-07-01,0,,0,,0,,156,10.04
12843,Mumbil,2023-07-01,0,,0,,0,,154,30.08
12843,Mumbil,2024-07-01,0,,0,,0,,154,37.54
12843,Mumbil,2025-07-01,0,,0,,0,,156,37.51
12848,Mundamia,2021-07-01,2,,2,,2,,19,46.11
12848,Mundamia,2022-07-01,2,,2,,2,,19,54.11
12848,Mundamia,2023-07-01,2,,2,,2,,19,54.11
12848,Mundamia,2024-07-01,2,,2,,2,,19,54.11
12848,Mundamia,2025-07-01,2,,2,,2,,19,54.11
12851,Mundongo,2021-07-01,0,,0,,0,,75,8.09
12851,Mundongo,2022-07-01,0,,0,,0,,79,12.13
12851,Mundongo,2023-07-01,0,,0,,0,,77,12.13
12851,Mundongo,2024-07-01,0,,0,,0,,77,12.13
12851,Mundongo,2025-07-01,0,,0,,0,,79,11.18
12854,Mungindi (NSW),2021-07-01,211,1.88,210,1.88,211,2070,257,1.57
12854,Mungindi (NSW),2022-07-01,215,2.43,214,2.44,215,2690,261,1.91
12854,Mungindi (NSW),2023-07-01,213,1.38,211,1.41,213,2300,259,1.27
12854,Mungindi (NSW),2024-07-01,215,1.41,213,1.42,215,2200,261,1.27
12854,Mungindi (NSW),2025-07-01,215,3.95,213,3.96,215,6160,261,3.56
12861,Murrami,2021-07-01,0,,0,,0,,27,7.24
12861,Murrami,2022-07-01,0,,0,,0,,27,9.41
12861,Murrami,2023-07-01,0,,0,,0,,27,9.41
12861,Murrami,2024-07-01,0,,0,,0,,27,9.41
12861,Murrami,2025-07-01,0,,0,,0,,27,9.41
12863,Murray Downs,2021-07-01,108,173.15,108,173.15,108,160000,123,167.59
12863,Murray Downs,2022-07-01,108,194.91,108,194.91,108,192500,123,192.50
12863,Murray Downs,2023-07-01,133,227.50,133,227.50,133,228000,149,225.03
12863,Murray Downs,2024-07-01,133,297.50,133,297.50,133,298000,149,293.92
12863,Murray Downs,2025-07-01,133,273.75,133,273.75,133,275000,149,270.95
12865,Murrays Beach,2021-07-01,459,459.79,3,,459,375000,465,458.23
12865,Murrays Beach,2022-07-01,513,612.11,3,,513,506000,522,609.16
12865,Murrays Beach,2023-07-01,463,633.46,3,,463,513000,470,631.33
12865,Murrays Beach,2024-07-01,513,604.74,3,,513,517000,521,599.14
12865,Murrays Beach,2025-07-01,513,560.18,3,,513,481000,522,555.94
12869,Murringo,2021-07-01,0,,0,,0,,117,8.42
12869,Murringo,2022-07-01,0,,0,,0,,127,14.64
12869,Murringo,2023-07-01,0,,0,,0,,127,16.75
12869,Murringo,2024-07-01,0,,0,,0,,127,17.52
12869,Murringo,2025-07-01,0,,0,,0,,127,20.67
12871,Murrumbateman,2021-07-01,2,,2,,2,,1204,53.72
12871,Murrumbateman,2022-07-01,2,,2,,2,,1396,77.24
12871,Murrumbateman,2023-07-01,2,,2,,2,,1322,77.78
12871,Murrumbateman,2024-07-01,2,,2,,2,,1359,77.24
12871,Murrumbateman,2025-07-01,2,,2,,2,,1396,72.07
12874,Murrumburrah,2021-07-01,135,29.39,133,29.39,135,28200,159,27.37
12874,Murrumburrah,2022-07-01,135,62.65,133,63.54,135,63400,160,61.56
12874,Murrumburrah,2023-07-01,135,87.65,133,88.93,135,88700,160,86.17
12874,Murrumburrah,2024-07-01,135,92.37,133,92.37,135,90000,162,86.17
12874,Murrumburrah,2025-07-01,135,92.37,133,92.37,135,90000,162,86.17
12875,Murrurundi,2021-07-01,351,44.59,298,40.73,351,53400,440,37.71
12875,Murrurundi,2022-07-01,365,110.36,312,102.40,365,131000,461,94.45
12875,Murrurundi,2023-07-01,365,109.20,316,103.64,365,131000,461,97.77
12875,Murrurundi,2024-07-01,369,94.35,320,89.33,369,113000,469,83.56
12875,Murrurundi,2025-07-01,369,112.90,320,107.06,369,144000,469,99.40
12877,Murwillumbah,2021-07-01,2570,430.84,2537,430.49,2502,309000,2613,428.10
12877,Murwillumbah,2022-07-01,2583,551.58,2549,551.36,2515,397000,2628,548.15
12877,Murwillumbah,2023-07-01,2581,550.84,2547,550.83,2513,397000,2626,547.27
12877,Murwillumbah,2024-07-01,2585,599.63,2551,599.50,2515,427000,2630,596.83
12877,Murwillumbah,2025-07-01,2585,640.69,2551,640.69,2515,452000,2630,637.05
12878,Muscle Creek,2021-07-01,0,,0,,0,,71,13.13
12878,Muscle Creek,2022-07-01,0,,0,,0,,71,22.66
12878,Muscle Creek,2023-07-01,0,,0,,0,,71,24.98
12878,Muscle Creek,2024-07-01,0,,0,,0,,71,26.18
12878,Muscle Creek,2025-07-01,0,,0,,0,,71,26.40
12879,Muswellbrook,2021-07-01,4592,101.35,4104,101.98,4472,83000,4878,97.91
12879,Muswellbrook,2022-07-01,4773,181.45,4285,181.25,4651,148000,5066,177.17
12879,Muswellbrook,2023-07-01,4771,185.08,4692,184.52,4649,150000,5063,181.23
12879,Muswellbrook,2024-07-01,4775,192.41,4698,192.31,4652,157000,5068,189.48
12879,Muswellbrook,2025-07-01,4775,207.40,4698,207.05,4652,166500,5068,204.60
12886,Mylestom,2021-07-01,176,785.19,176,785.19,175,399000,176,785.19
12886,Mylestom,2022-07-01,177,1060.47,177,1060.47,176,539000,177,1060.47
12886,Mylestom,2023-07-01,176,1006.61,176,1006.61,175,512000,176,1006.61
12886,Mylestom,2024-07-01,177,1006.51,177,1006.51,176,512000,177,1006.51
12886,Mylestom,2025-07-01,177,1038.14,177,1038.14,176,528000,177,1038.14
12888,Myocum,2021-07-01,0,,0,,0,,215,69.93
12888,Myocum,2022-07-01,0,,0,,0,,221,79.09
12888,Myocum,2023-07-01,0,,0,,0,,218,69.17
12888,Myocum,2024-07-01,0,,0,,0,,221,63.38
12888,Myocum,2025-07-01,0,,0,,0,,221,61.14
12889,Myola (NSW),2021-07-01,67,816.63,64,816.63,67,640000,68,813.25
12889,Myola (NSW),2022-07-01,67,981.60,64,981.60,67,770000,68,977.80
12889,Myola (NSW),2023-07-01,67,883.44,64,883.44,67,693000,68,879.60
12889,Myola (NSW),2024-07-01,67,796.18,64,796.18,67,609000,68,792.84
12889,Myola (NSW),2025-07-01,67,803.00,64,803.00,67,614000,68,799.25
12894,Mystery Bay,2021-07-01,169,263.26,169,263.26,169,296000,170,263.26
12894,Mystery Bay,2022-07-01,169,407.66,169,407.66,169,459000,170,407.66
12894,Mystery Bay,2023-07-01,169,377.21,169,377.21,169,425000,170,377.21
12894,Mystery Bay,2024-07-01,169,391.94,169,391.94,169,442000,170,391.94
12894,Mystery Bay,2025-07-01,169,381.14,169,381.14,169,430000,170,381.14
12896,Nabiac,2021-07-01,0,,0,,0,,302,166.60
12896,Nabiac,2022-07-01,0,,0,,0,,303,258.99
12896,Nabiac,2023-07-01,0,,0,,0,,303,276.08
12896,Nabiac,2024-07-01,0,,0,,0,,308,292.45
12896,Nabiac,2025-07-01,0,,0,,0,,308,301.22
12898,Nambucca Heads,2021-07-01,2228,294.24,2174,296.48,2151,205000,2426,284.58
12898,Nambucca Heads,2022-07-01,2388,431.64,2326,431.64,2308,286000,2586,416.67
12898,Nambucca Heads,2023-07-01,2308,430.42,2246,430.42,2228,286000,2506,415.57
12898,Nambucca Heads,2024-07-01,2367,437.94,2305,437.94,2287,288000,2565,420.06
12898,Nambucca Heads,2025-07-01,2388,450.79,2326,450.79,2308,293000,2586,431.76
12900,Nana Glen,2021-07-01,120,178.43,120,178.43,120,171000,195,147.43
12900,Nana Glen,2022-07-01,120,259.18,120,259.18,120,249000,204,192.08
12900,Nana Glen,2023-07-01,120,279.50,120,279.50,120,269000,202,211.88
12900,Nana Glen,2024-07-01,120,279.50,120,279.50,120,269000,204,207.53
12900,Nana Glen,2025-07-01,120,289.10,120,289.10,120,278000,204,214.91
12901,Nangus,2021-07-01,0,,0,,0,,39,12.64
12901,Nangus,2022-07-01,0,,0,,0,,41,21.46
12901,Nangus,2023-07-01,0,,0,,0,,41,21.46
12901,Nangus,2024-07-01,0,,0,,0,,41,26.81
12901,Nangus,2025-07-01,0,,0,,0,,41,33.48
12905,Narara,2021-07-01,2716,680.90,2638,682.86,2690,442000,2777,676.65
12905,Narara,2022-07-01,2771,788.18,2650,794.63,2745,512000,2833,783.15
12905,Narara,2023-07-01,2763,728.73,2642,734.14,2737,482000,2825,722.27
12905,Narara,2024-07-01,2763,772.87,2642,776.58,2737,507000,2825,768.65
12905,Narara,2025-07-01,2771,800.25,2650,806.98,2745,522000,2833,797.36
12906,Narellan,2021-07-01,1256,681.95,1200,675.68,1245,460000,1267,678.64
12906,Narellan,2022-07-01,1263,882.35,1207,876.92,1251,596000,1274,881.66
12906,Narellan,2023-07-01,1262,882.29,1206,876.92,1250,596000,1273,881.59
12906,Narellan,2024-07-01,1262,899.38,1206,897.38,1250,617000,1273,898.50
12906,Narellan,2025-07-01,1263,997.00,1207,993.19,1251,658000,1274,996.76
12907,Narellan Vale,2021-07-01,2340,741.19,2213,729.96,2334,462000,2362,739.18
12907,Narellan Vale,2022-07-01,2368,945.47,2241,936.64,2361,585000,2390,943.99
12907,Narellan Vale,2023-07-01,2367,941.84,2240,932.74,2360,585000,2389,939.50
12907,Narellan Vale,2024-07-01,2367,956.94,2240,945.93,2360,590000,2389,954.10
12907,Narellan Vale,2025-07-01,2368,1023.22,2241,1011.40,2361,640000,2390,1020.68
12908,Naremburn,2021-07-01,1287,4389.90,1246,4391.07,1204,1780000,1293,4378.23
12908,Naremburn,2022-07-01,1293,5311.04,1252,5315.48,1210,2170000,1299,5311.04
12908,Naremburn,2023-07-01,1293,4902.48,1253,4908.29,1210,2000000,1299,4897.90
12908,Naremburn,2024-07-01,1294,5319.91,1254,5324.67,1210,2220000,1300,5310.61
12908,Naremburn,2025-07-01,1294,5263.03,1254,5263.03,1210,2140000,1300,5263.03
12909,Narooma,2021-07-01,871,317.96,865,317.77,826,248000,916,313.67
12909,Narooma,2022-07-01,891,553.55,874,553.56,846,420500,939,539.23
12909,Narooma,2023-07-01,887,531.12,869,533.14,842,407000,932,520.37
12909,Narooma,2024-07-01,891,567.67,873,567.67,846,432000,939,558.28
12909,Narooma,2025-07-01,891,557.68,873,557.68,846,425000,939,550.69
12911,Narrabeen,2021-07-01,761,3347.23,709,3292.89,595,1740000,774,3322.18
12911,Narrabeen,2022-07-01,767,4256.41,717,4160.60,599,2270000,780,4246.10
12911,Narrabeen,2023-07-01,763,3968.69,711,3918.04,595,2050000,776,3949.32
12911,Narrabeen,2024-07-01,766,4365.15,714,4316.47,598,2270000,779,4333.33
12911,Narrabeen,2025-07-01,767,4363.27,715,4316.47,599,2260000,780,4333.79
12912,Narrabri,2021-07-01,1938,95.11,1921,94.96,1924,88000,2473,86.96
12912,Narrabri,2022-07-01,1974,113.37,1957,112.94,1960,105000,2536,103.70
12912,Narrabri,2023-07-01,1969,125.49,1953,125.49,1955,117000,2526,117.06
12912,Narrabri,2024-07-01,1974,133.43,1958,133.43,1960,124000,2536,121.39
12912,Narrabri,2025-07-01,1974,149.21,1972,149.21,1960,138000,2536,134.39
12915,Narrandera,2021-07-01,0,,0,,0,,2200,44.78
12915,Narrandera,2022-07-01,0,,0,,0,,2265,68.63
12915,Narrandera,2023-07-01,0,,0,,0,,2265,78.55
12915,Narrandera,2024-07-01,0,,0,,0,,2265,75.89
12915,Narrandera,2025-07-01,0,,0,,0,,2265,77.90
12918,Narrawallee,2021-07-01,1082,724.68,1082,724.68,1079,555000,1094,718.10
12918,Narrawallee,2022-07-01,1103,1108.49,1103,1108.49,1098,787500,1115,1104.56
12918,Narrawallee,2023-07-01,1088,991.95,1088,991.95,1083,711000,1100,989.99
12918,Narrawallee,2024-07-01,1097,896.26,1097,896.26,1092,623000,1109,891.45
12918,Narrawallee,2025-07-01,1103,852.85,1103,852.85,1098,594000,1115,846.17
12919,Narraweena,2021-07-01,1752,1976.99,1723,1976.99,1741,1200000,1758,1976.99
12919,Narraweena,2022-07-01,1754,2390.37,1725,2390.37,1743,1460000,1760,2390.37
12919,Narraweena,2023-07-01,1752,2012.94,1723,2012.94,1741,1230000,1758,2012.94
12919,Narraweena,2024-07-01,1754,2300.84,1725,2300.84,1743,1400000,1760,2300.84
12919,Narraweena,2025-07-01,1754,2426.31,1725,2426.31,1743,1470000,1760,2426.31
12920,Narromine,2021-07-01,1477,60.15,1470,60.27,1471,59600,1706,58.47
12920,Narromine,2022-07-01,1516,67.80,1509,67.80,1510,66000,1751,64.61
12920,Narromine,2023-07-01,1513,81.96,1506,82.03,1507,79200,1745,79.27
12920,Narromine,2024-07-01,1513,86.00,1506,86.03,1507,82600,1745,82.44
12920,Narromine,2025-07-01,1516,90.23,1509,90.25,1510,86700,1751,86.52
12921,Narwee,2021-07-01,1225,1703.16,1223,1703.16,1134,805000,1231,1697.24
12921,Narwee,2022-07-01,1240,1955.01,1237,1955.04,1146,974000,1246,1953.86
12921,Narwee,2023-07-01,1240,1881.09,1237,1881.14,1146,921000,1246,1879.73
12921,Narwee,2024-07-01,1243,2068.13,1240,2068.13,1149,1040000,1249,2065.44
12921,Narwee,2025-07-01,1243,2179.95,1240,2179.95,1149,1090000,1249,2172.63
12924,Nattai,2021-07-01,28,381.08,28,381.08,28,382000,32,363.36
12924,Nattai,2022-07-01,28,399.98,28,399.98,28,401000,32,381.19
12924,Nattai,2023-07-01,28,375.39,28,375.39,28,376000,32,358.00
12924,Nattai,2024-07-01,28,300.76,28,300.76,28,301000,32,292.05
12924,Nattai,2025-07-01,28,310.68,28,310.68,28,311000,32,301.61
12925,Naughtons Gap,2021-07-01,0,,0,,0,,22,16.54
12925,Naughtons Gap,2022-07-01,0,,0,,0,,22,28.18
12925,Naughtons Gap,2023-07-01,0,,0,,0,,22,30.83
12925,Naughtons Gap,2024-07-01,0,,0,,0,,22,30.83
12925,Naughtons Gap,2025-07-01,0,,0,,0,,22,29.24
12926,Neath,2021-07-01,126,154.15,124,154.15,126,150000,128,154.15
12926,Neath,2022-07-01,128,271.74,126,271.74,128,265000,130,271.74
12926,Neath,2023-07-01,126,246.05,124,246.05,126,240000,128,246.05
12926,Neath,2024-07-01,128,255.93,126,255.93,128,250000,130,255.93
12926,Neath,2025-07-01,128,291.50,126,291.50,128,285000,130,291.50
12928,Neilrex,2021-07-01,0,,0,,0,,19,1.15
12928,Neilrex,2022-07-01,0,,0,,0,,19,1.23
12928,Neilrex,2023-07-01,0,,0,,0,,19,1.47
12928,Neilrex,2024-07-01,0,,0,,0,,19,2.64
12928,Neilrex,2025-07-01,0,,0,,0,,19,2.64
12929,Nelligen,2021-07-01,0,,0,,0,,131,234.55
12929,Nelligen,2022-07-01,0,,0,,0,,131,361.47
12929,Nelligen,2023-07-01,0,,0,,0,,131,404.28
12929,Nelligen,2024-07-01,0,,0,,0,,131,404.28
12929,Nelligen,2025-07-01,0,,0,,0,,131,368.61
12932,Nelson Bay (NSW),2021-07-01,2797,673.04,2608,655.16,2517,398000,2811,672.91
12932,Nelson Bay (NSW),2022-07-01,2834,968.66,2645,938.85,2550,565000,2848,966.32
12932,Nelson Bay (NSW),2023-07-01,2812,934.10,2623,909.92,2530,550000,2826,934.10
12932,Nelson Bay (NSW),2024-07-01,2824,941.75,2635,910.92,2541,550000,2838,940.64
12932,Nelson Bay (NSW),2025-07-01,2837,962.51,2648,932.29,2552,561000,2851,961.92
12933,Nelsons Plains,2021-07-01,0,,0,,0,,18,22.89
12933,Nelsons Plains,2022-07-01,0,,0,,0,,18,32.98
12933,Nelsons Plains,2023-07-01,0,,0,,0,,18,32.98
12933,Nelsons Plains,2024-07-01,0,,0,,0,,18,32.98
12933,Nelsons Plains,2025-07-01,0,,0,,0,,18,34.07
12935,Nemingha,2021-07-01,81,88.37,80,88.97,81,79000,218,13.47
12935,Nemingha,2022-07-01,81,127.88,80,128.81,81,115000,263,21.97
12935,Nemingha,2023-07-01,81,126.71,76,131.64,81,120000,254,24.08
12935,Nemingha,2024-07-01,81,131.78,76,136.44,81,125000,263,23.75
12935,Nemingha,2025-07-01,81,168.27,77,172.52,81,160000,263,29.26
12936,Nericon,2021-07-01,0,,0,,0,,48,49.80
12936,Nericon,2022-07-01,0,,0,,0,,48,79.64
12936,Nericon,2023-07-01,0,,0,,0,,48,78.85
12936,Nericon,2024-07-01,0,,0,,0,,48,78.85
12936,Nericon,2025-07-01,0,,0,,0,,48,82.76
12938,Nerong,2021-07-01,0,,0,,0,,162,196.94
12938,Nerong,2022-07-01,0,,0,,0,,162,208.08
12938,Nerong,2023-07-01,0,,0,,0,,162,195.22
12938,Nerong,2024-07-01,0,,0,,0,,162,217.75
12938,Nerong,2025-07-01,0,,0,,0,,162,217.75
12939,Nerriga,2021-07-01,0,,0,,0,,16,6.21
12939,Nerriga,2022-07-01,0,,0,,0,,16,7.45
12939,Nerriga,2023-07-01,0,,0,,0,,16,10.05
12939,Nerriga,2024-07-01,0,,0,,0,,16,10.05
12939,Nerriga,2025-07-01,0,,0,,0,,16,36.56
12940,Nerrigundah,2021-07-01,0,,0,,0,,22,61.08
12940,Nerrigundah,2022-07-01,0,,0,,0,,24,88.81
12940,Nerrigundah,2023-07-01,0,,0,,0,,22,81.98
12940,Nerrigundah,2024-07-01,0,,0,,0,,24,91.43
12940,Nerrigundah,2025-07-01,0,,0,,0,,24,100.32
12943,Neutral Bay,2021-07-01,1237,5377.32,997,5528.70,856,1720000,1241,5372.04
12943,Neutral Bay,2022-07-01,1252,6433.11,1010,6627.83,865,2060000,1256,6431.50
12943,Neutral Bay,2023-07-01,1243,6065.38,1003,6259.90,859,1900000,1247,6065.12
12943,Neutral Bay,2024-07-01,1252,6507.22,1010,6728.19,865,2070000,1256,6505.75
12943,Neutral Bay,2025-07-01,1252,6683.86,1045,7018.90,865,2070000,1256,6683.86
12945,Nevertire,2021-07-01,0,,0,,0,,69,5.19
12945,Nevertire,2022-07-01,0,,0,,0,,71,5.68
12945,Nevertire,2023-07-01,0,,0,,0,,71,6.82
12945,Nevertire,2024-07-01,0,,0,,0,,71,6.82
12945,Nevertire,2025-07-01,0,,0,,0,,71,6.82
12946,Neville,2021-07-01,0,,0,,0,,70,25.79
12946,Neville,2022-07-01,0,,0,,0,,80,27.01
12946,Neville,2023-07-01,0,,0,,0,,75,28.07
12946,Neville,2024-07-01,0,,0,,0,,80,31.93
12946,Neville,2025-07-01,0,,0,,0,,80,31.93
12947,New Berrima,2021-07-01,240,444.22,240,444.22,240,309000,240,444.22
12947,New Berrima,2022-07-01,246,622.48,246,622.48,246,433000,246,622.48
12947,New Berrima,2023-07-01,242,622.48,242,622.48,242,433000,242,622.48
12947,New Berrima,2024-07-01,246,500.29,246,500.29,246,348000,246,500.29
12947,New Berrima,2025-07-01,246,599.48,246,599.48,246,417000,246,599.48
12948,New Brighton,2021-07-01,25,847.37,25,847.37,25,728000,27,801.06
12948,New Brighton,2022-07-01,27,769.57,27,769.57,27,670000,29,728.43
12948,New Brighton,2023-07-01,27,712.40,27,712.40,27,620000,29,674.52
12948,New Brighton,2024-07-01,27,903.51,27,903.51,27,789000,29,858.27
12948,New Brighton,2025-07-01,27,1219.30,27,1219.30,27,1060000,29,1155.37
12951,New Lambton,2021-07-01,3735,1219.67,3722,1219.82,3599,604000,3748,1218.34
12951,New Lambton,2022-07-01,3793,1312.38,3780,1314.38,3653,643000,3806,1310.05
12951,New Lambton,2023-07-01,3779,1265.24,3766,1265.68,3640,628000,3792,1263.26
12951,New Lambton,2024-07-01,3818,1333.76,3805,1335.64,3676,655000,3831,1331.94
12951,New Lambton,2025-07-01,3818,1424.91,3805,1425.54,3676,705000,3831,1423.14
12952,New Lambton Heights,2021-07-01,945,679.53,937,679.53,943,511000,953,678.50
12952,New Lambton Heights,2022-07-01,955,849.63,947,849.63,951,638000,963,845.38
12952,New Lambton Heights,2023-07-01,951,801.84,943,801.84,947,605000,959,799.59
12952,New Lambton Heights,2024-07-01,955,787.84,947,787.84,951,597000,963,786.16
12952,New Lambton Heights,2025-07-01,955,807.98,947,807.98,951,608000,963,804.59
12954,New Park,2021-07-01,0,,0,,0,,32,67.81
12954,New Park,2022-07-01,0,,0,,0,,34,96.25
12954,New Park,2023-07-01,0,,0,,0,,34,88.28
12954,New Park,2024-07-01,0,,0,,0,,34,92.17
12954,New Park,2025-07-01,0,,0,,0,,34,98.23
12957,Newbridge (NSW),2021-07-01,0,,0,,0,,69,47.63
12957,Newbridge (NSW),2022-07-01,0,,0,,0,,72,78.23
12957,Newbridge (NSW),2023-07-01,0,,0,,0,,72,94.70
12957,Newbridge (NSW),2024-07-01,0,,0,,0,,72,101.14
12957,Newbridge (NSW),2025-07-01,0,,0,,0,,72,97.09
12958,Newcastle,2021-07-01,132,4060.40,112,4442.59,110,903000,138,3919.68
12958,Newcastle,2022-07-01,132,4575.74,111,5124.29,110,1080000,138,4501.02
12958,Newcastle,2023-07-01,132,4557.68,111,4887.01,110,1080000,138,4507.76
12958,Newcastle,2024-07-01,132,4675.23,111,4864.20,110,1080000,138,4453.25
12958,Newcastle,2025-07-01,132,4798.48,111,5229.79,110,1100000,138,4704.03
12959,Newcastle East,2021-07-01,161,7815.63,118,7879.65,141,1170000,163,7797.16
12959,Newcastle East,2022-07-01,163,8833.15,120,8926.60,142,1325000,165,8817.64
12959,Newcastle East,2023-07-01,163,8887.68,120,8981.70,142,1335000,165,8844.95
12959,Newcastle East,2024-07-01,163,10121.72,120,10120.93,142,1550000,165,10120.14
12959,Newcastle East,2025-07-01,163,10293.12,120,10296.64,142,1570000,165,10250.72
12960,Newcastle West,2021-07-01,30,1995.67,30,1995.67,26,1045000,33,1940.55
12960,Newcastle West,2022-07-01,30,2430.81,30,2430.81,26,1270000,33,2357.68
12960,Newcastle West,2023-07-01,30,2430.81,30,2430.81,26,1270000,33,2357.68
12960,Newcastle West,2024-07-01,30,2530.02,30,2530.02,26,1320000,33,2448.36
12960,Newcastle West,2025-07-01,30,2530.02,30,2530.02,26,1320000,33,2448.36
12961,Newee Creek,2021-07-01,0,,0,,0,,160,14.94
12961,Newee Creek,2022-07-01,0,,0,,0,,182,20.77
12961,Newee Creek,2023-07-01,0,,0,,0,,168,20.46
12961,Newee Creek,2024-07-01,0,,0,,0,,173,21.65
12961,Newee Creek,2025-07-01,0,,0,,0,,182,22.60
12962,Newington (NSW),2021-07-01,1120,3410.92,2,,1119,985000,1136,3394.10
12962,Newington (NSW),2022-07-01,1129,4392.13,3,,1128,1280000,1146,4378.82
12962,Newington (NSW),2023-07-01,1129,3759.66,3,,1128,1100000,1146,3746.29
12962,Newington (NSW),2024-07-01,1129,4081.63,3,,1128,1200000,1146,4071.25
12962,Newington (NSW),2025-07-01,1129,4341.93,3,,1128,1280000,1146,4329.44
12965,Newport (NSW),2021-07-01,933,2508.53,925,2498.34,824,1550000,935,2502.69
12965,Newport (NSW),2022-07-01,942,3163.13,934,3156.28,828,1910000,944,3162.93
12965,Newport (NSW),2023-07-01,939,2947.52,931,2947.52,826,1790000,941,2947.52
12965,Newport (NSW),2024-07-01,941,3171.20,933,3161.04,827,1920000,943,3168.71
12965,Newport (NSW),2025-07-01,942,3184.94,934,3174.95,828,1920000,944,3179.60
12969,Newtown (NSW),2021-07-01,3355,7299.27,3151,7332.37,3268,1080000,3359,7295.20
12969,Newtown (NSW),2022-07-01,3559,7906.63,3354,8001.79,3472,1170000,3564,7906.39
12969,Newtown (NSW),2023-07-01,3559,7302.25,3354,7344.11,3472,1080000,3564,7302.25
12969,Newtown (NSW),2024-07-01,3568,8055.46,3361,8132.53,3480,1190000,3573,8053.69
12969,Newtown (NSW),2025-07-01,3568,8123.65,3361,8208.96,3480,1200000,3573,8123.65
12970,Niagara Park,2021-07-01,887,618.60,887,618.60,882,430000,895,618.17
12970,Niagara Park,2022-07-01,887,726.84,887,726.84,882,499000,895,724.51
12970,Niagara Park,2023-07-01,887,648.56,887,648.56,882,449000,895,646.51
12970,Niagara Park,2024-07-01,887,702.67,887,702.67,882,485000,895,702.67
12970,Niagara Park,2025-07-01,887,747.31,887,747.31,882,511000,895,744.66
12974,Nimbin,2021-07-01,0,,0,,0,,445,80.59
12974,Nimbin,2022-07-01,0,,0,,0,,490,114.09
12974,Nimbin,2023-07-01,0,,0,,0,,481,131.60
12974,Nimbin,2024-07-01,0,,0,,0,,490,135.48
12974,Nimbin,2025-07-01,0,,0,,0,,490,127.90
12975,Nimmitabel,2021-07-01,0,,0,,0,,206,43.15
12975,Nimmitabel,2022-07-01,0,,0,,0,,216,56.85
12975,Nimmitabel,2023-07-01,0,,0,,0,,212,56.85
12975,Nimmitabel,2024-07-01,0,,0,,0,,216,68.22
12975,Nimmitabel,2025-07-01,0,,0,,0,,216,62.78
12977,Nirimba Fields,2021-07-01,684,1573.33,684,1573.33,680,472000,684,1573.33
12977,Nirimba Fields,2022-07-01,785,2166.67,785,2166.67,781,650000,785,2166.67
12977,Nirimba Fields,2023-07-01,721,2286.67,721,2286.67,717,686000,721,2286.67
12977,Nirimba Fields,2024-07-01,792,2536.67,792,2536.67,788,761000,792,2536.67
12977,Nirimba Fields,2025-07-01,792,2566.67,792,2566.67,788,770000,792,2566.67
12983,Norah Head,2021-07-01,451,1038.98,442,1037.72,445,683000,453,1038.82
12983,Norah Head,2022-07-01,452,1308.53,443,1305.38,446,846000,454,1306.56
12983,Norah Head,2023-07-01,452,1217.28,443,1213.76,446,786000,454,1215.71
12983,Norah Head,2024-07-01,452,1236.44,443,1236.44,446,820000,454,1236.44
12983,Norah Head,2025-07-01,452,1284.54,443,1274.33,446,843000,454,1284.15
12984,Noraville,2021-07-01,1203,737.47,1203,737.47,1196,463000,1207,737.47
12984,Noraville,2022-07-01,1205,847.34,1205,847.34,1198,531000,1209,847.34
12984,Noraville,2023-07-01,1203,792.41,1203,792.41,1196,497000,1207,792.41
12984,Noraville,2024-07-01,1205,792.41,1205,792.41,1198,497000,1209,792.41
12984,Noraville,2025-07-01,1205,809.06,1205,809.06,1198,509000,1209,809.06
12985,Nords Wharf,2021-07-01,411,622.93,352,598.24,409,471000,414,620.39
12985,Nords Wharf,2022-07-01,520,824.37,458,803.78,518,591000,523,822.11
12985,Nords Wharf,2023-07-01,512,821.61,450,785.42,510,574500,515,820.14
12985,Nords Wharf,2024-07-01,514,832.86,453,805.67,512,590000,517,830.94
12985,Nords Wharf,2025-07-01,520,857.25,457,831.14,518,600000,523,855.81
12986,Normanhurst,2021-07-01,1468,1287.22,1445,1286.69,1424,1000000,1487,1285.23
12986,Normanhurst,2022-07-01,1493,1574.70,1470,1569.34,1449,1230000,1514,1567.91
12986,Normanhurst,2023-07-01,1493,1543.12,1470,1541.35,1449,1220000,1514,1538.43
12986,Normanhurst,2024-07-01,1497,1705.98,1474,1704.72,1453,1340000,1518,1703.16
12986,Normanhurst,2025-07-01,1497,1705.76,1474,1704.58,1453,1340000,1518,1701.61
12987,North Albury,2021-07-01,2595,146.09,2540,145.84,2499,107000,2638,145.85
12987,North Albury,2022-07-01,2608,234.58,2549,233.77,2511,174000,2653,233.99
12987,North Albury,2023-07-01,2608,237.24,2549,236.52,2511,177000,2653,236.65
12987,North Albury,2024-07-01,2608,247.03,2549,246.06,2511,184000,2653,246.09
12987,North Albury,2025-07-01,2608,268.72,2549,268.11,2511,200000,2653,268.11
12989,North Arm Cove,2021-07-01,0,,0,,0,,394,336.75
12989,North Arm Cove,2022-07-01,0,,0,,0,,394,471.87
12989,North Arm Cove,2023-07-01,0,,0,,0,,394,451.24
12989,North Arm Cove,2024-07-01,0,,0,,0,,398,470.46
12989,North Arm Cove,2025-07-01,0,,0,,0,,398,505.06
12990,North Avoca,2021-07-01,973,1171.15,956,1157.34,948,668000,974,1169.70
12990,North Avoca,2022-07-01,977,1454.27,960,1434.76,952,836000,978,1452.95
12990,North Avoca,2023-07-01,977,1436.57,960,1427.91,952,839000,978,1436.09
12990,North Avoca,2024-07-01,977,1442.97,960,1430.33,952,850500,978,1440.21
12990,North Avoca,2025-07-01,977,1566.06,947,1555.26,952,958000,978,1566.06
12991,North Balgowlah,2021-07-01,1108,2893.60,1101,2893.60,1098,1700000,1112,2893.60
12991,North Balgowlah,2022-07-01,1114,3612.51,1107,3612.51,1103,2130000,1118,3612.51
12991,North Balgowlah,2023-07-01,1110,2965.49,1103,2965.49,1100,1750000,1114,2965.49
12991,North Balgowlah,2024-07-01,1113,3294.89,1106,3294.26,1103,1950000,1117,3289.58
12991,North Balgowlah,2025-07-01,1114,3383.43,1107,3382.40,1103,2000000,1118,3378.86
12992,North Batemans Bay,2021-07-01,122,386.01,122,386.01,107,265000,296,166.02
12992,North Batemans Bay,2022-07-01,124,619.56,124,619.56,109,436000,298,241.91
12992,North Batemans Bay,2023-07-01,122,566.23,120,562.95,107,382000,296,228.16
12992,North Batemans Bay,2024-07-01,122,551.00,120,547.99,107,372000,296,176.41
12992,North Batemans Bay,2025-07-01,124,554.79,122,551.00,109,387000,298,224.01
12993,North Boambee Valley,2021-07-01,556,401.61,556,401.61,546,279000,593,394.51
12993,North Boambee Valley,2022-07-01,598,609.92,598,609.92,588,425000,639,598.29
12993,North Boambee Valley,2023-07-01,594,544.50,594,544.50,584,376000,634,533.19
12993,North Boambee Valley,2024-07-01,594,544.50,594,544.50,584,376000,634,533.19
12993,North Boambee Valley,2025-07-01,598,587.67,598,587.67,588,404000,639,572.63
12994,North Bondi,2021-07-01,1968,7252.65,1885,7232.56,1719,1930000,1970,7250.60
12994,North Bondi,2022-07-01,1991,9299.14,1907,9285.71,1738,2500000,1993,9297.84
12994,North Bondi,2023-07-01,1980,9567.74,1897,9545.33,1730,2540000,1982,9567.74
12994,North Bondi,2024-07-01,1985,11183.28,1902,11158.48,1733,2980000,1987,11182.58
12994,North Bondi,2025-07-01,1993,12217.05,1911,12178.04,1739,3280000,1995,12217.05
12995,North Bourke,2021-07-01,0,,0,,0,,73,29.66
12995,North Bourke,2022-07-01,0,,0,,0,,77,32.13
12995,North Bourke,2023-07-01,0,,0,,0,,77,32.13
12995,North Bourke,2024-07-01,0,,0,,0,,77,46.96
12995,North Bourke,2025-07-01,0,,0,,0,,77,49.43
12997,North Casino,2021-07-01,0,,0,,0,,267,26.67
12997,North Casino,2022-07-01,0,,0,,0,,267,42.26
12997,North Casino,2023-07-01,0,,0,,0,,267,46.25
12997,North Casino,2024-07-01,0,,0,,0,,267,46.25
12997,North Casino,2025-07-01,0,,0,,0,,267,43.86
12998,North Curl Curl,2021-07-01,1225,3417.00,1221,3417.00,1212,1770000,1228,3417.00
12998,North Curl Curl,2022-07-01,1228,4456.19,1225,4456.19,1214,2300000,1231,4456.19
12998,North Curl Curl,2023-07-01,1225,3861.16,1222,3864.65,1212,2000000,1228,3857.33
12998,North Curl Curl,2024-07-01,1227,4460.29,1224,4460.29,1213,2300000,1230,4457.91
12998,North Curl Curl,2025-07-01,1229,4465.12,1226,4466.15,1215,2400000,1232,4462.63
13000,North Epping,2021-07-01,1479,1555.09,1451,1548.54,1467,1220000,1487,1553.91
13000,North Epping,2022-07-01,1484,1845.02,1456,1839.70,1472,1450000,1492,1843.14
13000,North Epping,2023-07-01,1484,1845.02,1456,1839.70,1472,1450000,1492,1843.14
13000,North Epping,2024-07-01,1486,2066.44,1458,2062.25,1474,1630000,1494,2063.71
13000,North Epping,2025-07-01,1486,2148.13,1458,2143.86,1474,1700000,1494,2145.92
13001,North Gosford,2021-07-01,974,619.95,974,619.95,926,396000,986,618.55
13001,North Gosford,2022-07-01,977,718.14,977,718.14,927,470000,989,715.33
13001,North Gosford,2023-07-01,975,710.16,975,710.16,926,463000,987,708.18
13001,North Gosford,2024-07-01,976,748.67,976,748.67,926,485000,988,747.10
13001,North Gosford,2025-07-01,977,769.69,977,769.69,927,500000,989,769.01
13002,North Haven (NSW),2021-07-01,705,563.24,703,563.14,672,392000,710,562.33
13002,North Haven (NSW),2022-07-01,707,773.97,705,773.45,674,540000,713,772.10
13002,North Haven (NSW),2023-07-01,707,717.36,705,716.64,674,500000,713,714.90
13002,North Haven (NSW),2024-07-01,709,717.36,707,716.64,676,500000,715,714.90
13002,North Haven (NSW),2025-07-01,709,717.36,707,716.64,676,500000,715,714.90
13003,North Kellyville,2021-07-01,4117,1643.32,4092,1644.78,4036,738000,4152,1640.00
13003,North Kellyville,2022-07-01,4253,2067.23,4228,2069.05,4164,937000,4298,2064.80
13003,North Kellyville,2023-07-01,4249,2048.61,4224,2051.76,4162,944000,4292,2046.48
13003,North Kellyville,2024-07-01,4249,2095.24,4224,2096.40,4162,960000,4292,2092.04
13003,North Kellyville,2025-07-01,4253,2085.31,4228,2087.24,4164,949000,4298,2079.41
13004,North Lambton,2021-07-01,1263,791.52,1251,790.69,1229,428000,1264,791.11
13004,North Lambton,2022-07-01,1276,845.26,1264,844.72,1242,450000,1277,844.72
13004,North Lambton,2023-07-01,1271,815.49,1259,814.90,1237,423000,1272,815.49
13004,North Lambton,2024-07-01,1280,833.38,1268,831.96,1246,446000,1281,832.83
13004,North Lambton,2025-07-01,1280,884.26,1268,883.09,1246,470000,1281,884.26
13005,North Lismore,2021-07-01,72,179.21,72,179.21,72,132250,144,155.84
13005,North Lismore,2022-07-01,74,120.71,74,120.71,74,89600,149,115.23
13005,North Lismore,2023-07-01,74,107.24,74,107.24,74,79600,149,102.35
13005,North Lismore,2024-07-01,74,107.24,74,107.24,74,79600,149,102.35
13005,North Lismore,2025-07-01,74,121.20,74,121.20,74,90000,149,115.64
13006,North Macksville,2021-07-01,206,263.93,205,261.79,206,194000,303,201.33
13006,North Macksville,2022-07-01,209,412.73,208,412.60,208,301000,315,303.07
13006,North Macksville,2023-07-01,209,389.29,208,389.28,208,274000,309,289.12
13006,North Macksville,2024-07-01,209,366.78,208,366.74,208,258000,312,269.67
13006,North Macksville,2025-07-01,209,375.21,208,375.14,208,264000,315,269.53
13007,North Manly,2021-07-01,919,2679.75,895,2669.11,901,1620000,919,2679.75
13007,North Manly,2022-07-01,923,3249.91,899,3232.53,905,1960000,923,3249.91
13007,North Manly,2023-07-01,919,2833.30,895,2815.43,901,1720000,919,2833.30
13007,North Manly,2024-07-01,923,3393.21,899,3386.63,905,2060000,923,3393.21
13007,North Manly,2025-07-01,923,3386.63,899,3378.81,905,2050000,923,3386.63
13008,North Narooma,2021-07-01,304,298.74,304,298.74,297,232000,330,283.86
13008,North Narooma,2022-07-01,311,536.35,311,536.35,301,423000,337,513.80
13008,North Narooma,2023-07-01,306,518.40,300,519.92,297,414000,332,496.30
13008,North Narooma,2024-07-01,307,538.09,301,536.85,297,426000,333,512.26
13008,North Narooma,2025-07-01,311,540.62,305,540.62,301,426000,337,516.61
13009,North Narrabeen,2021-07-01,1038,2034.27,1034,2034.27,1029,1180000,1038,2034.27
13009,North Narrabeen,2022-07-01,1040,2553.71,1036,2553.71,1029,1480000,1040,2553.71
13009,North Narrabeen,2023-07-01,1039,2103.89,1035,2103.89,1029,1220000,1039,2103.89
13009,North Narrabeen,2024-07-01,1040,2181.70,1036,2182.67,1029,1260000,1040,2181.70
13009,North Narrabeen,2025-07-01,1041,2264.56,1037,2264.56,1029,1310000,1041,2264.56
13010,North Nowra,2021-07-01,2202,413.46,2169,412.04,2170,304000,2237,412.04
13010,North Nowra,2022-07-01,2214,557.47,2181,556.03,2181,418000,2250,555.99
13010,North Nowra,2023-07-01,2207,525.75,2166,524.42,2174,395000,2242,524.42
13010,North Nowra,2024-07-01,2211,517.55,2170,516.70,2178,389000,2247,516.38
13010,North Nowra,2025-07-01,2214,518.23,2173,517.05,2181,389000,2250,516.92
13011,North Parramatta,2021-07-01,1572,1736.77,1458,1740.18,1367,990000,1584,1732.84
13011,North Parramatta,2022-07-01,1609,2163.21,1495,2161.31,1404,1240000,1623,2158.15
13011,North Parramatta,2023-07-01,1609,1976.70,1495,1976.84,1404,1120000,1623,1970.44
13011,North Parramatta,2024-07-01,1609,2181.49,1495,2184.06,1404,1240000,1623,2181.49
13011,North Parramatta,2025-07-01,1609,2311.14,1495,2313.97,1404,1320000,1623,2305.65
13012,North Richmond,2021-07-01,2061,638.30,1858,650.80,1966,465000,2153,621.53
13012,North Richmond,2022-07-01,2245,867.09,2042,879.21,2149,625000,2339,844.82
13012,North Richmond,2023-07-01,2245,783.50,2042,796.46,2149,565000,2339,763.72
13012,North Richmond,2024-07-01,2331,871.19,2128,883.77,2235,620000,2428,852.59
13012,North Richmond,2025-07-01,2331,871.19,2128,889.58,2235,620000,2428,859.69
13013,North Rocks,2021-07-01,2482,1279.47,2464,1279.47,2468,994000,2496,1278.62
13013,North Rocks,2022-07-01,2489,1670.89,2471,1671.15,2475,1310000,2503,1667.63
13013,North Rocks,2023-07-01,2489,1524.43,2471,1524.43,2475,1180000,2503,1522.96
13013,North Rocks,2024-07-01,2489,1618.15,2471,1618.15,2475,1250000,2503,1612.48
13013,North Rocks,2025-07-01,2489,1717.79,2471,1717.94,2475,1330000,2503,1712.13
13014,North Rothbury,2021-07-01,1100,319.47,1100,319.47,1100,180000,1422,302.69
13014,North Rothbury,2022-07-01,1420,614.58,1420,614.58,1420,347000,1752,591.98
13014,North Rothbury,2023-07-01,1420,548.61,1420,548.61,1420,309000,1750,527.96
13014,North Rothbury,2024-07-01,1420,572.92,1420,572.92,1420,323000,1752,551.46
13014,North Rothbury,2025-07-01,1420,618.06,1420,618.06,1420,349000,1752,595.44
13015,North Ryde,2021-07-01,3241,2322.32,3138,2321.76,3127,1270000,3249,2322.32
13015,North Ryde,2022-07-01,3470,3000.15,3361,3002.02,3348,1640000,3478,2999.39
13015,North Ryde,2023-07-01,3432,2824.74,3323,2839.68,3311,1520000,3440,2824.33
13015,North Ryde,2024-07-01,3432,3019.41,3323,3019.41,3311,1620000,3440,3019.41
13015,North Ryde,2025-07-01,3473,3302.05,3364,3308.49,3351,1810000,3481,3302.05
13017,North St Marys,2021-07-01,1319,631.11,1319,631.11,1307,439000,1321,631.11
13017,North St Marys,2022-07-01,1324,780.62,1324,780.62,1311,543000,1326,780.62
13017,North St Marys,2023-07-01,1324,705.87,1324,705.87,1311,491000,1326,705.87
13017,North St Marys,2024-07-01,1326,853.94,1326,853.94,1312,594000,1328,853.94
13017,North St Marys,2025-07-01,1326,964.63,1326,964.63,1312,671000,1328,964.63
13018,North Star,2021-07-01,0,,0,,0,,49,1.51
13018,North Star,2022-07-01,0,,0,,0,,49,1.51
13018,North Star,2023-07-01,0,,0,,0,,50,1.51
13018,North Star,2024-07-01,0,,0,,0,,50,1.51
13018,North Star,2025-07-01,0,,0,,0,,50,3.53
13019,North Strathfield,2021-07-01,589,2916.41,568,2938.79,528,1745000,598,2903.21
13019,North Strathfield,2022-07-01,666,3518.12,645,3534.88,598,2040000,676,3518.12
13019,North Strathfield,2023-07-01,664,3230.39,642,3230.58,596,1900000,674,3230.39
13019,North Strathfield,2024-07-01,664,3372.95,642,3373.53,596,1930000,674,3372.95
13019,North Strathfield,2025-07-01,666,3583.82,641,3604.07,598,2030000,676,3582.66
13020,North Sydney,2021-07-01,652,6628.68,465,6866.20,557,1650000,658,6622.75
13020,North Sydney,2022-07-01,671,7963.37,479,8300.74,575,2010000,677,7953.22
13020,North Sydney,2023-07-01,660,7538.94,471,7810.25,564,1850000,666,7511.17
13020,North Sydney,2024-07-01,668,8069.75,477,8394.16,572,1990000,674,8055.97
13020,North Sydney,2025-07-01,671,8088.57,491,8374.38,575,1960000,677,8072.49
13021,North Tamworth,2021-07-01,2058,184.13,1992,184.22,1979,134000,2284,180.84
13021,North Tamworth,2022-07-01,2233,276.65,1878,271.34,2148,207000,2468,272.23
13021,North Tamworth,2023-07-01,2192,276.65,1835,271.43,2110,206000,2426,272.47
13021,North Tamworth,2024-07-01,2233,287.15,1939,282.23,2148,211000,2468,283.07
13021,North Tamworth,2025-07-01,2233,302.83,2183,302.69,2148,225000,2468,296.90
13023,North Turramurra,2021-07-01,20,1592.00,20,1592.00,20,1585000,33,1495.09
13023,North Turramurra,2022-07-01,20,1975.56,20,1975.56,20,1975000,33,1840.07
13023,North Turramurra,2023-07-01,20,1781.07,20,1781.07,20,1780000,33,1650.90
13023,North Turramurra,2024-07-01,20,1982.24,20,1982.24,20,1965000,33,1822.87
13023,North Turramurra,2025-07-01,20,2008.32,20,2008.32,20,1995000,35,1669.58
13024,North Wagga Wagga,2021-07-01,0,,0,,0,,243,94.86
13024,North Wagga Wagga,2022-07-01,0,,0,,0,,250,101.71
13024,North Wagga Wagga,2023-07-01,0,,0,,0,,249,121.63
13024,North Wagga Wagga,2024-07-01,0,,0,,0,,250,122.68
13024,North Wagga Wagga,2025-07-01,0,,0,,0,,250,128.12
13025,North Wahroonga,2021-07-01,158,1397.61,155,1397.61,158,1460000,159,1397.61
13025,North Wahroonga,2022-07-01,158,1834.76,155,1836.42,158,1910000,159,1833.10
13025,North Wahroonga,2023-07-01,158,1630.54,155,1630.54,158,1690000,159,1630.54
13025,North Wahroonga,2024-07-01,158,1774.65,155,1774.69,158,1840000,159,1774.60
13025,North Wahroonga,2025-07-01,158,1814.96,155,1816.65,158,1880000,159,1813.27
13026,North Willoughby,2021-07-01,1143,3936.03,1087,3936.03,1110,2130000,1143,3936.03
13026,North Willoughby,2022-07-01,1148,4776.06,1092,4775.46,1115,2600000,1148,4776.06
13026,North Willoughby,2023-07-01,1145,4282.16,1090,4286.25,1112,2300000,1145,4282.16
13026,North Willoughby,2024-07-01,1151,4648.27,1096,4658.96,1116,2500000,1151,4648.27
13026,North Willoughby,2025-07-01,1151,4744.33,1096,4755.84,1116,2530000,1151,4744.33
13027,North Wollongong,2021-07-01,288,1544.92,283,1501.94,209,631000,293,1459.51
13027,North Wollongong,2022-07-01,289,2156.72,283,2112.57,209,765000,295,2112.57
13027,North Wollongong,2023-07-01,289,1941.05,283,1909.89,209,795000,294,1912.55
13027,North Wollongong,2024-07-01,291,1941.05,285,1909.89,210,795000,297,1909.89
13027,North Wollongong,2025-07-01,291,1959.02,285,1939.28,210,779000,297,1939.28
13028,North Woodburn,2021-07-01,0,,0,,0,,55,272.73
13028,North Woodburn,2022-07-01,0,,0,,0,,55,246.33
13028,North Woodburn,2023-07-01,0,,0,,0,,55,208.94
13028,North Woodburn,2024-07-01,0,,0,,0,,55,188.41
13028,North Woodburn,2025-07-01,0,,0,,0,,55,199.28
13032,Northbridge (NSW),2021-07-01,1359,3552.26,1349,3552.26,1322,2310000,1360,3552.26
13032,Northbridge (NSW),2022-07-01,1359,4567.19,1349,4567.19,1322,2970000,1360,4567.19
13032,Northbridge (NSW),2023-07-01,1359,4167.37,1349,4167.37,1322,2710000,1360,4167.37
13032,Northbridge (NSW),2024-07-01,1370,4782.48,1360,4782.48,1332,3110000,1371,4782.48
13032,Northbridge (NSW),2025-07-01,1370,5132.03,1360,5129.91,1332,3310000,1371,5132.03
13033,Northmead,2021-07-01,2424,1275.16,2362,1275.16,2363,840000,2461,1274.37
13033,Northmead,2022-07-01,2481,1745.25,2419,1749.48,2419,1150000,2519,1739.51
13033,Northmead,2023-07-01,2481,1509.49,2419,1509.49,2419,1000000,2519,1509.29
13033,Northmead,2024-07-01,2481,1730.20,2323,1725.13,2419,1140000,2519,1725.13
13033,Northmead,2025-07-01,2481,1825.76,2323,1817.16,2419,1210000,2519,1821.52
13034,Northwood (NSW),2021-07-01,313,3474.04,279,3495.54,311,2670000,314,3473.24
13034,Northwood (NSW),2022-07-01,317,4046.51,282,4058.76,315,3100000,318,4032.03
13034,Northwood (NSW),2023-07-01,314,3736.97,279,3738.32,312,2865000,315,3735.63
13034,Northwood (NSW),2024-07-01,317,4015.58,282,4019.15,315,3010000,318,4015.40
13034,Northwood (NSW),2025-07-01,317,4586.48,282,4626.78,315,3510000,318,4577.38
13036,Norwest,2021-07-01,421,2247.71,287,1829.17,418,843500,437,2187.17
13036,Norwest,2022-07-01,549,2763.89,353,2258.51,546,1030000,576,2701.46
13036,Norwest,2023-07-01,506,2740.90,310,2180.22,503,950000,529,2738.94
13036,Norwest,2024-07-01,506,2827.03,310,2257.60,503,1210000,529,2752.07
13036,Norwest,2025-07-01,549,2740.90,353,2514.89,546,1270000,576,2739.73
13037,Nowendoc,2021-07-01,0,,0,,0,,19,1.16
13037,Nowendoc,2022-07-01,0,,0,,0,,19,2.98
13037,Nowendoc,2023-07-01,0,,0,,0,,19,6.55
13037,Nowendoc,2024-07-01,0,,0,,0,,19,6.80
13037,Nowendoc,2025-07-01,0,,0,,0,,19,6.80
13039,Nowra,2021-07-01,3765,358.49,3681,357.86,3722,247000,3784,358.38
13039,Nowra,2022-07-01,3787,489.63,3703,489.13,3739,332000,3806,489.53
13039,Nowra,2023-07-01,3778,479.54,3686,478.51,3733,328000,3797,479.30
13039,Nowra,2024-07-01,3783,506.39,3691,506.10,3736,351000,3802,506.37
13039,Nowra,2025-07-01,3789,507.74,3697,506.47,3739,349000,3808,507.35
13040,Nowra Hill,2021-07-01,1,,1,,1,,210,38.49
13040,Nowra Hill,2022-07-01,1,,1,,1,,210,59.29
13040,Nowra Hill,2023-07-01,1,,1,,1,,210,56.54
13040,Nowra Hill,2024-07-01,1,,1,,1,,210,56.54
13040,Nowra Hill,2025-07-01,1,,1,,1,,210,53.55
13042,Nulkaba,2021-07-01,0,,0,,0,,352,180.75
13042,Nulkaba,2022-07-01,0,,0,,0,,364,324.50
13042,Nulkaba,2023-07-01,0,,0,,0,,361,291.00
13042,Nulkaba,2024-07-01,0,,0,,0,,361,300.50
13042,Nulkaba,2025-07-01,0,,0,,0,,364,310.00
13043,Nullamanna,2021-07-01,0,,0,,0,,16,1.11
13043,Nullamanna,2022-07-01,0,,0,,0,,16,2.00
13043,Nullamanna,2023-07-01,0,,0,,0,,16,2.00
13043,Nullamanna,2024-07-01,0,,0,,0,,16,3.40
13043,Nullamanna,2025-07-01,0,,0,,0,,16,8.35
13050,Numeralla,2021-07-01,0,,0,,0,,92,2.51
13050,Numeralla,2022-07-01,0,,0,,0,,98,3.42
13050,Numeralla,2023-07-01,0,,0,,0,,96,3.94
13050,Numeralla,2024-07-01,0,,0,,0,,98,4.12
13050,Numeralla,2025-07-01,0,,0,,0,,98,4.42
13053,Nunderi,2021-07-01,26,244.10,26,244.10,26,338000,242,88.90
13053,Nunderi,2022-07-01,26,316.93,26,316.93,26,439000,242,119.92
13053,Nunderi,2023-07-01,26,316.93,26,316.93,26,439000,242,119.92
13053,Nunderi,2024-07-01,26,334.18,26,334.18,26,462500,242,132.36
13053,Nunderi,2025-07-01,26,353.34,26,353.34,26,489000,242,138.93
13054,Nundle,2021-07-01,0,,0,,0,,215,20.51
13054,Nundle,2022-07-01,0,,0,,0,,220,29.46
13054,Nundle,2023-07-01,0,,0,,0,,218,37.13
13054,Nundle,2024-07-01,0,,0,,0,,220,51.41
13054,Nundle,2025-07-01,0,,0,,0,,220,50.31
13058,Nymagee,2021-07-01,0,,0,,0,,67,1.72
13058,Nymagee,2022-07-01,0,,0,,0,,76,1.83
13058,Nymagee,2023-07-01,0,,0,,0,,74,1.74
13058,Nymagee,2024-07-01,0,,0,,0,,76,3.05
13058,Nymagee,2025-07-01,0,,0,,0,,76,3.06
13060,Nyngan,2021-07-01,792,19.33,790,19.33,789,20100,911,18.35
13060,Nyngan,2022-07-01,796,21.61,794,21.61,793,22100,922,20.43
13060,Nyngan,2023-07-01,792,30.21,790,30.21,789,30900,916,28.66
13060,Nyngan,2024-07-01,795,39.17,793,39.17,792,40100,921,36.96
13060,Nyngan,2025-07-01,796,39.06,794,39.06,793,40000,922,36.86
13063,O'Connell (NSW),2021-07-01,0,,0,,0,,58,4.42
13063,O'Connell (NSW),2022-07-01,0,,0,,0,,58,5.30
13063,O'Connell (NSW),2023-07-01,0,,0,,0,,58,5.30
13063,O'Connell (NSW),2024-07-01,0,,0,,0,,58,5.23
13063,O'Connell (NSW),2025-07-01,0,,0,,0,,58,6.27
13064,Oak Flats,2021-07-01,2342,651.24,2324,651.24,2196,450000,2345,651.24
13064,Oak Flats,2022-07-01,2398,878.17,2380,877.33,2232,594000,2401,878.16
13064,Oak Flats,2023-07-01,2358,853.94,2340,853.94,2205,585000,2361,853.94
13064,Oak Flats,2024-07-01,2383,853.94,2365,853.94,2222,583000,2386,853.94
13064,Oak Flats,2025-07-01,2400,829.54,2382,829.54,2234,566000,2403,829.54
13065,Oakdale (NSW),2021-07-01,380,424.87,380,424.87,380,388000,390,423.43
13065,Oakdale (NSW),2022-07-01,413,562.56,413,562.56,413,516000,424,558.28
13065,Oakdale (NSW),2023-07-01,411,604.67,411,604.67,411,555000,421,601.14
13065,Oakdale (NSW),2024-07-01,413,559.83,413,559.83,413,524000,423,558.28
13065,Oakdale (NSW),2025-07-01,413,581.36,413,581.36,413,544000,424,579.00
13066,Oakey Park,2021-07-01,100,178.27,76,168.98,100,100000,107,175.35
13066,Oakey Park,2022-07-01,100,264.69,77,247.10,100,146500,107,255.47
13066,Oakey Park,2023-07-01,100,282.44,77,264.14,100,156000,107,272.85
13066,Oakey Park,2024-07-01,100,300.19,77,281.19,100,166000,107,290.23
13066,Oakey Park,2025-07-01,100,337.31,77,315.27,100,186000,107,324.99
13067,Oakhampton,2021-07-01,2,,2,,2,,17,30.29
13067,Oakhampton,2022-07-01,2,,2,,2,,18,45.58
13067,Oakhampton,2023-07-01,2,,2,,2,,17,43.20
13067,Oakhampton,2024-07-01,2,,2,,2,,17,43.20
13067,Oakhampton,2025-07-01,2,,2,,2,,18,92.64
13068,Oakhampton Heights,2021-07-01,0,,0,,0,,42,40.83
13068,Oakhampton Heights,2022-07-01,0,,0,,0,,43,60.31
13068,Oakhampton Heights,2023-07-01,0,,0,,0,,43,54.78
13068,Oakhampton Heights,2024-07-01,0,,0,,0,,43,57.17
13068,Oakhampton Heights,2025-07-01,0,,0,,0,,43,62.72
13069,Oakhurst (NSW),2021-07-01,2023,765.18,2021,765.18,2015,421000,2024,765.18
13069,Oakhurst (NSW),2022-07-01,2025,932.06,2023,932.06,2017,513000,2028,932.06
13069,Oakhurst (NSW),2023-07-01,2025,935.34,2023,935.34,2017,515000,2026,935.34
13069,Oakhurst (NSW),2024-07-01,2027,1144.41,2025,1144.41,2019,630000,2030,1144.21
13069,Oakhurst (NSW),2025-07-01,2027,1180.74,2025,1180.74,2019,650000,2030,1180.53
13070,Oaklands,2021-07-01,0,,0,,0,,235,9.99
13070,Oaklands,2022-07-01,0,,0,,0,,240,12.36
13070,Oaklands,2023-07-01,0,,0,,0,,240,18.05
13070,Oaklands,2024-07-01,0,,0,,0,,240,21.75
13070,Oaklands,2025-07-01,0,,0,,0,,240,22.24
13071,Oakville,2022-07-01,662,1459.83,662,1459.83,662,553500,675,1450.22
13071,Oakville,2023-07-01,662,1703.43,662,1703.43,662,643000,675,1694.81
13071,Oakville,2024-07-01,705,1597.78,705,1597.78,705,597000,718,1586.67
13071,Oakville,2025-07-01,705,1622.22,705,1622.22,705,629000,718,1611.77
13072,Oakwood (NSW),2021-07-01,0,,0,,0,,11,6.96
13072,Oakwood (NSW),2022-07-01,0,,0,,0,,11,10.67
13072,Oakwood (NSW),2023-07-01,0,,0,,0,,11,10.67
13072,Oakwood (NSW),2024-07-01,0,,0,,0,,11,10.67
13072,Oakwood (NSW),2025-07-01,0,,0,,0,,11,16.23
13074,Oatlands (NSW),2021-07-01,1448,1709.65,1299,1683.46,1419,1280000,1467,1706.44
13074,Oatlands (NSW),2022-07-01,1473,2462.32,1325,2423.16,1444,1890000,1492,2452.63
13074,Oatlands (NSW),2023-07-01,1473,2228.29,1325,2192.12,1444,1700000,1492,2222.46
13074,Oatlands (NSW),2024-07-01,1473,2366.70,1325,2329.64,1444,1810000,1492,2361.61
13074,Oatlands (NSW),2025-07-01,1473,2420.24,1325,2386.03,1444,1850000,1492,2413.94
13075,Oatley,2021-07-01,3040,2057.89,2854,2075.55,2873,1330000,3044,2057.89
13075,Oatley,2022-07-01,3094,2253.62,2897,2262.24,2927,1440000,3098,2252.87
13075,Oatley,2023-07-01,3067,2053.27,2874,2070.29,2900,1330000,3071,2051.54
13075,Oatley,2024-07-01,3086,2199.29,2891,2225.56,2919,1440000,3090,2196.90
13075,Oatley,2025-07-01,3094,2347.86,2893,2379.88,2927,1510000,3098,2347.57
13079,Oberon,2021-07-01,1111,122.55,1107,122.57,1094,124000,1441,111.21
13079,Oberon,2022-07-01,1149,174.16,1145,174.73,1130,174000,1535,155.61
13079,Oberon,2023-07-01,1120,207.93,1116,208.50,1103,210000,1506,186.36
13079,Oberon,2024-07-01,1147,220.20,1143,220.79,1130,220000,1533,196.50
13079,Oberon,2025-07-01,1149,212.40,1145,212.40,1130,210000,1535,188.62
13081,Ocean Shores,2021-07-01,2042,733.31,2002,730.69,1879,646000,2069,731.48
13081,Ocean Shores,2022-07-01,2081,795.44,2040,790.35,1902,718000,2108,791.82
13081,Ocean Shores,2023-07-01,2063,664.44,2022,658.27,1889,596000,2090,659.68
13081,Ocean Shores,2024-07-01,2074,664.44,2033,657.97,1898,596000,2101,659.37
13081,Ocean Shores,2025-07-01,2081,773.38,2039,771.23,1902,708000,2108,771.23
13083,Old Adaminaby,2021-07-01,0,,0,,0,,75,129.79
13083,Old Adaminaby,2022-07-01,0,,0,,0,,75,142.67
13083,Old Adaminaby,2023-07-01,0,,0,,0,,75,184.66
13083,Old Adaminaby,2024-07-01,0,,0,,0,,75,257.67
13083,Old Adaminaby,2025-07-01,0,,0,,0,,75,262.10
13084,Old Bar,2021-07-01,1824,401.09,1823,401.09,1681,277000,2019,393.02
13084,Old Bar,2022-07-01,1965,611.41,1964,611.41,1815,409000,2167,595.26
13084,Old Bar,2023-07-01,1942,547.85,1941,547.87,1794,370000,2144,537.18
13084,Old Bar,2024-07-01,1999,548.05,1998,548.21,1839,370000,2206,537.18
13084,Old Bar,2025-07-01,1999,548.05,1998,548.21,1839,375000,2206,537.60
13085,Old Bonalbo,2021-07-01,0,,0,,0,,43,21.54
13085,Old Bonalbo,2022-07-01,0,,0,,0,,45,29.35
13085,Old Bonalbo,2023-07-01,0,,0,,0,,43,29.35
13085,Old Bonalbo,2024-07-01,0,,0,,0,,45,32.31
13085,Old Bonalbo,2025-07-01,0,,0,,0,,45,49.01
13086,Old Erowal Bay,2021-07-01,521,416.91,521,416.91,521,305000,528,416.91
13086,Old Erowal Bay,2022-07-01,525,603.80,525,603.80,525,442000,532,603.80
13086,Old Erowal Bay,2023-07-01,521,536.23,521,536.23,521,393000,528,536.23
13086,Old Erowal Bay,2024-07-01,525,544.85,525,544.85,525,400000,532,544.85
13086,Old Erowal Bay,2025-07-01,525,556.35,525,556.35,525,409000,532,556.35
13087,Old Grevillia,2021-07-01,0,,0,,0,,14,32.22
13087,Old Grevillia,2022-07-01,0,,0,,0,,14,45.99
13087,Old Grevillia,2023-07-01,0,,0,,0,,14,45.99
13087,Old Grevillia,2024-07-01,0,,0,,0,,14,48.09
13087,Old Grevillia,2025-07-01,0,,0,,0,,14,51.28
13088,Old Guildford,2021-07-01,650,899.80,643,901.98,645,632000,653,896.64
13088,Old Guildford,2022-07-01,655,1034.81,648,1038.85,650,727000,658,1031.97
13088,Old Guildford,2023-07-01,653,972.85,646,976.68,648,686000,656,972.27
13088,Old Guildford,2024-07-01,655,1089.68,648,1095.83,650,768000,658,1088.13
13088,Old Guildford,2025-07-01,655,1243.77,648,1248.81,650,873000,658,1239.97
13089,Old Junee,2021-07-01,0,,0,,0,,54,32.62
13089,Old Junee,2022-07-01,0,,0,,0,,60,55.36
13089,Old Junee,2023-07-01,0,,0,,0,,60,57.83
13089,Old Junee,2024-07-01,0,,0,,0,,60,57.83
13089,Old Junee,2025-07-01,0,,0,,0,,60,80.08
13092,Old Toongabbie,2021-07-01,1010,1245.51,1002,1245.51,1003,730000,1013,1245.51
13092,Old Toongabbie,2022-07-01,1043,1542.29,1035,1538.34,1036,880000,1046,1539.45
13092,Old Toongabbie,2023-07-01,1043,1401.92,1035,1401.92,1036,793000,1046,1401.92
13092,Old Toongabbie,2024-07-01,1043,1525.88,1032,1523.32,1036,880000,1046,1524.09
13092,Old Toongabbie,2025-07-01,1043,1599.57,1032,1599.57,1036,920000,1046,1599.57
13100,Ootha,2021-07-01,0,,0,,0,,12,0.47
13100,Ootha,2022-07-01,0,,0,,0,,12,0.47
13100,Ootha,2023-07-01,0,,0,,0,,12,0.47
13100,Ootha,2024-07-01,0,,0,,0,,12,0.47
13100,Ootha,2025-07-01,0,,0,,0,,12,0.94
13102,Oran Park,2021-07-01,5975,931.22,5965,930.94,5853,407000,6006,930.00
13102,Oran Park,2022-07-01,7351,1375.56,7205,1373.72,7197,569000,7425,1374.33
13102,Oran Park,2023-07-01,7270,1358.37,7151,1354.48,7124,561000,7329,1354.84
13102,Oran Park,2024-07-01,7270,1428.89,7151,1426.15,7124,592000,7329,1426.86
13102,Oran Park,2025-07-01,7359,1548.57,7213,1544.44,7204,639000,7433,1544.46
13103,Orange,2021-07-01,15325,281.66,14968,280.07,15179,217000,16050,275.34
13103,Orange,2022-07-01,15925,383.46,15517,381.75,15776,293000,16693,376.20
13103,Orange,2023-07-01,15827,400.26,15407,397.89,15679,308000,16584,392.88
13103,Orange,2024-07-01,16055,403.55,15618,401.22,15906,306000,16846,396.68
13103,Orange,2025-07-01,16055,401.75,15610,399.61,15906,304000,16846,396.25
13106,Orchard Hills,2021-07-01,0,,0,,0,,35,199.79
13106,Orchard Hills,2022-07-01,88,1308.06,88,1308.06,88,490000,134,1125.00
13106,Orchard Hills,2023-07-01,88,1201.28,88,1201.28,88,450000,134,1031.25
13106,Orchard Hills,2024-07-01,159,1511.94,159,1511.94,159,540000,207,1425.00
13106,Orchard Hills,2025-07-01,159,1648.69,159,1648.69,159,590000,207,1562.90
13107,Orient Point,2021-07-01,343,521.37,343,521.37,343,470000,343,521.37
13107,Orient Point,2022-07-01,344,601.68,344,601.68,344,543000,344,601.68
13107,Orient Point,2023-07-01,344,541.14,344,541.14,344,488000,344,541.14
13107,Orient Point,2024-07-01,344,542.38,344,542.38,344,489000,344,542.38
13107,Orient Point,2025-07-01,344,542.38,344,542.38,344,489000,344,542.38
13113,Oura,2021-07-01,0,,0,,0,,76,31.14
13113,Oura,2022-07-01,0,,0,,0,,82,32.67
13113,Oura,2023-07-01,0,,0,,0,,80,45.72
13113,Oura,2024-07-01,0,,0,,0,,82,45.72
13113,Oura,2025-07-01,0,,0,,0,,82,45.72
13114,Ourimbah,2021-07-01,881,722.31,872,723.35,806,486000,901,719.67
13114,Ourimbah,2022-07-01,883,835.48,874,836.98,808,563500,903,831.33
13114,Ourimbah,2023-07-01,883,835.48,874,836.98,808,563500,903,831.33
13114,Ourimbah,2024-07-01,883,816.18,874,817.48,808,550000,903,814.67
13114,Ourimbah,2025-07-01,883,837.91,874,837.91,808,556000,903,834.70
13116,Owens Gap,2021-07-01,0,,0,,0,,12,2.95
13116,Owens Gap,2022-07-01,0,,0,,0,,12,4.48
13116,Owens Gap,2023-07-01,0,,0,,0,,12,4.68
13116,Owens Gap,2024-07-01,0,,0,,0,,12,4.98
13116,Owens Gap,2025-07-01,0,,0,,0,,12,5.22
13117,Oxford Falls,2021-07-01,56,1454.75,56,1454.75,56,1115000,56,1454.75
13117,Oxford Falls,2022-07-01,56,1820.09,56,1820.09,56,1395000,56,1820.09
13117,Oxford Falls,2023-07-01,56,1546.09,56,1546.09,56,1185000,56,1546.09
13117,Oxford Falls,2024-07-01,56,1793.99,56,1793.99,56,1375000,56,1793.99
13117,Oxford Falls,2025-07-01,56,1859.23,56,1859.23,56,1425000,56,1859.23
13121,Oxley Park,2021-07-01,665,688.97,665,688.97,526,422000,672,688.09
13121,Oxley Park,2022-07-01,678,914.81,678,914.81,529,555000,685,914.81
13121,Oxley Park,2023-07-01,678,835.76,678,835.76,529,520000,685,835.17
13121,Oxley Park,2024-07-01,680,936.05,680,936.05,531,586000,687,936.05
13121,Oxley Park,2025-07-01,680,1068.30,680,1068.30,531,682000,687,1065.50
13122,Oxley Vale,2021-07-01,1443,136.96,1183,136.64,1430,91000,1464,136.60
13122,Oxley Vale,2022-07-01,1445,187.07,1185,186.30,1430,124000,1467,186.48
13122,Oxley Vale,2023-07-01,1445,187.20,1185,186.30,1430,124000,1466,186.49
13122,Oxley Vale,2024-07-01,1445,200.64,1445,200.64,1430,133000,1467,199.76
13122,Oxley Vale,2025-07-01,1445,241.51,1445,241.51,1430,160000,1467,240.31
13123,Oyster Bay,2021-07-01,802,1520.45,799,1520.45,782,950000,802,1520.45
13123,Oyster Bay,2022-07-01,816,1719.68,813,1719.68,795,1070000,816,1719.68
13123,Oyster Bay,2023-07-01,814,1635.26,811,1635.26,793,1010000,814,1635.26
13123,Oyster Bay,2024-07-01,827,1737.87,824,1738.14,805,1070000,827,1737.87
13123,Oyster Bay,2025-07-01,827,1734.99,814,1736.75,805,1070000,827,1734.99
13126,Paddington (NSW),2021-07-01,3317,11857.71,3114,11971.91,3239,1750000,3322,11835.38
13126,Paddington (NSW),2022-07-01,3349,14499.12,3144,14610.07,3271,2100000,3354,14499.12
13126,Paddington (NSW),2023-07-01,3338,14319.22,3132,14499.12,3260,2090000,3343,14307.23
13126,Paddington (NSW),2024-07-01,3348,15729.35,3142,15875.97,3270,2280000,3353,15729.35
13126,Paddington (NSW),2025-07-01,3350,16769.28,3145,16902.94,3272,2440000,3355,16764.57
13131,Padstow,2021-07-01,3811,1503.47,3766,1506.98,3724,820000,3826,1501.62
13131,Padstow,2022-07-01,3988,1911.04,3942,1911.95,3900,1020000,4004,1910.73
13131,Padstow,2023-07-01,3988,1801.19,3942,1804.54,3900,974000,4004,1799.62
13131,Padstow,2024-07-01,4038,1964.07,3992,1970.69,3950,1070000,4055,1962.22
13131,Padstow,2025-07-01,4038,2120.21,4001,2123.81,3950,1150000,4055,2115.29
13132,Padstow Heights,2021-07-01,1052,1390.44,1032,1390.44,1027,834000,1055,1387.60
13132,Padstow Heights,2022-07-01,1100,1749.66,1080,1757.02,1075,1040000,1103,1747.73
13132,Padstow Heights,2023-07-01,1098,1599.06,1078,1605.01,1073,921000,1101,1599.02
13132,Padstow Heights,2024-07-01,1112,1744.19,1092,1746.94,1087,994000,1115,1743.35
13132,Padstow Heights,2025-07-01,1112,1848.71,1092,1851.56,1087,1050000,1115,1845.07
13136,Pagewood,2021-07-01,1050,2847.06,1048,2850.45,1046,1460000,1054,2840.64
13136,Pagewood,2022-07-01,1057,3237.02,1055,3237.81,1052,1660000,1061,3217.11
13136,Pagewood,2023-07-01,1052,3245.76,1050,3250.60,1048,1660000,1056,3239.37
13136,Pagewood,2024-07-01,1055,3770.12,1053,3771.29,1050,1920000,1059,3755.77
13136,Pagewood,2025-07-01,1057,3760.85,1055,3761.96,1052,1950000,1061,3760.85
13142,Pallamallawa,2021-07-01,0,,0,,0,,159,7.77
13142,Pallamallawa,2022-07-01,0,,0,,0,,165,9.27
13142,Pallamallawa,2023-07-01,0,,0,,0,,165,12.03
13142,Pallamallawa,2024-07-01,0,,0,,0,,165,16.81
13142,Pallamallawa,2025-07-01,0,,0,,0,,165,34.60
13143,Palm Beach (NSW),2021-07-01,63,4456.87,62,4473.48,63,2750000,63,4456.87
13143,Palm Beach (NSW),2022-07-01,63,5415.34,62,5434.44,63,3340000,63,5415.34
13143,Palm Beach (NSW),2023-07-01,63,5399.91,62,5407.62,63,3300000,63,5399.91
13143,Palm Beach (NSW),2024-07-01,63,5777.18,62,5779.96,63,3530000,63,5777.18
13143,Palm Beach (NSW),2025-07-01,63,5777.18,62,5779.96,63,3530000,63,5777.18
13147,Palmers Island,2021-07-01,60,206.83,54,209.83,60,209000,60,206.83
13147,Palmers Island,2022-07-01,61,346.53,55,355.83,61,350000,61,346.53
13147,Palmers Island,2023-07-01,61,346.53,55,355.83,61,350000,61,346.53
13147,Palmers Island,2024-07-01,61,346.53,55,355.83,61,350000,61,346.53
13147,Palmers Island,2025-07-01,61,323.55,55,340.14,61,325000,61,323.55
13151,Pambula,2021-07-01,247,236.58,233,237.23,229,195000,277,230.02
13151,Pambula,2022-07-01,249,404.16,235,405.04,231,333000,279,393.49
13151,Pambula,2023-07-01,247,396.39,233,396.39,229,329000,277,379.76
13151,Pambula,2024-07-01,251,391.96,237,395.98,233,323000,281,380.58
13151,Pambula,2025-07-01,251,414.87,237,417.92,233,343000,281,402.34
13152,Pambula Beach,2021-07-01,400,551.93,400,551.93,379,410000,402,550.69
13152,Pambula Beach,2022-07-01,400,962.11,400,962.11,379,717000,402,962.11
13152,Pambula Beach,2023-07-01,400,919.28,400,919.28,379,685000,402,919.28
13152,Pambula Beach,2024-07-01,400,919.28,400,919.28,379,685000,402,919.28
13152,Pambula Beach,2025-07-01,400,940.69,400,940.69,379,701000,402,940.69
13153,Pampoolah,2021-07-01,0,,0,,0,,56,30.78
13153,Pampoolah,2022-07-01,0,,0,,0,,56,44.48
13153,Pampoolah,2023-07-01,0,,0,,0,,56,40.39
13153,Pampoolah,2024-07-01,0,,0,,0,,58,40.71
13153,Pampoolah,2025-07-01,0,,0,,0,,58,40.71
13155,Panania,2021-07-01,4035,1591.26,3999,1592.58,3986,869000,4044,1589.17
13155,Panania,2022-07-01,4241,1976.99,4205,1979.33,4191,1050000,4250,1976.99
13155,Panania,2023-07-01,4241,1830.14,4205,1833.21,4191,987000,4250,1829.77
13155,Panania,2024-07-01,4291,2014.32,4255,2017.69,4241,1070000,4300,2014.32
13155,Panania,2025-07-01,4291,2193.50,4256,2197.41,4241,1150000,4300,2192.67
13162,Parkes (NSW),2021-07-01,3865,109.25,3859,109.25,3827,88000,4595,102.22
13162,Parkes (NSW),2022-07-01,3943,129.63,3936,129.70,3896,108000,4755,122.26
13162,Parkes (NSW),2023-07-01,3936,143.21,3929,143.24,3891,115000,4743,134.16
13162,Parkes (NSW),2024-07-01,3936,144.88,3929,145.00,3891,119000,4743,135.76
13162,Parkes (NSW),2025-07-01,3943,145.00,3936,145.06,3896,119000,4755,135.76
13164,Parklea,2021-07-01,594,1162.60,594,1162.60,593,518000,596,1161.65
13164,Parklea,2022-07-01,594,1461.28,594,1461.28,593,651000,596,1459.75
13164,Parklea,2023-07-01,594,1531.16,594,1531.16,593,682000,596,1529.54
13164,Parklea,2024-07-01,594,1833.80,594,1833.80,593,817000,596,1831.45
13164,Parklea,2025-07-01,594,2012.66,594,2012.66,593,897000,596,2009.47
13165,Parkville (NSW),2021-07-01,0,,0,,0,,63,33.26
13165,Parkville (NSW),2022-07-01,0,,0,,0,,63,52.40
13165,Parkville (NSW),2023-07-01,0,,0,,0,,63,57.83
13165,Parkville (NSW),2024-07-01,0,,0,,0,,63,57.83
13165,Parkville (NSW),2025-07-01,0,,0,,0,,63,60.31
13167,Parramatta,2021-07-01,1540,1916.51,1428,1923.26,1202,940000,1563,1913.52
13167,Parramatta,2022-07-01,1591,2263.07,1466,2275.22,1251,1180000,1615,2256.51
13167,Parramatta,2023-07-01,1591,2129.20,1466,2136.22,1251,1150000,1615,2115.64
13167,Parramatta,2024-07-01,1591,2234.07,1467,2239.66,1251,1220000,1615,2227.54
13167,Parramatta,2025-07-01,1591,2312.53,1467,2315.50,1251,1260000,1615,2296.87
13170,Paterson (NSW),2021-07-01,0,,0,,0,,301,120.60
13170,Paterson (NSW),2022-07-01,0,,0,,0,,323,151.42
13170,Paterson (NSW),2023-07-01,0,,0,,0,,310,177.25
13170,Paterson (NSW),2024-07-01,0,,0,,0,,311,184.38
13170,Paterson (NSW),2025-07-01,0,,0,,0,,323,153.93
13171,Patonga,2021-07-01,236,2125.71,231,2124.89,236,1015000,236,2125.71
13171,Patonga,2022-07-01,238,2595.46,233,2585.34,238,1245000,238,2595.46
13171,Patonga,2023-07-01,236,2518.81,231,2515.72,236,1205000,236,2518.81
13171,Patonga,2024-07-01,237,2432.23,232,2429.05,237,1160000,237,2432.23
13171,Patonga,2025-07-01,238,2584.23,233,2583.11,238,1225000,238,2584.23
13173,Paxton,2021-07-01,0,,0,,0,,482,211.46
13173,Paxton,2022-07-01,0,,0,,0,,495,326.14
13173,Paxton,2023-07-01,0,,0,,0,,494,296.49
13173,Paxton,2024-07-01,0,,0,,0,,494,305.39
13173,Paxton,2025-07-01,0,,0,,0,,495,315.27
13177,Peak Hill (NSW),2021-07-01,0,,0,,0,,483,16.21
13177,Peak Hill (NSW),2022-07-01,0,,0,,0,,501,25.26
13177,Peak Hill (NSW),2023-07-01,0,,0,,0,,501,26.81
13177,Peak Hill (NSW),2024-07-01,0,,0,,0,,501,29.15
13177,Peak Hill (NSW),2025-07-01,0,,0,,0,,501,30.53
13179,Peakhurst,2021-07-01,3195,1477.35,3187,1477.35,3030,786000,3203,1476.66
13179,Peakhurst,2022-07-01,3283,1661.52,3274,1662.76,3113,877000,3292,1661.34
13179,Peakhurst,2023-07-01,3242,1536.81,3232,1537.40,3073,812000,3251,1536.51
13179,Peakhurst,2024-07-01,3269,1676.80,3259,1677.67,3100,891000,3278,1675.13
13179,Peakhurst,2025-07-01,3283,1750.34,3271,1750.43,3113,931000,3292,1747.47
13180,Peakhurst Heights,2021-07-01,600,1410.78,600,1410.78,600,828000,600,1410.78
13180,Peakhurst Heights,2022-07-01,606,1624.14,606,1624.14,606,953000,606,1624.14
13180,Peakhurst Heights,2023-07-01,604,1528.67,604,1528.67,604,882000,604,1528.67
13180,Peakhurst Heights,2024-07-01,606,1664.46,606,1664.46,606,963000,606,1664.46
13180,Peakhurst Heights,2025-07-01,606,1731.14,606,1731.14,606,1000000,606,1731.14
13182,Pearl Beach,2021-07-01,637,1845.14,630,1847.53,633,1240000,637,1845.14
13182,Pearl Beach,2022-07-01,637,2491.79,630,2493.34,633,1640000,637,2491.79
13182,Pearl Beach,2023-07-01,637,1939.43,630,1939.57,633,1280000,637,1939.43
13182,Pearl Beach,2024-07-01,637,2029.25,630,2029.25,633,1360000,637,2029.25
13182,Pearl Beach,2025-07-01,637,1865.11,630,1865.11,633,1230000,637,1865.11
13185,Peel,2021-07-01,0,,0,,0,,54,17.90
13185,Peel,2022-07-01,0,,0,,0,,54,37.26
13185,Peel,2023-07-01,0,,0,,0,,54,41.10
13185,Peel,2024-07-01,0,,0,,0,,54,41.10
13185,Peel,2025-07-01,0,,0,,0,,54,41.10
13188,Pelaw Main,2021-07-01,415,236.20,415,236.20,410,231000,420,235.59
13188,Pelaw Main,2022-07-01,419,341.57,417,341.57,414,342000,424,340.64
13188,Pelaw Main,2023-07-01,419,285.64,419,285.64,414,286000,424,284.86
13188,Pelaw Main,2024-07-01,419,295.62,419,295.62,414,296000,424,294.82
13188,Pelaw Main,2025-07-01,419,310.61,419,310.61,414,311000,424,309.76
13189,Pelican (NSW),2021-07-01,357,812.47,356,812.98,353,511000,358,810.79
13189,Pelican (NSW),2022-07-01,360,1001.07,359,1002.61,355,628000,361,999.53
13189,Pelican (NSW),2023-07-01,357,936.84,356,937.44,353,592000,358,935.78
13189,Pelican (NSW),2024-07-01,357,996.61,356,997.28,353,630000,358,995.60
13189,Pelican (NSW),2025-07-01,360,974.63,359,976.52,355,612000,361,972.73
13192,Pemulwuy,2021-07-01,1387,1654.02,1386,1655.80,1384,535000,1394,1653.41
13192,Pemulwuy,2022-07-01,1555,2160.00,1394,2148.15,1552,683000,1565,2160.00
13192,Pemulwuy,2023-07-01,1555,1958.24,1394,1942.42,1552,622000,1565,1954.46
13192,Pemulwuy,2024-07-01,1555,2160.00,1394,2148.48,1552,685000,1565,2160.00
13192,Pemulwuy,2025-07-01,1555,2372.88,1394,2355.57,1552,757000,1565,2368.00
13193,Pendle Hill,2021-07-01,1434,1221.14,1430,1222.46,1368,729000,1451,1220.27
13193,Pendle Hill,2022-07-01,1485,1613.11,1481,1613.11,1418,952000,1502,1611.51
13193,Pendle Hill,2023-07-01,1477,1501.60,1473,1501.60,1410,889000,1494,1498.04
13193,Pendle Hill,2024-07-01,1477,1576.20,1473,1579.70,1410,921000,1494,1568.10
13193,Pendle Hill,2025-07-01,1487,1663.65,1483,1663.75,1420,974000,1504,1659.90
13194,Pennant Hills,2021-07-01,2069,1282.90,1984,1288.37,2018,1085000,2092,1279.38
13194,Pennant Hills,2022-07-01,2091,1603.01,2004,1609.38,2040,1350000,2114,1595.67
13194,Pennant Hills,2023-07-01,2091,1510.19,2004,1516.94,2040,1270000,2114,1505.00
13194,Pennant Hills,2024-07-01,2092,1668.18,2005,1677.25,2041,1400000,2115,1663.34
13194,Pennant Hills,2025-07-01,2092,1669.94,2005,1677.67,2041,1400000,2115,1666.90
13195,Penrith,2021-07-01,3293,785.54,3234,785.24,2972,478000,3326,783.80
13195,Penrith,2022-07-01,3321,985.87,3261,985.87,2990,567000,3355,984.32
13195,Penrith,2023-07-01,3321,865.50,3277,868.36,2990,490000,3355,865.50
13195,Penrith,2024-07-01,3328,988.50,3277,988.50,2995,567000,3362,988.50
13195,Penrith,2025-07-01,3328,1111.91,3299,1110.52,2995,644000,3362,1110.05
13196,Penrose,2021-07-01,23,153.61,22,153.55,23,210000,27,146.78
13196,Penrose,2022-07-01,23,230.42,22,230.32,23,315000,28,219.34
13196,Penrose,2023-07-01,23,230.42,22,230.32,23,315000,27,220.17
13196,Penrose,2024-07-01,23,232.70,22,232.64,23,319000,28,221.89
13196,Penrose,2025-07-01,23,232.70,22,232.64,23,319000,28,221.89
13197,Penshurst (NSW),2021-07-01,2383,1874.84,2360,1877.83,2122,1020000,2387,1874.84
13197,Penshurst (NSW),2022-07-01,2413,2108.04,2390,2113.92,2152,1140000,2417,2105.09
13197,Penshurst (NSW),2023-07-01,2398,1931.08,2375,1934.87,2137,1040000,2402,1931.08
13197,Penshurst (NSW),2024-07-01,2408,2081.07,2385,2084.94,2147,1110000,2412,2081.07
13197,Penshurst (NSW),2025-07-01,2413,2174.81,2388,2180.22,2152,1160000,2417,2174.81
13201,Perthville,2021-07-01,143,145.58,141,151.43,143,187000,157,138.66
13201,Perthville,2022-07-01,147,225.18,145,230.00,147,284000,165,209.09
13201,Perthville,2023-07-01,145,225.18,143,230.00,145,283000,162,207.08
13201,Perthville,2024-07-01,147,242.76,145,242.99,147,299000,165,219.25
13201,Perthville,2025-07-01,147,238.74,145,238.84,147,294000,165,214.90
13202,Petersham,2021-07-01,1912,5006.44,1827,5045.18,1841,1310000,1917,5001.84
13202,Petersham,2022-07-01,1936,5148.95,1850,5172.64,1863,1350000,1942,5141.87
13202,Petersham,2023-07-01,1936,4744.66,1850,4750.13,1863,1240000,1942,4744.32
13202,Petersham,2024-07-01,1939,5052.06,1853,5076.14,1866,1330000,1945,5046.45
13202,Petersham,2025-07-01,1939,5199.84,1853,5219.16,1866,1370000,1945,5196.29
13204,Phegans Bay,2021-07-01,196,838.74,195,837.56,196,478000,199,832.48
13204,Phegans Bay,2022-07-01,196,1004.67,195,1004.67,196,557000,199,1004.67
13204,Phegans Bay,2023-07-01,196,1009.88,195,1009.73,196,559000,199,1004.67
13204,Phegans Bay,2024-07-01,196,1009.88,195,1009.73,196,559000,199,1004.67
13204,Phegans Bay,2025-07-01,196,1041.55,195,1041.01,196,576000,199,1035.23
13205,Phillip Bay,2021-07-01,207,2626.97,207,2626.97,199,1250000,210,2621.32
13205,Phillip Bay,2022-07-01,209,3355.42,209,3355.42,200,1660000,212,3343.13
13205,Phillip Bay,2023-07-01,208,3349.38,208,3349.38,200,1630000,211,3342.92
13205,Phillip Bay,2024-07-01,212,3846.15,212,3846.15,202,1920000,215,3843.84
13205,Phillip Bay,2025-07-01,212,3953.99,212,3953.99,202,1970000,215,3946.36
13207,Piallamore,2021-07-01,0,,0,,0,,76,6.54
13207,Piallamore,2022-07-01,0,,0,,0,,79,9.75
13207,Piallamore,2023-07-01,0,,0,,0,,77,9.85
13207,Piallamore,2024-07-01,0,,0,,0,,79,12.91
13207,Piallamore,2025-07-01,0,,0,,0,,79,12.91
13209,Piambong,2021-07-01,0,,0,,0,,32,2.26
13209,Piambong,2022-07-01,0,,0,,0,,38,3.76
13209,Piambong,2023-07-01,0,,0,,0,,33,3.69
13209,Piambong,2024-07-01,0,,0,,0,,38,4.03
13209,Piambong,2025-07-01,0,,0,,0,,38,4.00
13211,Picnic Point,2021-07-01,1930,1637.83,1894,1642.27,1896,935000,1935,1635.72
13211,Picnic Point,2022-07-01,2054,2040.17,2018,2042.83,2020,1130000,2059,2036.04
13211,Picnic Point,2023-07-01,2054,1881.26,2018,1884.25,2020,1040000,2059,1880.16
13211,Picnic Point,2024-07-01,2073,2030.91,2036,2032.32,2039,1120000,2078,2028.54
13211,Picnic Point,2025-07-01,2073,2221.04,2036,2230.85,2039,1210000,2078,2216.64
13212,Picton (NSW),2021-07-01,1239,461.82,1166,465.34,1221,447000,1469,439.20
13212,Picton (NSW),2022-07-01,1273,616.31,1196,621.62,1254,595000,1524,585.09
13212,Picton (NSW),2023-07-01,1245,590.47,1172,594.77,1226,572000,1475,561.20
13212,Picton (NSW),2024-07-01,1251,594.94,1175,600.38,1232,577000,1499,564.65
13212,Picton (NSW),2025-07-01,1273,616.14,1196,621.42,1254,595000,1524,585.38
13217,Pilliga,2021-07-01,0,,0,,0,,114,3.95
13217,Pilliga,2022-07-01,0,,0,,0,,116,10.28
13217,Pilliga,2023-07-01,0,,0,,0,,116,10.28
13217,Pilliga,2024-07-01,0,,0,,0,,116,11.86
13217,Pilliga,2025-07-01,0,,0,,0,,116,11.86
13223,Pindimar,2021-07-01,0,,0,,0,,187,265.96
13223,Pindimar,2022-07-01,0,,0,,0,,187,402.29
13223,Pindimar,2023-07-01,0,,0,,0,,187,387.85
13223,Pindimar,2024-07-01,0,,0,,0,,187,389.36
13223,Pindimar,2025-07-01,0,,0,,0,,187,377.38
13234,Pinny Beach,2021-07-01,6,,6,,6,,19,8.15
13234,Pinny Beach,2022-07-01,6,,6,,6,,23,10.81
13234,Pinny Beach,2023-07-01,6,,6,,6,,21,9.55
13234,Pinny Beach,2024-07-01,6,,6,,6,,22,11.39
13234,Pinny Beach,2025-07-01,6,,6,,6,,23,12.67
13238,Pitt Town,2021-07-01,611,818.00,602,818.00,609,600000,1029,626.50
13238,Pitt Town,2022-07-01,611,1090.00,602,1090.00,609,805000,1072,798.61
13238,Pitt Town,2023-07-01,611,1010.51,602,1011.73,609,750000,1072,790.67
13238,Pitt Town,2024-07-01,611,1050.52,602,1051.72,609,780000,1072,803.63
13238,Pitt Town,2025-07-01,611,1131.89,602,1133.03,609,840000,1072,887.88
13240,Pleasant Hills,2021-07-01,0,,0,,0,,61,1.39
13240,Pleasant Hills,2022-07-01,0,,0,,0,,69,1.67
13240,Pleasant Hills,2023-07-01,0,,0,,0,,69,3.26
13240,Pleasant Hills,2024-07-01,0,,0,,0,,69,3.42
13240,Pleasant Hills,2025-07-01,0,,0,,0,,69,3.42
13241,Pleasure Point,2021-07-01,170,1047.62,170,1047.62,170,722500,187,1044.82
13241,Pleasure Point,2022-07-01,171,1303.48,171,1303.48,171,937000,188,1300.40
13241,Pleasure Point,2023-07-01,171,1257.17,171,1257.17,171,937000,188,1251.25
13241,Pleasure Point,2024-07-01,171,1443.94,171,1443.94,171,984000,188,1396.03
13241,Pleasure Point,2025-07-01,171,1599.66,171,1599.66,171,1070000,188,1500.00
13242,Plumpton (NSW),2021-07-01,2361,765.45,2358,765.45,2342,421000,2379,765.45
13242,Plumpton (NSW),2022-07-01,2363,932.73,2360,932.73,2344,513000,2381,932.73
13242,Plumpton (NSW),2023-07-01,2363,936.36,2360,936.36,2344,515000,2381,936.36
13242,Plumpton (NSW),2024-07-01,2378,1145.45,2375,1145.45,2359,630000,2396,1145.45
13242,Plumpton (NSW),2025-07-01,2378,1181.82,2375,1181.82,2359,650000,2396,1181.82
13243,Point Clare,2021-07-01,1322,940.40,1288,938.00,1289,575000,1332,940.40
13243,Point Clare,2022-07-01,1323,1061.70,1287,1057.14,1289,651000,1333,1060.47
13243,Point Clare,2023-07-01,1323,931.81,1288,928.92,1289,574000,1333,931.75
13243,Point Clare,2024-07-01,1323,961.90,1288,959.34,1289,593000,1333,960.76
13243,Point Clare,2025-07-01,1323,1008.33,1287,1005.27,1289,622000,1333,1007.94
13244,Point Frederick,2021-07-01,401,1194.94,332,1152.30,357,928000,402,1194.94
13244,Point Frederick,2022-07-01,408,1405.16,337,1322.48,363,1070000,409,1403.10
13244,Point Frederick,2023-07-01,406,1344.96,337,1247.84,361,984000,407,1342.72
13244,Point Frederick,2024-07-01,408,1446.29,339,1334.32,363,1060000,409,1445.52
13244,Point Frederick,2025-07-01,408,1494.35,337,1374.12,363,1090000,409,1494.17
13245,Point Piper,2021-07-01,261,15156.51,198,15256.72,199,12100000,264,15090.01
13245,Point Piper,2022-07-01,272,18927.86,207,18945.63,207,14800000,275,18904.94
13245,Point Piper,2023-07-01,267,19497.40,207,19622.20,203,15600000,270,19459.98
13245,Point Piper,2024-07-01,271,23895.48,209,24094.93,206,19100000,274,23649.55
13245,Point Piper,2025-07-01,272,24757.87,210,24978.43,207,19800000,275,24612.09
13254,Pooncarie,2021-07-01,0,,0,,0,,69,5.78
13254,Pooncarie,2022-07-01,0,,0,,0,,69,5.78
13254,Pooncarie,2023-07-01,0,,0,,0,,69,5.78
13254,Pooncarie,2024-07-01,0,,0,,0,,69,5.78
13254,Pooncarie,2025-07-01,0,,0,,0,,69,7.66
13256,Port Hacking,2021-07-01,75,1735.26,75,1735.26,71,1250000,75,1735.26
13256,Port Hacking,2022-07-01,75,1936.04,75,1936.04,71,1390000,75,1936.04
13256,Port Hacking,2023-07-01,75,1835.65,75,1835.65,71,1320000,75,1835.65
13256,Port Hacking,2024-07-01,79,2054.61,79,2054.61,75,1470000,79,2054.61
13256,Port Hacking,2025-07-01,79,2057.61,79,2057.61,75,1480000,79,2057.61
13257,Port Kembla,2021-07-01,1777,756.23,1768,756.23,1742,445000,1788,752.30
13257,Port Kembla,2022-07-01,1790,1080.02,1781,1082.41,1752,638000,1801,1077.99
13257,Port Kembla,2023-07-01,1785,1094.76,1776,1096.24,1748,648000,1796,1094.35
13257,Port Kembla,2024-07-01,1796,1128.68,1787,1128.68,1758,667000,1807,1127.07
13257,Port Kembla,2025-07-01,1796,1112.37,1787,1112.46,1758,657000,1807,1110.71
13258,Port Macquarie,2021-07-01,14896,508.21,14749,507.28,13928,331000,15117,506.38
13258,Port Macquarie,2022-07-01,15127,687.58,14979,686.29,14124,445000,15357,684.97
13258,Port Macquarie,2023-07-01,15096,655.27,14948,653.77,14100,425000,15323,652.95
13258,Port Macquarie,2024-07-01,15195,656.93,15046,655.43,14171,429000,15430,654.15
13258,Port Macquarie,2025-07-01,15195,674.29,15046,673.02,14171,441000,15430,672.00
13262,Portland (NSW),2021-07-01,857,83.89,832,83.89,856,80000,1116,76.68
13262,Portland (NSW),2022-07-01,870,157.11,844,157.11,868,150000,1170,139.33
13262,Portland (NSW),2023-07-01,867,160.08,841,160.42,865,145000,1148,138.65
13262,Portland (NSW),2024-07-01,868,165.02,842,165.73,866,150000,1151,143.32
13262,Portland (NSW),2025-07-01,870,178.34,844,180.12,868,165000,1170,152.17
13264,Possum Creek,2021-07-01,0,,0,,0,,26,65.43
13264,Possum Creek,2022-07-01,0,,0,,0,,27,74.26
13264,Possum Creek,2023-07-01,0,,0,,0,,27,64.36
13264,Possum Creek,2024-07-01,0,,0,,0,,27,59.41
13264,Possum Creek,2025-07-01,0,,0,,0,,27,56.71
13265,Potato Point,2021-07-01,151,489.43,151,489.43,150,310000,151,489.43
13265,Potato Point,2022-07-01,153,891.37,153,891.37,152,558000,153,891.37
13265,Potato Point,2023-07-01,153,891.37,153,891.37,152,558000,153,891.37
13265,Potato Point,2024-07-01,153,953.67,153,953.67,152,597000,153,953.67
13265,Potato Point,2025-07-01,153,953.67,153,953.67,152,597000,153,953.67
13266,Pottery Estate,2021-07-01,31,197.46,31,197.46,31,90000,32,197.35
13266,Pottery Estate,2022-07-01,33,295.86,33,295.86,33,135000,34,295.43
13266,Pottery Estate,2023-07-01,33,360.78,33,360.78,33,165000,34,360.09
13266,Pottery Estate,2024-07-01,33,381.18,33,381.18,33,175000,34,380.94
13266,Pottery Estate,2025-07-01,33,392.07,33,392.07,33,180000,34,391.92
13267,Potts Hill,2021-07-01,229,1763.80,229,1763.80,229,697000,231,1719.70
13267,Potts Hill,2022-07-01,235,2133.84,235,2133.84,235,884000,237,2133.84
13267,Potts Hill,2023-07-01,235,2133.84,235,2133.84,235,884000,237,2133.84
13267,Potts Hill,2024-07-01,235,2464.65,235,2464.65,235,1020000,237,2464.65
13267,Potts Hill,2025-07-01,235,2464.65,235,2464.65,235,1020000,237,2464.65
13268,Potts Point,2021-07-01,179,14476.89,118,13492.42,110,3250000,179,14476.89
13268,Potts Point,2022-07-01,182,16751.97,121,14963.50,113,3700000,183,16655.00
13268,Potts Point,2023-07-01,182,19690.59,121,17457.63,113,4340000,183,19628.10
13268,Potts Point,2024-07-01,182,20443.96,121,18098.80,113,4500000,183,20371.90
13268,Potts Point,2025-07-01,182,22660.97,121,20440.00,113,4780000,183,22646.01
13269,Pottsville,2021-07-01,2240,676.76,2195,673.72,2007,496000,2254,676.12
13269,Pottsville,2022-07-01,2243,948.03,2198,944.32,2009,682000,2257,946.93
13269,Pottsville,2023-07-01,2240,914.89,2195,909.63,2007,657000,2254,913.74
13269,Pottsville,2024-07-01,2247,915.02,2202,909.78,2009,657000,2261,913.78
13269,Pottsville,2025-07-01,2247,946.63,2202,942.56,2009,685000,2261,945.55
13270,Prairiewood,2021-07-01,863,1070.00,860,1070.57,853,609000,873,1068.64
13270,Prairiewood,2022-07-01,867,1232.70,864,1233.02,857,705000,877,1231.29
13270,Prairiewood,2023-07-01,863,1172.84,860,1173.55,853,667000,873,1171.68
13270,Prairiewood,2024-07-01,867,1351.57,864,1352.28,857,775000,877,1344.94
13270,Prairiewood,2025-07-01,867,1524.00,864,1524.55,857,874000,877,1519.61
13271,Premer,2021-07-01,0,,0,,0,,44,2.23
13271,Premer,2022-07-01,0,,0,,0,,44,4.69
13271,Premer,2023-07-01,0,,0,,0,,44,7.75
13271,Premer,2024-07-01,0,,0,,0,,44,7.75
13271,Premer,2025-07-01,0,,0,,0,,44,7.75
13272,Prestons,2021-07-01,4180,1000.21,4079,997.06,4175,484000,4207,998.95
13272,Prestons,2022-07-01,4293,1123.79,4192,1117.38,4288,538000,4321,1121.42
13272,Prestons,2023-07-01,4292,1118.11,4191,1113.78,4287,538000,4319,1117.13
13272,Prestons,2024-07-01,4292,1215.52,4191,1211.11,4287,586000,4319,1214.19
13272,Prestons,2025-07-01,4293,1354.17,4192,1348.70,4288,654000,4321,1352.31
13273,Pretty Beach (Central Coast - NSW),2021-07-01,234,1452.82,224,1460.01,233,950000,237,1451.31
13273,Pretty Beach (Central Coast - NSW),2022-07-01,236,1684.08,226,1696.25,235,1100000,239,1682.37
13273,Pretty Beach (Central Coast - NSW),2023-07-01,234,1494.62,224,1505.92,233,982000,237,1491.39
13273,Pretty Beach (Central Coast - NSW),2024-07-01,236,1499.87,226,1512.71,235,982000,239,1491.39
13273,Pretty Beach (Central Coast - NSW),2025-07-01,236,1403.92,226,1418.29,235,916000,239,1396.22
13276,Primbee,2021-07-01,640,516.85,628,514.85,629,406000,643,516.02
13276,Primbee,2022-07-01,644,816.60,632,815.26,633,638000,647,816.56
13276,Primbee,2023-07-01,644,813.80,632,813.15,633,636000,647,813.69
13276,Primbee,2024-07-01,644,846.69,632,843.53,633,661000,647,846.63
13276,Primbee,2025-07-01,644,809.37,632,806.61,633,632000,647,809.37
13278,Prospect (NSW),2021-07-01,1540,960.70,1539,960.70,1532,549000,1544,960.61
13278,Prospect (NSW),2022-07-01,1544,1156.25,1543,1156.35,1536,660000,1548,1156.15
13278,Prospect (NSW),2023-07-01,1540,1156.15,1539,1156.15,1532,660000,1544,1156.11
13278,Prospect (NSW),2024-07-01,1547,1332.16,1546,1332.28,1539,760000,1551,1332.16
13278,Prospect (NSW),2025-07-01,1547,1383.00,1546,1383.24,1539,789000,1551,1383.00
13286,Punchbowl (Canterbury-Bankstown - NSW),2021-07-01,4241,1315.60,4080,1307.90,4031,731000,4254,1315.13
13286,Punchbowl (Canterbury-Bankstown - NSW),2022-07-01,4309,1600.77,4148,1596.01,4096,883000,4324,1600.73
13286,Punchbowl (Canterbury-Bankstown - NSW),2023-07-01,4309,1527.13,4148,1518.06,4096,826000,4324,1526.44
13286,Punchbowl (Canterbury-Bankstown - NSW),2024-07-01,4335,1687.69,4150,1679.04,4120,913000,4350,1685.14
13286,Punchbowl (Canterbury-Bankstown - NSW),2025-07-01,4335,1803.69,4136,1799.48,4120,972000,4350,1800.80
13288,Purfleet,2021-07-01,0,,0,,0,,56,71.17
13288,Purfleet,2022-07-01,0,,0,,0,,56,78.92
13288,Purfleet,2023-07-01,0,,0,,0,,56,79.08
13288,Purfleet,2024-07-01,0,,0,,0,,56,79.08
13288,Purfleet,2025-07-01,0,,0,,0,,56,83.03
13290,Putney,2021-07-01,1284,2885.14,1258,2897.13,1254,1920000,1285,2883.19
13290,Putney,2022-07-01,1353,4292.82,1327,4344.51,1323,2770000,1354,4292.82
13290,Putney,2023-07-01,1334,3934.82,1308,3961.29,1304,2565000,1335,3932.81
13290,Putney,2024-07-01,1334,4078.83,1308,4096.25,1304,2660000,1335,4078.76
13290,Putney,2025-07-01,1353,4574.98,1326,4600.88,1323,2940000,1354,4572.67
13291,Putta Bucca,2021-07-01,0,,0,,0,,72,72.95
13291,Putta Bucca,2022-07-01,0,,0,,0,,72,103.34
13291,Putta Bucca,2023-07-01,0,,0,,0,,72,91.76
13291,Putta Bucca,2024-07-01,0,,0,,0,,72,87.93
13291,Putta Bucca,2025-07-01,0,,0,,0,,72,90.37
13294,Pymble,2021-07-01,2876,1863.76,2737,1880.52,2827,1970000,2893,1862.93
13294,Pymble,2022-07-01,2892,2399.32,2750,2412.81,2841,2470000,2911,2397.74
13294,Pymble,2023-07-01,2889,2143.92,2747,2154.95,2838,2230000,2908,2143.63
13294,Pymble,2024-07-01,2889,2295.68,2747,2311.44,2838,2375000,2908,2294.53
13294,Pymble,2025-07-01,2892,2329.29,2749,2345.99,2841,2390000,2911,2325.09
13295,Pyramul,2021-07-01,0,,0,,0,,12,3.04
13295,Pyramul,2022-07-01,0,,0,,0,,13,4.66
13295,Pyramul,2023-07-01,0,,0,,0,,13,5.06
13295,Pyramul,2024-07-01,0,,0,,0,,13,5.25
13295,Pyramul,2025-07-01,0,,0,,0,,13,5.44
13297,Pyrmont,2021-07-01,110,8586.96,37,11928.10,84,1270000,117,8586.96
13297,Pyrmont,2022-07-01,114,11067.19,41,13357.90,88,1520000,121,10961.54
13297,Pyrmont,2023-07-01,114,9654.15,41,12574.85,88,1320000,121,9654.15
13297,Pyrmont,2024-07-01,114,9980.24,41,12574.85,88,1370000,121,9929.08
13297,Pyrmont,2025-07-01,114,9980.24,41,12574.85,88,1370000,121,9980.24
13298,Quaama,2021-07-01,0,,0,,0,,104,60.07
13298,Quaama,2022-07-01,0,,0,,0,,104,116.01
13298,Quaama,2023-07-01,0,,0,,0,,104,127.45
13298,Quaama,2024-07-01,0,,0,,0,,104,123.26
13298,Quaama,2025-07-01,0,,0,,0,,104,129.07
13299,Quakers Hill,2021-07-01,7579,896.70,7576,896.70,7315,510000,7626,896.36
13299,Quakers Hill,2022-07-01,7607,1095.47,7604,1095.49,7342,630000,7656,1094.67
13299,Quakers Hill,2023-07-01,7582,1145.67,7579,1145.83,7317,660000,7631,1142.22
13299,Quakers Hill,2024-07-01,7611,1373.21,7608,1373.30,7345,790000,7660,1369.11
13299,Quakers Hill,2025-07-01,7611,1504.11,7608,1504.13,7345,866000,7660,1500.29
13300,Quambone,2021-07-01,0,,0,,0,,94,0.89
13300,Quambone,2022-07-01,0,,0,,0,,94,0.89
13300,Quambone,2023-07-01,0,,0,,0,,94,2.00
13300,Quambone,2024-07-01,0,,0,,0,,94,2.00
13300,Quambone,2025-07-01,0,,0,,0,,94,2.00
13303,Quandialla,2021-07-01,0,,0,,0,,101,6.58
13303,Quandialla,2022-07-01,0,,0,,0,,104,9.38
13303,Quandialla,2023-07-01,0,,0,,0,,104,16.80
13303,Quandialla,2024-07-01,0,,0,,0,,104,16.80
13303,Quandialla,2025-07-01,0,,0,,0,,104,16.80
13304,Queanbeyan,2021-07-01,1394,653.10,1281,657.01,1266,457000,1415,651.09
13304,Queanbeyan,2022-07-01,1399,880.11,1286,886.08,1269,616000,1420,871.65
13304,Queanbeyan,2023-07-01,1396,845.78,1283,852.85,1266,554000,1417,842.45
13304,Queanbeyan,2024-07-01,1398,864.51,1285,869.26,1268,581000,1419,857.14
13304,Queanbeyan,2025-07-01,1400,840.41,1287,846.02,1270,550000,1421,835.44
13305,Queanbeyan East,2021-07-01,729,602.17,678,587.90,608,403000,742,597.24
13305,Queanbeyan East,2022-07-01,733,805.97,681,800.00,611,483000,748,804.41
13305,Queanbeyan East,2023-07-01,732,798.08,680,794.71,610,483000,745,797.95
13305,Queanbeyan East,2024-07-01,732,821.18,680,812.85,610,497000,747,818.92
13305,Queanbeyan East,2025-07-01,733,821.28,681,814.63,611,497000,748,819.21
13306,Queanbeyan West,2021-07-01,972,545.02,972,545.02,920,399000,979,544.37
13306,Queanbeyan West,2022-07-01,977,698.82,977,698.82,925,508000,984,698.49
13306,Queanbeyan West,2023-07-01,975,687.17,975,687.17,923,498000,982,686.72
13306,Queanbeyan West,2024-07-01,976,704.84,976,704.84,924,498000,983,704.12
13306,Queanbeyan West,2025-07-01,977,705.63,977,705.63,925,499000,984,705.52
13307,Queens Park (NSW),2021-07-01,913,6851.12,856,6851.94,881,1800000,913,6851.12
13307,Queens Park (NSW),2022-07-01,922,8337.33,865,8344.86,890,2190000,922,8337.33
13307,Queens Park (NSW),2023-07-01,917,8375.99,860,8408.23,885,2200000,917,8375.99
13307,Queens Park (NSW),2024-07-01,921,9677.42,864,9729.21,889,2530000,921,9677.42
13307,Queens Park (NSW),2025-07-01,922,9886.36,865,9975.67,890,2530000,922,9886.36
13309,Queenscliff (NSW),2021-07-01,416,5456.88,339,5279.07,276,2390000,418,5444.11
13309,Queenscliff (NSW),2022-07-01,418,6628.03,341,6325.06,276,2880000,420,6595.73
13309,Queenscliff (NSW),2023-07-01,416,6460.28,339,6169.27,276,2965000,418,6454.37
13309,Queenscliff (NSW),2024-07-01,417,7056.88,340,6808.63,276,3335000,419,7052.44
13309,Queenscliff (NSW),2025-07-01,420,7129.25,343,6925.37,278,3350000,422,7110.92
13314,Quirindi,2021-07-01,1108,45.94,1069,45.70,1104,47600,1357,40.76
13314,Quirindi,2022-07-01,1113,92.34,1073,91.44,1109,95800,1370,80.84
13314,Quirindi,2023-07-01,1113,94.95,1073,94.74,1109,97700,1369,81.79
13314,Quirindi,2024-07-01,1113,97.55,1082,97.58,1109,100000,1370,83.20
13314,Quirindi,2025-07-01,1113,98.83,1082,98.94,1109,105000,1370,87.70
13316,Raby,2021-07-01,1876,742.71,1876,742.71,1854,450000,1880,742.51
13316,Raby,2022-07-01,1877,923.94,1877,923.94,1854,560000,1881,923.93
13316,Raby,2023-07-01,1877,882.84,1877,882.84,1854,535000,1881,882.73
13316,Raby,2024-07-01,1877,997.93,1877,997.93,1854,605000,1881,997.53
13316,Raby,2025-07-01,1877,1088.21,1877,1088.21,1854,660000,1881,1088.12
13317,Raglan (NSW),2021-07-01,414,189.91,414,189.91,414,192000,420,189.89
13317,Raglan (NSW),2022-07-01,431,264.09,430,264.09,431,267000,438,263.83
13317,Raglan (NSW),2023-07-01,426,273.99,425,273.99,426,277000,433,273.72
13317,Raglan (NSW),2024-07-01,435,293.09,434,293.29,435,296000,444,292.63
13317,Raglan (NSW),2025-07-01,435,293.09,434,293.29,435,296000,444,292.63
13318,Rainbow Flat,2021-07-01,0,,0,,0,,186,28.87
13318,Rainbow Flat,2022-07-01,0,,0,,0,,194,42.42
13318,Rainbow Flat,2023-07-01,0,,0,,0,,186,40.02
13318,Rainbow Flat,2024-07-01,0,,0,,0,,198,41.05
13318,Rainbow Flat,2025-07-01,0,,0,,0,,198,43.56
13320,Raleigh,2021-07-01,40,283.44,36,269.10,40,385000,124,51.41
13320,Raleigh,2022-07-01,41,345.85,37,344.86,41,582000,127,75.97
13320,Raleigh,2023-07-01,41,328.06,37,327.08,41,552000,127,69.55
13320,Raleigh,2024-07-01,43,328.06,39,327.08,43,541000,129,72.67
13320,Raleigh,2025-07-01,43,337.94,39,336.96,43,558000,129,75.02
13322,Ramsgate,2021-07-01,258,2107.51,252,2107.51,252,1040000,258,2107.51
13322,Ramsgate,2022-07-01,265,2409.36,259,2409.36,256,1240000,265,2409.36
13322,Ramsgate,2023-07-01,263,2405.14,257,2405.14,254,1240000,263,2405.14
13322,Ramsgate,2024-07-01,263,2826.46,257,2826.46,254,1330000,263,2826.46
13322,Ramsgate,2025-07-01,265,2869.94,259,2869.94,256,1350000,265,2869.94
13323,Ramsgate Beach,2021-07-01,219,2199.74,210,2232.88,142,1200000,220,2197.29
13323,Ramsgate Beach,2022-07-01,223,2679.92,214,2737.55,146,1410000,224,2679.34
13323,Ramsgate Beach,2023-07-01,221,2789.32,212,2863.36,144,1560000,222,2788.87
13323,Ramsgate Beach,2024-07-01,221,3083.00,212,3108.51,144,1670000,222,3076.39
13323,Ramsgate Beach,2025-07-01,223,3095.57,216,3109.67,146,1670000,224,3089.29
13324,Rand,2021-07-01,0,,0,,0,,93,7.08
13324,Rand,2022-07-01,0,,0,,0,,96,11.04
13324,Rand,2023-07-01,0,,0,,0,,96,17.11
13324,Rand,2024-07-01,0,,0,,0,,96,17.45
13324,Rand,2025-07-01,0,,0,,0,,96,17.75
13325,Randwick,2021-07-01,4223,5799.12,3834,5841.49,3514,1945000,4240,5795.99
13325,Randwick,2022-07-01,4254,6488.24,3864,6542.25,3534,2210000,4275,6479.83
13325,Randwick,2023-07-01,4248,5970.06,3835,6011.90,3528,2020000,4266,5966.26
13325,Randwick,2024-07-01,4294,6713.79,3878,6793.91,3573,2270000,4316,6700.29
13325,Randwick,2025-07-01,4294,6902.89,3878,6965.81,3573,2320000,4316,6897.68
13328,Rankin Park,2021-07-01,980,623.87,961,623.24,973,421000,981,623.24
13328,Rankin Park,2022-07-01,985,690.66,966,690.66,978,451000,987,690.66
13328,Rankin Park,2023-07-01,980,674.57,961,674.12,973,445000,982,674.14
13328,Rankin Park,2024-07-01,984,709.07,965,707.23,977,481000,986,708.68
13328,Rankin Park,2025-07-01,986,772.33,967,772.65,979,513000,988,772.00
13329,Rankins Springs,2021-07-01,0,,0,,0,,55,1.46
13329,Rankins Springs,2022-07-01,0,,0,,0,,57,5.34
13329,Rankins Springs,2023-07-01,0,,0,,0,,57,6.91
13329,Rankins Springs,2024-07-01,0,,0,,0,,57,6.91
13329,Rankins Springs,2025-07-01,0,,0,,0,,57,6.91
13331,Rappville,2021-07-01,0,,0,,0,,47,25.92
13331,Rappville,2022-07-01,0,,0,,0,,47,28.38
13331,Rappville,2023-07-01,0,,0,,0,,47,36.04
13331,Rappville,2024-07-01,0,,0,,0,,49,31.93
13331,Rappville,2025-07-01,0,,0,,0,,49,35.52
13332,Rathmines,2021-07-01,852,452.41,835,449.26,829,328000,854,451.66
13332,Rathmines,2022-07-01,855,615.17,838,608.94,832,440000,857,612.99
13332,Rathmines,2023-07-01,854,625.71,837,621.92,831,451000,856,625.16
13332,Rathmines,2024-07-01,855,605.51,838,600.69,832,437000,857,604.22
13332,Rathmines,2025-07-01,855,629.98,838,626.32,832,457000,857,628.96
13334,Ravenswood (NSW),2021-07-01,209,15.30,209,15.30,209,10100,210,15.25
13334,Ravenswood (NSW),2022-07-01,212,15.77,212,15.77,212,10100,213,15.76
13334,Ravenswood (NSW),2023-07-01,212,16.55,212,16.55,212,10600,213,16.54
13334,Ravenswood (NSW),2024-07-01,212,19.10,212,19.10,212,13200,213,19.03
13334,Ravenswood (NSW),2025-07-01,212,19.10,212,19.10,212,13200,213,19.03
13336,Rawdon Island,2021-07-01,0,,0,,0,,15,75.99
13336,Rawdon Island,2022-07-01,0,,0,,0,,15,112.14
13336,Rawdon Island,2023-07-01,0,,0,,0,,15,112.14
13336,Rawdon Island,2024-07-01,0,,0,,0,,15,112.14
13336,Rawdon Island,2025-07-01,0,,0,,0,,15,113.80
13338,Raworth,2021-07-01,678,443.09,676,443.07,649,343000,701,441.71
13338,Raworth,2022-07-01,690,621.54,688,621.48,659,481000,713,619.63
13338,Raworth,2023-07-01,687,534.00,687,534.00,656,413000,710,532.50
13338,Raworth,2024-07-01,688,515.50,688,515.50,657,399000,711,514.48
13338,Raworth,2025-07-01,690,540.57,690,540.57,659,418000,713,539.89
13340,Raymond Terrace,2021-07-01,4964,300.16,4907,299.97,4826,199000,5044,299.27
13340,Raymond Terrace,2022-07-01,5050,427.23,4993,427.23,4900,276000,5139,425.41
13340,Raymond Terrace,2023-07-01,5015,421.90,4958,421.89,4870,273000,5104,421.05
13340,Raymond Terrace,2024-07-01,5034,434.53,4977,434.53,4886,283000,5123,432.91
13340,Raymond Terrace,2025-07-01,5050,459.34,4993,459.33,4900,299000,5139,457.62
13342,Red Head,2021-07-01,404,475.91,404,475.91,400,318000,427,469.52
13342,Red Head,2022-07-01,407,758.57,407,758.57,403,509000,430,749.66
13342,Red Head,2023-07-01,407,694.55,407,694.55,403,465000,430,682.92
13342,Red Head,2024-07-01,408,653.93,408,653.93,404,438000,435,636.98
13342,Red Head,2025-07-01,408,681.98,408,681.98,404,459000,435,670.00
13346,Red Range,2021-07-01,0,,0,,0,,43,10.40
13346,Red Range,2022-07-01,0,,0,,0,,49,13.10
13346,Red Range,2023-07-01,0,,0,,0,,48,12.73
13346,Red Range,2024-07-01,0,,0,,0,,49,16.80
13346,Red Range,2025-07-01,0,,0,,0,,49,23.89
13347,Red Rock,2021-07-01,230,717.07,224,717.07,230,340000,231,717.07
13347,Red Rock,2022-07-01,230,1094.02,224,1094.02,230,519000,231,1094.02
13347,Red Rock,2023-07-01,230,1158.13,224,1150.35,230,545000,231,1150.35
13347,Red Rock,2024-07-01,230,1158.13,224,1150.35,230,545000,231,1150.35
13347,Red Rock,2025-07-01,230,1156.89,224,1150.35,230,545000,231,1150.35
13349,Redbank (NSW),2021-07-01,0,,0,,0,,58,13.12
13349,Redbank (NSW),2022-07-01,0,,0,,0,,58,21.97
13349,Redbank (NSW),2023-07-01,0,,0,,0,,58,23.38
13349,Redbank (NSW),2024-07-01,0,,0,,0,,58,23.38
13349,Redbank (NSW),2025-07-01,0,,0,,0,,58,25.19
13350,Redbournberry,2021-07-01,77,252.79,77,252.79,74,257500,77,252.79
13350,Redbournberry,2022-07-01,79,442.07,79,442.07,76,445500,79,442.07
13350,Redbournberry,2023-07-01,79,442.07,79,442.07,76,445500,79,442.07
13350,Redbournberry,2024-07-01,79,444.47,79,444.47,76,448500,79,444.47
13350,Redbournberry,2025-07-01,79,450.46,79,450.46,76,455500,79,450.46
13352,Redfern,2021-07-01,1330,7628.46,1210,7774.38,1294,1060000,1342,7620.42
13352,Redfern,2022-07-01,1338,9150.27,1216,9378.80,1301,1280000,1350,9138.84
13352,Redfern,2023-07-01,1338,8528.20,1216,8697.67,1301,1180000,1350,8515.82
13352,Redfern,2024-07-01,1338,9075.28,1216,9224.69,1301,1240000,1350,9050.97
13352,Redfern,2025-07-01,1338,9488.37,1216,9637.04,1301,1300000,1350,9488.37
13353,Redhead,2021-07-01,1069,1606.49,1066,1608.73,1055,915000,1075,1595.74
13353,Redhead,2022-07-01,1091,1644.22,1088,1644.22,1077,932000,1097,1644.22
13353,Redhead,2023-07-01,1082,1735.55,1079,1739.51,1068,953000,1088,1730.95
13353,Redhead,2024-07-01,1086,1916.05,1083,1916.06,1072,1050000,1092,1912.70
13353,Redhead,2025-07-01,1091,1926.92,1088,1931.67,1077,1060000,1097,1917.90
13358,Regents Park (NSW),2021-07-01,1145,1302.50,1132,1299.97,1116,720000,1150,1301.95
13358,Regents Park (NSW),2022-07-01,1179,1714.56,1166,1711.16,1146,890000,1184,1711.85
13358,Regents Park (NSW),2023-07-01,1175,1566.99,1162,1564.43,1142,813500,1180,1566.14
13358,Regents Park (NSW),2024-07-01,1175,1720.26,1162,1720.26,1142,930000,1180,1720.26
13358,Regents Park (NSW),2025-07-01,1179,1890.71,1166,1890.71,1146,1010000,1184,1890.71
13359,Regentville,2021-07-01,237,763.52,236,763.52,236,530000,239,763.52
13359,Regentville,2022-07-01,239,1043.30,238,1043.38,238,688000,241,1028.47
13359,Regentville,2023-07-01,239,1035.91,238,1035.99,238,683000,241,1020.47
13359,Regentville,2024-07-01,239,1074.86,238,1082.72,238,719000,241,1064.17
13359,Regentville,2025-07-01,239,1190.02,238,1198.67,238,796000,241,1178.98
13360,Reids Flat,2021-07-01,0,,0,,0,,51,8.45
13360,Reids Flat,2022-07-01,0,,0,,0,,52,14.34
13360,Reids Flat,2023-07-01,0,,0,,0,,52,35.84
13360,Reids Flat,2024-07-01,0,,0,,0,,52,16.11
13360,Reids Flat,2025-07-01,0,,0,,0,,52,16.11
13364,Renwick,2021-07-01,624,592.11,624,592.11,624,395000,652,583.75
13364,Renwick,2022-07-01,624,873.36,624,873.36,624,580000,652,861.25
13364,Renwick,2023-07-01,624,901.32,624,901.32,624,599000,652,888.82
13364,Renwick,2024-07-01,624,880.00,624,880.00,624,582000,652,866.52
13364,Renwick,2025-07-01,624,1048.75,624,1048.75,624,690500,652,1032.75
13366,Repton,2021-07-01,48,310.63,48,310.63,48,265000,232,61.60
13366,Repton,2022-07-01,48,374.75,48,374.75,48,350000,232,91.28
13366,Repton,2023-07-01,48,355.32,48,355.32,48,332000,232,83.51
13366,Repton,2024-07-01,48,361.32,48,361.32,48,332000,232,83.51
13366,Repton,2025-07-01,48,372.93,48,372.93,48,342000,232,85.88
13369,Revesby,2021-07-01,4159,1478.25,4085,1479.59,4027,819000,4174,1477.65
13369,Revesby,2022-07-01,4390,1829.02,4316,1840.63,4256,999000,4406,1826.86
13369,Revesby,2023-07-01,4388,1701.98,4314,1706.87,4254,939000,4404,1701.58
13369,Revesby,2024-07-01,4440,1882.57,4371,1889.00,4304,1030000,4456,1880.81
13369,Revesby,2025-07-01,4440,2069.02,4369,2078.81,4304,1110000,4456,2065.00
13370,Revesby Heights,2021-07-01,591,1484.18,589,1484.18,587,813000,591,1484.18
13370,Revesby Heights,2022-07-01,631,1873.82,629,1875.20,627,994000,631,1873.82
13370,Revesby Heights,2023-07-01,631,1792.62,629,1794.25,627,923000,631,1792.62
13370,Revesby Heights,2024-07-01,643,2015.99,641,2015.99,639,1010000,643,2015.99
13370,Revesby Heights,2025-07-01,643,2155.02,641,2155.02,639,1040000,643,2155.02
13372,Rhodes,2021-07-01,250,4272.44,204,4197.93,230,2485338,282,4212.77
13372,Rhodes,2022-07-01,255,5031.82,207,5107.61,235,2880000,287,5024.72
13372,Rhodes,2023-07-01,255,4827.72,207,4979.68,235,2730000,287,4819.67
13372,Rhodes,2024-07-01,255,4658.75,207,4778.97,235,2730000,287,4651.29
13372,Rhodes,2025-07-01,255,4658.75,207,4890.60,235,2810000,287,4651.29
13375,Richmond (NSW),2021-07-01,1462,714.11,1259,703.86,1340,424000,1476,712.04
13375,Richmond (NSW),2022-07-01,1484,967.57,1278,956.70,1357,582000,1498,965.26
13375,Richmond (NSW),2023-07-01,1484,879.66,1278,868.11,1357,523000,1498,878.24
13375,Richmond (NSW),2024-07-01,1499,889.40,1290,879.81,1371,532000,1513,888.15
13375,Richmond (NSW),2025-07-01,1499,906.14,1290,895.73,1371,540000,1513,903.84
13376,Richmond Hill (NSW),2021-07-01,0,,0,,0,,299,86.98
13376,Richmond Hill (NSW),2022-07-01,0,,0,,0,,302,130.32
13376,Richmond Hill (NSW),2023-07-01,0,,0,,0,,299,117.87
13376,Richmond Hill (NSW),2024-07-01,0,,0,,0,,299,124.04
13376,Richmond Hill (NSW),2025-07-01,0,,0,,0,,302,126.75
13379,Rileys Hill,2021-07-01,0,,0,,0,,47,203.04
13379,Rileys Hill,2022-07-01,0,,0,,0,,47,331.16
13379,Rileys Hill,2023-07-01,0,,0,,0,,47,314.88
13379,Rileys Hill,2024-07-01,0,,0,,0,,47,302.93
13379,Rileys Hill,2025-07-01,0,,0,,0,,47,319.22
13381,Riverlea,2021-07-01,0,,0,,0,,36,2.18
13381,Riverlea,2022-07-01,0,,0,,0,,36,2.72
13381,Riverlea,2023-07-01,0,,0,,0,,36,2.85
13381,Riverlea,2024-07-01,0,,0,,0,,36,2.85
13381,Riverlea,2025-07-01,0,,0,,0,,36,2.72
13383,Riverstone,2021-07-01,3638,888.32,3563,880.45,3602,454000,3687,880.45
13383,Riverstone,2022-07-01,3752,1345.29,3678,1332.28,3707,666000,3806,1329.43
13383,Riverstone,2023-07-01,3705,1302.71,3631,1291.16,3666,654000,3756,1289.66
13383,Riverstone,2024-07-01,3911,1424.77,3798,1412.00,3863,697000,3968,1414.45
13383,Riverstone,2025-07-01,3911,1500.81,3798,1485.17,3863,726000,3968,1489.08
13385,Riverview (NSW),2021-07-01,971,3137.50,968,3137.50,969,2010000,971,3137.50
13385,Riverview (NSW),2022-07-01,971,3561.61,968,3562.11,969,2270000,971,3561.61
13385,Riverview (NSW),2023-07-01,971,3301.09,968,3302.38,969,2100000,971,3301.09
13385,Riverview (NSW),2024-07-01,971,3575.36,968,3576.16,969,2270000,971,3575.36
13385,Riverview (NSW),2025-07-01,971,3992.02,968,3994.28,969,2540000,971,3992.02
13386,Riverwood,2021-07-01,2242,1493.61,2236,1493.61,2150,765000,2268,1490.96
13386,Riverwood,2022-07-01,2266,1716.02,2259,1716.02,2174,900000,2292,1713.93
13386,Riverwood,2023-07-01,2253,1634.83,2247,1634.83,2161,855000,2279,1631.89
13386,Riverwood,2024-07-01,2264,1805.35,2257,1807.22,2171,939000,2290,1803.16
13386,Riverwood,2025-07-01,2267,1877.18,2259,1878.09,2174,965000,2293,1873.46
13389,Robertson (NSW),2021-07-01,430,399.62,430,399.62,430,453000,602,297.45
13389,Robertson (NSW),2022-07-01,433,560.42,433,560.42,433,631000,606,418.14
13389,Robertson (NSW),2023-07-01,431,507.14,431,507.14,431,571000,603,388.82
13389,Robertson (NSW),2024-07-01,433,406.28,433,406.28,433,461000,606,327.18
13389,Robertson (NSW),2025-07-01,433,445.29,433,445.29,433,505000,606,348.67
13390,Robin Hill,2021-07-01,53,177.47,53,177.47,53,243000,347,40.15
13390,Robin Hill,2022-07-01,53,323.55,53,323.55,53,443000,347,61.63
13390,Robin Hill,2023-07-01,53,372.81,53,372.81,53,452000,347,63.60
13390,Robin Hill,2024-07-01,53,372.81,53,372.81,53,452000,347,65.57
13390,Robin Hill,2025-07-01,53,362.28,53,362.28,53,439000,347,63.60
13394,Rockdale,2021-07-01,1713,2141.11,1687,2141.11,1596,988000,1717,2141.11
13394,Rockdale,2022-07-01,1783,2365.42,1757,2365.42,1661,1080000,1788,2365.42
13394,Rockdale,2023-07-01,1720,2302.86,1694,2305.27,1600,1030000,1724,2302.86
13394,Rockdale,2024-07-01,1754,2491.56,1728,2493.29,1632,1120000,1758,2491.56
13394,Rockdale,2025-07-01,1785,2607.99,1762,2611.50,1663,1170000,1790,2607.99
13395,Rockley,2021-07-01,0,,0,,0,,115,33.66
13395,Rockley,2022-07-01,0,,0,,0,,119,59.52
13395,Rockley,2023-07-01,0,,0,,0,,119,63.53
13395,Rockley,2024-07-01,0,,0,,0,,119,67.55
13395,Rockley,2025-07-01,0,,0,,0,,119,72.66
13403,Rocky Point (NSW),2021-07-01,99,559.27,99,559.27,99,378000,99,559.27
13403,Rocky Point (NSW),2022-07-01,99,623.92,99,623.92,99,434000,99,623.92
13403,Rocky Point (NSW),2023-07-01,99,588.69,99,588.69,99,418000,99,588.69
13403,Rocky Point (NSW),2024-07-01,99,600.92,99,600.92,99,418000,99,600.92
13403,Rocky Point (NSW),2025-07-01,99,623.55,99,623.55,99,438000,99,623.55
13406,Rodd Point,2021-07-01,415,4871.48,414,4871.48,412,1850000,415,4871.48
13406,Rodd Point,2022-07-01,462,6271.03,461,6271.03,458,2390000,462,6271.03
13406,Rodd Point,2023-07-01,462,5643.71,461,5652.00,458,2160000,462,5643.71
13406,Rodd Point,2024-07-01,462,6269.50,461,6271.03,458,2400000,462,6269.50
13406,Rodd Point,2025-07-01,462,6724.39,461,6728.00,458,2580000,462,6724.39
13410,Rooty Hill,2021-07-01,3694,875.67,3691,875.67,3638,493000,3742,873.51
13410,Rooty Hill,2022-07-01,3700,1035.31,3696,1035.34,3643,583000,3749,1032.24
13410,Rooty Hill,2023-07-01,3698,1017.58,3695,1017.58,3642,573000,3746,1014.81
13410,Rooty Hill,2024-07-01,3706,1148.12,3702,1148.27,3649,648000,3755,1146.02
13410,Rooty Hill,2025-07-01,3706,1187.00,3702,1187.18,3649,670000,3755,1184.98
13412,Rose Bay (NSW),2021-07-01,1623,5519.38,1517,5534.69,1254,2610000,1624,5519.37
13412,Rose Bay (NSW),2022-07-01,1661,6989.07,1546,7034.49,1272,3375000,1662,6988.47
13412,Rose Bay (NSW),2023-07-01,1640,7370.39,1530,7381.53,1258,3450000,1641,7368.85
13412,Rose Bay (NSW),2024-07-01,1652,9182.44,1540,9168.12,1265,4240000,1653,9179.39
13412,Rose Bay (NSW),2025-07-01,1661,9519.10,1551,9502.59,1272,4270000,1662,9516.23
13419,Rosebery (NSW),2021-07-01,1451,3310.46,1419,3310.46,1444,1400000,1456,3307.16
13419,Rosebery (NSW),2022-07-01,1471,3995.56,1440,4005.79,1463,1680000,1476,3987.07
13419,Rosebery (NSW),2023-07-01,1467,3745.91,1435,3763.29,1459,1580000,1472,3708.87
13419,Rosebery (NSW),2024-07-01,1470,4162.79,1439,4166.67,1462,1790000,1475,4159.45
13419,Rosebery (NSW),2025-07-01,1471,4376.61,1440,4383.29,1463,1850000,1476,4372.60
13421,Rosedale (NSW),2021-07-01,125,406.46,125,406.46,125,330000,129,395.39
13421,Rosedale (NSW),2022-07-01,127,629.63,127,629.63,125,528000,132,629.10
13421,Rosedale (NSW),2023-07-01,125,546.11,125,546.11,125,420000,130,544.66
13421,Rosedale (NSW),2024-07-01,125,497.35,125,497.35,125,390000,130,486.11
13421,Rosedale (NSW),2025-07-01,127,555.13,127,555.13,125,435000,132,550.60
13422,Rosehill (NSW),2021-07-01,364,1472.97,341,1506.31,318,729000,366,1471.99
13422,Rosehill (NSW),2022-07-01,383,1919.71,363,1933.19,336,941000,385,1907.46
13422,Rosehill (NSW),2023-07-01,383,1714.94,362,1714.94,336,852500,385,1714.94
13422,Rosehill (NSW),2024-07-01,383,1841.19,360,1841.19,336,910000,385,1841.19
13422,Rosehill (NSW),2025-07-01,383,1965.36,360,1969.63,336,977000,385,1965.36
13423,Roselands,2021-07-01,2995,1604.94,2977,1604.22,2914,792000,3001,1604.43
13423,Roselands,2022-07-01,3048,1914.43,3030,1913.16,2967,974000,3054,1914.29
13423,Roselands,2023-07-01,3048,1825.21,3030,1824.11,2967,930000,3054,1825.16
13423,Roselands,2024-07-01,3050,2078.69,3034,2078.69,2969,1070000,3056,2078.69
13423,Roselands,2025-07-01,3050,2234.24,3034,2234.61,2969,1130000,3056,2233.64
13424,Rosemeadow,2021-07-01,2269,708.94,2269,708.94,2164,423000,2275,708.72
13424,Rosemeadow,2022-07-01,2442,909.77,2442,909.77,2337,540000,2449,908.83
13424,Rosemeadow,2023-07-01,2439,843.71,2439,843.71,2334,500000,2446,842.86
13424,Rosemeadow,2024-07-01,2439,927.05,2439,927.05,2334,550000,2446,926.09
13424,Rosemeadow,2025-07-01,2442,1010.16,2442,1010.16,2337,600000,2449,1009.57
13426,Roseville,2021-07-01,2489,2538.93,2408,2552.40,2439,2060000,2493,2538.93
13426,Roseville,2022-07-01,2495,3191.34,2413,3213.17,2443,2660000,2500,3191.54
13426,Roseville,2023-07-01,2495,2938.85,2413,2960.97,2443,2440000,2500,2939.72
13426,Roseville,2024-07-01,2498,3205.27,2416,3230.01,2446,2720000,2503,3206.41
13426,Roseville,2025-07-01,2499,3257.89,2416,3281.32,2447,2830000,2504,3258.07
13427,Roseville Chase,2021-07-01,394,2373.23,393,2373.23,394,1840000,395,2373.23
13427,Roseville Chase,2022-07-01,395,3162.96,394,3166.68,395,2500000,396,3158.56
13427,Roseville Chase,2023-07-01,394,2707.32,393,2707.32,394,2150000,395,2707.32
13427,Roseville Chase,2024-07-01,394,3124.80,393,3125.82,394,2500000,395,3123.77
13427,Roseville Chase,2025-07-01,395,3056.48,394,3056.48,395,2390000,396,3056.28
13428,Rosewood (Port Macquarie-Hastings - NSW),2021-07-01,0,,0,,0,,31,24.90
13428,Rosewood (Port Macquarie-Hastings - NSW),2022-07-01,0,,0,,0,,31,35.40
13428,Rosewood (Port Macquarie-Hastings - NSW),2023-07-01,0,,0,,0,,31,36.44
13428,Rosewood (Port Macquarie-Hastings - NSW),2024-07-01,0,,0,,0,,31,36.44
13428,Rosewood (Port Macquarie-Hastings - NSW),2025-07-01,0,,0,,0,,31,39.29
13429,Rosewood (Snowy Valleys - NSW),2021-07-01,0,,0,,0,,62,7.10
13429,Rosewood (Snowy Valleys - NSW),2022-07-01,0,,0,,0,,63,9.09
13429,Rosewood (Snowy Valleys - NSW),2023-07-01,0,,0,,0,,63,9.09
13429,Rosewood (Snowy Valleys - NSW),2024-07-01,0,,0,,0,,63,9.09
13429,Rosewood (Snowy Valleys - NSW),2025-07-01,0,,0,,0,,63,10.43
13435,Rothbury,2022-07-01,0,,0,,0,,59,336.51
13435,Rothbury,2023-07-01,0,,0,,0,,49,291.24
13435,Rothbury,2024-07-01,0,,0,,0,,49,298.58
13435,Rothbury,2025-07-01,0,,0,,0,,59,304.27
13444,Rouse Hill,2021-07-01,3470,1300.00,2950,1209.16,3466,585000,3588,1296.82
13444,Rouse Hill,2022-07-01,3949,1782.67,3425,1608.89,3942,744000,4081,1735.00
13444,Rouse Hill,2023-07-01,3558,1625.14,3038,1515.19,3551,772000,3682,1608.89
13444,Rouse Hill,2024-07-01,4098,1989.58,3573,1711.11,4090,820000,4237,1885.71
13444,Rouse Hill,2025-07-01,4098,2033.77,3511,1724.44,4090,834000,4237,1930.32
13446,Rowena,2021-07-01,0,,0,,0,,25,4.54
13446,Rowena,2022-07-01,0,,0,,0,,26,6.26
13446,Rowena,2023-07-01,0,,0,,0,,26,8.90
13446,Rowena,2024-07-01,0,,0,,0,,26,8.90
13446,Rowena,2025-07-01,0,,0,,0,,26,8.90
13450,Rozelle,2021-07-01,1887,7768.00,1822,7770.85,1793,1480000,1893,7765.78
13450,Rozelle,2022-07-01,2129,8123.65,2061,8130.08,2034,1570000,2135,8119.12
13450,Rozelle,2023-07-01,2129,7672.37,2061,7674.01,2034,1470000,2135,7669.49
13450,Rozelle,2024-07-01,2210,8016.76,2141,8020.64,2114,1535000,2217,8014.35
13450,Rozelle,2025-07-01,2211,8273.58,2142,8275.36,2115,1600000,2218,8264.55
13453,Rugby,2021-07-01,0,,0,,0,,23,4.19
13453,Rugby,2022-07-01,0,,0,,0,,23,5.85
13453,Rugby,2023-07-01,0,,0,,0,,23,25.98
13453,Rugby,2024-07-01,0,,0,,0,,23,12.99
13453,Rugby,2025-07-01,0,,0,,0,,23,12.75
13455,Run-o-Waters,2021-07-01,0,,0,,0,,158,26.24
13455,Run-o-Waters,2022-07-01,0,,0,,0,,172,31.33
13455,Run-o-Waters,2023-07-01,0,,0,,0,,172,34.45
13455,Run-o-Waters,2024-07-01,0,,0,,0,,172,34.45
13455,Run-o-Waters,2025-07-01,0,,0,,0,,172,34.45
13458,Ruse,2021-07-01,1952,705.60,1952,705.60,1947,406000,1954,705.60
13458,Ruse,2022-07-01,1952,886.34,1952,886.34,1947,510000,1954,886.15
13458,Ruse,2023-07-01,1952,834.20,1952,834.20,1947,480000,1954,834.20
13458,Ruse,2024-07-01,1952,952.55,1952,952.55,1947,545000,1954,952.55
13458,Ruse,2025-07-01,1952,1031.63,1952,1031.63,1947,590000,1954,1031.63
13459,Rushcutters Bay,2021-07-01,94,12386.16,63,11993.15,29,3660000,94,12386.16
13459,Rushcutters Bay,2022-07-01,94,13779.71,64,13241.61,29,4100000,94,13779.71
13459,Rushcutters Bay,2023-07-01,94,15721.53,64,15110.28,29,4680000,94,15721.53
13459,Rushcutters Bay,2024-07-01,94,16368.80,64,15725.81,29,4870000,94,16368.80
13459,Rushcutters Bay,2025-07-01,94,18685.73,64,18235.76,29,5280000,94,18685.73
13461,Rushforth,2021-07-01,22,113.04,22,113.04,22,91400,23,112.40
13461,Rushforth,2022-07-01,22,158.81,22,158.81,22,129000,23,157.89
13461,Rushforth,2023-07-01,22,158.81,22,158.81,22,129000,23,157.89
13461,Rushforth,2024-07-01,22,158.81,22,158.81,22,129000,23,157.89
13461,Rushforth,2025-07-01,22,158.81,22,158.81,22,129000,23,157.89
13462,Russell Lea,2021-07-01,1406,3925.54,1394,3926.23,1355,1690000,1407,3925.54
13462,Russell Lea,2022-07-01,1442,5055.74,1430,5061.16,1380,2170000,1443,5055.74
13462,Russell Lea,2023-07-01,1434,4545.52,1422,4549.00,1372,1930000,1435,4544.69
13462,Russell Lea,2024-07-01,1434,5040.93,1422,5048.39,1372,2110000,1435,5040.00
13462,Russell Lea,2025-07-01,1442,5406.99,1430,5415.73,1380,2270000,1443,5406.99
13463,Russell Vale,2021-07-01,488,1199.94,488,1199.94,472,827000,490,1199.94
13463,Russell Vale,2022-07-01,510,1489.39,510,1489.39,494,994000,512,1485.54
13463,Russell Vale,2023-07-01,510,1291.22,510,1291.22,494,872000,512,1290.14
13463,Russell Vale,2024-07-01,523,1301.51,523,1301.51,506,877500,525,1301.48
13463,Russell Vale,2025-07-01,523,1265.16,523,1265.16,506,853000,525,1262.49
13464,Rutherford,2021-07-01,4169,356.00,4159,356.00,4084,242000,4202,355.14
13464,Rutherford,2022-07-01,4214,529.42,4189,529.41,4126,359000,4250,529.41
13464,Rutherford,2023-07-01,4209,514.14,4184,514.14,4122,345000,4245,513.73
13464,Rutherford,2024-07-01,4214,536.00,4189,535.22,4126,357000,4250,534.95
13464,Rutherford,2025-07-01,4214,555.43,4189,554.86,4126,370000,4250,554.57
13467,Rydal,2021-07-01,0,,0,,0,,57,42.37
13467,Rydal,2022-07-01,0,,0,,0,,61,61.02
13467,Rydal,2023-07-01,0,,0,,0,,61,65.69
13467,Rydal,2024-07-01,0,,0,,0,,61,68.13
13467,Rydal,2025-07-01,0,,0,,0,,62,67.28
13468,Rydalmere,2021-07-01,1573,1689.06,1557,1692.07,1538,1000000,1581,1689.06
13468,Rydalmere,2022-07-01,1665,2272.38,1649,2277.22,1628,1270000,1673,2271.57
13468,Rydalmere,2023-07-01,1665,2064.26,1649,2065.82,1628,1160000,1673,2063.65
13468,Rydalmere,2024-07-01,1666,2199.13,1650,2203.63,1629,1240000,1674,2198.32
13468,Rydalmere,2025-07-01,1666,2320.03,1650,2323.71,1629,1310000,1674,2319.63
13469,Ryde,2021-07-01,5066,1968.26,4865,1966.79,4800,1180000,5081,1966.99
13469,Ryde,2022-07-01,5396,2827.56,5178,2830.93,5118,1640000,5414,2822.94
13469,Ryde,2023-07-01,5332,2627.60,5116,2629.23,5056,1570000,5349,2626.38
13469,Ryde,2024-07-01,5332,2836.96,5115,2838.61,5056,1680000,5349,2836.65
13469,Ryde,2025-07-01,5403,3091.15,5186,3091.30,5124,1820000,5421,3090.02
13470,Rye Park,2021-07-01,0,,0,,0,,68,13.83
13470,Rye Park,2022-07-01,0,,0,,0,,71,21.92
13470,Rye Park,2023-07-01,0,,0,,0,,71,37.06
13470,Rye Park,2024-07-01,0,,0,,0,,71,16.68
13470,Rye Park,2025-07-01,0,,0,,0,,71,14.24
13472,Rylstone,2021-07-01,1,,1,,1,,471,46.27
13472,Rylstone,2022-07-01,1,,1,,1,,497,88.16
13472,Rylstone,2023-07-01,1,,1,,1,,487,88.47
13472,Rylstone,2024-07-01,1,,1,,1,,497,101.34
13472,Rylstone,2025-07-01,1,,1,,1,,497,102.16
13476,Sadleir,2021-07-01,897,794.23,897,794.23,896,484000,899,794.23
13476,Sadleir,2022-07-01,907,1018.91,907,1018.91,905,607000,909,1018.91
13476,Sadleir,2023-07-01,906,895.65,906,895.65,904,528000,908,895.65
13476,Sadleir,2024-07-01,906,989.63,906,989.63,904,600000,908,989.63
13476,Sadleir,2025-07-01,907,1092.27,907,1092.27,905,667000,909,1092.27
13477,Safety Beach (NSW),2021-07-01,447,398.70,447,398.70,444,286000,451,397.20
13477,Safety Beach (NSW),2022-07-01,472,605.75,472,605.75,469,432000,478,602.61
13477,Safety Beach (NSW),2023-07-01,469,617.42,469,617.42,466,441000,474,614.17
13477,Safety Beach (NSW),2024-07-01,472,642.06,472,642.06,469,457000,478,639.41
13477,Safety Beach (NSW),2025-07-01,472,664.70,472,664.70,469,470000,478,662.72
13478,Salamander Bay,2021-07-01,1717,624.19,1524,630.80,1596,380000,1729,622.40
13478,Salamander Bay,2022-07-01,1740,920.20,1548,930.32,1618,557000,1752,920.01
13478,Salamander Bay,2023-07-01,1733,900.74,1541,912.49,1612,548000,1745,900.74
13478,Salamander Bay,2024-07-01,1738,900.74,1546,912.83,1616,545000,1750,900.71
13478,Salamander Bay,2025-07-01,1740,949.75,1548,962.23,1618,574000,1752,949.42
13484,San Isidore,2021-07-01,0,,0,,0,,125,13.38
13484,San Isidore,2022-07-01,0,,0,,0,,125,16.73
13484,San Isidore,2023-07-01,0,,0,,0,,125,23.37
13484,San Isidore,2024-07-01,0,,0,,0,,125,25.67
13484,San Isidore,2025-07-01,0,,0,,0,,125,25.67
13485,San Remo (NSW),2021-07-01,1707,564.82,1707,564.82,1702,325000,1709,564.82
13485,San Remo (NSW),2022-07-01,1713,660.41,1713,660.41,1708,380000,1715,660.41
13485,San Remo (NSW),2023-07-01,1711,634.34,1711,634.34,1706,365000,1713,634.34
13485,San Remo (NSW),2024-07-01,1713,677.79,1713,677.79,1708,390000,1715,677.79
13485,San Remo (NSW),2025-07-01,1713,695.17,1713,695.17,1708,400000,1715,695.17
13486,Sancrox,2021-07-01,0,,0,,0,,166,38.12
13486,Sancrox,2022-07-01,0,,0,,0,,187,65.70
13486,Sancrox,2023-07-01,0,,0,,0,,187,65.70
13486,Sancrox,2024-07-01,0,,0,,0,,187,65.70
13486,Sancrox,2025-07-01,0,,0,,0,,187,68.38
13487,Sanctuary Point,2021-07-01,4422,510.04,4406,509.74,4385,317000,4423,510.07
13487,Sanctuary Point,2022-07-01,4444,718.75,4428,717.84,4398,457000,4445,718.76
13487,Sanctuary Point,2023-07-01,4430,684.57,4412,683.03,4389,435000,4431,684.74
13487,Sanctuary Point,2024-07-01,4438,621.87,4420,621.13,4394,395000,4439,621.85
13487,Sanctuary Point,2025-07-01,4444,599.01,4426,598.56,4398,380000,4445,599.01
13492,Sandon (NSW),2021-07-01,35,1359.03,35,1359.03,35,862000,35,1359.03
13492,Sandon (NSW),2022-07-01,35,1976.77,35,1976.77,35,1200000,35,1976.77
13492,Sandon (NSW),2023-07-01,35,1976.77,35,1976.77,35,1200000,35,1976.77
13492,Sandon (NSW),2024-07-01,35,1601.19,35,1601.19,35,1010000,35,1601.19
13492,Sandon (NSW),2025-07-01,35,1601.19,35,1601.19,35,1010000,35,1601.19
13493,Sandringham (NSW),2021-07-01,372,3027.56,371,3027.56,354,1450000,372,3027.56
13493,Sandringham (NSW),2022-07-01,372,3747.76,371,3773.16,354,1810000,372,3747.76
13493,Sandringham (NSW),2023-07-01,372,3747.76,371,3773.16,354,1810000,372,3747.76
13493,Sandringham (NSW),2024-07-01,372,4402.13,371,4413.34,354,2150000,372,4402.13
13493,Sandringham (NSW),2025-07-01,373,4513.89,372,4521.75,355,2220000,373,4513.89
13494,Sandy Beach,2021-07-01,945,446.58,945,446.58,938,262000,1002,432.53
13494,Sandy Beach,2022-07-01,947,611.46,947,611.46,940,345000,1004,599.36
13494,Sandy Beach,2023-07-01,947,639.56,947,639.56,940,372000,1004,620.44
13494,Sandy Beach,2024-07-01,947,678.33,947,678.33,940,390000,1004,669.85
13494,Sandy Beach,2025-07-01,947,705.40,947,705.40,940,405500,1004,698.33
13501,Sandy Hollow,2021-07-01,0,,0,,0,,64,25.88
13501,Sandy Hollow,2022-07-01,0,,0,,0,,68,42.76
13501,Sandy Hollow,2023-07-01,0,,0,,0,,68,51.25
13501,Sandy Hollow,2024-07-01,0,,0,,0,,68,55.46
13501,Sandy Hollow,2025-07-01,0,,0,,0,,68,57.44
13504,Sans Souci,2021-07-01,2633,2353.02,2510,2352.39,2416,1200000,2646,2353.02
13504,Sans Souci,2022-07-01,2666,2700.10,2541,2697.07,2439,1430000,2679,2699.84
13504,Sans Souci,2023-07-01,2650,2621.69,2526,2621.00,2426,1400000,2663,2620.95
13504,Sans Souci,2024-07-01,2663,2960.97,2538,2960.97,2436,1570000,2676,2960.97
13504,Sans Souci,2025-07-01,2667,3034.03,2548,3033.38,2440,1620000,2680,3032.65
13506,Sapphire Beach,2021-07-01,853,621.08,736,596.71,831,393000,876,617.42
13506,Sapphire Beach,2022-07-01,859,897.19,742,864.83,836,568000,882,891.88
13506,Sapphire Beach,2023-07-01,855,1160.69,738,1112.47,833,732000,878,1154.28
13506,Sapphire Beach,2024-07-01,857,1045.94,740,1000.72,835,660000,880,1039.58
13506,Sapphire Beach,2025-07-01,859,969.57,742,922.25,836,606000,882,956.85
13507,Saratoga,2021-07-01,1443,992.09,1404,988.88,1422,626000,1449,991.84
13507,Saratoga,2022-07-01,1449,992.09,1409,988.88,1428,626000,1455,992.09
13507,Saratoga,2023-07-01,1445,935.00,1405,930.98,1424,588000,1451,930.98
13507,Saratoga,2024-07-01,1445,984.90,1405,982.83,1424,622000,1451,984.90
13507,Saratoga,2025-07-01,1450,1026.24,1410,1022.45,1429,648000,1456,1026.24
13510,Saumarez Ponds,2021-07-01,0,,0,,0,,140,8.66
13510,Saumarez Ponds,2022-07-01,0,,0,,0,,168,12.58
13510,Saumarez Ponds,2023-07-01,0,,0,,0,,144,12.08
13510,Saumarez Ponds,2024-07-01,0,,0,,0,,168,13.46
13510,Saumarez Ponds,2025-07-01,0,,0,,0,,168,13.58
13513,Sawtell,2021-07-01,1363,737.23,1338,737.23,1237,514000,1369,734.39
13513,Sawtell,2022-07-01,1372,1095.55,1347,1095.55,1244,752500,1378,1094.78
13513,Sawtell,2023-07-01,1365,1011.01,1340,1014.04,1238,709500,1371,1004.17
13513,Sawtell,2024-07-01,1372,1014.04,1347,1016.95,1244,709500,1378,1011.02
13513,Sawtell,2025-07-01,1372,1032.46,1347,1032.95,1244,722000,1378,1030.91
13515,Scarborough (NSW),2021-07-01,90,1871.33,77,1791.67,90,1020000,90,1871.33
13515,Scarborough (NSW),2022-07-01,93,2619.90,80,2453.58,93,1410000,93,2619.90
13515,Scarborough (NSW),2023-07-01,93,2376.52,80,2226.18,93,1280000,93,2376.52
13515,Scarborough (NSW),2024-07-01,93,2491.05,80,2335.02,93,1340000,93,2491.05
13515,Scarborough (NSW),2025-07-01,93,2491.05,80,2335.02,93,1340000,93,2491.05
13517,Schofields,2021-07-01,4045,1312.50,3967,1306.63,3992,488000,4108,1307.18
13517,Schofields,2022-07-01,4162,1809.15,4084,1806.67,4102,662000,4233,1806.60
13517,Schofields,2023-07-01,4144,1907.50,4066,1902.97,4085,694000,4214,1902.16
13517,Schofields,2024-07-01,4231,2105.53,4152,2096.66,4170,783000,4308,2096.46
13517,Schofields,2025-07-01,4231,2140.00,4153,2132.00,4170,796000,4308,2130.31
13518,Scone,2021-07-01,1748,137.88,1624,135.71,1722,135000,2085,128.49
13518,Scone,2022-07-01,1774,214.79,1651,209.52,1748,210000,2168,196.61
13518,Scone,2023-07-01,1773,220.14,1752,220.16,1747,213000,2167,198.49
13518,Scone,2024-07-01,1774,213.53,1756,213.57,1748,209000,2169,196.59
13518,Scone,2025-07-01,1774,235.18,1756,235.18,1748,226000,2169,214.10
13523,Scotts Head,2021-07-01,585,578.35,582,578.09,574,346000,590,577.34
13523,Scotts Head,2022-07-01,595,889.41,592,889.41,584,534000,601,889.33
13523,Scotts Head,2023-07-01,589,814.85,586,814.46,578,483000,594,813.06
13523,Scotts Head,2024-07-01,592,758.42,589,758.40,581,448000,597,757.91
13523,Scotts Head,2025-07-01,598,774.90,595,774.62,587,459000,606,774.62
13524,Seaforth (NSW),2021-07-01,2066,2883.03,2059,2883.03,2019,1830000,2067,2883.03
13524,Seaforth (NSW),2022-07-01,2090,3606.74,2083,3607.87,2041,2300000,2091,3607.87
13524,Seaforth (NSW),2023-07-01,2079,3082.43,2072,3082.43,2031,2030000,2080,3082.43
13524,Seaforth (NSW),2024-07-01,2084,3630.21,2077,3630.36,2035,2410000,2085,3630.36
13524,Seaforth (NSW),2025-07-01,2090,3827.96,2083,3828.18,2041,2530000,2091,3828.18
13525,Seaham,2021-07-01,115,124.77,114,125.17,114,224000,217,98.37
13525,Seaham,2022-07-01,116,205.90,114,205.90,115,362000,218,159.17
13525,Seaham,2023-07-01,115,204.25,114,205.40,114,354000,217,155.71
13525,Seaham,2024-07-01,116,189.08,114,189.08,115,332000,218,146.32
13525,Seaham,2025-07-01,116,198.29,114,198.29,115,348000,218,151.51
13526,Seahampton,2021-07-01,118,309.70,118,309.70,118,258000,120,309.70
13526,Seahampton,2022-07-01,119,416.45,119,416.45,119,347000,121,416.45
13526,Seahampton,2023-07-01,119,432.26,119,432.26,119,360000,121,432.26
13526,Seahampton,2024-07-01,119,432.26,119,432.26,119,360000,121,432.26
13526,Seahampton,2025-07-01,119,433.58,119,433.58,119,361000,121,433.58
13527,Seal Rocks,2021-07-01,0,,0,,0,,64,1472.98
13527,Seal Rocks,2022-07-01,0,,0,,0,,64,1857.63
13527,Seal Rocks,2023-07-01,0,,0,,0,,64,2094.80
13527,Seal Rocks,2024-07-01,0,,0,,0,,64,2094.80
13527,Seal Rocks,2025-07-01,0,,0,,0,,64,2027.92
13530,Seelands,2021-07-01,0,,0,,0,,29,20.85
13530,Seelands,2022-07-01,0,,0,,0,,32,27.89
13530,Seelands,2023-07-01,0,,0,,0,,32,27.89
13530,Seelands,2024-07-01,0,,0,,0,,32,27.89
13530,Seelands,2025-07-01,0,,0,,0,,32,29.45
13531,Sefton,2021-07-01,1449,1148.04,1444,1150.42,1427,700000,1453,1148.04
13531,Sefton,2022-07-01,1463,1368.10,1458,1368.10,1441,826000,1467,1368.10
13531,Sefton,2023-07-01,1463,1312.01,1458,1312.01,1441,784000,1467,1310.83
13531,Sefton,2024-07-01,1472,1447.89,1463,1448.11,1450,862000,1476,1446.70
13531,Sefton,2025-07-01,1472,1672.62,1463,1672.62,1450,1010000,1476,1672.62
13533,Seven Hills (NSW),2021-07-01,6040,955.55,6025,954.10,6003,556000,6051,954.10
13533,Seven Hills (NSW),2022-07-01,6052,1225.40,6037,1224.51,6014,714000,6063,1224.63
13533,Seven Hills (NSW),2023-07-01,6045,1225.72,6030,1225.40,6007,714000,6056,1225.72
13533,Seven Hills (NSW),2024-07-01,6077,1397.14,6062,1397.13,6038,814000,6089,1397.13
13533,Seven Hills (NSW),2025-07-01,6077,1465.12,6062,1465.12,6038,854000,6089,1465.12
13538,Shalvey,2021-07-01,1126,524.78,1126,524.78,1126,314000,1126,524.78
13538,Shalvey,2022-07-01,1130,691.28,1130,691.28,1130,414000,1130,691.28
13538,Shalvey,2023-07-01,1130,728.36,1130,728.36,1130,436000,1130,728.36
13538,Shalvey,2024-07-01,1132,860.21,1132,860.21,1132,515000,1132,860.21
13538,Shalvey,2025-07-01,1132,900.47,1132,900.47,1132,539000,1132,900.47
13546,Sheedys Gully,2021-07-01,25,189.38,25,189.38,25,193000,26,189.38
13546,Sheedys Gully,2022-07-01,27,284.07,27,284.07,27,289000,28,284.07
13546,Sheedys Gully,2023-07-01,27,298.86,27,298.86,27,304000,28,298.23
13546,Sheedys Gully,2024-07-01,27,321.32,27,321.32,27,320000,28,320.02
13546,Sheedys Gully,2025-07-01,27,321.32,27,321.32,27,320000,28,320.02
13547,Shell Cove,2021-07-01,2692,1160.01,2657,1156.25,2665,595000,2707,1160.00
13547,Shell Cove,2022-07-01,2874,1644.60,2834,1639.98,2844,829000,2895,1640.74
13547,Shell Cove,2023-07-01,2803,1457.61,2743,1447.71,2775,751000,2822,1454.93
13547,Shell Cove,2024-07-01,2854,1495.06,2794,1483.98,2825,764000,2875,1491.01
13547,Shell Cove,2025-07-01,2874,1444.51,2814,1431.23,2844,738000,2895,1442.91
13548,Shellharbour,2021-07-01,1146,1133.78,1119,1127.13,1078,677500,1158,1127.13
13548,Shellharbour,2022-07-01,1159,1334.46,1131,1323.00,1088,799000,1171,1323.00
13548,Shellharbour,2023-07-01,1150,1365.16,1123,1359.30,1080,828500,1162,1355.81
13548,Shellharbour,2024-07-01,1156,1365.16,1129,1359.44,1086,821000,1168,1356.98
13548,Shellharbour,2025-07-01,1159,1351.72,1132,1343.27,1088,818000,1171,1339.53
13549,Shellharbour City Centre,2021-07-01,24,624.87,24,624.87,22,394000,29,614.91
13549,Shellharbour City Centre,2022-07-01,25,856.77,25,856.77,22,545000,30,841.57
13549,Shellharbour City Centre,2023-07-01,25,825.70,25,825.70,22,525000,30,811.70
13549,Shellharbour City Centre,2024-07-01,25,869.85,25,869.85,22,553000,30,856.17
13549,Shellharbour City Centre,2025-07-01,25,838.78,25,838.78,22,534000,30,826.30
13550,Shelly Beach (NSW),2021-07-01,526,1312.02,525,1313.33,514,764000,528,1305.97
13550,Shelly Beach (NSW),2022-07-01,534,1548.49,533,1548.49,522,891000,536,1548.49
13550,Shelly Beach (NSW),2023-07-01,528,1445.95,527,1445.95,516,832000,530,1445.95
13550,Shelly Beach (NSW),2024-07-01,532,1557.18,531,1557.18,520,893000,534,1557.18
13550,Shelly Beach (NSW),2025-07-01,534,1668.40,533,1668.40,522,954000,536,1668.40
13554,Shoal Bay (NSW),2021-07-01,833,927.39,833,927.39,740,521000,836,927.39
13554,Shoal Bay (NSW),2022-07-01,844,1308.07,844,1308.07,751,734000,847,1308.07
13554,Shoal Bay (NSW),2023-07-01,840,1241.98,840,1241.98,747,697000,843,1241.98
13554,Shoal Bay (NSW),2024-07-01,842,1234.21,842,1234.21,749,693000,845,1234.21
13554,Shoal Bay (NSW),2025-07-01,844,1271.14,844,1271.14,751,713000,847,1271.14
13555,Shoalhaven Heads,2021-07-01,1192,835.77,1173,835.25,1173,550000,1204,835.65
13555,Shoalhaven Heads,2022-07-01,1210,1170.49,1191,1167.43,1191,771000,1222,1167.87
13555,Shoalhaven Heads,2023-07-01,1194,1015.47,1175,1013.71,1175,670000,1206,1014.38
13555,Shoalhaven Heads,2024-07-01,1204,914.62,1184,912.23,1185,603000,1216,912.44
13555,Shoalhaven Heads,2025-07-01,1210,873.61,1190,871.00,1191,575000,1222,871.51
13557,Shortland,2021-07-01,1326,550.11,1277,549.04,1289,318000,1360,549.36
13557,Shortland,2022-07-01,1343,632.56,1294,630.77,1304,365000,1379,630.93
13557,Shortland,2023-07-01,1337,598.25,1288,595.97,1298,345000,1372,595.97
13557,Shortland,2024-07-01,1345,642.94,1295,639.25,1306,370000,1381,639.25
13557,Shortland,2025-07-01,1345,688.09,1295,681.36,1306,394000,1381,684.74
13559,Silverdale (NSW),2021-07-01,1154,545.62,1154,545.62,1154,454000,1691,434.78
13559,Silverdale (NSW),2022-07-01,1305,720.00,1305,720.00,1305,568000,1846,574.11
13559,Silverdale (NSW),2023-07-01,1216,677.99,1215,677.99,1216,540500,1753,532.61
13559,Silverdale (NSW),2024-07-01,1302,733.36,1301,736.47,1302,577000,1843,583.00
13559,Silverdale (NSW),2025-07-01,1305,779.06,1304,779.68,1305,604000,1846,616.60
13561,Silverwater (Lake Macquarie - NSW),2021-07-01,138,407.81,122,395.92,138,331000,139,405.74
13561,Silverwater (Lake Macquarie - NSW),2022-07-01,141,569.11,127,548.57,141,464000,142,565.97
13561,Silverwater (Lake Macquarie - NSW),2023-07-01,141,566.94,127,547.17,141,467000,142,565.68
13561,Silverwater (Lake Macquarie - NSW),2024-07-01,141,560.11,126,542.12,141,461000,142,558.85
13561,Silverwater (Lake Macquarie - NSW),2025-07-01,141,584.87,126,563.18,141,483000,142,581.53
13562,Silverwater (Parramatta - NSW),2021-07-01,237,1320.75,237,1320.75,206,776000,239,1320.75
13562,Silverwater (Parramatta - NSW),2022-07-01,254,2129.38,254,2129.38,220,1200000,256,2128.85
13562,Silverwater (Parramatta - NSW),2023-07-01,254,1768.73,254,1768.73,220,1030000,256,1768.73
13562,Silverwater (Parramatta - NSW),2024-07-01,254,2093.19,254,2093.19,220,1200000,256,2090.32
13562,Silverwater (Parramatta - NSW),2025-07-01,254,2114.86,254,2114.86,220,1280000,256,2114.43
13564,Singleton (NSW),2021-07-01,2001,231.96,1945,233.06,1950,171000,2021,231.37
13564,Singleton (NSW),2022-07-01,2039,405.02,1984,406.56,1985,299000,2060,404.16
13564,Singleton (NSW),2023-07-01,2030,416.60,1981,418.27,1976,304000,2050,415.22
13564,Singleton (NSW),2024-07-01,2035,418.60,1986,419.58,1981,304000,2056,417.02
13564,Singleton (NSW),2025-07-01,2039,428.82,1990,429.69,1985,312000,2060,427.72
13565,Singleton Heights,2021-07-01,1732,164.02,1728,164.06,1689,133000,1754,163.62
13565,Singleton Heights,2022-07-01,1732,319.02,1728,319.14,1689,259000,1758,317.89
13565,Singleton Heights,2023-07-01,1732,330.56,1729,330.64,1689,270000,1758,329.35
13565,Singleton Heights,2024-07-01,1732,332.83,1729,332.86,1689,263000,1758,331.47
13565,Singleton Heights,2025-07-01,1732,342.29,1729,342.37,1689,265000,1758,340.93
13569,Skennars Head,2021-07-01,488,987.00,487,987.16,446,689000,496,983.85
13569,Skennars Head,2022-07-01,580,1387.46,579,1387.46,537,916000,592,1379.93
13569,Skennars Head,2023-07-01,576,1355.60,575,1358.99,533,914000,587,1350.00
13569,Skennars Head,2024-07-01,576,1295.51,575,1297.86,533,874000,588,1291.45
13569,Skennars Head,2025-07-01,580,1361.11,579,1361.95,537,890000,592,1353.01
13575,Smithfield (NSW),2021-07-01,3404,972.14,3389,973.67,3372,590000,3425,971.99
13575,Smithfield (NSW),2022-07-01,3443,1108.71,3428,1109.60,3410,670000,3464,1107.17
13575,Smithfield (NSW),2023-07-01,3433,1050.10,3418,1050.89,3400,628000,3454,1047.78
13575,Smithfield (NSW),2024-07-01,3471,1238.32,3456,1238.32,3438,738000,3492,1237.99
13575,Smithfield (NSW),2025-07-01,3471,1369.42,3456,1369.52,3438,820000,3492,1367.68
13578,Smiths Creek (Tweed - NSW),2021-07-01,0,,0,,0,,54,67.03
13578,Smiths Creek (Tweed - NSW),2022-07-01,0,,0,,0,,54,90.29
13578,Smiths Creek (Tweed - NSW),2023-07-01,0,,0,,0,,54,90.29
13578,Smiths Creek (Tweed - NSW),2024-07-01,0,,0,,0,,54,99.64
13578,Smiths Creek (Tweed - NSW),2025-07-01,0,,0,,0,,54,104.65
13579,Smiths Lake,2021-07-01,0,,0,,0,,1012,307.33
13579,Smiths Lake,2022-07-01,0,,0,,0,,1015,483.72
13579,Smiths Lake,2023-07-01,0,,0,,0,,1014,471.88
13579,Smiths Lake,2024-07-01,0,,0,,0,,1018,429.55
13579,Smiths Lake,2025-07-01,0,,0,,0,,1018,415.17
13580,Smithtown,2021-07-01,0,,0,,0,,287,182.21
13580,Smithtown,2022-07-01,0,,0,,0,,287,224.16
13580,Smithtown,2023-07-01,0,,0,,0,,287,233.78
13580,Smithtown,2024-07-01,0,,0,,0,,287,233.78
13580,Smithtown,2025-07-01,0,,0,,0,,287,240.66
13585,Sofala,2021-07-01,0,,0,,0,,86,51.00
13585,Sofala,2022-07-01,0,,0,,0,,91,90.41
13585,Sofala,2023-07-01,0,,0,,0,,91,90.41
13585,Sofala,2024-07-01,0,,0,,0,,91,104.58
13585,Sofala,2025-07-01,0,,0,,0,,91,104.58
13586,Soldiers Point,2021-07-01,644,847.20,643,846.33,584,483000,647,844.79
13586,Soldiers Point,2022-07-01,656,1270.81,655,1270.43,596,710000,659,1269.92
13586,Soldiers Point,2023-07-01,650,1255.88,649,1255.54,590,702000,653,1255.14
13586,Soldiers Point,2024-07-01,654,1219.40,653,1218.58,594,698500,657,1218.58
13586,Soldiers Point,2025-07-01,656,1250.58,655,1249.70,596,715000,659,1249.70
13588,Somerton (NSW),2021-07-01,0,,0,,0,,65,16.48
13588,Somerton (NSW),2022-07-01,0,,0,,0,,70,20.57
13588,Somerton (NSW),2023-07-01,0,,0,,0,,68,30.24
13588,Somerton (NSW),2024-07-01,0,,0,,0,,70,33.51
13588,Somerton (NSW),2025-07-01,0,,0,,0,,70,36.62
13589,South Albury,2021-07-01,458,298.11,418,296.29,427,200000,461,298.11
13589,South Albury,2022-07-01,464,596.11,423,591.83,433,396000,467,594.82
13589,South Albury,2023-07-01,464,597.51,423,593.03,433,399000,467,596.29
13589,South Albury,2024-07-01,464,612.16,423,607.40,433,408000,467,611.01
13589,South Albury,2025-07-01,464,614.66,423,609.96,433,410000,467,613.96
13590,South Arm (Clarence Valley - NSW),2021-07-01,0,,0,,0,,27,13.99
13590,South Arm (Clarence Valley - NSW),2022-07-01,0,,0,,0,,27,18.04
13590,South Arm (Clarence Valley - NSW),2023-07-01,0,,0,,0,,27,17.30
13590,South Arm (Clarence Valley - NSW),2024-07-01,0,,0,,0,,27,18.14
13590,South Arm (Clarence Valley - NSW),2025-07-01,0,,0,,0,,27,20.66
13591,South Arm (Nambucca Valley - NSW),2021-07-01,0,,0,,0,,13,103.98
13591,South Arm (Nambucca Valley - NSW),2022-07-01,0,,0,,0,,13,152.62
13591,South Arm (Nambucca Valley - NSW),2023-07-01,0,,0,,0,,13,146.91
13591,South Arm (Nambucca Valley - NSW),2024-07-01,0,,0,,0,,13,151.19
13591,South Arm (Nambucca Valley - NSW),2025-07-01,0,,0,,0,,13,205.39
13593,South Bathurst,2021-07-01,668,188.56,668,188.56,660,126000,670,188.55
13593,South Bathurst,2022-07-01,673,287.74,669,287.74,665,190000,676,287.65
13593,South Bathurst,2023-07-01,672,287.74,668,287.74,664,192000,675,287.74
13593,South Bathurst,2024-07-01,674,294.16,670,294.09,665,197000,677,294.03
13593,South Bathurst,2025-07-01,674,300.49,670,300.49,665,200000,677,300.49
13594,South Bowenfels,2021-07-01,306,185.93,305,185.98,305,199000,418,166.88
13594,South Bowenfels,2022-07-01,315,326.04,314,326.57,314,350000,438,288.37
13594,South Bowenfels,2023-07-01,312,321.00,311,321.07,311,345000,430,288.33
13594,South Bowenfels,2024-07-01,312,311.38,311,311.63,311,335000,435,276.89
13594,South Bowenfels,2025-07-01,315,311.63,314,312.36,314,335000,440,276.21
13595,South Coogee,2021-07-01,1269,4554.70,1257,4554.70,1235,2040000,1281,4547.30
13595,South Coogee,2022-07-01,1291,5256.67,1279,5260.79,1255,2370000,1303,5250.95
13595,South Coogee,2023-07-01,1281,5125.90,1269,5126.01,1245,2350000,1293,5113.99
13595,South Coogee,2024-07-01,1293,5818.04,1281,5831.62,1257,2690000,1305,5792.32
13595,South Coogee,2025-07-01,1293,6047.03,1281,6053.87,1257,2740000,1305,6021.09
13596,South Durras,2021-07-01,350,583.87,350,583.87,350,413000,356,580.35
13596,South Durras,2022-07-01,350,903.69,350,903.69,350,630000,356,897.57
13596,South Durras,2023-07-01,350,803.51,350,803.51,350,560000,356,798.22
13596,South Durras,2024-07-01,350,781.68,350,781.68,350,544000,356,775.84
13596,South Durras,2025-07-01,350,781.68,350,781.68,350,544000,356,775.84
13597,South Golden Beach,2021-07-01,355,1511.12,340,1511.12,341,880000,359,1487.92
13597,South Golden Beach,2022-07-01,358,1363.61,343,1374.88,342,800000,362,1324.19
13597,South Golden Beach,2023-07-01,357,1168.18,341,1168.18,342,680000,361,1148.97
13597,South Golden Beach,2024-07-01,358,1081.99,342,1081.99,342,630000,362,1051.53
13597,South Golden Beach,2025-07-01,358,1477.23,342,1477.23,342,850000,362,1477.23
13598,South Grafton,2021-07-01,2263,115.99,2223,116.16,2258,82100,2390,114.01
13598,South Grafton,2022-07-01,2271,165.75,2231,166.36,2266,120000,2402,162.75
13598,South Grafton,2023-07-01,2266,165.48,2226,165.68,2261,120000,2394,162.02
13598,South Grafton,2024-07-01,2268,166.92,2228,167.27,2263,120000,2396,163.63
13598,South Grafton,2025-07-01,2271,172.25,2231,172.33,2266,120000,2402,169.12
13599,South Granville,2021-07-01,1287,1146.23,1236,1156.27,1276,661000,1290,1146.23
13599,South Granville,2022-07-01,1320,1430.70,1267,1436.03,1306,817000,1323,1430.70
13599,South Granville,2023-07-01,1316,1312.71,1263,1320.30,1302,747000,1319,1312.09
13599,South Granville,2024-07-01,1316,1391.53,1263,1394.49,1302,776000,1319,1391.09
13599,South Granville,2025-07-01,1321,1498.99,1268,1498.99,1307,841000,1324,1498.99
13600,South Gundagai,2021-07-01,176,39.33,175,39.43,176,50650,210,32.01
13600,South Gundagai,2022-07-01,178,71.13,177,71.32,178,96250,213,63.37
13600,South Gundagai,2023-07-01,178,88.64,177,88.64,178,115000,213,73.65
13600,South Gundagai,2024-07-01,178,94.62,177,94.78,178,118000,213,78.60
13600,South Gundagai,2025-07-01,178,105.78,177,105.99,178,130000,213,86.01
13601,South Gundurimba,2021-07-01,0,,0,,0,,15,104.51
13601,South Gundurimba,2022-07-01,0,,0,,0,,15,156.77
13601,South Gundurimba,2023-07-01,0,,0,,0,,15,141.33
13601,South Gundurimba,2024-07-01,0,,0,,0,,15,148.46
13601,South Gundurimba,2025-07-01,0,,0,,0,,15,151.43
13602,South Guyra,2021-07-01,20,26.59,19,26.79,19,45000,37,20.67
13602,South Guyra,2022-07-01,20,37.19,19,37.30,19,63700,40,27.31
13602,South Guyra,2023-07-01,20,37.19,19,37.30,19,63700,40,27.31
13602,South Guyra,2024-07-01,20,64.01,19,64.26,19,106000,40,47.38
13602,South Guyra,2025-07-01,20,65.00,19,65.25,19,108000,40,48.31
13603,South Hurstville,2021-07-01,1091,1881.65,1078,1881.65,979,1020000,1093,1881.65
13603,South Hurstville,2022-07-01,1112,2090.53,1100,2090.96,999,1150000,1114,2090.53
13603,South Hurstville,2023-07-01,1108,1899.06,1096,1904.55,995,1030000,1110,1897.82
13603,South Hurstville,2024-07-01,1110,2035.44,1098,2035.99,997,1110000,1112,2035.44
13603,South Hurstville,2025-07-01,1112,2177.28,1095,2177.28,999,1170000,1114,2177.28
13604,South Kempsey,2021-07-01,575,61.99,573,61.99,570,61100,892,39.94
13604,South Kempsey,2022-07-01,576,80.47,574,80.47,570,78200,911,50.64
13604,South Kempsey,2023-07-01,575,105.43,574,105.43,570,95000,896,72.29
13604,South Kempsey,2024-07-01,576,104.12,575,103.91,570,95000,911,68.97
13604,South Kempsey,2025-07-01,576,132.12,575,132.08,570,103000,911,109.38
13605,South Lismore,2021-07-01,562,186.47,556,187.19,559,131000,567,186.46
13605,South Lismore,2022-07-01,562,133.97,556,134.51,559,95200,569,133.88
13605,South Lismore,2023-07-01,562,111.38,556,111.52,559,79000,567,111.04
13605,South Lismore,2024-07-01,562,111.38,552,111.62,559,79000,567,111.04
13605,South Lismore,2025-07-01,562,126.85,552,127.16,559,90000,569,126.57
13606,South Littleton,2021-07-01,154,204.21,154,204.21,153,96800,156,201.62
13606,South Littleton,2022-07-01,155,294.81,155,294.81,154,140000,157,290.29
13606,South Littleton,2023-07-01,155,312.38,155,312.38,154,148000,157,308.31
13606,South Littleton,2024-07-01,155,329.95,155,329.95,154,156000,157,326.33
13606,South Littleton,2025-07-01,155,365.09,155,365.09,154,173000,157,362.36
13609,South Murwillumbah,2021-07-01,327,370.88,305,370.88,325,243000,336,365.87
13609,South Murwillumbah,2022-07-01,332,452.20,310,452.20,330,291000,341,450.30
13609,South Murwillumbah,2023-07-01,332,452.20,310,452.20,330,291000,341,450.30
13609,South Murwillumbah,2024-07-01,332,486.62,310,486.62,330,313000,341,483.81
13609,South Murwillumbah,2025-07-01,332,533.18,310,533.18,330,341000,341,528.53
13610,South Nowra,2021-07-01,1043,419.54,992,414.40,1029,274000,1084,415.60
13610,South Nowra,2022-07-01,1132,727.61,1074,721.17,1107,475000,1176,722.47
13610,South Nowra,2023-07-01,1056,659.27,983,656.38,1035,431000,1099,658.61
13610,South Nowra,2024-07-01,1127,615.22,1054,612.97,1103,403000,1171,614.32
13610,South Nowra,2025-07-01,1132,608.28,1055,605.52,1107,398000,1176,606.83
13611,South Pambula,2021-07-01,143,202.00,142,202.09,143,190000,158,181.32
13611,South Pambula,2022-07-01,146,340.18,145,342.00,146,322000,161,304.35
13611,South Pambula,2023-07-01,145,353.56,144,355.28,145,336000,160,319.68
13611,South Pambula,2024-07-01,150,359.87,149,361.79,150,331000,165,324.86
13611,South Pambula,2025-07-01,150,359.87,149,361.79,150,331000,165,324.86
13612,South Penrith,2021-07-01,4100,771.98,4099,771.98,4038,489000,4112,771.81
13612,South Penrith,2022-07-01,4118,868.11,4117,868.12,4051,550000,4130,867.60
13612,South Penrith,2023-07-01,4118,867.82,4117,867.86,4051,550000,4130,867.60
13612,South Penrith,2024-07-01,4126,1025.05,4125,1025.07,4055,650000,4138,1024.51
13612,South Penrith,2025-07-01,4126,1097.34,4125,1097.43,4055,695000,4138,1096.17
13613,South Tamworth,2021-07-01,2676,145.50,2353,142.08,2606,105000,2698,144.67
13613,South Tamworth,2022-07-01,2690,194.23,2366,189.24,2618,140000,2712,193.90
13613,South Tamworth,2023-07-01,2683,193.58,2350,189.03,2611,140000,2705,193.11
13613,South Tamworth,2024-07-01,2690,199.90,2639,198.32,2618,145000,2712,198.66
13613,South Tamworth,2025-07-01,2690,224.99,2660,224.97,2618,165000,2712,224.68
13614,South Turramurra,2021-07-01,879,1460.43,874,1458.20,876,1390000,880,1459.85
13614,South Turramurra,2022-07-01,883,1788.54,878,1787.22,880,1700000,884,1788.54
13614,South Turramurra,2023-07-01,881,1667.83,876,1666.42,878,1590000,882,1667.70
13614,South Turramurra,2024-07-01,881,1807.42,876,1807.35,878,1720000,882,1807.42
13614,South Turramurra,2025-07-01,883,1768.77,878,1767.08,880,1690000,884,1768.77
13615,South Wentworthville,2021-07-01,1648,1215.72,1647,1215.90,1583,770000,1653,1214.59
13615,South Wentworthville,2022-07-01,1706,1535.66,1705,1535.66,1639,950000,1711,1535.66
13615,South Wentworthville,2023-07-01,1688,1354.63,1687,1354.63,1621,859000,1693,1354.63
13615,South Wentworthville,2024-07-01,1688,1463.90,1687,1463.90,1621,950000,1693,1463.90
13615,South Wentworthville,2025-07-01,1706,1531.55,1705,1531.55,1639,980000,1711,1530.23
13616,South West Rocks,2021-07-01,2407,352.94,2400,352.47,2290,226000,2461,348.66
13616,South West Rocks,2022-07-01,2596,547.96,2561,546.30,2456,338000,2659,544.86
13616,South West Rocks,2023-07-01,2519,567.14,2512,567.02,2395,350000,2578,564.70
13616,South West Rocks,2024-07-01,2557,573.76,2550,573.41,2425,353000,2617,569.43
13616,South West Rocks,2025-07-01,2596,561.11,2561,560.04,2456,344000,2659,557.45
13617,South Windsor,2021-07-01,1937,685.50,1911,685.37,1829,409000,1951,684.90
13617,South Windsor,2022-07-01,1940,838.68,1914,837.88,1830,496000,1954,837.36
13617,South Windsor,2023-07-01,1940,766.61,1914,764.49,1830,450000,1954,763.97
13617,South Windsor,2024-07-01,1945,768.26,1919,767.92,1834,450000,1959,767.42
13617,South Windsor,2025-07-01,1945,836.88,1919,836.76,1834,496000,1959,836.61
13621,Speers Point,2021-07-01,1240,741.31,1211,741.37,1212,506000,1248,740.47
13621,Speers Point,2022-07-01,1266,861.91,1235,860.07,1234,573000,1274,859.22
13621,Speers Point,2023-07-01,1252,892.40,1221,891.92,1223,601000,1260,890.69
13621,Speers Point,2024-07-01,1262,957.64,1231,956.26,1232,654000,1270,955.35
13621,Speers Point,2025-07-01,1266,1003.44,1235,1003.95,1234,680000,1274,1001.46
13623,Spencer,2021-07-01,0,,0,,0,,19,167.36
13623,Spencer,2022-07-01,0,,0,,0,,19,247.67
13623,Spencer,2023-07-01,0,,0,,0,,19,247.67
13623,Spencer,2024-07-01,0,,0,,0,,19,256.00
13623,Spencer,2025-07-01,0,,0,,0,,19,291.24
13626,Splitters Creek,2021-07-01,0,,0,,0,,24,10.49
13626,Splitters Creek,2022-07-01,0,,0,,0,,27,15.54
13626,Splitters Creek,2023-07-01,0,,0,,0,,27,15.64
13626,Splitters Creek,2024-07-01,0,,0,,0,,27,15.92
13626,Splitters Creek,2025-07-01,0,,0,,0,,27,17.17
13628,Spring Farm (NSW),2021-07-01,3531,844.44,3531,844.44,3526,370000,3549,843.59
13628,Spring Farm (NSW),2022-07-01,3657,1250.00,3657,1250.00,3651,543000,3678,1249.10
13628,Spring Farm (NSW),2023-07-01,3649,1250.00,3649,1250.00,3644,543000,3670,1248.67
13628,Spring Farm (NSW),2024-07-01,3649,1282.76,3649,1282.76,3644,558000,3670,1282.38
13628,Spring Farm (NSW),2025-07-01,3708,1287.18,3708,1287.18,3702,558000,3729,1286.98
13629,Spring Flat,2021-07-01,65,131.41,65,131.41,65,269000,95,123.63
13629,Spring Flat,2022-07-01,74,185.17,74,185.17,74,385000,105,173.27
13629,Spring Flat,2023-07-01,68,167.21,68,167.21,68,342000,98,156.19
13629,Spring Flat,2024-07-01,73,157.29,73,157.29,73,328000,103,149.09
13629,Spring Flat,2025-07-01,74,161.77,74,161.77,74,337000,105,151.67
13630,Spring Grove,2021-07-01,0,,0,,0,,94,22.26
13630,Spring Grove,2022-07-01,0,,0,,0,,95,37.20
13630,Spring Grove,2023-07-01,0,,0,,0,,95,40.70
13630,Spring Grove,2024-07-01,0,,0,,0,,95,40.70
13630,Spring Grove,2025-07-01,0,,0,,0,,95,38.60
13631,Spring Hill (Orange - NSW),2021-07-01,0,,0,,0,,163,115.45
13631,Spring Hill (Orange - NSW),2022-07-01,0,,0,,0,,165,164.34
13631,Spring Hill (Orange - NSW),2023-07-01,0,,0,,0,,165,175.84
13631,Spring Hill (Orange - NSW),2024-07-01,0,,0,,0,,165,179.13
13631,Spring Hill (Orange - NSW),2025-07-01,0,,0,,0,,165,175.84
13635,Spring Ridge,2021-07-01,0,,0,,0,,58,2.29
13635,Spring Ridge,2022-07-01,0,,0,,0,,59,4.77
13635,Spring Ridge,2023-07-01,0,,0,,0,,59,4.99
13635,Spring Ridge,2024-07-01,0,,0,,0,,59,4.99
13635,Spring Ridge,2025-07-01,0,,0,,0,,59,4.99
13637,Springdale (NSW),2021-07-01,0,,0,,0,,30,2.71
13637,Springdale (NSW),2022-07-01,0,,0,,0,,30,4.31
13637,Springdale (NSW),2023-07-01,0,,0,,0,,30,8.45
13637,Springdale (NSW),2024-07-01,0,,0,,0,,30,8.45
13637,Springdale (NSW),2025-07-01,0,,0,,0,,30,8.45
13638,Springdale Heights,2021-07-01,931,135.92,917,135.55,912,109000,1000,134.18
13638,Springdale Heights,2022-07-01,948,190.75,934,190.32,929,152000,1019,188.19
13638,Springdale Heights,2023-07-01,948,193.08,934,192.71,929,154000,1019,190.30
13638,Springdale Heights,2024-07-01,948,213.52,934,213.20,929,175000,1019,210.82
13638,Springdale Heights,2025-07-01,948,237.69,934,237.18,929,194000,1019,234.41
13639,Springfield (Central Coast - NSW),2021-07-01,1462,731.73,1462,731.73,1450,441000,1471,729.97
13639,Springfield (Central Coast - NSW),2022-07-01,1468,785.67,1468,785.67,1456,474000,1478,783.80
13639,Springfield (Central Coast - NSW),2023-07-01,1463,761.21,1463,761.21,1451,458000,1473,757.83
13639,Springfield (Central Coast - NSW),2024-07-01,1468,823.77,1468,823.77,1456,498000,1478,823.28
13639,Springfield (Central Coast - NSW),2025-07-01,1468,873.09,1468,873.09,1456,527000,1478,872.19
13643,Springvale (NSW),2021-07-01,1,,1,,1,,576,37.57
13643,Springvale (NSW),2022-07-01,3,,3,,3,,601,46.31
13643,Springvale (NSW),2023-07-01,3,,3,,3,,601,60.15
13643,Springvale (NSW),2024-07-01,3,,3,,3,,601,60.15
13643,Springvale (NSW),2025-07-01,3,,3,,3,,601,62.55
13644,Springwood (NSW),2021-07-01,677,491.08,657,491.33,657,408000,693,489.52
13644,Springwood (NSW),2022-07-01,681,709.35,661,709.87,659,580000,698,706.25
13644,Springwood (NSW),2023-07-01,678,638.50,658,641.13,657,520000,695,632.52
13644,Springwood (NSW),2024-07-01,678,673.77,658,674.75,657,545000,695,664.21
13644,Springwood (NSW),2025-07-01,681,675.77,661,676.52,659,560000,698,672.54
13645,St Albans (NSW),2021-07-01,0,,0,,0,,49,80.50
13645,St Albans (NSW),2022-07-01,0,,0,,0,,49,88.15
13645,St Albans (NSW),2023-07-01,0,,0,,0,,49,82.46
13645,St Albans (NSW),2024-07-01,0,,0,,0,,49,83.99
13645,St Albans (NSW),2025-07-01,0,,0,,0,,49,85.31
13646,St Andrews (NSW),2021-07-01,1852,760.77,1850,760.77,1844,460000,1852,760.77
13646,St Andrews (NSW),2022-07-01,1854,958.75,1852,958.91,1846,580000,1854,958.75
13646,St Andrews (NSW),2023-07-01,1852,909.09,1850,909.09,1844,550000,1852,909.09
13646,St Andrews (NSW),2024-07-01,1852,991.25,1850,991.25,1844,600000,1852,991.25
13646,St Andrews (NSW),2025-07-01,1854,1073.71,1852,1073.71,1846,650000,1854,1073.71
13647,St Clair (Penrith - NSW),2021-07-01,6354,681.60,6354,681.60,6247,439000,6363,681.60
13647,St Clair (Penrith - NSW),2022-07-01,6379,852.80,6379,852.80,6254,550000,6389,852.80
13647,St Clair (Penrith - NSW),2023-07-01,6379,840.00,6379,840.00,6254,542000,6389,840.00
13647,St Clair (Penrith - NSW),2024-07-01,6383,924.80,6383,924.80,6258,597000,6393,924.80
13647,St Clair (Penrith - NSW),2025-07-01,6383,1064.00,6383,1064.00,6258,687000,6393,1064.00
13649,St Fillans,2021-07-01,0,,0,,0,,103,3.40
13649,St Fillans,2022-07-01,0,,0,,0,,103,5.34
13649,St Fillans,2023-07-01,0,,0,,0,,103,4.34
13649,St Fillans,2024-07-01,0,,0,,0,,103,5.20
13649,St Fillans,2025-07-01,0,,0,,0,,103,5.20
13651,St Georges Basin,2021-07-01,1188,502.75,1178,502.75,1181,358000,1249,496.88
13651,St Georges Basin,2022-07-01,1203,656.93,1193,656.80,1193,465000,1266,647.03
13651,St Georges Basin,2023-07-01,1191,579.44,1181,578.24,1183,409000,1252,570.65
13651,St Georges Basin,2024-07-01,1197,573.34,1187,573.21,1189,408000,1258,564.55
13651,St Georges Basin,2025-07-01,1206,560.46,1196,559.09,1195,398000,1269,552.11
13652,St Helens Park,2021-07-01,2130,786.05,2130,786.05,2096,434000,2142,784.81
13652,St Helens Park,2022-07-01,2133,995.59,2133,995.59,2099,550000,2145,994.75
13652,St Helens Park,2023-07-01,2133,961.16,2133,961.16,2099,530000,2145,959.39
13652,St Helens Park,2024-07-01,2133,1068.91,2133,1068.91,2099,590000,2145,1067.51
13652,St Helens Park,2025-07-01,2133,1124.18,2133,1124.18,2099,620000,2145,1122.42
13653,St Huberts Island,2021-07-01,523,1663.35,460,1660.18,518,1230000,523,1663.35
13653,St Huberts Island,2022-07-01,525,2142.86,461,2146.35,520,1585000,525,2142.86
13653,St Huberts Island,2023-07-01,523,2180.23,460,2151.74,518,1600000,523,2180.23
13653,St Huberts Island,2024-07-01,525,2177.86,461,2153.94,520,1600000,525,2177.86
13653,St Huberts Island,2025-07-01,525,2107.13,461,2085.04,520,1540000,525,2107.13
13654,St Ives (NSW),2021-07-01,4003,1732.22,3924,1729.99,3927,1650000,4038,1732.93
13654,St Ives (NSW),2022-07-01,4024,2209.71,3922,2201.54,3946,2140000,4062,2209.71
13654,St Ives (NSW),2023-07-01,4016,2074.15,3914,2071.26,3938,1990000,4053,2074.82
13654,St Ives (NSW),2024-07-01,4016,2186.05,3914,2183.94,3938,2100000,4053,2186.05
13654,St Ives (NSW),2025-07-01,4024,2207.72,3921,2203.56,3946,2120000,4062,2207.72
13655,St Ives Chase,2021-07-01,444,1915.01,444,1915.01,444,1870000,445,1915.01
13655,St Ives Chase,2022-07-01,449,2255.40,449,2255.40,448,2200000,450,2251.41
13655,St Ives Chase,2023-07-01,445,2334.59,445,2334.59,444,2270000,446,2334.59
13655,St Ives Chase,2024-07-01,445,2322.13,445,2322.13,444,2270000,446,2316.78
13655,St Ives Chase,2025-07-01,449,2371.54,449,2371.54,448,2310000,450,2369.20
13656,St Johns Park,2021-07-01,1763,1083.30,1761,1083.62,1760,622000,1772,1082.41
13656,St Johns Park,2022-07-01,1763,1249.13,1761,1249.13,1760,717000,1772,1248.04
13656,St Johns Park,2023-07-01,1763,1187.50,1761,1188.15,1760,682000,1772,1186.95
13656,St Johns Park,2024-07-01,1765,1369.89,1763,1369.89,1762,787000,1774,1368.16
13656,St Johns Park,2025-07-01,1765,1543.13,1763,1543.13,1762,887000,1774,1542.37
13657,St Leonards (NSW),2021-07-01,110,4264.25,103,4295.47,104,1955000,114,4291.21
13657,St Leonards (NSW),2022-07-01,122,4850.22,109,4870.60,116,2200000,126,4870.60
13657,St Leonards (NSW),2023-07-01,115,4511.14,106,4511.14,109,2040000,119,4511.14
13657,St Leonards (NSW),2024-07-01,123,4883.72,109,4888.57,116,2210000,127,4888.57
13657,St Leonards (NSW),2025-07-01,123,5427.75,109,5481.67,116,2480000,127,5427.75
13658,St Marys (NSW),2021-07-01,2876,686.26,2866,686.26,2609,439000,2918,684.69
13658,St Marys (NSW),2022-07-01,2915,912.27,2904,912.41,2633,553000,2958,911.12
13658,St Marys (NSW),2023-07-01,2915,856.81,2904,857.20,2633,524000,2958,855.28
13658,St Marys (NSW),2024-07-01,2916,953.87,2905,953.87,2633,582000,2959,953.87
13658,St Marys (NSW),2025-07-01,2916,1110.37,2905,1110.36,2633,684000,2959,1108.73
13659,St Peters (NSW),2021-07-01,841,4758.03,825,4751.47,829,945000,841,4758.03
13659,St Peters (NSW),2022-07-01,921,5233.27,896,5234.80,908,1050000,922,5232.45
13659,St Peters (NSW),2023-07-01,921,4826.25,896,4826.92,908,970000,922,4825.94
13659,St Peters (NSW),2024-07-01,930,5515.10,905,5517.24,917,1110000,931,5515.00
13659,St Peters (NSW),2025-07-01,930,5530.39,905,5534.86,917,1110000,931,5530.35
13662,Stanford Merthyr,2021-07-01,236,249.01,235,249.01,235,241000,238,249.01
13662,Stanford Merthyr,2022-07-01,236,368.64,235,368.64,235,373000,238,368.64
13662,Stanford Merthyr,2023-07-01,236,308.35,235,308.35,235,312000,238,308.35
13662,Stanford Merthyr,2024-07-01,236,319.22,235,319.22,235,323000,238,319.22
13662,Stanford Merthyr,2025-07-01,236,335.04,235,335.04,235,339000,238,335.04
13664,Stanhope Gardens,2021-07-01,2635,1340.00,2497,1340.00,2634,614000,2639,1340.00
13664,Stanhope Gardens,2022-07-01,2636,1681.57,2498,1682.22,2635,762000,2640,1681.10
13664,Stanhope Gardens,2023-07-01,2636,1757.78,2498,1757.86,2635,817000,2640,1757.78
13664,Stanhope Gardens,2024-07-01,2638,2057.78,2500,2057.78,2637,942000,2642,2057.78
13664,Stanhope Gardens,2025-07-01,2638,2100.00,2500,2100.00,2637,957000,2642,2100.00
13665,Stanmore (NSW),2021-07-01,2127,5843.59,2019,5874.38,2072,1340000,2127,5843.59
13665,Stanmore (NSW),2022-07-01,2138,6190.69,2030,6195.08,2083,1420000,2138,6190.69
13665,Stanmore (NSW),2023-07-01,2138,5874.38,2030,5874.38,2083,1340000,2138,5874.38
13665,Stanmore (NSW),2024-07-01,2144,6145.50,2036,6164.97,2089,1410000,2144,6145.50
13665,Stanmore (NSW),2025-07-01,2144,6281.07,2036,6292.24,2089,1440000,2144,6281.07
13668,Stanwell Park,2021-07-01,451,1496.36,447,1499.82,446,1090000,455,1490.00
13668,Stanwell Park,2022-07-01,453,2623.40,449,2645.40,448,1890000,457,2605.04
13668,Stanwell Park,2023-07-01,453,2245.65,449,2259.58,448,1610000,457,2243.47
13668,Stanwell Park,2024-07-01,458,2298.14,454,2310.05,453,1630000,462,2293.09
13668,Stanwell Park,2025-07-01,458,2243.66,454,2251.76,453,1600000,462,2228.59
13669,Stanwell Tops,2021-07-01,153,958.37,153,958.37,151,709000,153,958.37
13669,Stanwell Tops,2022-07-01,153,1378.75,153,1378.75,151,1020000,153,1378.75
13669,Stanwell Tops,2023-07-01,153,1317.92,153,1317.92,151,975000,153,1317.92
13669,Stanwell Tops,2024-07-01,154,1437.11,154,1437.11,152,1080000,154,1437.11
13669,Stanwell Tops,2025-07-01,154,1401.34,154,1401.34,152,1050000,154,1401.34
13675,Stockinbingal,2021-07-01,0,,0,,0,,129,22.46
13675,Stockinbingal,2022-07-01,0,,0,,0,,129,25.82
13675,Stockinbingal,2023-07-01,0,,0,,0,,129,28.39
13675,Stockinbingal,2024-07-01,0,,0,,0,,129,38.04
13675,Stockinbingal,2025-07-01,0,,0,,0,,129,34.99
13677,Stockton (NSW),2021-07-01,1539,1210.19,1525,1210.19,1523,569000,1542,1209.48
13677,Stockton (NSW),2022-07-01,1562,1290.14,1548,1291.42,1540,605000,1565,1289.87
13677,Stockton (NSW),2023-07-01,1556,1308.40,1542,1309.79,1536,615000,1559,1307.47
13677,Stockton (NSW),2024-07-01,1571,1442.97,1557,1442.97,1549,665000,1574,1442.95
13677,Stockton (NSW),2025-07-01,1571,1660.41,1557,1660.41,1549,766000,1574,1660.41
13679,Stokers Siding,2021-07-01,0,,0,,0,,29,302.33
13679,Stokers Siding,2022-07-01,0,,0,,0,,29,407.75
13679,Stokers Siding,2023-07-01,0,,0,,0,,29,407.75
13679,Stokers Siding,2024-07-01,0,,0,,0,,29,438.16
13679,Stokers Siding,2025-07-01,0,,0,,0,,29,490.02
13684,Stony Creek (Mid-Western Regional - NSW),2021-07-01,0,,0,,0,,18,2.91
13684,Stony Creek (Mid-Western Regional - NSW),2022-07-01,0,,0,,0,,18,4.43
13684,Stony Creek (Mid-Western Regional - NSW),2023-07-01,0,,0,,0,,18,3.62
13684,Stony Creek (Mid-Western Regional - NSW),2024-07-01,0,,0,,0,,18,4.34
13684,Stony Creek (Mid-Western Regional - NSW),2025-07-01,0,,0,,0,,18,4.34
13687,Stratford (NSW),2021-07-01,0,,0,,0,,56,51.41
13687,Stratford (NSW),2022-07-01,0,,0,,0,,60,74.64
13687,Stratford (NSW),2023-07-01,0,,0,,0,,58,72.66
13687,Stratford (NSW),2024-07-01,0,,0,,0,,65,77.61
13687,Stratford (NSW),2025-07-01,0,,0,,0,,65,77.61
13690,Strathfield (NSW),2021-07-01,4710,3075.34,4454,3084.65,4547,2170000,4740,3074.18
13690,Strathfield (NSW),2022-07-01,4754,3841.73,4482,3861.76,4583,2740000,4785,3838.96
13690,Strathfield (NSW),2023-07-01,4745,3577.93,4474,3590.87,4575,2550000,4776,3577.93
13690,Strathfield (NSW),2024-07-01,4745,4193.27,4478,4202.44,4575,3000000,4776,4190.79
13690,Strathfield (NSW),2025-07-01,4755,4568.69,4484,4598.57,4584,3260000,4786,4562.31
13691,Strathfield South,2021-07-01,798,2382.71,794,2382.71,778,1150000,804,2381.78
13691,Strathfield South,2022-07-01,799,2958.14,795,2961.47,779,1440000,805,2940.69
13691,Strathfield South,2023-07-01,798,2706.74,794,2709.54,778,1320000,804,2700.38
13691,Strathfield South,2024-07-01,798,3257.39,794,3259.02,778,1600000,804,3254.67
13691,Strathfield South,2025-07-01,799,3539.82,795,3539.82,779,1740000,805,3524.65
13692,Stroud,2021-07-01,0,,0,,0,,397,111.99
13692,Stroud,2022-07-01,0,,0,,0,,419,125.06
13692,Stroud,2023-07-01,0,,0,,0,,412,114.67
13692,Stroud,2024-07-01,0,,0,,0,,426,133.96
13692,Stroud,2025-07-01,0,,0,,0,,426,137.08
13694,Stroud Road,2021-07-01,0,,0,,0,,58,94.58
13694,Stroud Road,2022-07-01,0,,0,,0,,59,117.50
13694,Stroud Road,2023-07-01,0,,0,,0,,59,104.86
13694,Stroud Road,2024-07-01,0,,0,,0,,59,129.40
13694,Stroud Road,2025-07-01,0,,0,,0,,59,141.30
13695,Stuart Town,2021-07-01,0,,0,,0,,87,8.09
13695,Stuart Town,2022-07-01,0,,0,,0,,93,11.09
13695,Stuart Town,2023-07-01,0,,0,,0,,92,13.79
13695,Stuart Town,2024-07-01,0,,0,,0,,92,13.79
13695,Stuart Town,2025-07-01,0,,0,,0,,93,13.77
13696,Stuarts Point,2021-07-01,0,,0,,0,,403,252.98
13696,Stuarts Point,2022-07-01,0,,0,,0,,404,338.98
13696,Stuarts Point,2023-07-01,0,,0,,0,,403,433.04
13696,Stuarts Point,2024-07-01,0,,0,,0,,403,408.35
13696,Stuarts Point,2025-07-01,0,,0,,0,,404,399.03
13697,Stubbo,2021-07-01,0,,0,,0,,76,1.75
13697,Stubbo,2022-07-01,0,,0,,0,,76,2.55
13697,Stubbo,2023-07-01,0,,0,,0,,76,3.11
13697,Stubbo,2024-07-01,0,,0,,0,,76,3.39
13697,Stubbo,2025-07-01,0,,0,,0,,76,3.48
13699,Suffolk Park,2021-07-01,1239,1719.51,1008,1638.15,1128,1050000,1268,1686.74
13699,Suffolk Park,2022-07-01,1274,2113.18,1027,2015.32,1160,1300000,1306,2070.22
13699,Suffolk Park,2023-07-01,1268,1542.03,1019,1473.09,1155,950000,1299,1519.63
13699,Suffolk Park,2024-07-01,1272,1532.07,1023,1479.78,1158,950000,1304,1510.00
13699,Suffolk Park,2025-07-01,1274,1783.11,1025,1731.31,1160,1095000,1306,1764.72
13702,Summer Hill (Inner West - NSW),2021-07-01,1293,4208.47,966,4320.51,1163,1440000,1297,4206.95
13702,Summer Hill (Inner West - NSW),2022-07-01,1305,4446.00,978,4592.85,1172,1550000,1309,4433.47
13702,Summer Hill (Inner West - NSW),2023-07-01,1305,4236.09,978,4417.12,1172,1550000,1309,4235.71
13702,Summer Hill (Inner West - NSW),2024-07-01,1307,4547.70,980,4745.43,1173,1670000,1311,4540.82
13702,Summer Hill (Inner West - NSW),2025-07-01,1307,4623.34,980,4869.01,1173,1720000,1311,4621.47
13703,Summer Hill Creek,2021-07-01,0,,0,,0,,55,3.60
13703,Summer Hill Creek,2022-07-01,0,,0,,0,,55,4.79
13703,Summer Hill Creek,2023-07-01,0,,0,,0,,55,4.96
13703,Summer Hill Creek,2024-07-01,0,,0,,0,,55,4.96
13703,Summer Hill Creek,2025-07-01,0,,0,,0,,55,4.96
13705,Summerland Point,2021-07-01,1235,594.81,1184,593.52,1232,346000,1235,594.81
13705,Summerland Point,2022-07-01,1235,747.75,1183,747.75,1232,435000,1235,747.75
13705,Summerland Point,2023-07-01,1235,708.71,1183,708.71,1232,412000,1235,708.71
13705,Summerland Point,2024-07-01,1235,708.71,1184,708.71,1232,412000,1235,708.71
13705,Summerland Point,2025-07-01,1235,761.42,1182,759.07,1232,435000,1235,761.42
13708,Sunset Strip (NSW),2021-07-01,0,,0,,0,,142,9.00
13708,Sunset Strip (NSW),2022-07-01,0,,0,,0,,142,9.00
13708,Sunset Strip (NSW),2023-07-01,0,,0,,0,,142,9.00
13708,Sunset Strip (NSW),2024-07-01,0,,0,,0,,142,9.00
13708,Sunset Strip (NSW),2025-07-01,0,,0,,0,,142,9.00
13709,Sunshine (NSW),2021-07-01,240,551.82,186,492.35,239,381000,242,551.82
13709,Sunshine (NSW),2022-07-01,246,672.95,190,606.70,245,469000,248,672.95
13709,Sunshine (NSW),2023-07-01,246,672.95,192,613.35,245,469000,248,672.95
13709,Sunshine (NSW),2024-07-01,246,672.95,190,610.16,245,469000,248,672.95
13709,Sunshine (NSW),2025-07-01,246,723.42,190,655.90,245,504000,248,723.42
13710,Sunshine Bay,2021-07-01,752,339.72,752,339.72,715,249000,759,339.51
13710,Sunshine Bay,2022-07-01,764,527.86,764,527.86,718,387000,771,527.69
13710,Sunshine Bay,2023-07-01,753,545.03,753,545.03,715,395000,760,543.29
13710,Sunshine Bay,2024-07-01,762,511.64,762,511.64,717,371000,769,510.54
13710,Sunshine Bay,2025-07-01,764,472.00,764,472.00,718,342000,771,471.20
13712,Surf Beach (NSW),2021-07-01,831,411.57,829,411.49,781,271000,976,392.36
13712,Surf Beach (NSW),2022-07-01,833,657.57,831,657.57,783,444000,980,626.83
13712,Surf Beach (NSW),2023-07-01,831,657.57,829,657.57,781,444000,976,627.26
13712,Surf Beach (NSW),2024-07-01,833,653.06,831,652.95,783,422000,980,623.20
13712,Surf Beach (NSW),2025-07-01,833,629.00,831,628.94,783,405000,980,600.16
13713,Surfside,2021-07-01,667,422.54,667,422.54,656,268000,719,409.78
13713,Surfside,2022-07-01,667,675.81,667,675.81,656,429000,719,655.66
13713,Surfside,2023-07-01,667,617.74,667,617.74,656,392000,719,598.92
13713,Surfside,2024-07-01,667,602.35,667,602.35,656,381000,719,582.52
13713,Surfside,2025-07-01,667,601.68,667,601.68,656,381000,719,582.52
13714,Surry Hills,2021-07-01,991,11933.86,811,12126.54,939,1560000,996,11900.81
13714,Surry Hills,2022-07-01,1003,13356.77,817,13556.62,950,1770000,1008,13356.77
13714,Surry Hills,2023-07-01,1003,12558.14,817,12653.78,950,1690000,1008,12539.15
13714,Surry Hills,2024-07-01,1003,13280.63,817,13372.86,950,1740000,1008,13275.71
13714,Surry Hills,2025-07-01,1003,13484.27,817,13627.53,950,1760000,1008,13479.42
13715,Sussex Inlet,2021-07-01,2058,491.47,2019,486.51,2015,325000,2224,478.91
13715,Sussex Inlet,2022-07-01,2250,687.92,2202,685.85,2200,443000,2421,676.83
13715,Sussex Inlet,2023-07-01,2156,592.63,2105,590.83,2107,393000,2325,581.55
13715,Sussex Inlet,2024-07-01,2204,591.57,2144,589.55,2154,389000,2373,581.55
13715,Sussex Inlet,2025-07-01,2250,582.65,2190,580.47,2200,385000,2421,572.03
13716,Sutherland (NSW),2021-07-01,1019,1476.39,997,1464.82,840,949000,1041,1476.39
13716,Sutherland (NSW),2022-07-01,1063,1584.79,1039,1581.51,877,1000000,1085,1586.08
13716,Sutherland (NSW),2023-07-01,1055,1491.87,1031,1491.87,870,950500,1077,1491.87
13716,Sutherland (NSW),2024-07-01,1085,1596.63,1061,1589.24,896,998000,1107,1604.61
13716,Sutherland (NSW),2025-07-01,1085,1667.70,1043,1667.07,896,1030000,1107,1671.94
13717,Sutton (NSW),2021-07-01,0,,0,,0,,103,243.20
13717,Sutton (NSW),2022-07-01,0,,0,,0,,171,174.05
13717,Sutton (NSW),2023-07-01,0,,0,,0,,167,178.29
13717,Sutton (NSW),2024-07-01,0,,0,,0,,169,174.05
13717,Sutton (NSW),2025-07-01,0,,0,,0,,171,165.82
13718,Sutton Forest,2021-07-01,1,,1,,1,,21,133.75
13718,Sutton Forest,2022-07-01,1,,1,,1,,21,214.00
13718,Sutton Forest,2023-07-01,1,,1,,1,,21,214.00
13718,Sutton Forest,2024-07-01,1,,1,,1,,21,214.00
13718,Sutton Forest,2025-07-01,1,,1,,1,,21,219.00
13719,Swan Bay (Port Stephens - NSW),2021-07-01,22,268.77,22,268.77,22,341000,29,268.67
13719,Swan Bay (Port Stephens - NSW),2022-07-01,22,330.25,22,330.25,22,419000,29,330.13
13719,Swan Bay (Port Stephens - NSW),2023-07-01,22,313.69,22,313.69,22,398000,29,313.58
13719,Swan Bay (Port Stephens - NSW),2024-07-01,22,323.15,22,323.15,22,410000,29,323.04
13719,Swan Bay (Port Stephens - NSW),2025-07-01,22,323.15,22,323.15,22,410000,29,323.04
13720,Swan Bay (Richmond Valley - NSW),2021-07-01,0,,0,,0,,51,24.15
13720,Swan Bay (Richmond Valley - NSW),2022-07-01,0,,0,,0,,77,36.82
13720,Swan Bay (Richmond Valley - NSW),2023-07-01,0,,0,,0,,77,40.27
13720,Swan Bay (Richmond Valley - NSW),2024-07-01,0,,0,,0,,77,40.27
13720,Swan Bay (Richmond Valley - NSW),2025-07-01,0,,0,,0,,77,38.18
13721,Swan Creek (NSW),2021-07-01,18,136.01,18,136.01,18,139000,20,128.10
13721,Swan Creek (NSW),2022-07-01,18,162.64,18,162.64,18,166500,20,153.25
13721,Swan Creek (NSW),2023-07-01,18,162.64,18,162.64,18,166500,20,153.25
13721,Swan Creek (NSW),2024-07-01,18,162.64,18,162.64,18,166500,20,153.25
13721,Swan Creek (NSW),2025-07-01,18,125.55,18,125.55,18,128500,20,118.14
13724,Swanhaven,2021-07-01,101,458.08,101,458.08,101,336000,102,458.08
13724,Swanhaven,2022-07-01,101,580.78,101,580.78,101,426000,102,580.78
13724,Swanhaven,2023-07-01,101,580.78,101,580.78,101,426000,102,580.78
13724,Swanhaven,2024-07-01,101,563.05,101,563.05,101,413000,102,563.05
13724,Swanhaven,2025-07-01,101,546.69,101,546.69,101,401000,102,546.69
13726,Swansea (NSW),2021-07-01,1735,730.12,1709,730.12,1681,494000,1749,728.87
13726,Swansea (NSW),2022-07-01,1751,896.22,1723,896.22,1695,591000,1765,892.56
13726,Swansea (NSW),2023-07-01,1738,878.42,1710,878.42,1684,567000,1752,874.83
13726,Swansea (NSW),2024-07-01,1748,933.01,1720,933.01,1692,613000,1762,933.01
13726,Swansea (NSW),2025-07-01,1751,882.69,1723,882.69,1695,580000,1765,882.69
13727,Swansea Heads,2021-07-01,246,1163.18,245,1164.02,245,782000,246,1163.18
13727,Swansea Heads,2022-07-01,253,1392.89,252,1393.90,251,934000,253,1392.89
13727,Swansea Heads,2023-07-01,249,1443.00,248,1443.19,247,972000,249,1443.00
13727,Swansea Heads,2024-07-01,249,1461.29,248,1461.29,247,994000,249,1461.29
13727,Swansea Heads,2025-07-01,253,1428.34,252,1428.34,251,968000,253,1428.34
13729,Sydenham (NSW),2021-07-01,364,4191.60,359,4194.34,363,895000,364,4191.60
13729,Sydenham (NSW),2022-07-01,374,4650.11,369,4665.41,373,992000,374,4650.11
13729,Sydenham (NSW),2023-07-01,374,4276.79,369,4288.43,373,904000,374,4276.79
13729,Sydenham (NSW),2024-07-01,378,4919.91,373,4925.44,377,1010000,378,4919.91
13729,Sydenham (NSW),2025-07-01,378,4919.91,373,4925.44,377,1010000,378,4919.91
13732,Sylvania,2021-07-01,2180,1550.63,2156,1550.51,2020,1000000,2200,1550.63
13732,Sylvania,2022-07-01,2270,1755.29,2246,1753.84,2108,1110000,2291,1755.30
13732,Sylvania,2023-07-01,2233,1728.07,2209,1725.97,2072,1110000,2253,1728.35
13732,Sylvania,2024-07-01,2296,1887.69,2272,1885.34,2134,1190000,2317,1888.89
13732,Sylvania,2025-07-01,2296,1911.04,2256,1909.34,2134,1210000,2317,1910.43
13733,Sylvania Waters,2021-07-01,897,2312.53,895,2312.53,895,1360000,900,2310.60
13733,Sylvania Waters,2022-07-01,904,2533.58,902,2533.58,902,1490000,907,2533.58
13733,Sylvania Waters,2023-07-01,903,2397.55,901,2397.55,901,1410000,906,2397.55
13733,Sylvania Waters,2024-07-01,904,2618.60,902,2618.60,902,1540000,907,2618.60
13733,Sylvania Waters,2025-07-01,904,2664.60,904,2664.60,902,1550000,907,2664.60
13734,Tabbil Creek,2021-07-01,0,,0,,0,,44,27.89
13734,Tabbil Creek,2022-07-01,0,,0,,0,,44,35.44
13734,Tabbil Creek,2023-07-01,0,,0,,0,,44,37.09
13734,Tabbil Creek,2024-07-01,0,,0,,0,,44,37.05
13734,Tabbil Creek,2025-07-01,0,,0,,0,,44,33.87
13737,Table Top,2021-07-01,1,,0,,1,,393,17.18
13737,Table Top,2022-07-01,1,,0,,1,,422,22.80
13737,Table Top,2023-07-01,1,,0,,1,,422,24.31
13737,Table Top,2024-07-01,1,,0,,1,,422,25.00
13737,Table Top,2025-07-01,1,,0,,1,,422,26.31
13738,Tabulam,2021-07-01,0,,0,,0,,74,23.23
13738,Tabulam,2022-07-01,0,,0,,0,,91,31.58
13738,Tabulam,2023-07-01,0,,0,,0,,79,34.62
13738,Tabulam,2024-07-01,0,,0,,0,,86,38.30
13738,Tabulam,2025-07-01,0,,0,,0,,91,49.81
13739,Tacoma,2021-07-01,229,383.90,229,383.90,229,385000,236,371.98
13739,Tacoma,2022-07-01,229,440.33,229,440.33,229,442000,236,423.70
13739,Tacoma,2023-07-01,229,407.86,229,407.86,229,420000,236,403.33
13739,Tacoma,2024-07-01,229,423.41,229,423.41,229,426000,236,403.33
13739,Tacoma,2025-07-01,229,427.74,229,427.74,229,441000,236,422.76
13740,Tacoma South,2021-07-01,79,420.21,77,420.21,79,460000,102,337.94
13740,Tacoma South,2022-07-01,79,455.45,77,455.45,79,499000,102,366.49
13740,Tacoma South,2023-07-01,79,400.33,77,400.33,79,439000,102,322.16
13740,Tacoma South,2024-07-01,79,417.50,77,417.50,79,458000,102,336.27
13740,Tacoma South,2025-07-01,79,417.50,77,417.50,79,458000,102,336.27
13742,Tahmoor,2021-07-01,2270,504.52,2266,504.64,2235,390000,2451,464.54
13742,Tahmoor,2022-07-01,2624,688.74,2621,689.09,2586,478500,2818,639.95
13742,Tahmoor,2023-07-01,2310,647.73,2307,649.31,2273,498000,2491,607.71
13742,Tahmoor,2024-07-01,2604,718.02,2601,718.67,2566,473000,2792,673.44
13742,Tahmoor,2025-07-01,2624,730.61,2621,731.37,2586,487000,2818,683.13
13743,Talarm,2021-07-01,0,,0,,0,,27,13.60
13743,Talarm,2022-07-01,0,,0,,0,,27,19.90
13743,Talarm,2023-07-01,0,,0,,0,,27,18.90
13743,Talarm,2024-07-01,0,,0,,0,,27,21.06
13743,Talarm,2025-07-01,0,,0,,0,,27,22.19
13745,Talbingo,2021-07-01,0,,0,,0,,322,149.45
13745,Talbingo,2022-07-01,0,,0,,0,,322,224.18
13745,Talbingo,2023-07-01,0,,0,,0,,322,232.64
13745,Talbingo,2024-07-01,0,,0,,0,,322,232.64
13745,Talbingo,2025-07-01,0,,0,,0,,322,230.93
13746,Tallawang,2021-07-01,0,,0,,0,,51,1.31
13746,Tallawang,2022-07-01,0,,0,,0,,51,1.90
13746,Tallawang,2023-07-01,0,,0,,0,,51,2.32
13746,Tallawang,2024-07-01,0,,0,,0,,51,2.54
13746,Tallawang,2025-07-01,0,,0,,0,,51,2.60
13747,Tallawong,2021-07-01,2001,1287.84,1951,1286.67,1989,476000,2020,1286.67
13747,Tallawong,2022-07-01,2089,1774.19,2039,1771.64,2074,651500,2111,1774.19
13747,Tallawong,2023-07-01,2010,1872.82,1960,1867.97,1996,690000,2031,1870.31
13747,Tallawong,2024-07-01,2118,2078.61,2068,2073.21,2102,761000,2144,2074.51
13747,Tallawong,2025-07-01,2118,2104.22,2068,2098.82,2102,770000,2144,2100.69
13748,Tallimba,2021-07-01,0,,0,,0,,51,1.20
13748,Tallimba,2022-07-01,0,,0,,0,,55,2.04
13748,Tallimba,2023-07-01,0,,0,,0,,55,3.83
13748,Tallimba,2024-07-01,0,,0,,0,,55,3.83
13748,Tallimba,2025-07-01,0,,0,,0,,55,3.83
13749,Tallong,2021-07-01,0,,0,,0,,287,24.39
13749,Tallong,2022-07-01,0,,0,,0,,310,38.96
13749,Tallong,2023-07-01,0,,0,,0,,308,52.41
13749,Tallong,2024-07-01,0,,0,,0,,310,42.01
13749,Tallong,2025-07-01,0,,0,,0,,310,42.01
13753,Tallwoods Village,2021-07-01,675,210.25,643,203.70,667,181000,703,204.10
13753,Tallwoods Village,2022-07-01,681,330.11,649,322.19,672,295500,709,322.98
13753,Tallwoods Village,2023-07-01,679,287.43,647,281.85,670,256000,707,283.07
13753,Tallwoods Village,2024-07-01,688,265.79,656,258.72,679,236000,716,260.37
13753,Tallwoods Village,2025-07-01,688,266.35,656,258.72,679,236000,716,260.37
13756,Taloumbi,2021-07-01,0,,0,,0,,15,30.74
13756,Taloumbi,2022-07-01,0,,0,,0,,15,53.79
13756,Taloumbi,2023-07-01,0,,0,,0,,15,46.11
13756,Taloumbi,2024-07-01,0,,0,,0,,15,46.11
13756,Taloumbi,2025-07-01,0,,0,,0,,15,43.48
13757,Tamarama,2021-07-01,331,10379.24,310,10210.34,266,3760000,332,10345.60
13757,Tamarama,2022-07-01,338,12704.21,316,12704.21,272,4700000,339,12704.21
13757,Tamarama,2023-07-01,333,13486.27,311,13486.27,267,5040000,334,13486.27
13757,Tamarama,2024-07-01,337,15549.48,315,15480.23,271,5540000,338,15549.48
13757,Tamarama,2025-07-01,338,16197.24,316,15811.92,272,5755000,339,16185.40
13759,Tambar Springs,2021-07-01,0,,0,,0,,81,7.41
13759,Tambar Springs,2022-07-01,0,,0,,0,,82,10.87
13759,Tambar Springs,2023-07-01,0,,0,,0,,81,10.87
13759,Tambar Springs,2024-07-01,0,,0,,0,,82,10.87
13759,Tambar Springs,2025-07-01,0,,0,,0,,82,10.87
13763,Tanglewood,2021-07-01,0,,0,,0,,20,77.43
13763,Tanglewood,2022-07-01,0,,0,,0,,26,108.19
13763,Tanglewood,2023-07-01,0,,0,,0,,21,103.47
13763,Tanglewood,2024-07-01,0,,0,,0,,26,119.45
13763,Tanglewood,2025-07-01,0,,0,,0,,26,125.51
13764,Tanilba Bay,2021-07-01,1371,413.37,1363,413.37,1364,269000,1376,413.37
13764,Tanilba Bay,2022-07-01,1392,539.81,1383,539.68,1382,344000,1397,539.45
13764,Tanilba Bay,2023-07-01,1383,547.13,1375,546.33,1374,346000,1388,546.27
13764,Tanilba Bay,2024-07-01,1385,549.78,1376,549.36,1376,353500,1390,548.64
13764,Tanilba Bay,2025-07-01,1392,551.60,1383,550.49,1382,354000,1397,550.49
13770,Tapitallee,2021-07-01,0,,0,,0,,151,128.04
13770,Tapitallee,2022-07-01,0,,0,,0,,151,230.53
13770,Tapitallee,2023-07-01,0,,0,,0,,151,216.16
13770,Tapitallee,2024-07-01,0,,0,,0,,151,216.16
13770,Tapitallee,2025-07-01,0,,0,,0,,151,216.16
13773,Tarago,2021-07-01,0,,0,,0,,139,55.94
13773,Tarago,2022-07-01,0,,0,,0,,140,85.85
13773,Tarago,2023-07-01,0,,0,,0,,140,90.12
13773,Tarago,2024-07-01,0,,0,,0,,144,86.69
13773,Tarago,2025-07-01,0,,0,,0,,144,103.81
13774,Taralga,2021-07-01,0,,0,,0,,241,72.07
13774,Taralga,2022-07-01,0,,0,,0,,251,72.52
13774,Taralga,2023-07-01,0,,0,,0,,249,73.24
13774,Taralga,2024-07-01,0,,0,,0,,260,77.37
13774,Taralga,2025-07-01,0,,0,,0,,260,94.13
13775,Tarana,2021-07-01,0,,0,,0,,34,54.51
13775,Tarana,2022-07-01,0,,0,,0,,35,60.34
13775,Tarana,2023-07-01,0,,0,,0,,35,63.76
13775,Tarana,2024-07-01,0,,0,,0,,35,80.87
13775,Tarana,2025-07-01,0,,0,,0,,35,82.43
13777,Tarbuck Bay,2021-07-01,0,,0,,0,,104,206.90
13777,Tarbuck Bay,2022-07-01,0,,0,,0,,106,413.30
13777,Tarbuck Bay,2023-07-01,0,,0,,0,,106,385.65
13777,Tarbuck Bay,2024-07-01,0,,0,,0,,106,385.65
13777,Tarbuck Bay,2025-07-01,0,,0,,0,,106,410.18
13778,Tarcutta,2021-07-01,0,,0,,0,,135,32.13
13778,Tarcutta,2022-07-01,0,,0,,0,,138,36.93
13778,Tarcutta,2023-07-01,0,,0,,0,,138,40.58
13778,Tarcutta,2024-07-01,0,,0,,0,,138,40.58
13778,Tarcutta,2025-07-01,0,,0,,0,,138,40.58
13779,Taree,2021-07-01,5616,232.36,5526,232.21,5427,178000,6058,225.80
13779,Taree,2022-07-01,5672,292.30,5581,292.29,5472,230000,6128,285.09
13779,Taree,2023-07-01,5668,274.90,5578,275.04,5470,213000,6121,268.12
13779,Taree,2024-07-01,5698,275.83,5607,276.23,5496,215000,6160,267.72
13779,Taree,2025-07-01,5698,267.95,5607,268.15,5496,207000,6160,259.83
13780,Taree South,2021-07-01,0,,0,,0,,79,27.80
13780,Taree South,2022-07-01,0,,0,,0,,79,36.76
13780,Taree South,2023-07-01,0,,0,,0,,79,33.47
13780,Taree South,2024-07-01,0,,0,,0,,81,33.44
13780,Taree South,2025-07-01,0,,0,,0,,81,32.70
13781,Taren Point,2021-07-01,249,1952.97,247,1952.97,223,1270000,250,1952.97
13781,Taren Point,2022-07-01,264,2137.51,262,2137.51,236,1360000,265,2137.51
13781,Taren Point,2023-07-01,260,2029.86,258,2029.86,232,1320000,261,2029.86
13781,Taren Point,2024-07-01,270,2218.74,268,2217.85,242,1380000,271,2218.56
13781,Taren Point,2025-07-01,270,2337.42,267,2337.42,242,1450000,271,2337.42
13783,Tarraganda,2021-07-01,0,,0,,0,,121,33.94
13783,Tarraganda,2022-07-01,0,,0,,0,,127,52.67
13783,Tarraganda,2023-07-01,0,,0,,0,,127,47.68
13783,Tarraganda,2024-07-01,0,,0,,0,,127,47.68
13783,Tarraganda,2025-07-01,0,,0,,0,,127,48.70
13784,Tarrawanna,2021-07-01,598,947.62,597,950.25,569,661000,602,943.42
13784,Tarrawanna,2022-07-01,608,1230.98,607,1231.07,576,860000,612,1227.43
13784,Tarrawanna,2023-07-01,604,1063.80,603,1064.08,572,743000,608,1060.88
13784,Tarrawanna,2024-07-01,610,1075.60,609,1076.98,577,753000,614,1074.22
13784,Tarrawanna,2025-07-01,610,1036.72,609,1036.89,577,725000,614,1034.11
13786,Tarro,2021-07-01,552,403.37,550,404.25,542,259000,558,401.97
13786,Tarro,2022-07-01,553,436.44,551,438.46,543,280000,560,435.36
13786,Tarro,2023-07-01,553,421.56,551,422.80,543,270000,560,420.06
13786,Tarro,2024-07-01,559,485.67,557,486.07,549,310000,566,483.83
13786,Tarro,2025-07-01,559,517.00,557,517.02,549,330000,566,515.49
13787,Tascott,2021-07-01,691,802.38,665,790.71,688,490000,692,800.67
13787,Tascott,2022-07-01,691,868.15,666,859.85,688,543000,692,867.78
13787,Tascott,2023-07-01,691,819.04,666,809.42,688,507000,692,818.68
13787,Tascott,2024-07-01,691,839.92,665,828.94,688,520000,692,839.52
13787,Tascott,2025-07-01,691,887.53,666,877.49,688,550000,692,887.53
13789,Tathra,2021-07-01,782,560.75,773,560.75,757,398000,827,550.13
13789,Tathra,2022-07-01,784,909.70,775,910.78,757,646000,829,888.23
13789,Tathra,2023-07-01,784,847.00,767,844.96,757,594000,829,826.43
13789,Tathra,2024-07-01,792,848.03,775,847.27,764,595000,837,826.78
13789,Tathra,2025-07-01,792,860.91,775,860.44,764,600000,837,840.13
13790,Tatton,2021-07-01,847,235.88,684,232.74,819,204000,904,234.20
13790,Tatton,2022-07-01,895,295.70,730,291.57,867,255000,954,293.28
13790,Tatton,2023-07-01,895,354.39,730,349.64,867,303000,954,351.62
13790,Tatton,2024-07-01,895,354.39,730,349.64,867,303000,954,351.62
13790,Tatton,2025-07-01,895,371.38,730,366.34,867,318000,954,368.52
13791,Taylors Arm,2021-07-01,0,,0,,0,,30,67.19
13791,Taylors Arm,2022-07-01,0,,0,,0,,30,129.21
13791,Taylors Arm,2023-07-01,0,,0,,0,,30,129.21
13791,Taylors Arm,2024-07-01,0,,0,,0,,30,134.38
13791,Taylors Arm,2025-07-01,0,,0,,0,,30,155.05
13792,Taylors Beach (NSW),2021-07-01,60,582.30,60,582.30,60,389500,62,571.93
13792,Taylors Beach (NSW),2022-07-01,60,709.41,60,709.41,60,474500,62,696.49
13792,Taylors Beach (NSW),2023-07-01,60,743.88,60,743.88,60,498000,62,729.82
13792,Taylors Beach (NSW),2024-07-01,60,743.88,60,743.88,60,498000,62,729.82
13792,Taylors Beach (NSW),2025-07-01,60,758.02,60,758.02,60,507500,62,743.86
13794,Tea Gardens,2021-07-01,1161,487.51,895,471.67,1129,334000,1247,477.06
13794,Tea Gardens,2022-07-01,1170,669.62,904,649.53,1138,464000,1259,657.21
13794,Tea Gardens,2023-07-01,1168,612.68,898,593.38,1136,423000,1257,598.88
13794,Tea Gardens,2024-07-01,1178,615.36,908,593.41,1146,423000,1267,600.10
13794,Tea Gardens,2025-07-01,1178,630.43,908,607.96,1146,433000,1267,614.25
13795,Telarah,2021-07-01,965,468.16,965,468.16,961,265000,969,467.85
13795,Telarah,2022-07-01,971,603.74,971,603.74,967,356000,976,603.64
13795,Telarah,2023-07-01,967,573.13,967,573.13,963,338000,971,573.03
13795,Telarah,2024-07-01,968,612.19,968,612.19,964,361000,972,612.14
13795,Telarah,2025-07-01,971,629.32,971,629.32,967,371000,976,629.29
13796,Telegraph Point,2021-07-01,0,,0,,0,,142,28.68
13796,Telegraph Point,2022-07-01,0,,0,,0,,142,37.40
13796,Telegraph Point,2023-07-01,0,,0,,0,,142,38.85
13796,Telegraph Point,2024-07-01,0,,0,,0,,142,38.85
13796,Telegraph Point,2025-07-01,0,,0,,0,,142,40.78
13797,Telopea,2021-07-01,1000,1679.50,996,1679.70,927,1100000,1012,1674.42
13797,Telopea,2022-07-01,1077,2246.53,1073,2248.06,1002,1420000,1089,2240.45
13797,Telopea,2023-07-01,1077,2060.36,1073,2068.76,1002,1300000,1089,2055.52
13797,Telopea,2024-07-01,1077,2137.69,1073,2137.94,1002,1360000,1089,2122.64
13797,Telopea,2025-07-01,1077,2236.79,1073,2237.82,1002,1440000,1089,2222.89
13799,Temora,2021-07-01,1524,85.18,1464,84.33,1520,84200,1736,81.32
13799,Temora,2022-07-01,1677,122.88,1599,120.55,1672,121000,1905,115.50
13799,Temora,2023-07-01,1677,136.10,1599,133.80,1672,134000,1905,129.84
13799,Temora,2024-07-01,1677,142.29,1599,139.95,1672,140000,1905,135.17
13799,Temora,2025-07-01,1677,149.21,1599,146.83,1672,147000,1905,141.30
13800,Tempe,2021-07-01,1228,3512.96,1202,3527.98,1217,970000,1229,3512.01
13800,Tempe,2022-07-01,1240,3775.20,1214,3788.76,1229,1040000,1241,3772.94
13800,Tempe,2023-07-01,1240,3632.20,1214,3632.20,1229,1000000,1241,3632.20
13800,Tempe,2024-07-01,1247,3861.26,1221,3862.93,1236,1070000,1248,3861.26
13800,Tempe,2025-07-01,1247,3981.02,1221,3981.02,1236,1100000,1248,3981.02
13802,Tenambit,2021-07-01,1134,443.91,1134,443.91,1105,310000,1141,443.36
13802,Tenambit,2022-07-01,1139,616.23,1139,616.23,1109,430000,1148,615.15
13802,Tenambit,2023-07-01,1138,544.65,1138,544.65,1108,380000,1145,544.11
13802,Tenambit,2024-07-01,1139,572.52,1139,572.52,1109,400000,1147,570.87
13802,Tenambit,2025-07-01,1139,600.86,1139,600.86,1109,420000,1148,598.27
13805,Tennyson Point,2021-07-01,374,3146.77,359,3218.18,358,2210000,375,3144.76
13805,Tennyson Point,2022-07-01,406,4578.90,391,4633.06,389,3600000,407,4577.25
13805,Tennyson Point,2023-07-01,402,3984.82,387,4027.67,385,2960000,403,3984.18
13805,Tennyson Point,2024-07-01,402,4089.45,387,4100.17,385,2970000,403,4089.45
13805,Tennyson Point,2025-07-01,406,4575.39,391,4625.48,389,3400000,407,4574.66
13807,Tenterfield,2021-07-01,0,,0,,0,,1797,44.66
13807,Tenterfield,2022-07-01,0,,0,,0,,1880,67.82
13807,Tenterfield,2023-07-01,0,,0,,0,,1863,68.05
13807,Tenterfield,2024-07-01,0,,0,,0,,1880,69.41
13807,Tenterfield,2025-07-01,0,,0,,0,,1879,93.78
13808,Teralba,2021-07-01,915,560.00,913,560.73,910,353000,943,555.12
13808,Teralba,2022-07-01,1004,730.57,1002,731.31,998,453000,1035,726.13
13808,Teralba,2023-07-01,992,705.56,990,706.02,986,440000,1022,701.07
13808,Teralba,2024-07-01,1001,722.44,999,722.44,995,450000,1031,719.28
13808,Teralba,2025-07-01,1004,767.13,1002,768.05,998,481000,1035,757.71
13816,Terramungamine,2021-07-01,0,,0,,0,,66,2.38
13816,Terramungamine,2022-07-01,0,,0,,0,,66,3.68
13816,Terramungamine,2023-07-01,0,,0,,0,,66,3.68
13816,Terramungamine,2024-07-01,0,,0,,0,,66,3.68
13816,Terramungamine,2025-07-01,0,,0,,0,,66,4.41
13817,Terranora,2021-07-01,194,633.96,194,633.96,193,426000,1205,311.03
13817,Terranora,2022-07-01,271,1059.42,271,1059.42,270,682000,1293,458.30
13817,Terranora,2023-07-01,271,996.54,271,996.54,270,641000,1293,443.43
13817,Terranora,2024-07-01,271,818.87,271,818.87,270,539000,1293,430.33
13817,Terranora,2025-07-01,271,839.30,271,839.30,270,545000,1293,452.36
13819,Terrey Hills,2021-07-01,714,1511.55,699,1510.87,710,1080000,715,1511.55
13819,Terrey Hills,2022-07-01,714,1870.19,699,1868.89,710,1340000,715,1870.19
13819,Terrey Hills,2023-07-01,714,1568.77,699,1567.70,710,1130000,715,1568.09
13819,Terrey Hills,2024-07-01,714,1720.31,699,1719.39,710,1240000,715,1720.31
13819,Terrey Hills,2025-07-01,714,1811.52,699,1803.55,710,1300000,715,1811.39
13820,Terrigal,2021-07-01,3682,1229.84,3535,1236.52,3375,757000,3711,1228.01
13820,Terrigal,2022-07-01,3710,1349.75,3563,1363.33,3396,825000,3741,1348.26
13820,Terrigal,2023-07-01,3690,1231.77,3543,1239.52,3380,754000,3720,1229.54
13820,Terrigal,2024-07-01,3701,1329.07,3554,1336.85,3388,815000,3731,1328.18
13820,Terrigal,2025-07-01,3710,1326.51,3563,1336.08,3396,806000,3741,1324.90
13826,Tharbogang,2021-07-01,0,,0,,0,,42,67.19
13826,Tharbogang,2022-07-01,0,,0,,0,,43,80.63
13826,Tharbogang,2023-07-01,0,,0,,0,,43,80.63
13826,Tharbogang,2024-07-01,0,,0,,0,,43,80.63
13826,Tharbogang,2025-07-01,0,,0,,0,,43,84.58
13832,The Channon,2021-07-01,0,,0,,0,,48,165.26
13832,The Channon,2022-07-01,0,,0,,0,,48,215.49
13832,The Channon,2023-07-01,0,,0,,0,,48,248.66
13832,The Channon,2024-07-01,0,,0,,0,,48,269.89
13832,The Channon,2025-07-01,0,,0,,0,,48,269.89
13834,The Entrance,2021-07-01,984,958.02,980,959.57,805,538000,988,958.02
13834,The Entrance,2022-07-01,1021,1085.04,1017,1085.63,838,590500,1025,1085.04
13834,The Entrance,2023-07-01,1003,1019.72,999,1020.90,821,556000,1007,1019.45
13834,The Entrance,2024-07-01,1016,1085.70,1012,1085.70,834,603000,1020,1085.19
13834,The Entrance,2025-07-01,1022,1187.58,1006,1185.13,838,646500,1026,1186.97
13835,The Entrance North,2021-07-01,518,1262.30,474,1219.59,476,750000,525,1256.52
13835,The Entrance North,2022-07-01,518,1377.74,473,1343.69,476,790000,525,1377.74
13835,The Entrance North,2023-07-01,518,1391.60,474,1359.98,476,790000,525,1377.74
13835,The Entrance North,2024-07-01,518,1347.04,473,1315.41,476,790000,525,1333.64
13835,The Entrance North,2025-07-01,518,1329.98,470,1303.92,476,747500,525,1329.98
13842,The Hill,2021-07-01,457,2686.35,372,2366.46,363,1230000,464,2666.58
13842,The Hill,2022-07-01,473,3157.13,387,2921.86,377,1450000,480,3146.99
13842,The Hill,2023-07-01,469,3031.10,383,2776.63,373,1380000,476,3007.99
13842,The Hill,2024-07-01,476,3007.99,390,2744.41,380,1330000,483,2988.82
13842,The Hill,2025-07-01,476,3288.64,390,3017.07,380,1460000,483,3280.32
13843,The Junction,2021-07-01,327,2767.79,315,2752.29,296,1245000,328,2761.45
13843,The Junction,2022-07-01,335,2839.68,322,2834.31,303,1290000,336,2838.82
13843,The Junction,2023-07-01,334,2694.89,321,2687.69,303,1220000,335,2693.88
13843,The Junction,2024-07-01,335,2747.58,322,2737.22,303,1270000,336,2747.58
13843,The Junction,2025-07-01,335,3105.45,322,3088.51,303,1350000,336,3104.06
13844,The Lagoon,2021-07-01,0,,0,,0,,54,21.07
13844,The Lagoon,2022-07-01,0,,0,,0,,59,30.98
13844,The Lagoon,2023-07-01,0,,0,,0,,59,37.78
13844,The Lagoon,2024-07-01,0,,0,,0,,66,39.54
13844,The Lagoon,2025-07-01,0,,0,,0,,66,39.54
13847,The Oaks,2021-07-01,714,431.66,712,432.12,707,431000,728,427.68
13847,The Oaks,2022-07-01,719,644.60,717,645.13,711,644000,733,639.38
13847,The Oaks,2023-07-01,718,618.46,716,618.46,710,618000,732,618.26
13847,The Oaks,2024-07-01,719,613.92,717,613.92,711,620000,733,612.64
13847,The Oaks,2025-07-01,719,612.05,717,612.64,711,620000,733,611.33
13851,The Ponds,2021-07-01,4882,1521.35,4882,1521.35,4850,658000,4885,1521.22
13851,The Ponds,2022-07-01,4948,1840.00,4948,1840.00,4916,801000,4951,1840.00
13851,The Ponds,2023-07-01,4887,2105.26,4887,2105.26,4855,912000,4890,2105.26
13851,The Ponds,2024-07-01,4954,2339.16,4954,2339.16,4922,1010000,4957,2339.06
13851,The Ponds,2025-07-01,4954,2362.59,4954,2362.59,4922,1020000,4957,2362.20
13854,The Rock,2021-07-01,0,,0,,0,,483,39.05
13854,The Rock,2022-07-01,0,,0,,0,,506,48.51
13854,The Rock,2023-07-01,0,,0,,0,,506,54.37
13854,The Rock,2024-07-01,0,,0,,0,,506,69.44
13854,The Rock,2025-07-01,0,,0,,0,,506,76.14
13863,Thirlmere,2021-07-01,1355,545.27,1350,547.00,1348,396000,1538,476.85
13863,Thirlmere,2022-07-01,1499,700.59,1493,700.59,1488,495000,1727,617.87
13863,Thirlmere,2023-07-01,1368,692.58,1362,693.41,1359,495000,1571,598.94
13863,Thirlmere,2024-07-01,1411,700.03,1405,700.19,1400,499000,1635,604.48
13863,Thirlmere,2025-07-01,1499,736.23,1493,736.23,1488,520000,1727,654.37
13864,Thirroul,2021-07-01,1875,1732.77,1853,1734.40,1761,1040000,1885,1731.31
13864,Thirroul,2022-07-01,1902,2275.29,1880,2275.29,1786,1370000,1913,2269.21
13864,Thirroul,2023-07-01,1895,2031.48,1873,2031.59,1780,1230000,1906,2027.03
13864,Thirroul,2024-07-01,1928,2092.45,1906,2092.84,1811,1270000,1940,2090.77
13864,Thirroul,2025-07-01,1928,2044.55,1906,2045.23,1811,1240000,1940,2038.31
13866,Thornleigh,2021-07-01,2406,1340.30,2312,1338.52,2368,1000000,2423,1340.30
13866,Thornleigh,2022-07-01,2422,1556.46,2323,1554.47,2384,1160000,2439,1554.75
13866,Thornleigh,2023-07-01,2422,1541.43,2323,1541.35,2384,1150000,2439,1541.35
13866,Thornleigh,2024-07-01,2423,1711.30,2324,1707.04,2385,1280000,2440,1707.62
13866,Thornleigh,2025-07-01,2423,1719.97,2324,1716.93,2385,1280000,2440,1717.32
13867,Thornton (NSW),2021-07-01,3673,462.61,3669,462.46,3580,300000,3690,461.65
13867,Thornton (NSW),2022-07-01,3798,678.03,3794,677.88,3675,439000,3817,677.41
13867,Thornton (NSW),2023-07-01,3775,637.32,3771,637.25,3658,415000,3794,636.70
13867,Thornton (NSW),2024-07-01,3779,638.64,3775,638.62,3660,415000,3798,638.52
13867,Thornton (NSW),2025-07-01,3800,656.11,3796,656.01,3677,426000,3819,655.42
13869,Thrumster,2021-07-01,1062,443.10,1062,443.10,983,250000,1119,438.74
13869,Thrumster,2022-07-01,1434,673.68,1434,673.68,1329,385000,1499,667.84
13869,Thrumster,2023-07-01,1401,694.88,1401,694.88,1303,397000,1466,689.92
13869,Thrumster,2024-07-01,1519,696.25,1519,696.25,1395,397000,1593,690.07
13869,Thrumster,2025-07-01,1519,695.98,1519,695.98,1395,397000,1593,689.83
13873,Thurgoona,2021-07-01,4222,179.20,4174,178.78,4190,138000,4473,175.32
13873,Thurgoona,2022-07-01,4629,259.64,4573,259.27,4595,195000,4894,257.37
13873,Thurgoona,2023-07-01,4629,278.84,4573,278.26,4595,209000,4894,275.11
13873,Thurgoona,2024-07-01,4629,296.02,4574,295.19,4595,223000,4894,291.34
13873,Thurgoona,2025-07-01,4629,314.64,4574,314.02,4595,235000,4894,310.01
13880,Tighes Hill,2021-07-01,679,1578.43,676,1580.06,671,546000,680,1578.43
13880,Tighes Hill,2022-07-01,687,1717.54,684,1718.02,677,597000,688,1717.20
13880,Tighes Hill,2023-07-01,686,1672.50,683,1673.84,677,580000,687,1671.85
13880,Tighes Hill,2024-07-01,694,1797.39,691,1799.88,682,619500,695,1797.39
13880,Tighes Hill,2025-07-01,694,2006.54,691,2006.54,682,696000,695,2006.54
13881,Tilba Tilba,2021-07-01,0,,0,,0,,15,114.74
13881,Tilba Tilba,2022-07-01,0,,0,,0,,15,183.77
13881,Tilba Tilba,2023-07-01,0,,0,,0,,15,165.11
13881,Tilba Tilba,2024-07-01,0,,0,,0,,15,165.11
13881,Tilba Tilba,2025-07-01,0,,0,,0,,15,193.10
13884,Tilpa,2021-07-01,0,,0,,0,,10,0.47
13884,Tilpa,2022-07-01,0,,0,,0,,13,0.53
13884,Tilpa,2023-07-01,0,,0,,0,,11,0.53
13884,Tilpa,2024-07-01,0,,0,,0,,11,0.53
13884,Tilpa,2025-07-01,0,,0,,0,,13,0.53
13891,Tingha,2021-07-01,0,,0,,0,,273,1.60
13891,Tingha,2022-07-01,0,,0,,0,,275,3.21
13891,Tingha,2023-07-01,0,,0,,0,,275,3.21
13891,Tingha,2024-07-01,0,,0,,0,,275,3.21
13891,Tingha,2025-07-01,0,,0,,0,,275,15.25
13892,Tingira Heights,2021-07-01,689,564.83,689,564.83,683,371000,701,558.71
13892,Tingira Heights,2022-07-01,691,746.27,691,746.27,685,494000,703,743.32
13892,Tingira Heights,2023-07-01,689,713.86,689,713.86,683,469000,701,706.35
13892,Tingira Heights,2024-07-01,691,745.86,691,745.86,685,489000,703,737.37
13892,Tingira Heights,2025-07-01,691,730.95,691,730.95,685,479000,703,724.20
13893,Tinonee,2021-07-01,326,196.74,315,195.84,326,167000,358,189.91
13893,Tinonee,2022-07-01,329,261.86,318,261.92,329,222000,370,245.82
13893,Tinonee,2023-07-01,327,261.92,316,262.34,327,222000,368,246.81
13893,Tinonee,2024-07-01,329,245.86,318,245.86,329,208000,370,230.54
13893,Tinonee,2025-07-01,329,279.22,318,279.22,329,237000,370,262.33
13896,Tintinhull,2021-07-01,0,,0,,0,,140,4.52
13896,Tintinhull,2022-07-01,0,,0,,0,,144,6.21
13896,Tintinhull,2023-07-01,0,,0,,0,,144,6.21
13896,Tintinhull,2024-07-01,0,,0,,0,,144,6.32
13896,Tintinhull,2025-07-01,0,,0,,0,,144,6.60
13903,Tocumwal,2021-07-01,0,,0,,0,,1309,81.70
13903,Tocumwal,2022-07-01,0,,0,,0,,1414,137.74
13903,Tocumwal,2023-07-01,0,,0,,0,,1414,164.52
13903,Tocumwal,2024-07-01,0,,0,,0,,1414,166.00
13903,Tocumwal,2025-07-01,0,,0,,0,,1414,157.49
13905,Tolland,2021-07-01,1363,123.46,1321,123.33,1333,88000,1369,123.40
13905,Tolland,2022-07-01,1365,151.89,1321,150.82,1335,105000,1371,151.47
13905,Tolland,2023-07-01,1365,203.44,1321,203.13,1335,147000,1371,203.13
13905,Tolland,2024-07-01,1365,234.46,1321,233.62,1335,169000,1371,234.33
13905,Tolland,2025-07-01,1365,245.58,1321,244.75,1335,185000,1371,245.34
13908,Tomakin,2021-07-01,673,587.86,673,587.86,661,343000,679,586.61
13908,Tomakin,2022-07-01,674,1000.87,674,1000.87,661,583000,680,997.32
13908,Tomakin,2023-07-01,674,998.62,674,998.62,661,583000,680,996.20
13908,Tomakin,2024-07-01,674,959.19,674,959.19,661,560000,680,956.15
13908,Tomakin,2025-07-01,674,898.52,674,898.52,661,524000,680,895.04
13912,Tomerong,2021-07-01,0,,0,,0,,201,240.08
13912,Tomerong,2022-07-01,0,,0,,0,,207,347.41
13912,Tomerong,2023-07-01,0,,0,,0,,205,312.03
13912,Tomerong,2024-07-01,0,,0,,0,,207,312.03
13912,Tomerong,2025-07-01,0,,0,,0,,207,306.61
13914,Tomingley,2021-07-01,0,,0,,0,,35,6.96
13914,Tomingley,2022-07-01,0,,0,,0,,38,9.61
13914,Tomingley,2023-07-01,0,,0,,0,,38,9.61
13914,Tomingley,2024-07-01,0,,0,,0,,38,9.61
13914,Tomingley,2025-07-01,0,,0,,0,,38,11.01
13920,Tooleybuc,2021-07-01,0,,0,,0,,117,18.83
13920,Tooleybuc,2022-07-01,0,,0,,0,,117,26.34
13920,Tooleybuc,2023-07-01,0,,0,,0,,117,52.38
13920,Tooleybuc,2024-07-01,0,,0,,0,,117,52.32
13920,Tooleybuc,2025-07-01,0,,0,,0,,117,53.41
13925,Toongabbie (NSW),2021-07-01,3548,1119.01,3543,1119.70,3437,694000,3573,1115.95
13925,Toongabbie (NSW),2022-07-01,3619,1422.00,3614,1422.38,3503,882000,3644,1415.06
13925,Toongabbie (NSW),2023-07-01,3612,1304.82,3607,1304.82,3497,778000,3637,1304.82
13925,Toongabbie (NSW),2024-07-01,3619,1455.81,3614,1455.81,3503,860000,3644,1455.79
13925,Toongabbie (NSW),2025-07-01,3621,1510.57,3616,1510.96,3505,894000,3646,1508.05
13929,Tooraweenah,2021-07-01,0,,0,,0,,69,7.30
13929,Tooraweenah,2022-07-01,0,,0,,0,,69,10.92
13929,Tooraweenah,2023-07-01,0,,0,,0,,69,10.92
13929,Tooraweenah,2024-07-01,0,,0,,0,,69,10.92
13929,Tooraweenah,2025-07-01,0,,0,,0,,69,11.35
13930,Toormina,2021-07-01,1967,341.37,1961,341.11,1821,270000,1984,340.86
13930,Toormina,2022-07-01,1976,460.51,1970,460.18,1829,357000,1994,459.28
13930,Toormina,2023-07-01,1975,469.38,1969,469.33,1829,367000,1992,467.65
13930,Toormina,2024-07-01,1976,469.35,1970,469.30,1829,367000,1993,467.65
13930,Toormina,2025-07-01,1976,507.16,1970,506.67,1829,387000,1994,505.55
13934,Toowoon Bay,2021-07-01,206,2022.13,200,2015.70,172,1310000,207,2021.52
13934,Toowoon Bay,2022-07-01,215,2229.95,209,2224.69,178,1385000,216,2229.95
13934,Toowoon Bay,2023-07-01,209,1955.23,203,1945.28,174,1265000,210,1954.64
13934,Toowoon Bay,2024-07-01,209,2029.16,204,2021.14,174,1305000,210,2028.32
13934,Toowoon Bay,2025-07-01,215,2119.49,206,2097.29,178,1315000,216,2118.48
13936,Toronto,2021-07-01,1974,409.73,1899,405.67,1935,274000,2002,409.19
13936,Toronto,2022-07-01,1996,489.94,1920,484.61,1955,331000,2025,488.36
13936,Toronto,2023-07-01,1984,522.07,1907,515.65,1944,353000,2013,520.59
13936,Toronto,2024-07-01,1989,561.63,1912,555.50,1948,373000,2018,558.59
13936,Toronto,2025-07-01,1996,602.73,1920,598.24,1955,394000,2025,600.00
13937,Torrington (NSW),2021-07-01,0,,0,,0,,64,6.47
13937,Torrington (NSW),2022-07-01,0,,0,,0,,68,13.61
13937,Torrington (NSW),2023-07-01,0,,0,,0,,67,13.64
13937,Torrington (NSW),2024-07-01,0,,0,,0,,68,20.46
13937,Torrington (NSW),2025-07-01,0,,0,,0,,68,18.70
13941,Tottenham (NSW),2021-07-01,0,,0,,0,,245,3.36
13941,Tottenham (NSW),2022-07-01,0,,0,,0,,251,4.95
13941,Tottenham (NSW),2023-07-01,0,,0,,0,,250,5.20
13941,Tottenham (NSW),2024-07-01,0,,0,,0,,250,5.20
13941,Tottenham (NSW),2025-07-01,0,,0,,0,,251,5.20
13943,Toukley,2021-07-01,1760,754.85,1727,754.85,1705,420000,1767,754.85
13943,Toukley,2022-07-01,1772,875.11,1738,871.64,1716,482000,1779,871.64
13943,Toukley,2023-07-01,1766,819.68,1732,816.63,1711,451000,1773,819.36
13943,Toukley,2024-07-01,1768,826.74,1734,826.74,1713,463000,1775,826.74
13943,Toukley,2025-07-01,1774,845.90,1740,844.61,1718,472000,1781,844.63
13945,Towamba,2021-07-01,0,,0,,0,,64,22.20
13945,Towamba,2022-07-01,0,,0,,0,,64,34.73
13945,Towamba,2023-07-01,0,,0,,0,,64,37.61
13945,Towamba,2024-07-01,0,,0,,0,,67,37.85
13945,Towamba,2025-07-01,0,,0,,0,,67,40.85
13946,Townsend,2021-07-01,443,251.06,440,251.08,434,171000,465,249.92
13946,Townsend,2022-07-01,479,387.99,476,388.15,465,266000,501,385.99
13946,Townsend,2023-07-01,452,367.61,449,367.71,438,251000,474,365.35
13946,Townsend,2024-07-01,479,365.89,477,366.57,465,251000,501,362.76
13946,Townsend,2025-07-01,479,410.58,477,410.74,465,281000,501,407.41
13947,Towradgi,2021-07-01,1005,1362.33,1001,1362.33,968,777000,1012,1362.33
13947,Towradgi,2022-07-01,1018,1699.49,1015,1699.56,979,961000,1025,1697.09
13947,Towradgi,2023-07-01,1014,1495.33,1011,1495.33,977,848000,1021,1495.33
13947,Towradgi,2024-07-01,1036,1516.89,1033,1516.89,995,867000,1043,1516.89
13947,Towradgi,2025-07-01,1036,1495.46,1033,1496.09,995,852000,1043,1490.38
13948,Towrang,2021-07-01,0,,0,,0,,18,9.00
13948,Towrang,2022-07-01,0,,0,,0,,18,10.80
13948,Towrang,2023-07-01,0,,0,,0,,18,10.80
13948,Towrang,2024-07-01,0,,0,,0,,21,11.01
13948,Towrang,2025-07-01,0,,0,,0,,21,11.01
13949,Tralee,2021-07-01,311,814.33,311,814.33,311,253000,312,814.33
13949,Tralee,2022-07-01,609,1181.84,609,1181.84,609,438000,612,1181.84
13949,Tralee,2023-07-01,496,1130.36,496,1130.36,496,420000,498,1128.12
13949,Tralee,2024-07-01,576,1127.28,576,1127.28,576,410000,578,1127.28
13949,Tralee,2025-07-01,609,1082.46,609,1082.46,609,405000,612,1082.46
13950,Trangie,2021-07-01,375,16.22,374,16.22,375,19900,422,14.99
13950,Trangie,2022-07-01,384,21.07,383,21.07,384,26050,432,19.51
13950,Trangie,2023-07-01,382,25.26,381,25.26,382,31200,429,23.43
13950,Trangie,2024-07-01,382,25.26,381,25.26,382,31200,429,23.43
13950,Trangie,2025-07-01,384,28.97,383,28.97,384,35850,432,26.86
13952,Tregear,2021-07-01,1205,527.18,1205,527.18,1202,320000,1207,527.18
13952,Tregear,2022-07-01,1207,694.74,1207,694.74,1204,422000,1209,694.74
13952,Tregear,2023-07-01,1205,732.05,1205,732.05,1202,445000,1207,732.05
13952,Tregear,2024-07-01,1207,863.54,1207,863.54,1204,525000,1209,863.54
13952,Tregear,2025-07-01,1207,904.41,1207,904.41,1204,550000,1209,904.41
13958,Trundle,2021-07-01,0,,0,,0,,271,12.46
13958,Trundle,2022-07-01,0,,0,,0,,286,12.90
13958,Trundle,2023-07-01,0,,0,,0,,284,12.90
13958,Trundle,2024-07-01,0,,0,,0,,284,31.48
13958,Trundle,2025-07-01,0,,0,,0,,286,34.58
13960,Trunkey Creek,2021-07-01,0,,0,,0,,52,17.19
13960,Trunkey Creek,2022-07-01,0,,0,,0,,58,42.98
13960,Trunkey Creek,2023-07-01,0,,0,,0,,56,47.23
13960,Trunkey Creek,2024-07-01,0,,0,,0,,58,47.23
13960,Trunkey Creek,2025-07-01,0,,0,,0,,58,47.23
13963,Tucabia,2021-07-01,106,65.74,105,65.74,106,123000,136,59.95
13963,Tucabia,2022-07-01,111,74.15,110,74.15,111,139000,145,66.67
13963,Tucabia,2023-07-01,111,74.15,110,74.15,111,143000,143,70.69
13963,Tucabia,2024-07-01,111,74.15,110,74.15,111,143000,143,70.69
13963,Tucabia,2025-07-01,111,79.09,110,79.09,111,152000,145,73.64
13967,Tuena,2021-07-01,0,,0,,0,,40,6.24
13967,Tuena,2022-07-01,0,,0,,0,,40,6.54
13967,Tuena,2023-07-01,0,,0,,0,,40,12.75
13967,Tuena,2024-07-01,0,,0,,0,,40,12.75
13967,Tuena,2025-07-01,0,,0,,0,,40,12.75
13968,Tuggerah,2021-07-01,302,857.45,302,857.45,281,417000,309,851.14
13968,Tuggerah,2022-07-01,302,874.63,302,874.63,281,426000,309,868.17
13968,Tuggerah,2023-07-01,302,876.54,302,876.54,281,427000,309,870.06
13968,Tuggerah,2024-07-01,302,933.83,302,933.83,281,455000,309,926.80
13968,Tuggerah,2025-07-01,302,972.03,302,972.03,281,474000,309,964.63
13969,Tuggerawong,2021-07-01,467,525.39,466,525.88,465,372000,471,524.34
13969,Tuggerawong,2022-07-01,474,596.58,473,596.81,472,427000,479,595.26
13969,Tuggerawong,2023-07-01,474,569.37,473,569.37,472,412000,478,569.37
13969,Tuggerawong,2024-07-01,474,572.44,473,573.28,472,412000,478,569.89
13969,Tuggerawong,2025-07-01,474,596.69,473,596.69,472,432000,479,596.69
13972,Tullamore,2021-07-01,0,,0,,0,,136,2.73
13972,Tullamore,2022-07-01,0,,0,,0,,137,2.99
13972,Tullamore,2023-07-01,0,,0,,0,,137,9.19
13972,Tullamore,2024-07-01,0,,0,,0,,137,9.19
13972,Tullamore,2025-07-01,0,,0,,0,,137,11.87
13975,Tullibigeal,2021-07-01,0,,0,,0,,81,0.78
13975,Tullibigeal,2022-07-01,0,,0,,0,,84,3.12
13975,Tullibigeal,2023-07-01,0,,0,,0,,84,3.36
13975,Tullibigeal,2024-07-01,0,,0,,0,,84,3.36
13975,Tullibigeal,2025-07-01,0,,0,,0,,84,3.36
13976,Tullimbar,2021-07-01,291,882.28,291,882.28,285,357000,294,873.44
13976,Tullimbar,2022-07-01,470,1108.77,470,1108.77,450,450000,492,1099.88
13976,Tullimbar,2023-07-01,379,1112.70,379,1112.70,371,447000,400,1106.67
13976,Tullimbar,2024-07-01,418,1143.94,418,1143.94,405,443000,439,1133.33
13976,Tullimbar,2025-07-01,478,1115.56,478,1115.56,457,429000,500,1115.18
13979,Tumbarumba,2021-07-01,567,46.84,559,46.84,565,49500,694,44.66
13979,Tumbarumba,2022-07-01,595,60.87,586,60.87,593,66800,729,58.34
13979,Tumbarumba,2023-07-01,591,85.18,583,85.18,589,92900,724,81.49
13979,Tumbarumba,2024-07-01,593,85.18,585,85.18,591,93500,726,81.57
13979,Tumbarumba,2025-07-01,595,80.83,586,80.83,593,88800,729,77.28
13980,Tumbi Umbi,2021-07-01,1274,812.48,1273,812.69,1260,477000,1277,812.28
13980,Tumbi Umbi,2022-07-01,1277,935.81,1276,936.03,1263,551000,1280,935.69
13980,Tumbi Umbi,2023-07-01,1274,801.75,1273,801.75,1260,474000,1277,801.75
13980,Tumbi Umbi,2024-07-01,1274,840.34,1273,840.39,1260,494000,1277,840.26
13980,Tumbi Umbi,2025-07-01,1277,888.14,1276,888.23,1263,524000,1280,886.96
13982,Tumbulgum,2021-07-01,0,,0,,0,,157,485.71
13982,Tumbulgum,2022-07-01,0,,0,,0,,160,566.78
13982,Tumbulgum,2023-07-01,0,,0,,0,,158,556.13
13982,Tumbulgum,2024-07-01,0,,0,,0,,162,554.48
13982,Tumbulgum,2025-07-01,0,,0,,0,,162,603.89
13984,Tumut,2021-07-01,2508,100.96,2459,100.78,2478,85000,2656,98.70
13984,Tumut,2022-07-01,2604,127.31,2548,126.82,2574,108000,2758,124.51
13984,Tumut,2023-07-01,2592,127.78,2541,127.08,2562,108000,2745,124.78
13984,Tumut,2024-07-01,2599,127.78,2545,127.12,2569,108000,2753,124.81
13984,Tumut,2025-07-01,2604,129.22,2548,129.08,2574,108000,2759,127.20
13987,Tuncurry,2021-07-01,1978,466.62,1872,462.92,1628,300000,2067,458.90
13987,Tuncurry,2022-07-01,1981,751.14,1875,746.07,1630,484000,2072,739.04
13987,Tuncurry,2023-07-01,1979,663.21,1873,658.58,1628,433000,2068,653.24
13987,Tuncurry,2024-07-01,1983,699.51,1877,696.65,1632,460000,2076,691.73
13987,Tuncurry,2025-07-01,1983,668.49,1877,662.14,1632,436000,2076,659.70
13991,Tura Beach,2021-07-01,1450,310.74,1450,310.74,1338,273000,1526,308.06
13991,Tura Beach,2022-07-01,1455,576.86,1455,576.86,1342,505000,1531,570.50
13991,Tura Beach,2023-07-01,1455,520.25,1455,520.25,1342,455500,1531,516.04
13991,Tura Beach,2024-07-01,1469,505.81,1469,505.81,1353,445000,1545,497.96
13991,Tura Beach,2025-07-01,1469,523.26,1469,523.26,1353,461000,1545,515.70
13993,Turlinjah,2021-07-01,0,,0,,0,,20,79.86
13993,Turlinjah,2022-07-01,0,,0,,0,,22,115.87
13993,Turlinjah,2023-07-01,0,,0,,0,,20,106.48
13993,Turlinjah,2024-07-01,0,,0,,0,,22,109.93
13993,Turlinjah,2025-07-01,0,,0,,0,,22,127.07
13997,Tuross Head,2021-07-01,1751,377.93,1743,378.39,1739,258000,1756,377.43
13997,Tuross Head,2022-07-01,1792,581.94,1784,583.00,1779,407000,1798,580.74
13997,Tuross Head,2023-07-01,1755,585.30,1747,586.08,1742,407000,1760,584.70
13997,Tuross Head,2024-07-01,1786,587.65,1778,588.93,1773,410000,1792,586.69
13997,Tuross Head,2025-07-01,1792,558.38,1784,558.96,1779,390000,1798,557.48
13998,Turramurra,2021-07-01,3072,1765.60,2991,1767.28,3014,1760000,3094,1765.67
13998,Turramurra,2022-07-01,3088,2176.77,3007,2181.26,3030,2200000,3110,2179.59
13998,Turramurra,2023-07-01,3087,1948.96,3006,1955.82,3029,1970000,3109,1952.88
13998,Turramurra,2024-07-01,3087,2125.69,3006,2133.61,3029,2120000,3109,2129.96
13998,Turramurra,2025-07-01,3088,2164.24,3006,2172.24,3030,2160000,3110,2165.86
14000,Turrella,2021-07-01,438,2184.30,428,2184.30,434,974000,441,2184.30
14000,Turrella,2022-07-01,444,2449.98,434,2464.79,437,1100000,447,2449.05
14000,Turrella,2023-07-01,440,2350.38,430,2354.74,435,1050000,443,2349.75
14000,Turrella,2024-07-01,444,2599.85,434,2601.42,437,1160000,447,2598.28
14000,Turrella,2025-07-01,445,2711.25,438,2713.55,438,1210000,448,2707.88
14001,Turvey Park,2021-07-01,1461,279.55,1398,279.79,1444,190000,1470,279.24
14001,Turvey Park,2022-07-01,1475,344.19,1406,344.86,1458,237000,1490,342.15
14001,Turvey Park,2023-07-01,1471,410.88,1406,413.02,1454,284000,1486,409.03
14001,Turvey Park,2024-07-01,1475,452.95,1406,453.95,1458,312000,1490,450.06
14001,Turvey Park,2025-07-01,1475,495.80,1406,498.60,1458,343000,1490,494.12
14002,Tweed Heads,2021-07-01,1605,771.73,1588,766.01,1206,501000,1626,770.41
14002,Tweed Heads,2022-07-01,1613,997.64,1596,996.50,1211,654000,1634,996.50
14002,Tweed Heads,2023-07-01,1608,988.95,1591,985.68,1207,644000,1629,988.03
14002,Tweed Heads,2024-07-01,1620,1043.55,1603,1033.39,1214,680000,1642,1033.39
14002,Tweed Heads,2025-07-01,1620,1122.72,1603,1116.73,1214,736500,1642,1116.73
14003,Tweed Heads South,2021-07-01,1694,587.31,1542,581.21,1567,377000,1728,586.82
14003,Tweed Heads South,2022-07-01,1710,728.71,1558,718.98,1581,467000,1747,726.07
14003,Tweed Heads South,2023-07-01,1710,698.62,1558,688.89,1581,450000,1747,698.05
14003,Tweed Heads South,2024-07-01,1712,725.46,1560,719.93,1582,463000,1750,722.26
14003,Tweed Heads South,2025-07-01,1712,795.57,1560,790.65,1582,506000,1750,792.79
14004,Tweed Heads West,2021-07-01,1439,551.43,1363,556.08,1201,368000,1468,545.53
14004,Tweed Heads West,2022-07-01,1450,746.82,1373,754.02,1210,506000,1479,744.65
14004,Tweed Heads West,2023-07-01,1448,744.65,1371,746.87,1208,504000,1477,741.29
14004,Tweed Heads West,2024-07-01,1454,775.95,1377,783.52,1210,525000,1483,772.06
14004,Tweed Heads West,2025-07-01,1454,826.88,1377,832.96,1210,555000,1483,820.11
14010,Two Mile Flat,2021-07-01,0,,0,,0,,13,1.83
14010,Two Mile Flat,2022-07-01,0,,0,,0,,15,2.65
14010,Two Mile Flat,2023-07-01,0,,0,,0,,15,3.24
14010,Two Mile Flat,2024-07-01,0,,0,,0,,15,3.54
14010,Two Mile Flat,2025-07-01,0,,0,,0,,15,3.63
14012,Tyalgum,2021-07-01,0,,0,,0,,120,188.64
14012,Tyalgum,2022-07-01,0,,0,,0,,120,254.27
14012,Tyalgum,2023-07-01,0,,0,,0,,120,255.97
14012,Tyalgum,2024-07-01,0,,0,,0,,122,316.21
14012,Tyalgum,2025-07-01,0,,0,,0,,122,332.02
14017,Uarbry,2021-07-01,0,,0,,0,,17,3.30
14017,Uarbry,2022-07-01,0,,0,,0,,17,3.53
14017,Uarbry,2023-07-01,0,,0,,0,,17,4.22
14017,Uarbry,2024-07-01,0,,0,,0,,17,7.59
14017,Uarbry,2025-07-01,0,,0,,0,,17,7.59
14018,Uki,2021-07-01,0,,0,,0,,236,80.71
14018,Uki,2022-07-01,0,,0,,0,,239,111.09
14018,Uki,2023-07-01,0,,0,,0,,239,111.09
14018,Uki,2024-07-01,0,,0,,0,,240,122.74
14018,Uki,2025-07-01,0,,0,,0,,240,128.63
14019,Ulamambri,2021-07-01,0,,0,,0,,48,2.75
14019,Ulamambri,2022-07-01,0,,0,,0,,52,2.91
14019,Ulamambri,2023-07-01,0,,0,,0,,52,3.49
14019,Ulamambri,2024-07-01,0,,0,,0,,52,6.28
14019,Ulamambri,2025-07-01,0,,0,,0,,52,10.43
14020,Ulan,2021-07-01,0,,0,,0,,45,5.68
14020,Ulan,2022-07-01,0,,0,,0,,45,9.00
14020,Ulan,2023-07-01,0,,0,,0,,45,9.34
14020,Ulan,2024-07-01,0,,0,,0,,45,9.34
14020,Ulan,2025-07-01,0,,0,,0,,45,10.48
14021,Ulladulla,2021-07-01,2907,534.41,2906,534.42,2850,377000,3011,531.00
14021,Ulladulla,2022-07-01,2985,761.92,2984,761.92,2918,555000,3093,759.26
14021,Ulladulla,2023-07-01,2919,752.20,2917,752.23,2858,534000,3025,746.51
14021,Ulladulla,2024-07-01,2979,648.15,2977,648.15,2913,468000,3087,645.33
14021,Ulladulla,2025-07-01,2985,626.54,2983,626.54,2918,451000,3093,624.00
14022,Ulmarra,2021-07-01,159,107.54,154,108.58,159,110000,169,105.32
14022,Ulmarra,2022-07-01,159,124.45,146,124.45,159,127000,170,121.00
14022,Ulmarra,2023-07-01,159,118.81,146,118.81,159,121000,170,115.14
14022,Ulmarra,2024-07-01,159,136.00,146,136.00,159,138000,170,132.39
14022,Ulmarra,2025-07-01,159,131.29,146,131.05,159,133000,170,129.25
14023,Ulong,2021-07-01,65,79.03,63,79.03,65,88100,74,73.48
14023,Ulong,2022-07-01,68,136.48,67,135.18,68,171000,77,122.25
14023,Ulong,2023-07-01,68,127.80,67,126.48,68,160000,77,114.40
14023,Ulong,2024-07-01,68,131.94,67,130.43,68,165000,77,117.77
14023,Ulong,2025-07-01,68,123.26,67,121.74,68,154000,77,110.14
14024,Ultimo,2021-07-01,103,8316.70,56,8399.94,93,1180000,105,8234.52
14024,Ultimo,2022-07-01,104,10421.12,57,10468.52,94,1520000,106,10354.60
14024,Ultimo,2023-07-01,104,9268.68,57,9341.43,94,1320000,106,9171.18
14024,Ultimo,2024-07-01,104,9596.91,57,9647.37,94,1370000,106,9497.84
14024,Ultimo,2025-07-01,104,9596.91,57,9647.37,94,1370000,106,9497.84
14025,Umina Beach,2021-07-01,5947,1094.15,5945,1094.15,5549,610000,5955,1094.08
14025,Umina Beach,2022-07-01,5992,1274.77,5990,1275.06,5582,710000,6001,1273.79
14025,Umina Beach,2023-07-01,5964,1119.40,5962,1119.97,5560,628000,5973,1117.09
14025,Umina Beach,2024-07-01,5978,1177.67,5976,1177.67,5571,661000,5987,1177.21
14025,Umina Beach,2025-07-01,5992,1235.75,5990,1235.75,5582,688000,6001,1235.75
14026,Unanderra,2021-07-01,1854,522.39,1846,522.43,1823,334000,1868,521.62
14026,Unanderra,2022-07-01,1875,843.45,1867,843.49,1843,540000,1889,841.37
14026,Unanderra,2023-07-01,1863,839.02,1855,839.42,1831,540000,1877,838.21
14026,Unanderra,2024-07-01,1883,823.28,1875,823.28,1850,524000,1897,822.25
14026,Unanderra,2025-07-01,1883,822.41,1875,822.41,1850,524000,1897,821.65
14029,Ungarie,2021-07-01,1,,1,,1,,255,2.91
14029,Ungarie,2022-07-01,1,,1,,1,,263,13.04
14029,Ungarie,2023-07-01,1,,1,,1,,261,13.04
14029,Ungarie,2024-07-01,1,,1,,1,,263,13.04
14029,Ungarie,2025-07-01,1,,1,,1,,263,13.04
14045,Upper Growee,2022-07-01,0,,0,,0,,10,1.01
14045,Upper Growee,2024-07-01,0,,0,,0,,10,0.98
14045,Upper Growee,2025-07-01,0,,0,,0,,10,1.16
14047,Upper Horton,2021-07-01,0,,0,,0,,26,0.38
14047,Upper Horton,2022-07-01,0,,0,,0,,30,0.40
14047,Upper Horton,2023-07-01,0,,0,,0,,27,0.48
14047,Upper Horton,2024-07-01,0,,0,,0,,30,0.49
14047,Upper Horton,2025-07-01,0,,0,,0,,30,1.69
14063,Upper Taylors Arm,2021-07-01,0,,0,,0,,31,52.96
14063,Upper Taylors Arm,2022-07-01,0,,0,,0,,31,97.16
14063,Upper Taylors Arm,2023-07-01,0,,0,,0,,31,97.16
14063,Upper Taylors Arm,2024-07-01,0,,0,,0,,31,100.78
14063,Upper Taylors Arm,2025-07-01,0,,0,,0,,31,115.87
14069,Uralla (NSW),2021-07-01,909,93.87,886,93.87,901,97400,1088,88.56
14069,Uralla (NSW),2022-07-01,944,129.51,921,129.47,933,136000,1140,121.23
14069,Uralla (NSW),2023-07-01,924,130.91,901,130.74,913,136000,1119,121.54
14069,Uralla (NSW),2024-07-01,944,164.44,922,164.26,933,170000,1140,153.96
14069,Uralla (NSW),2025-07-01,944,165.84,931,166.25,933,170000,1140,154.45
14070,Urana,2021-07-01,0,,0,,0,,246,4.88
14070,Urana,2022-07-01,0,,0,,0,,248,19.79
14070,Urana,2023-07-01,0,,0,,0,,248,19.79
14070,Urana,2024-07-01,0,,0,,0,,248,22.10
14070,Urana,2025-07-01,0,,0,,0,,248,23.13
14073,Uranquinty,2021-07-01,0,,0,,0,,347,100.89
14073,Uranquinty,2022-07-01,0,,0,,0,,354,145.40
14073,Uranquinty,2023-07-01,0,,0,,0,,354,159.25
14073,Uranquinty,2024-07-01,0,,0,,0,,354,178.04
14073,Uranquinty,2025-07-01,0,,0,,0,,354,178.04
14075,Urbenville,2021-07-01,0,,0,,0,,143,28.16
14075,Urbenville,2022-07-01,0,,0,,0,,155,46.34
14075,Urbenville,2023-07-01,0,,0,,0,,148,58.89
14075,Urbenville,2024-07-01,0,,0,,0,,155,52.96
14075,Urbenville,2025-07-01,0,,0,,0,,155,59.49
14079,Urunga,2021-07-01,1012,409.39,971,409.12,986,298000,1167,393.22
14079,Urunga,2022-07-01,1058,556.48,1019,556.37,1032,402500,1219,535.25
14079,Urunga,2023-07-01,1050,515.79,1011,515.05,1024,372000,1209,492.30
14079,Urunga,2024-07-01,1062,524.87,1023,524.75,1036,377000,1224,504.93
14079,Urunga,2025-07-01,1062,535.36,1023,534.99,1036,385000,1224,515.53
14080,Utungun,2021-07-01,0,,0,,0,,13,7.46
14080,Utungun,2022-07-01,0,,0,,0,,13,10.91
14080,Utungun,2023-07-01,0,,0,,0,,13,10.36
14080,Utungun,2024-07-01,0,,0,,0,,13,11.07
14080,Utungun,2025-07-01,0,,0,,0,,13,11.66
14081,Vacy,2021-07-01,0,,0,,0,,222,27.17
14081,Vacy,2022-07-01,0,,0,,0,,262,44.06
14081,Vacy,2023-07-01,0,,0,,0,,259,43.86
14081,Vacy,2024-07-01,0,,0,,0,,259,48.65
14081,Vacy,2025-07-01,0,,0,,0,,262,45.26
14082,Vale Of Clwydd,2021-07-01,133,155.14,133,155.14,130,97050,134,152.81
14082,Vale Of Clwydd,2022-07-01,133,244.01,133,244.01,130,153000,135,236.85
14082,Vale Of Clwydd,2023-07-01,133,260.97,133,260.97,130,163000,135,259.08
14082,Vale Of Clwydd,2024-07-01,133,276.56,133,276.56,130,173000,135,274.14
14082,Vale Of Clwydd,2025-07-01,133,300.48,133,300.48,130,188000,135,298.24
14083,Valentine,2021-07-01,2010,699.18,1781,677.99,1925,478000,2017,698.08
14083,Valentine,2022-07-01,2019,803.03,1785,780.87,1932,547000,2026,801.92
14083,Valentine,2023-07-01,2014,787.37,1780,768.59,1929,538000,2021,786.49
14083,Valentine,2024-07-01,2018,820.97,1783,799.18,1931,560000,2025,820.59
14083,Valentine,2025-07-01,2019,874.42,1784,847.02,1932,600000,2026,873.25
14085,Valla,2021-07-01,0,,0,,0,,203,20.06
14085,Valla,2022-07-01,0,,0,,0,,209,30.54
14085,Valla,2023-07-01,0,,0,,0,,209,28.64
14085,Valla,2024-07-01,0,,0,,0,,209,28.64
14085,Valla,2025-07-01,0,,0,,0,,209,30.58
14086,Valla Beach,2021-07-01,582,423.64,582,423.64,574,326000,591,421.43
14086,Valla Beach,2022-07-01,607,612.92,607,612.92,597,476000,618,608.27
14086,Valla Beach,2023-07-01,604,579.03,604,579.03,596,450000,613,575.99
14086,Valla Beach,2024-07-01,606,577.89,606,577.89,597,450000,617,572.98
14086,Valla Beach,2025-07-01,608,603.02,608,603.02,598,470000,620,597.39
14089,Vaucluse,2021-07-01,2233,5498.02,2164,5498.61,2032,3580000,2240,5498.61
14089,Vaucluse,2022-07-01,2284,6945.19,2205,6945.93,2062,4510000,2291,6948.88
14089,Vaucluse,2023-07-01,2258,7239.12,2185,7249.95,2044,4745000,2265,7242.37
14089,Vaucluse,2024-07-01,2268,8806.17,2191,8816.80,2050,5800000,2275,8807.31
14089,Vaucluse,2025-07-01,2286,9373.76,2207,9381.66,2063,6180000,2293,9378.27
14090,Verges Creek,2021-07-01,0,,0,,0,,131,19.54
14090,Verges Creek,2022-07-01,0,,0,,0,,146,28.29
14090,Verges Creek,2023-07-01,0,,0,,0,,144,28.97
14090,Verges Creek,2024-07-01,0,,0,,0,,144,30.26
14090,Verges Creek,2025-07-01,0,,0,,0,,146,31.16
14092,Villawood,2021-07-01,1735,997.70,1551,980.45,1729,633000,1741,997.70
14092,Villawood,2022-07-01,1766,1173.87,1582,1158.28,1759,741000,1773,1172.85
14092,Villawood,2023-07-01,1766,1096.89,1582,1080.89,1759,695000,1773,1096.89
14092,Villawood,2024-07-01,1775,1252.88,1589,1224.10,1768,816000,1782,1252.88
14092,Villawood,2025-07-01,1775,1375.85,1592,1340.01,1768,881000,1782,1375.02
14093,Vincentia,2021-07-01,2675,1084.10,2612,1079.15,2639,789000,2681,1083.19
14093,Vincentia,2022-07-01,2696,1433.62,2633,1425.48,2655,1030000,2702,1432.81
14093,Vincentia,2023-07-01,2685,1142.92,2615,1131.90,2647,790000,2691,1140.82
14093,Vincentia,2024-07-01,2690,1175.03,2620,1171.33,2650,840000,2696,1174.83
14093,Vincentia,2025-07-01,2696,1094.02,2626,1089.25,2655,782000,2702,1093.56
14094,Vineyard,2021-07-01,287,365.68,287,365.68,287,423000,348,352.20
14094,Vineyard,2022-07-01,486,1317.08,446,573.78,486,557500,556,451.15
14094,Vineyard,2023-07-01,482,1558.30,442,714.00,482,621000,552,484.63
14094,Vineyard,2024-07-01,488,1331.56,448,660.56,488,608000,562,505.14
14094,Vineyard,2025-07-01,488,1352.57,448,669.55,488,617000,562,564.77
14097,Voyager Point,2021-07-01,526,1083.33,526,1083.33,526,650000,527,1083.33
14097,Voyager Point,2022-07-01,528,1300.00,528,1300.00,528,780000,529,1300.00
14097,Voyager Point,2023-07-01,528,1233.33,528,1233.33,528,740000,529,1233.33
14097,Voyager Point,2024-07-01,528,1500.00,528,1500.00,528,900000,529,1500.00
14097,Voyager Point,2025-07-01,528,1666.67,528,1666.67,528,1000000,529,1666.67
14098,Wadalba,2021-07-01,1382,649.11,1382,649.11,1375,348000,1411,646.76
14098,Wadalba,2022-07-01,1420,843.01,1420,843.01,1412,451000,1456,839.54
14098,Wadalba,2023-07-01,1408,843.01,1408,843.01,1401,452000,1441,839.58
14098,Wadalba,2024-07-01,1412,835.29,1412,835.29,1405,450000,1446,831.44
14098,Wadalba,2025-07-01,1420,807.30,1420,807.30,1412,428000,1456,801.83
14101,Wagga Wagga,2021-07-01,2631,450.12,2258,434.36,2509,242000,2685,448.31
14101,Wagga Wagga,2022-07-01,2743,520.33,2321,494.90,2619,275000,2799,516.03
14101,Wagga Wagga,2023-07-01,2711,583.81,2298,558.68,2587,309000,2766,579.07
14101,Wagga Wagga,2024-07-01,2743,585.17,2321,561.43,2619,309000,2799,580.87
14101,Wagga Wagga,2025-07-01,2743,638.98,2321,619.82,2619,346000,2799,634.88
14102,Wagstaffe,2021-07-01,173,1705.35,131,1453.14,172,1110000,174,1700.26
14102,Wagstaffe,2022-07-01,173,1997.67,132,1754.89,172,1280000,174,1987.32
14102,Wagstaffe,2023-07-01,173,1776.83,132,1562.54,172,1140000,174,1766.16
14102,Wagstaffe,2024-07-01,173,1776.83,132,1562.54,172,1140000,174,1766.16
14102,Wagstaffe,2025-07-01,173,1655.84,128,1434.21,172,1060000,174,1649.27
14103,Wahroonga,2021-07-01,3939,1479.53,3735,1480.14,3853,1420000,3990,1478.11
14103,Wahroonga,2022-07-01,3993,1900.64,3787,1894.63,3904,1830000,4048,1891.55
14103,Wahroonga,2023-07-01,3988,1793.14,3782,1793.79,3900,1700000,4043,1787.84
14103,Wahroonga,2024-07-01,3997,1964.37,3790,1965.49,3909,1860000,4052,1959.63
14103,Wahroonga,2025-07-01,4003,1998.30,3796,1999.74,3914,1900000,4059,1993.36
14104,Waitara,2021-07-01,302,1742.97,284,1705.51,265,1140000,320,1779.99
14104,Waitara,2022-07-01,305,2062.16,287,2037.40,267,1370000,323,2084.35
14104,Waitara,2023-07-01,305,2136.45,287,2089.44,267,1410000,323,2143.97
14104,Waitara,2024-07-01,305,2273.17,287,2264.63,267,1540000,323,2279.76
14104,Waitara,2025-07-01,305,2377.46,287,2364.37,267,1590000,323,2399.56
14107,Wakeley,2021-07-01,1293,1052.63,1284,1053.88,1281,622000,1303,1052.10
14107,Wakeley,2022-07-01,1293,1213.20,1284,1214.10,1281,717000,1304,1211.19
14107,Wakeley,2023-07-01,1293,1153.64,1284,1154.47,1281,682000,1304,1151.70
14107,Wakeley,2024-07-01,1293,1330.55,1284,1331.46,1281,787000,1304,1327.78
14107,Wakeley,2025-07-01,1293,1499.36,1284,1500.59,1281,887000,1304,1496.24
14108,Wakool,2021-07-01,0,,0,,0,,117,6.52
14108,Wakool,2022-07-01,0,,0,,0,,118,10.86
14108,Wakool,2023-07-01,0,,0,,0,,118,21.72
14108,Wakool,2024-07-01,0,,0,,0,,118,28.24
14108,Wakool,2025-07-01,0,,0,,0,,118,29.11
14110,Walbundrie,2021-07-01,0,,0,,0,,43,4.61
14110,Walbundrie,2022-07-01,0,,0,,0,,45,5.11
14110,Walbundrie,2023-07-01,0,,0,,0,,45,12.77
14110,Walbundrie,2024-07-01,0,,0,,0,,45,12.77
14110,Walbundrie,2025-07-01,0,,0,,0,,45,13.12
14111,Walcha,2021-07-01,595,41.26,588,41.27,594,50900,739,36.54
14111,Walcha,2022-07-01,609,67.45,601,67.45,608,81400,759,59.72
14111,Walcha,2023-07-01,606,79.33,598,79.35,605,97900,755,70.10
14111,Walcha,2024-07-01,609,79.10,601,79.11,608,98600,759,70.71
14111,Walcha,2025-07-01,609,90.97,602,91.06,608,113000,759,81.22
14112,Walcha Road,2022-07-01,0,,0,,0,,10,9.53
14112,Walcha Road,2023-07-01,0,,0,,0,,10,8.26
14112,Walcha Road,2024-07-01,0,,0,,0,,10,9.44
14112,Walcha Road,2025-07-01,0,,0,,0,,10,9.44
14114,Walgett,2021-07-01,631,11.47,623,11.47,630,12000,662,9.64
14114,Walgett,2022-07-01,651,12.27,641,12.31,650,12100,687,10.03
14114,Walgett,2023-07-01,650,14.74,630,14.74,649,13300,686,13.80
14114,Walgett,2024-07-01,651,14.74,631,14.74,650,14000,687,13.82
14114,Walgett,2025-07-01,651,12.29,642,12.29,650,11600,687,11.47
14115,Walla Walla,2021-07-01,0,,0,,0,,311,43.38
14115,Walla Walla,2022-07-01,0,,0,,0,,344,58.50
14115,Walla Walla,2023-07-01,0,,0,,0,,344,81.72
14115,Walla Walla,2024-07-01,0,,0,,0,,344,83.64
14115,Walla Walla,2025-07-01,0,,0,,0,,344,85.84
14116,Wallabadah,2021-07-01,0,,0,,0,,139,11.61
14116,Wallabadah,2022-07-01,0,,0,,0,,149,23.06
14116,Wallabadah,2023-07-01,0,,0,,0,,147,34.59
14116,Wallabadah,2024-07-01,0,,0,,0,,149,34.59
14116,Wallabadah,2025-07-01,0,,0,,0,,149,32.12
14117,Wallabi Point,2021-07-01,346,401.31,346,401.31,336,302000,369,396.43
14117,Wallabi Point,2022-07-01,346,668.85,346,668.85,336,496500,369,660.53
14117,Wallabi Point,2023-07-01,346,622.22,346,622.22,336,461500,369,614.52
14117,Wallabi Point,2024-07-01,346,621.29,346,621.29,336,460000,369,613.04
14117,Wallabi Point,2025-07-01,346,617.77,346,617.77,336,453500,369,611.70
14119,Wallacia,2021-07-01,0,,0,,0,,355,583.93
14119,Wallacia,2022-07-01,0,,0,,0,,355,689.46
14119,Wallacia,2023-07-01,0,,0,,0,,355,650.43
14119,Wallacia,2024-07-01,0,,0,,0,,355,719.30
14119,Wallacia,2025-07-01,0,,0,,0,,355,762.63
14120,Wallaga Lake,2021-07-01,313,295.52,313,295.52,313,244000,352,281.71
14120,Wallaga Lake,2022-07-01,317,561.01,317,561.01,317,461000,356,533.28
14120,Wallaga Lake,2023-07-01,317,559.35,317,559.35,317,460000,356,531.67
14120,Wallaga Lake,2024-07-01,333,543.34,333,543.34,333,460000,373,512.97
14120,Wallaga Lake,2025-07-01,333,559.51,333,559.51,333,474000,373,528.87
14121,Wallagoot,2021-07-01,0,,0,,0,,17,53.16
14121,Wallagoot,2022-07-01,0,,0,,0,,17,82.39
14121,Wallagoot,2023-07-01,0,,0,,0,,17,75.08
14121,Wallagoot,2024-07-01,0,,0,,0,,17,75.08
14121,Wallagoot,2025-07-01,0,,0,,0,,17,76.74
14122,Wallalong,2021-07-01,119,171.92,119,171.92,119,262000,292,60.20
14122,Wallalong,2022-07-01,119,278.29,119,278.29,119,424000,299,105.22
14122,Wallalong,2023-07-01,119,272.73,119,272.73,119,415000,295,97.41
14122,Wallalong,2024-07-01,119,256.51,119,256.51,119,390000,299,96.78
14122,Wallalong,2025-07-01,119,268.90,119,268.90,119,409000,299,101.51
14131,Wallendbeen,2021-07-01,0,,0,,0,,82,19.28
14131,Wallendbeen,2022-07-01,0,,0,,0,,83,38.56
14131,Wallendbeen,2023-07-01,0,,0,,0,,83,38.56
14131,Wallendbeen,2024-07-01,0,,0,,0,,83,48.20
14131,Wallendbeen,2025-07-01,0,,0,,0,,83,48.20
14132,Wallerawang,2021-07-01,772,148.45,770,148.46,772,115000,848,147.29
14132,Wallerawang,2022-07-01,782,274.04,780,274.04,782,220000,862,271.32
14132,Wallerawang,2023-07-01,779,261.51,777,261.51,779,210000,858,258.91
14132,Wallerawang,2024-07-01,781,261.51,779,261.51,781,210000,861,258.91
14132,Wallerawang,2025-07-01,782,255.03,780,255.21,782,205000,862,252.71
14136,Wallsend,2021-07-01,4465,554.72,4359,551.21,4267,341000,4500,553.25
14136,Wallsend,2022-07-01,4531,607.16,4423,602.10,4315,370000,4568,604.28
14136,Wallsend,2023-07-01,4519,584.90,4411,582.57,4303,359000,4556,584.49
14136,Wallsend,2024-07-01,4553,642.47,4444,639.03,4331,387000,4590,641.13
14136,Wallsend,2025-07-01,4553,694.72,4444,691.90,4331,421000,4590,693.57
14140,Wamberal,2021-07-01,2029,1195.18,2016,1195.18,1964,806000,2034,1195.18
14140,Wamberal,2022-07-01,2036,1399.31,2023,1397.93,1970,953000,2041,1397.93
14140,Wamberal,2023-07-01,2031,1283.25,2018,1281.82,1966,881000,2036,1281.82
14140,Wamberal,2024-07-01,2033,1357.12,2020,1354.94,1968,931000,2038,1354.94
14140,Wamberal,2025-07-01,2036,1409.39,2022,1408.40,1970,980000,2041,1408.40
14144,Wanaaring,2021-07-01,0,,0,,0,,38,0.76
14144,Wanaaring,2022-07-01,0,,0,,0,,41,0.79
14144,Wanaaring,2023-07-01,0,,0,,0,,38,1.51
14144,Wanaaring,2024-07-01,0,,0,,0,,41,1.58
14144,Wanaaring,2025-07-01,0,,0,,0,,41,1.58
14145,Wandandian,2021-07-01,0,,0,,0,,59,107.68
14145,Wandandian,2022-07-01,0,,0,,0,,59,157.84
14145,Wandandian,2023-07-01,0,,0,,0,,59,143.40
14145,Wandandian,2024-07-01,0,,0,,0,,59,114.52
14145,Wandandian,2025-07-01,0,,0,,0,,59,112.49
14147,Wandera,2021-07-01,0,,0,,0,,22,5.39
14147,Wandera,2022-07-01,0,,0,,0,,22,8.09
14147,Wandera,2023-07-01,0,,0,,0,,22,8.09
14147,Wandera,2024-07-01,0,,0,,0,,22,8.09
14147,Wandera,2025-07-01,0,,0,,0,,22,12.13
14151,Wanganella,2021-07-01,0,,0,,0,,30,2.25
14151,Wanganella,2022-07-01,0,,0,,0,,30,2.81
14151,Wanganella,2023-07-01,0,,0,,0,,30,2.88
14151,Wanganella,2024-07-01,0,,0,,0,,30,2.90
14151,Wanganella,2025-07-01,0,,0,,0,,30,3.13
14153,Wangi Wangi,2021-07-01,1259,575.04,1256,575.04,1251,430000,1262,574.96
14153,Wangi Wangi,2022-07-01,1283,705.77,1280,705.06,1274,519500,1286,705.06
14153,Wangi Wangi,2023-07-01,1270,707.79,1267,705.86,1262,516500,1273,705.86
14153,Wangi Wangi,2024-07-01,1279,745.54,1276,745.01,1270,545000,1282,745.01
14153,Wangi Wangi,2025-07-01,1283,687.35,1280,684.35,1274,493000,1286,684.35
14154,Wantabadgery,2021-07-01,0,,0,,0,,45,5.93
14154,Wantabadgery,2022-07-01,0,,0,,0,,49,9.69
14154,Wantabadgery,2023-07-01,0,,0,,0,,49,19.31
14154,Wantabadgery,2024-07-01,0,,0,,0,,49,21.19
14154,Wantabadgery,2025-07-01,0,,0,,0,,49,21.19
14158,Warabrook,2021-07-01,609,574.84,581,568.25,560,383000,613,573.76
14158,Warabrook,2022-07-01,609,612.24,581,608.57,560,412000,613,611.77
14158,Warabrook,2023-07-01,609,613.83,581,608.57,560,412000,613,611.11
14158,Warabrook,2024-07-01,609,680.65,581,674.29,560,457000,613,677.78
14158,Warabrook,2025-07-01,609,710.18,581,704.29,560,477000,613,707.94
14159,Waratah (NSW),2021-07-01,1392,962.79,1383,963.88,1335,486000,1411,955.72
14159,Waratah (NSW),2022-07-01,1403,1032.31,1394,1033.45,1343,516000,1422,1023.63
14159,Waratah (NSW),2023-07-01,1402,974.38,1393,975.53,1343,489000,1421,968.56
14159,Waratah (NSW),2024-07-01,1410,971.46,1401,972.55,1350,490000,1429,967.27
14159,Waratah (NSW),2025-07-01,1410,1014.91,1401,1015.99,1350,513000,1429,1009.73
14160,Waratah West,2021-07-01,1020,692.82,1017,693.57,1008,391000,1023,692.06
14160,Waratah West,2022-07-01,1032,738.69,1029,739.33,1018,419000,1035,738.06
14160,Waratah West,2023-07-01,1031,721.58,1028,721.58,1018,408000,1034,721.58
14160,Waratah West,2024-07-01,1032,772.99,1029,773.06,1018,440000,1035,772.92
14160,Waratah West,2025-07-01,1032,817.04,1029,817.34,1018,472500,1035,816.74
14162,Wardell,2021-07-01,186,353.13,168,351.92,180,295000,191,351.82
14162,Wardell,2022-07-01,196,364.78,177,363.75,189,304000,201,361.35
14162,Wardell,2023-07-01,195,365.81,176,364.78,189,307000,200,361.69
14162,Wardell,2024-07-01,195,402.59,176,402.03,189,337000,200,399.82
14162,Wardell,2025-07-01,196,395.36,177,394.57,189,337000,201,394.57
14165,Wards River,2021-07-01,0,,0,,0,,49,96.84
14165,Wards River,2022-07-01,0,,0,,0,,49,115.61
14165,Wards River,2023-07-01,0,,0,,0,,49,127.47
14165,Wards River,2024-07-01,0,,0,,0,,49,132.41
14165,Wards River,2025-07-01,0,,0,,0,,49,137.35
14166,Wareemba,2021-07-01,380,3831.97,375,3831.97,356,1590000,381,3831.97
14166,Wareemba,2022-07-01,396,4906.98,391,4932.74,370,2040000,397,4906.98
14166,Wareemba,2023-07-01,392,4418.60,387,4451.39,366,1850000,393,4418.60
14166,Wareemba,2024-07-01,392,4906.98,387,4906.98,366,2060000,393,4906.98
14166,Wareemba,2025-07-01,398,5279.07,393,5279.07,372,2160000,399,5279.07
14167,Warialda,2021-07-01,0,,0,,0,,661,13.73
14167,Warialda,2022-07-01,0,,0,,0,,679,16.31
14167,Warialda,2023-07-01,0,,0,,0,,677,17.11
14167,Warialda,2024-07-01,0,,0,,0,,679,17.11
14167,Warialda,2025-07-01,0,,0,,0,,679,27.36
14168,Warialda Rail,2021-07-01,0,,0,,0,,67,1.13
14168,Warialda Rail,2022-07-01,0,,0,,0,,69,1.98
14168,Warialda Rail,2023-07-01,0,,0,,0,,69,2.59
14168,Warialda Rail,2024-07-01,0,,0,,0,,69,6.75
14168,Warialda Rail,2025-07-01,0,,0,,0,,69,10.85
14169,Warilla,2021-07-01,2105,608.04,2102,607.62,2048,358000,2113,607.62
14169,Warilla,2022-07-01,2120,762.61,2117,762.61,2056,451000,2128,762.61
14169,Warilla,2023-07-01,2113,762.61,2110,762.61,2052,451000,2121,762.61
14169,Warilla,2024-07-01,2116,804.66,2113,804.66,2053,463000,2124,804.66
14169,Warilla,2025-07-01,2120,804.66,2117,804.66,2056,463000,2128,804.66
14171,Warners Bay,2021-07-01,2523,759.70,2511,759.70,2350,489000,2556,758.58
14171,Warners Bay,2022-07-01,2555,948.81,2543,948.47,2378,611000,2589,945.69
14171,Warners Bay,2023-07-01,2540,895.61,2528,895.02,2365,575000,2573,893.38
14171,Warners Bay,2024-07-01,2546,947.18,2534,947.18,2369,610000,2580,945.68
14171,Warners Bay,2025-07-01,2555,947.18,2543,947.18,2378,609000,2589,946.25
14172,Warnervale,2021-07-01,285,392.48,285,392.48,284,407000,300,387.90
14172,Warnervale,2022-07-01,660,745.32,660,745.32,656,435000,685,731.18
14172,Warnervale,2023-07-01,521,709.53,521,709.53,520,418000,540,689.78
14172,Warnervale,2024-07-01,595,697.50,595,697.50,591,432000,618,688.41
14172,Warnervale,2025-07-01,660,787.60,660,787.60,656,467000,685,773.00
14176,Warragamba,2021-07-01,502,670.60,502,670.60,501,333000,502,670.60
14176,Warragamba,2022-07-01,504,1029.85,504,1029.85,503,512000,504,1029.85
14176,Warragamba,2023-07-01,502,885.70,502,885.70,501,440000,502,885.70
14176,Warragamba,2024-07-01,502,906.79,502,906.79,501,450000,502,906.79
14176,Warragamba,2025-07-01,504,977.87,504,977.87,503,486000,504,977.87
14181,Warral,2021-07-01,0,,0,,0,,63,8.61
14181,Warral,2022-07-01,0,,0,,0,,67,12.01
14181,Warral,2023-07-01,0,,0,,0,,64,12.58
14181,Warral,2024-07-01,0,,0,,0,,67,16.19
14181,Warral,2025-07-01,0,,0,,0,,67,16.19
14183,Warrawee,2021-07-01,724,1816.12,645,1839.70,714,1950000,738,1816.12
14183,Warrawee,2022-07-01,727,2317.28,647,2349.44,717,2560000,743,2317.28
14183,Warrawee,2023-07-01,726,2056.60,646,2070.85,716,2210000,741,2056.85
14183,Warrawee,2024-07-01,726,2227.35,646,2246.89,716,2415000,741,2231.86
14183,Warrawee,2025-07-01,727,2250.57,647,2253.52,717,2430000,743,2250.57
14185,Warrawong,2021-07-01,1397,526.57,1389,526.70,1374,329000,1407,525.58
14185,Warrawong,2022-07-01,1404,760.70,1396,761.84,1381,478000,1414,759.47
14185,Warrawong,2023-07-01,1402,787.41,1393,787.48,1379,496000,1412,787.23
14185,Warrawong,2024-07-01,1406,773.45,1398,773.90,1383,487000,1416,772.65
14185,Warrawong,2025-07-01,1406,758.22,1398,758.53,1383,477000,1416,757.83
14188,Warrell Creek,2021-07-01,0,,0,,0,,56,51.30
14188,Warrell Creek,2022-07-01,0,,0,,0,,60,93.11
14188,Warrell Creek,2023-07-01,0,,0,,0,,60,105.95
14188,Warrell Creek,2024-07-01,0,,0,,0,,60,111.41
14188,Warrell Creek,2025-07-01,0,,0,,0,,60,113.98
14189,Warren,2021-07-01,507,19.18,507,19.18,503,16500,691,16.83
14189,Warren,2022-07-01,507,19.64,507,19.64,503,16500,703,17.15
14189,Warren,2023-07-01,507,20.44,507,20.44,503,17300,703,17.67
14189,Warren,2024-07-01,507,23.42,507,23.42,503,20700,703,20.54
14189,Warren,2025-07-01,507,23.96,507,23.96,503,20700,703,20.92
14191,Warriewood,2021-07-01,1501,2547.07,1076,2290.95,1491,1080000,1538,2500.00
14191,Warriewood,2022-07-01,1561,3142.86,1105,2824.51,1550,1320000,1601,3126.08
14191,Warriewood,2023-07-01,1528,2955.40,1103,2669.46,1517,1270000,1565,2917.37
14191,Warriewood,2024-07-01,1561,3266.67,1105,2903.81,1550,1370000,1601,3216.78
14191,Warriewood,2025-07-01,1561,3377.78,1106,3009.18,1550,1400000,1601,3326.35
14192,Warrimoo,2021-07-01,88,474.43,88,474.43,88,366500,88,474.43
14192,Warrimoo,2022-07-01,88,585.53,88,585.53,88,449500,88,585.53
14192,Warrimoo,2023-07-01,88,611.89,88,611.89,88,469500,88,611.89
14192,Warrimoo,2024-07-01,88,641.98,88,641.98,88,494500,88,641.98
14192,Warrimoo,2025-07-01,88,723.17,88,723.17,88,535000,88,723.17
14195,Warwick Farm,2021-07-01,646,892.21,646,892.21,581,520000,655,892.21
14195,Warwick Farm,2022-07-01,652,1132.77,652,1132.77,587,690000,661,1132.23
14195,Warwick Farm,2023-07-01,650,1054.37,650,1054.37,585,640000,659,1054.37
14195,Warwick Farm,2024-07-01,650,1148.45,650,1148.45,585,700000,659,1148.45
14195,Warwick Farm,2025-07-01,652,1285.01,652,1285.01,587,780000,661,1284.11
14199,Watanobbi,2021-07-01,1435,528.01,1433,528.01,1417,328000,1443,527.46
14199,Watanobbi,2022-07-01,1455,655.26,1453,655.26,1435,387000,1463,653.54
14199,Watanobbi,2023-07-01,1442,638.68,1440,638.68,1424,379000,1450,638.68
14199,Watanobbi,2024-07-01,1451,630.49,1449,630.49,1433,371000,1459,629.96
14199,Watanobbi,2025-07-01,1455,654.83,1453,654.83,1435,393000,1463,654.83
14201,Waterloo (NSW),2021-07-01,375,6653.49,270,6653.49,368,942000,380,6653.49
14201,Waterloo (NSW),2022-07-01,378,7831.33,273,7796.44,371,1090000,383,7796.44
14201,Waterloo (NSW),2023-07-01,378,7337.13,273,7337.13,371,1010000,383,7337.13
14201,Waterloo (NSW),2024-07-01,378,7718.75,273,7738.74,371,1070000,383,7716.64
14201,Waterloo (NSW),2025-07-01,378,8096.14,273,8096.14,371,1120000,383,8096.14
14204,Waterview Heights,2021-07-01,0,,0,,0,,434,24.30
14204,Waterview Heights,2022-07-01,0,,0,,0,,451,32.07
14204,Waterview Heights,2023-07-01,0,,0,,0,,450,32.09
14204,Waterview Heights,2024-07-01,0,,0,,0,,451,32.07
14204,Waterview Heights,2025-07-01,0,,0,,0,,451,34.50
14205,Watsons Bay,2021-07-01,191,9319.65,166,9485.07,176,3135000,192,9287.83
14205,Watsons Bay,2022-07-01,199,11423.55,168,11707.48,184,3835000,200,11423.55
14205,Watsons Bay,2023-07-01,197,14059.75,166,14344.26,182,4685000,198,14059.75
14205,Watsons Bay,2024-07-01,199,16051.55,168,16420.74,184,5395000,200,16051.55
14205,Watsons Bay,2025-07-01,199,16051.55,168,16574.17,184,5405000,200,16051.55
14208,Wattamondara,2021-07-01,0,,0,,0,,104,32.04
14208,Wattamondara,2022-07-01,0,,0,,0,,112,44.47
14208,Wattamondara,2023-07-01,0,,0,,0,,110,56.66
14208,Wattamondara,2024-07-01,0,,0,,0,,110,59.18
14208,Wattamondara,2025-07-01,0,,0,,0,,112,69.17
14209,Wattle Flat (NSW),2021-07-01,0,,0,,0,,125,13.85
14209,Wattle Flat (NSW),2022-07-01,0,,0,,0,,139,23.61
14209,Wattle Flat (NSW),2023-07-01,0,,0,,0,,135,24.69
14209,Wattle Flat (NSW),2024-07-01,0,,0,,0,,146,25.88
14209,Wattle Flat (NSW),2025-07-01,0,,0,,0,,146,27.33
14210,Wattle Grove (NSW),2021-07-01,2635,1241.95,2635,1241.95,2632,580500,2641,1241.95
14210,Wattle Grove (NSW),2022-07-01,2655,1561.88,2655,1561.88,2650,726000,2661,1561.88
14210,Wattle Grove (NSW),2023-07-01,2646,1388.64,2646,1388.64,2641,646000,2652,1388.64
14210,Wattle Grove (NSW),2024-07-01,2646,1625.94,2646,1625.94,2641,755000,2652,1625.69
14210,Wattle Grove (NSW),2025-07-01,2655,1858.89,2655,1858.89,2650,864000,2661,1857.70
14211,Wattle Ponds,2021-07-01,25,225.01,25,225.01,25,188000,25,225.01
14211,Wattle Ponds,2022-07-01,25,418.76,25,418.76,25,366000,25,418.76
14211,Wattle Ponds,2023-07-01,25,431.83,25,431.83,25,378000,25,431.83
14211,Wattle Ponds,2024-07-01,25,426.64,25,426.64,25,378000,25,426.64
14211,Wattle Ponds,2025-07-01,25,443.57,25,443.57,25,393000,25,443.57
14214,Wauchope,2021-07-01,2262,331.46,2239,330.05,2214,231000,2354,326.19
14214,Wauchope,2022-07-01,2305,445.95,2282,444.30,2248,310000,2399,439.10
14214,Wauchope,2023-07-01,2296,423.62,2273,421.84,2242,295000,2390,416.62
14214,Wauchope,2024-07-01,2320,423.81,2297,423.22,2257,295000,2415,417.63
14214,Wauchope,2025-07-01,2320,423.81,2297,423.22,2257,295000,2415,417.63
14217,Waverley (NSW),2021-07-01,784,6266.30,706,6301.57,715,1590000,784,6266.30
14217,Waverley (NSW),2022-07-01,792,7098.20,714,7111.73,721,1830000,792,7098.20
14217,Waverley (NSW),2023-07-01,789,7186.41,711,7230.77,719,1830000,789,7186.41
14217,Waverley (NSW),2024-07-01,790,8271.33,712,8281.77,720,2140000,790,8271.33
14217,Waverley (NSW),2025-07-01,792,8428.97,714,8461.89,721,2190000,792,8428.97
14219,Waverton,2021-07-01,401,5748.18,361,5789.09,296,2165000,404,5737.75
14219,Waverton,2022-07-01,411,6825.83,370,6852.71,305,2800000,414,6825.68
14219,Waverton,2023-07-01,404,6433.34,363,6462.04,299,2450000,407,6417.91
14219,Waverton,2024-07-01,405,6909.61,364,6997.67,299,2650000,408,6909.14
14219,Waverton,2025-07-01,411,7451.67,371,7500.75,305,2820000,414,7455.41
14220,Way Way,2021-07-01,10,1027.13,10,1027.13,9,,92,31.32
14220,Way Way,2022-07-01,10,1418.45,10,1418.45,9,,97,45.10
14220,Way Way,2023-07-01,10,1274.61,10,1274.61,9,,93,45.13
14220,Way Way,2024-07-01,10,1201.84,10,1201.84,9,,93,45.13
14220,Way Way,2025-07-01,10,1297.59,10,1297.59,9,,97,45.90
14227,Wee Jasper,2021-07-01,0,,0,,0,,27,27.39
14227,Wee Jasper,2022-07-01,0,,0,,0,,31,31.06
14227,Wee Jasper,2023-07-01,0,,0,,0,,30,31.73
14227,Wee Jasper,2024-07-01,0,,0,,0,,30,31.73
14227,Wee Jasper,2025-07-01,0,,0,,0,,31,31.06
14228,Wee Waa,2021-07-01,569,20.45,569,20.45,568,22000,611,20.39
14228,Wee Waa,2022-07-01,569,20.45,569,20.45,568,22000,615,20.29
14228,Wee Waa,2023-07-01,569,34.90,569,34.90,568,39900,613,34.59
14228,Wee Waa,2024-07-01,569,34.90,569,34.90,568,39900,615,34.59
14228,Wee Waa,2025-07-01,569,38.31,569,38.31,568,45000,615,37.93
14230,Weemelah,2021-07-01,0,,0,,0,,29,0.54
14230,Weemelah,2022-07-01,0,,0,,0,,29,0.70
14230,Weemelah,2023-07-01,0,,0,,0,,29,0.70
14230,Weemelah,2024-07-01,0,,0,,0,,29,2.99
14230,Weemelah,2025-07-01,0,,0,,0,,29,2.99
14232,Weethalle,2021-07-01,0,,0,,0,,85,1.48
14232,Weethalle,2022-07-01,0,,0,,0,,87,4.08
14232,Weethalle,2023-07-01,0,,0,,0,,86,4.08
14232,Weethalle,2024-07-01,0,,0,,0,,87,4.08
14232,Weethalle,2025-07-01,0,,0,,0,,87,4.08
14236,Welby,2021-07-01,312,366.07,311,366.80,311,369000,317,365.02
14236,Welby,2022-07-01,318,476.19,317,477.14,317,480000,323,474.78
14236,Welby,2023-07-01,312,451.39,311,452.29,311,455000,317,450.05
14236,Welby,2024-07-01,314,436.60,313,436.82,313,439000,319,434.65
14236,Welby,2025-07-01,318,490.08,317,490.10,317,493000,323,488.12
14237,Wellingrove,2022-07-01,0,,0,,0,,14,4.33
14237,Wellingrove,2023-07-01,0,,0,,0,,14,9.17
14237,Wellingrove,2024-07-01,0,,0,,0,,14,9.92
14237,Wellingrove,2025-07-01,0,,0,,0,,14,10.23
14238,Wellington (NSW),2021-07-01,1661,37.82,1630,37.63,1659,29000,1728,37.02
14238,Wellington (NSW),2022-07-01,1674,47.14,1647,47.09,1672,37400,1745,46.44
14238,Wellington (NSW),2023-07-01,1674,58.73,1647,58.42,1672,47200,1745,57.71
14238,Wellington (NSW),2024-07-01,1674,103.31,1647,103.19,1672,80200,1745,101.16
14238,Wellington (NSW),2025-07-01,1674,103.51,1648,103.51,1672,80200,1745,102.12
14242,Wentworth (NSW),2021-07-01,0,,0,,0,,623,40.51
14242,Wentworth (NSW),2022-07-01,0,,0,,0,,642,41.22
14242,Wentworth (NSW),2023-07-01,0,,0,,0,,627,40.85
14242,Wentworth (NSW),2024-07-01,0,,0,,0,,670,41.38
14242,Wentworth (NSW),2025-07-01,0,,0,,0,,670,42.09
14243,Wentworth Falls,2021-07-01,152,398.26,142,399.16,150,387000,156,398.01
14243,Wentworth Falls,2022-07-01,158,554.77,148,554.77,156,538000,162,554.14
14243,Wentworth Falls,2023-07-01,154,501.61,144,501.61,152,490000,158,501.05
14243,Wentworth Falls,2024-07-01,154,505.89,144,506.44,152,480000,158,505.30
14243,Wentworth Falls,2025-07-01,158,538.34,148,538.34,156,510000,162,537.73
14245,Wentworthville,2021-07-01,2416,1291.67,2376,1295.12,2228,789000,2441,1287.54
14245,Wentworthville,2022-07-01,2505,1695.29,2465,1700.47,2311,1020000,2531,1694.39
14245,Wentworthville,2023-07-01,2496,1561.63,2456,1570.29,2302,930000,2522,1561.63
14245,Wentworthville,2024-07-01,2496,1663.99,2456,1666.67,2302,1010000,2522,1660.91
14245,Wentworthville,2025-07-01,2507,1735.34,2467,1738.33,2313,1060000,2533,1733.04
14250,Werri Beach,2021-07-01,283,1931.55,282,1931.41,277,1390000,283,1931.55
14250,Werri Beach,2022-07-01,294,2399.53,293,2391.30,288,1690000,294,2399.53
14250,Werri Beach,2023-07-01,291,2235.40,290,2230.60,285,1560000,291,2235.40
14250,Werri Beach,2024-07-01,293,2259.04,292,2257.94,287,1580000,293,2259.04
14250,Werri Beach,2025-07-01,294,2151.50,293,2149.38,288,1510000,294,2151.50
14252,Werrington,2021-07-01,1180,822.31,1180,822.31,1096,399000,1196,822.31
14252,Werrington,2022-07-01,1449,1086.83,1449,1086.83,1356,453000,1468,1079.11
14252,Werrington,2023-07-01,1449,1078.17,1449,1078.17,1356,423000,1468,1062.88
14252,Werrington,2024-07-01,1454,1256.11,1454,1256.11,1361,486000,1473,1252.22
14252,Werrington,2025-07-01,1454,1371.72,1454,1371.72,1361,560000,1473,1371.11
14253,Werrington County,2021-07-01,1230,626.51,1230,626.51,1214,426000,1232,626.51
14253,Werrington County,2022-07-01,1235,764.51,1235,764.51,1215,520000,1237,764.25
14253,Werrington County,2023-07-01,1235,695.78,1235,695.78,1215,473000,1237,695.78
14253,Werrington County,2024-07-01,1235,768.07,1235,768.07,1215,523000,1237,767.88
14253,Werrington County,2025-07-01,1235,908.53,1235,908.53,1215,615000,1237,908.53
14254,Werrington Downs,2021-07-01,1110,784.19,1110,784.19,1101,496000,1110,784.19
14254,Werrington Downs,2022-07-01,1111,848.88,1111,848.88,1101,537000,1111,848.88
14254,Werrington Downs,2023-07-01,1111,807.78,1111,807.78,1101,511000,1111,807.78
14254,Werrington Downs,2024-07-01,1111,872.59,1111,872.59,1101,552000,1111,872.59
14254,Werrington Downs,2025-07-01,1111,984.82,1111,984.82,1101,623000,1111,984.82
14255,Werris Creek,2021-07-01,650,37.64,485,36.92,650,35000,711,36.97
14255,Werris Creek,2022-07-01,655,46.92,489,46.10,655,43700,723,46.15
14255,Werris Creek,2023-07-01,651,49.25,486,48.37,651,45800,715,48.42
14255,Werris Creek,2024-07-01,655,53.52,647,53.69,655,50000,723,52.87
14255,Werris Creek,2025-07-01,655,66.46,646,66.87,655,60000,723,63.88
14256,West Albury,2021-07-01,1431,178.14,1400,177.84,1352,148000,1468,177.13
14256,West Albury,2022-07-01,1442,251.38,1409,250.24,1363,208000,1480,249.19
14256,West Albury,2023-07-01,1442,251.49,1409,250.24,1363,209000,1480,249.35
14256,West Albury,2024-07-01,1442,262.46,1409,260.83,1363,217000,1480,259.97
14256,West Albury,2025-07-01,1442,292.63,1409,291.29,1363,238000,1480,291.09
14257,West Ballina,2021-07-01,920,581.25,892,573.62,856,376500,929,577.46
14257,West Ballina,2022-07-01,923,635.82,895,628.97,858,435000,932,634.44
14257,West Ballina,2023-07-01,920,629.89,893,620.25,856,425000,929,628.11
14257,West Ballina,2024-07-01,923,629.92,896,620.26,858,425000,932,628.50
14257,West Ballina,2025-07-01,923,639.66,896,631.33,858,439000,932,638.53
14258,West Bathurst,2021-07-01,1639,193.13,1638,193.22,1631,141000,1645,192.95
14258,West Bathurst,2022-07-01,1646,306.40,1641,306.40,1638,221000,1652,306.39
14258,West Bathurst,2023-07-01,1642,311.85,1637,311.85,1634,230000,1648,311.76
14258,West Bathurst,2024-07-01,1653,319.82,1648,319.91,1645,234000,1659,319.60
14258,West Bathurst,2025-07-01,1653,338.46,1648,338.78,1645,240000,1659,338.10
14261,West Gosford,2021-07-01,184,774.95,184,774.95,156,551000,193,763.53
14261,West Gosford,2022-07-01,185,854.71,185,854.71,156,626000,194,849.92
14261,West Gosford,2023-07-01,184,816.75,184,816.75,156,581000,193,806.85
14261,West Gosford,2024-07-01,184,817.47,184,817.47,156,596500,193,805.09
14261,West Gosford,2025-07-01,185,883.12,185,883.12,156,629000,194,879.29
14262,West Haven,2021-07-01,398,310.99,398,310.99,389,235000,403,310.22
14262,West Haven,2022-07-01,399,426.12,399,426.12,389,320000,404,424.57
14262,West Haven,2023-07-01,398,426.13,398,426.13,389,320000,403,424.92
14262,West Haven,2024-07-01,399,426.12,399,426.12,389,320000,405,424.22
14262,West Haven,2025-07-01,399,438.66,399,438.66,389,330000,405,436.90
14263,West Hoxton,2021-07-01,2670,981.36,2634,977.90,2665,502000,2678,980.48
14263,West Hoxton,2022-07-01,2680,1220.24,2644,1214.98,2675,623000,2688,1218.75
14263,West Hoxton,2023-07-01,2678,1186.00,2642,1180.83,2673,606000,2686,1184.16
14263,West Hoxton,2024-07-01,2678,1276.16,2642,1269.35,2673,652000,2686,1274.91
14263,West Hoxton,2025-07-01,2680,1372.79,2644,1365.81,2675,702000,2688,1371.09
14264,West Kempsey,2021-07-01,1893,125.26,1890,125.32,1876,83800,1945,124.52
14264,West Kempsey,2022-07-01,1927,156.82,1925,156.82,1910,104000,1981,155.65
14264,West Kempsey,2023-07-01,1921,164.68,1919,164.68,1904,109000,1975,163.52
14264,West Kempsey,2024-07-01,1927,164.68,1925,164.68,1910,109000,1981,163.52
14264,West Kempsey,2025-07-01,1927,173.06,1925,173.06,1910,114000,1981,171.47
14265,West Nowra,2021-07-01,519,348.91,515,348.31,518,258000,535,347.22
14265,West Nowra,2022-07-01,522,466.34,518,465.86,521,344000,538,464.62
14265,West Nowra,2023-07-01,519,465.28,510,464.62,518,344000,535,463.98
14265,West Nowra,2024-07-01,521,488.04,512,486.10,520,352000,537,485.05
14265,West Nowra,2025-07-01,522,488.04,513,486.04,521,352000,538,485.02
14266,West Pennant Hills,2021-07-01,4861,1382.05,4619,1358.38,4812,1180000,4885,1379.69
14266,West Pennant Hills,2022-07-01,4958,1746.87,4664,1709.09,4909,1480000,4986,1740.97
14266,West Pennant Hills,2023-07-01,4907,1641.94,4662,1615.42,4858,1390000,4933,1639.01
14266,West Pennant Hills,2024-07-01,4907,1767.21,4662,1741.92,4858,1520000,4933,1763.03
14266,West Pennant Hills,2025-07-01,4958,1811.30,4664,1777.74,4909,1520000,4986,1809.03
14267,West Pymble,2021-07-01,1486,1483.97,1485,1483.97,1480,1380000,1487,1483.97
14267,West Pymble,2022-07-01,1490,2175.76,1489,2175.76,1483,2020000,1491,2175.76
14267,West Pymble,2023-07-01,1490,1979.56,1489,1979.56,1483,1840000,1491,1979.56
14267,West Pymble,2024-07-01,1490,2097.90,1489,2097.90,1483,1950000,1491,2097.90
14267,West Pymble,2025-07-01,1490,2087.45,1489,2087.45,1483,1950000,1491,2087.45
14268,West Ryde,2021-07-01,2461,1834.92,2316,1849.92,2191,1180000,2462,1834.51
14268,West Ryde,2022-07-01,2608,2650.46,2453,2663.64,2322,1670000,2610,2650.46
14268,West Ryde,2023-07-01,2582,2319.66,2426,2340.78,2299,1440000,2583,2319.45
14268,West Ryde,2024-07-01,2582,2592.00,2425,2607.14,2299,1620000,2583,2591.46
14268,West Ryde,2025-07-01,2614,2762.34,2457,2795.41,2328,1710000,2616,2762.30
14269,West Tamworth,2021-07-01,2181,139.60,2148,138.12,2137,82100,2197,139.07
14269,West Tamworth,2022-07-01,2295,212.42,2262,210.61,2251,135000,2313,211.53
14269,West Tamworth,2023-07-01,2253,193.30,2189,191.17,2209,116000,2270,193.11
14269,West Tamworth,2024-07-01,2295,198.10,2231,196.05,2251,119000,2313,198.10
14269,West Tamworth,2025-07-01,2295,215.82,2231,211.98,2251,131000,2313,215.11
14270,West Wallsend,2021-07-01,1013,449.54,997,451.64,1011,328000,1019,448.40
14270,West Wallsend,2022-07-01,1024,563.64,1007,564.93,1022,408500,1031,562.38
14270,West Wallsend,2023-07-01,1020,579.18,1004,580.47,1018,418000,1027,576.81
14270,West Wallsend,2024-07-01,1022,588.12,1006,588.96,1020,428000,1029,586.63
14270,West Wallsend,2025-07-01,1024,588.12,1007,588.99,1022,427500,1031,586.63
14272,West Wollongong,2021-07-01,1486,897.24,1474,900.41,1377,570000,1495,895.24
14272,West Wollongong,2022-07-01,1491,1069.77,1479,1070.32,1382,686000,1502,1068.16
14272,West Wollongong,2023-07-01,1489,1000.58,1477,1000.94,1380,654000,1498,998.90
14272,West Wollongong,2024-07-01,1496,1029.04,1484,1029.38,1387,672000,1507,1025.52
14272,West Wollongong,2025-07-01,1496,1010.49,1484,1011.63,1387,661000,1507,1008.27
14273,West Wyalong,2021-07-01,1125,70.36,1120,70.36,1117,64700,1259,67.79
14273,West Wyalong,2022-07-01,1139,120.40,1124,119.60,1131,112000,1275,116.73
14273,West Wyalong,2023-07-01,1139,143.28,1124,142.78,1131,132000,1275,136.36
14273,West Wyalong,2024-07-01,1139,128.33,1124,127.83,1131,118000,1275,122.32
14273,West Wyalong,2025-07-01,1139,153.16,1108,151.80,1131,139000,1275,145.67
14276,Westdale (Tamworth Regional - NSW),2021-07-01,908,159.89,812,156.72,899,107000,953,158.60
14276,Westdale (Tamworth Regional - NSW),2022-07-01,989,218.57,893,216.84,979,146000,1034,218.42
14276,Westdale (Tamworth Regional - NSW),2023-07-01,968,218.51,872,216.04,958,146000,1013,217.80
14276,Westdale (Tamworth Regional - NSW),2024-07-01,989,234.25,987,234.25,979,156000,1034,233.92
14276,Westdale (Tamworth Regional - NSW),2025-07-01,989,262.78,987,262.78,979,175000,1034,262.35
14277,Westleigh,2021-07-01,1530,1418.92,1341,1387.04,1526,951000,1534,1418.92
14277,Westleigh,2022-07-01,1537,1721.48,1348,1685.25,1533,1170000,1541,1717.79
14277,Westleigh,2023-07-01,1537,1722.18,1348,1686.75,1533,1170000,1541,1721.55
14277,Westleigh,2024-07-01,1537,1903.43,1348,1861.40,1533,1290000,1541,1899.17
14277,Westleigh,2025-07-01,1537,2044.99,1348,1998.99,1533,1390000,1541,2044.99
14278,Westmead,2021-07-01,1356,1757.33,1331,1765.12,1130,1100000,1369,1756.08
14278,Westmead,2022-07-01,1423,2210.20,1398,2213.97,1196,1380000,1436,2210.20
14278,Westmead,2023-07-01,1410,2042.52,1385,2044.74,1183,1280000,1423,2040.58
14278,Westmead,2024-07-01,1410,2217.05,1385,2219.02,1183,1380000,1423,2216.82
14278,Westmead,2025-07-01,1423,2279.35,1398,2283.76,1196,1410000,1436,2276.98
14279,Weston (NSW),2021-07-01,1288,247.10,1247,247.10,1281,190000,1526,247.09
14279,Weston (NSW),2022-07-01,1306,396.59,1265,396.59,1299,305000,1548,396.58
14279,Weston (NSW),2023-07-01,1304,350.88,1297,350.88,1297,270000,1545,350.86
14279,Weston (NSW),2024-07-01,1306,363.23,1299,363.23,1299,280000,1547,363.22
14279,Weston (NSW),2025-07-01,1306,381.76,1299,381.76,1299,295000,1548,381.75
14281,Wetherill Park,2021-07-01,1799,1122.33,1799,1122.33,1798,635000,1807,1121.51
14281,Wetherill Park,2022-07-01,1803,1292.83,1803,1292.83,1802,732000,1811,1291.46
14281,Wetherill Park,2023-07-01,1799,1229.68,1799,1229.68,1798,696000,1807,1228.71
14281,Wetherill Park,2024-07-01,1803,1418.17,1803,1418.17,1802,803000,1811,1416.73
14281,Wetherill Park,2025-07-01,1803,1597.49,1803,1597.49,1802,905000,1811,1596.43
14283,Whalan,2021-07-01,1821,525.94,1821,525.94,1821,316000,1822,525.94
14283,Whalan,2022-07-01,1821,692.53,1821,692.53,1821,416000,1822,692.53
14283,Whalan,2023-07-01,1821,729.15,1821,729.15,1821,438000,1822,729.15
14283,Whalan,2024-07-01,1821,860.66,1821,860.66,1821,517000,1822,860.66
14283,Whalan,2025-07-01,1821,900.62,1821,900.62,1821,541000,1822,900.62
14285,Wheeler Heights,2021-07-01,892,1809.88,890,1809.88,885,1100000,894,1809.88
14285,Wheeler Heights,2022-07-01,898,2214.02,896,2214.02,889,1350000,900,2214.02
14285,Wheeler Heights,2023-07-01,895,2388.80,893,2388.80,887,1450000,897,2388.80
14285,Wheeler Heights,2024-07-01,898,2580.00,896,2580.00,889,1570000,900,2577.23
14285,Wheeler Heights,2025-07-01,898,2700.40,896,2700.40,889,1640000,900,2698.33
14291,White Cliffs,2021-07-01,0,,0,,0,,157,0.88
14291,White Cliffs,2022-07-01,0,,0,,0,,242,0.73
14291,White Cliffs,2023-07-01,0,,0,,0,,158,1.41
14291,White Cliffs,2024-07-01,0,,0,,0,,237,1.17
14291,White Cliffs,2025-07-01,0,,0,,0,,242,1.16
14292,White Rock (NSW),2021-07-01,0,,0,,0,,162,84.63
14292,White Rock (NSW),2022-07-01,0,,0,,0,,163,139.21
14292,White Rock (NSW),2023-07-01,0,,0,,0,,163,139.21
14292,White Rock (NSW),2024-07-01,0,,0,,0,,163,154.04
14292,White Rock (NSW),2025-07-01,0,,0,,0,,163,154.04
14293,Whitebridge,2021-07-01,903,797.55,886,791.24,872,561000,922,789.97
14293,Whitebridge,2022-07-01,922,961.19,898,955.11,890,697000,945,953.29
14293,Whitebridge,2023-07-01,918,956.54,894,954.33,887,684000,940,949.35
14293,Whitebridge,2024-07-01,920,1021.77,896,1017.41,889,730000,943,1008.36
14293,Whitebridge,2025-07-01,922,1017.52,898,1015.03,890,707000,945,1006.33
14296,Whittingham,2021-07-01,0,,0,,0,,38,25.92
14296,Whittingham,2022-07-01,0,,0,,0,,44,55.76
14296,Whittingham,2023-07-01,0,,0,,0,,44,55.76
14296,Whittingham,2024-07-01,0,,0,,0,,44,52.81
14296,Whittingham,2025-07-01,0,,0,,0,,44,54.52
14297,Whitton,2021-07-01,0,,0,,0,,175,14.58
14297,Whitton,2022-07-01,0,,0,,0,,178,18.94
14297,Whitton,2023-07-01,0,,0,,0,,178,26.45
14297,Whitton,2024-07-01,0,,0,,0,,178,26.45
14297,Whitton,2025-07-01,0,,0,,0,,178,26.45
14300,Wiangaree,2021-07-01,0,,0,,0,,53,66.93
14300,Wiangaree,2022-07-01,0,,0,,0,,54,88.22
14300,Wiangaree,2023-07-01,0,,0,,0,,54,107.55
14300,Wiangaree,2024-07-01,0,,0,,0,,54,115.56
14300,Wiangaree,2025-07-01,0,,0,,0,,54,115.56
14302,Wickham (NSW),2021-07-01,208,2498.60,207,2515.82,187,500000,208,2498.60
14302,Wickham (NSW),2022-07-01,214,2685.03,213,2690.88,193,569000,214,2685.03
14302,Wickham (NSW),2023-07-01,213,2658.23,212,2661.00,192,554000,213,2658.23
14302,Wickham (NSW),2024-07-01,215,2830.54,214,2849.87,194,598000,215,2830.54
14302,Wickham (NSW),2025-07-01,215,3025.21,214,3025.21,194,631000,215,3025.21
14305,Wilberforce (NSW),2021-07-01,576,457.23,564,458.29,574,465000,607,455.44
14305,Wilberforce (NSW),2022-07-01,578,634.22,566,635.92,576,645000,609,631.73
14305,Wilberforce (NSW),2023-07-01,578,570.59,566,571.99,576,580000,609,568.07
14305,Wilberforce (NSW),2024-07-01,578,580.42,566,581.85,576,590000,609,577.86
14305,Wilberforce (NSW),2025-07-01,578,600.39,566,601.58,576,610000,609,597.45
14307,Wilcannia,2021-07-01,13,0.63,0,,13,550,385,1.52
14307,Wilcannia,2022-07-01,13,1.15,0,,13,1000,399,1.52
14307,Wilcannia,2023-07-01,13,1.15,0,,13,1000,394,1.52
14307,Wilcannia,2024-07-01,13,1.15,0,,13,1000,397,1.52
14307,Wilcannia,2025-07-01,13,1.15,0,,13,1000,399,1.49
14310,Wiley Park,2021-07-01,1303,1488.37,1276,1482.85,1094,725000,1309,1488.37
14310,Wiley Park,2022-07-01,1307,1784.89,1280,1783.01,1097,870000,1313,1784.89
14310,Wiley Park,2023-07-01,1306,1642.47,1279,1636.46,1096,808000,1312,1642.23
14310,Wiley Park,2024-07-01,1307,1846.45,1283,1839.00,1097,908000,1313,1842.49
14310,Wiley Park,2025-07-01,1307,2018.47,1283,2007.58,1097,987000,1313,2018.07
14312,Willawarrin,2021-07-01,0,,0,,0,,49,40.76
14312,Willawarrin,2022-07-01,0,,0,,0,,50,53.16
14312,Willawarrin,2023-07-01,0,,0,,0,,49,64.54
14312,Willawarrin,2024-07-01,0,,0,,0,,49,64.54
14312,Willawarrin,2025-07-01,0,,0,,0,,50,67.20
14319,Willmot,2021-07-01,750,489.76,750,489.76,749,297000,752,489.36
14319,Willmot,2022-07-01,750,644.51,750,644.51,749,391000,752,644.20
14319,Willmot,2023-07-01,750,679.37,750,679.37,749,412000,752,678.98
14319,Willmot,2024-07-01,754,802.92,754,802.92,753,486000,756,802.85
14319,Willmot,2025-07-01,754,841.15,754,841.15,753,509000,756,840.96
14320,Willoughby (NSW),2021-07-01,1756,3692.39,1738,3697.98,1721,1770000,1761,3690.04
14320,Willoughby (NSW),2022-07-01,1772,4560.88,1753,4572.49,1737,2170000,1779,4553.37
14320,Willoughby (NSW),2023-07-01,1767,4257.91,1748,4277.89,1732,2040000,1774,4255.56
14320,Willoughby (NSW),2024-07-01,1789,4597.28,1769,4609.69,1753,2160000,1796,4585.23
14320,Willoughby (NSW),2025-07-01,1789,4728.17,1770,4745.52,1753,2210000,1796,4728.17
14321,Willoughby East,2021-07-01,599,3678.95,595,3680.28,598,2130000,599,3678.95
14321,Willoughby East,2022-07-01,605,4477.80,597,4477.80,604,2600000,605,4477.80
14321,Willoughby East,2023-07-01,601,3961.13,597,3966.37,600,2300000,601,3961.13
14321,Willoughby East,2024-07-01,606,4309.48,597,4312.82,605,2500000,606,4309.48
14321,Willoughby East,2025-07-01,606,4494.76,598,4498.07,605,2530000,606,4494.76
14322,Willow Tree,2021-07-01,0,,0,,0,,177,22.80
14322,Willow Tree,2022-07-01,0,,0,,0,,183,59.81
14322,Willow Tree,2023-07-01,0,,0,,0,,180,62.71
14322,Willow Tree,2024-07-01,0,,0,,0,,183,65.74
14322,Willow Tree,2025-07-01,0,,0,,0,,183,64.27
14324,Willow Vale (Wingecarribee - NSW),2021-07-01,275,332.14,275,332.14,274,452000,324,332.14
14324,Willow Vale (Wingecarribee - NSW),2022-07-01,280,496.05,280,496.05,279,675000,329,496.05
14324,Willow Vale (Wingecarribee - NSW),2023-07-01,277,545.65,277,545.65,276,743000,326,545.65
14324,Willow Vale (Wingecarribee - NSW),2024-07-01,280,438.53,280,438.53,279,610000,329,438.53
14324,Willow Vale (Wingecarribee - NSW),2025-07-01,280,389.65,280,389.65,279,542000,329,389.65
14328,Wilsons Creek,2021-07-01,0,,0,,0,,29,48.26
14328,Wilsons Creek,2022-07-01,0,,0,,0,,29,55.66
14328,Wilsons Creek,2023-07-01,0,,0,,0,,29,40.10
14328,Wilsons Creek,2024-07-01,0,,0,,0,,29,37.25
14328,Wilsons Creek,2025-07-01,0,,0,,0,,29,35.80
14329,Wilton (NSW),2021-07-01,1363,691.43,321,493.90,1363,484000,1397,691.43
14329,Wilton (NSW),2022-07-01,1632,816.10,475,655.33,1632,560000,1673,806.06
14329,Wilton (NSW),2023-07-01,1515,902.18,406,581.44,1515,585000,1552,891.00
14329,Wilton (NSW),2024-07-01,1627,958.57,253,544.75,1627,606000,1667,948.33
14329,Wilton (NSW),2025-07-01,1632,965.71,257,544.75,1632,610000,1673,955.00
14333,Windale,2021-07-01,1254,398.92,1253,398.92,1253,280000,1262,398.92
14333,Windale,2022-07-01,1256,485.82,1255,485.82,1255,341000,1264,485.82
14333,Windale,2023-07-01,1256,495.05,1255,495.05,1255,352000,1264,494.83
14333,Windale,2024-07-01,1256,541.39,1255,541.39,1255,380000,1264,539.61
14333,Windale,2025-07-01,1256,577.01,1255,577.01,1255,405000,1264,575.58
14334,Windang,2021-07-01,675,886.33,673,886.33,652,505000,677,886.05
14334,Windang,2022-07-01,675,1540.36,673,1540.36,652,878000,677,1540.26
14334,Windang,2023-07-01,675,1537.07,673,1537.07,652,876000,677,1536.66
14334,Windang,2024-07-01,677,1532.13,675,1536.66,654,876000,679,1527.68
14334,Windang,2025-07-01,677,1427.03,675,1427.03,654,818000,679,1418.45
14335,Windella,2021-07-01,0,,0,,0,,265,86.27
14335,Windella,2022-07-01,0,,0,,0,,267,123.11
14335,Windella,2023-07-01,0,,0,,0,,267,118.78
14335,Windella,2024-07-01,0,,0,,0,,267,118.96
14335,Windella,2025-07-01,0,,0,,0,,267,118.96
14337,Windera (NSW),2021-07-01,0,,0,,0,,92,18.04
14337,Windera (NSW),2022-07-01,0,,0,,0,,93,24.35
14337,Windera (NSW),2023-07-01,0,,0,,0,,92,25.33
14337,Windera (NSW),2024-07-01,0,,0,,0,,93,26.30
14337,Windera (NSW),2025-07-01,0,,0,,0,,93,26.55
14339,Windermere Park,2021-07-01,297,362.19,297,362.19,296,251000,297,362.19
14339,Windermere Park,2022-07-01,297,569.29,297,569.29,296,396000,297,569.29
14339,Windermere Park,2023-07-01,297,541.98,297,541.98,296,377000,297,541.98
14339,Windermere Park,2024-07-01,297,527.60,297,527.60,296,367000,297,527.60
14339,Windermere Park,2025-07-01,297,546.29,297,546.29,296,380000,297,546.29
14340,Windeyer (NSW),2021-07-01,0,,0,,0,,37,5.96
14340,Windeyer (NSW),2022-07-01,0,,0,,0,,43,10.59
14340,Windeyer (NSW),2023-07-01,0,,0,,0,,37,11.93
14340,Windeyer (NSW),2024-07-01,0,,0,,0,,42,12.38
14340,Windeyer (NSW),2025-07-01,0,,0,,0,,43,12.96
14342,Windradyne,2021-07-01,1248,209.51,1248,209.51,1246,172000,1257,209.22
14342,Windradyne,2022-07-01,1340,383.71,1340,383.71,1338,314000,1350,382.72
14342,Windradyne,2023-07-01,1340,383.15,1340,383.15,1338,314000,1350,382.23
14342,Windradyne,2024-07-01,1348,390.84,1348,390.84,1346,314000,1358,390.29
14342,Windradyne,2025-07-01,1348,376.13,1348,376.13,1346,305000,1358,375.01
14343,Windsor (NSW),2021-07-01,602,640.01,547,633.86,585,445000,617,634.26
14343,Windsor (NSW),2022-07-01,611,832.86,554,817.36,592,565000,626,817.36
14343,Windsor (NSW),2023-07-01,611,709.55,554,696.49,592,480000,626,696.49
14343,Windsor (NSW),2024-07-01,614,713.90,556,709.56,595,486000,629,706.80
14343,Windsor (NSW),2025-07-01,614,716.92,556,715.76,595,499000,629,714.55
14344,Windsor Downs,2021-07-01,0,,0,,0,,359,182.00
14344,Windsor Downs,2022-07-01,0,,0,,0,,359,234.00
14344,Windsor Downs,2023-07-01,0,,0,,0,,359,234.00
14344,Windsor Downs,2024-07-01,0,,0,,0,,359,234.00
14344,Windsor Downs,2025-07-01,0,,0,,0,,359,238.00
14348,Wingello,2021-07-01,148,121.98,146,120.74,148,228000,289,90.31
14348,Wingello,2022-07-01,157,187.32,155,186.85,157,358000,321,128.71
14348,Wingello,2023-07-01,151,189.06,149,188.33,151,381000,298,130.04
14348,Wingello,2024-07-01,157,177.33,155,177.23,157,361000,321,123.16
14348,Wingello,2025-07-01,157,162.74,155,162.65,157,331000,321,112.43
14349,Wingen,2021-07-01,0,,0,,0,,85,35.72
14349,Wingen,2022-07-01,0,,0,,0,,86,53.92
14349,Wingen,2023-07-01,0,,0,,0,,86,61.77
14349,Wingen,2024-07-01,0,,0,,0,,86,61.77
14349,Wingen,2025-07-01,0,,0,,0,,86,65.05
14350,Wingham,2021-07-01,1688,182.28,1664,182.63,1664,158000,1920,173.91
14350,Wingham,2022-07-01,1728,254.51,1704,255.31,1704,216000,1967,242.00
14350,Wingham,2023-07-01,1728,254.51,1704,255.03,1704,216000,1967,240.31
14350,Wingham,2024-07-01,1763,254.51,1739,255.25,1739,213000,2004,241.46
14350,Wingham,2025-07-01,1763,254.78,1739,255.31,1739,216000,2004,241.46
14352,Winmalee,2021-07-01,675,527.57,675,527.57,672,397000,679,527.57
14352,Winmalee,2022-07-01,675,678.70,675,678.70,672,509000,679,676.41
14352,Winmalee,2023-07-01,675,597.00,675,597.00,672,447000,679,594.10
14352,Winmalee,2024-07-01,675,620.60,675,620.60,672,467000,679,620.60
14352,Winmalee,2025-07-01,675,633.89,675,633.89,672,477000,679,633.89
14353,Winston Hills,2021-07-01,3834,1280.71,3760,1279.13,3829,801000,3840,1279.60
14353,Winston Hills,2022-07-01,3875,1713.32,3792,1710.30,3870,1050000,3881,1711.77
14353,Winston Hills,2023-07-01,3875,1629.39,3792,1624.50,3870,999000,3881,1629.39
14353,Winston Hills,2024-07-01,3875,1731.31,3694,1722.52,3870,1060000,3881,1731.31
14353,Winston Hills,2025-07-01,3875,1807.33,3694,1789.41,3870,1100000,3881,1806.32
14355,Wirlinga,2021-07-01,165,161.29,163,161.29,165,140000,216,150.88
14355,Wirlinga,2022-07-01,311,242.44,309,242.44,311,217000,394,227.34
14355,Wirlinga,2023-07-01,311,264.37,309,264.37,311,237000,394,248.10
14355,Wirlinga,2024-07-01,311,271.30,309,271.30,311,244000,394,254.68
14355,Wirlinga,2025-07-01,311,275.92,309,275.92,311,249000,394,259.23
14359,Wirrimbi,2021-07-01,0,,0,,0,,41,15.21
14359,Wirrimbi,2022-07-01,0,,0,,0,,41,22.25
14359,Wirrimbi,2023-07-01,0,,0,,0,,41,21.12
14359,Wirrimbi,2024-07-01,0,,0,,0,,41,22.54
14359,Wirrimbi,2025-07-01,0,,0,,0,,41,23.73
14369,Wollar,2021-07-01,0,,0,,0,,101,4.15
14369,Wollar,2022-07-01,0,,0,,0,,103,6.65
14369,Wollar,2023-07-01,0,,0,,0,,103,7.15
14369,Wollar,2024-07-01,0,,0,,0,,103,7.15
14369,Wollar,2025-07-01,0,,0,,0,,103,8.03
14371,Wolli Creek,2021-07-01,41,2100.90,41,2100.90,35,1010000,46,2165.63
14371,Wolli Creek,2022-07-01,41,2309.24,41,2309.24,35,1110000,46,2335.23
14371,Wolli Creek,2023-07-01,41,2471.79,41,2471.79,35,1220000,46,2471.79
14371,Wolli Creek,2024-07-01,41,2755.43,40,2755.43,35,1360000,46,2755.43
14371,Wolli Creek,2025-07-01,41,2755.43,40,2755.43,35,1360000,46,2755.43
14373,Wollombi,2021-07-01,0,,0,,0,,20,127.59
14373,Wollombi,2022-07-01,0,,0,,0,,22,203.04
14373,Wollombi,2023-07-01,0,,0,,0,,22,184.90
14373,Wollombi,2024-07-01,0,,0,,0,,22,190.78
14373,Wollombi,2025-07-01,0,,0,,0,,22,197.16
14374,Wollomombi,2021-07-01,0,,0,,0,,15,9.88
14374,Wollomombi,2022-07-01,0,,0,,0,,15,17.97
14374,Wollomombi,2023-07-01,0,,0,,0,,15,17.94
14374,Wollomombi,2024-07-01,0,,0,,0,,15,17.94
14374,Wollomombi,2025-07-01,0,,0,,0,,15,36.78
14375,Wollongbar,2021-07-01,1054,392.85,1053,392.86,971,340000,1069,392.13
14375,Wollongbar,2022-07-01,1160,558.18,1158,558.87,1071,465000,1176,553.45
14375,Wollongbar,2023-07-01,1087,545.45,1085,546.00,1003,468000,1102,541.30
14375,Wollongbar,2024-07-01,1159,548.72,1157,549.17,1071,460000,1175,546.00
14375,Wollongbar,2025-07-01,1160,555.56,1158,556.32,1071,467000,1176,552.30
14376,Wollongong,2021-07-01,1863,1096.12,1779,1096.12,1406,656500,1879,1099.77
14376,Wollongong,2022-07-01,1898,1365.74,1812,1361.74,1432,819000,1914,1365.98
14376,Wollongong,2023-07-01,1895,1269.25,1809,1256.13,1432,758500,1911,1269.25
14376,Wollongong,2024-07-01,1908,1345.21,1822,1333.98,1442,789000,1924,1345.21
14376,Wollongong,2025-07-01,1908,1383.16,1822,1361.95,1442,792000,1924,1383.16
14377,Wollstonecraft,2021-07-01,533,4578.90,469,4602.37,259,2280000,542,4578.44
14377,Wollstonecraft,2022-07-01,534,5662.67,470,5741.83,260,2645000,543,5658.96
14377,Wollstonecraft,2023-07-01,534,5408.22,470,5490.01,260,2470000,543,5403.99
14377,Wollstonecraft,2024-07-01,534,5766.19,470,5858.76,260,2670000,543,5765.22
14377,Wollstonecraft,2025-07-01,534,6555.49,502,6738.85,260,2915000,543,6553.31
14380,Wolumla,2021-07-01,0,,0,,0,,217,148.79
14380,Wolumla,2022-07-01,0,,0,,0,,217,184.10
14380,Wolumla,2023-07-01,0,,0,,0,,217,180.83
14380,Wolumla,2024-07-01,0,,0,,0,,218,224.31
14380,Wolumla,2025-07-01,0,,0,,0,,218,224.31
14381,Wombarra,2021-07-01,240,1677.88,239,1680.08,235,1250000,244,1672.88
14381,Wombarra,2022-07-01,244,2377.16,242,2377.16,239,1770000,248,2359.75
14381,Wombarra,2023-07-01,242,2149.03,241,2155.58,237,1610000,246,2131.23
14381,Wombarra,2024-07-01,246,2203.85,245,2208.29,241,1650000,250,2196.71
14381,Wombarra,2025-07-01,246,2198.61,245,2199.41,241,1650000,250,2195.61
14382,Wombat,2021-07-01,0,,0,,0,,69,15.82
14382,Wombat,2022-07-01,0,,0,,0,,69,20.55
14382,Wombat,2023-07-01,0,,0,,0,,69,25.69
14382,Wombat,2024-07-01,0,,0,,0,,69,25.69
14382,Wombat,2025-07-01,0,,0,,0,,69,32.94
14385,Womboota,2021-07-01,0,,0,,0,,25,2.13
14385,Womboota,2022-07-01,0,,0,,0,,25,8.43
14385,Womboota,2023-07-01,0,,0,,0,,25,9.74
14385,Womboota,2024-07-01,0,,0,,0,,25,9.74
14385,Womboota,2025-07-01,0,,0,,0,,25,9.90
14387,Wonboyn,2021-07-01,0,,0,,0,,83,49.62
14387,Wonboyn,2022-07-01,0,,0,,0,,83,94.32
14387,Wonboyn,2023-07-01,0,,0,,0,,83,94.32
14387,Wonboyn,2024-07-01,0,,0,,0,,83,94.77
14387,Wonboyn,2025-07-01,0,,0,,0,,83,102.82
14391,Wongarbon,2021-07-01,0,,0,,0,,233,71.94
14391,Wongarbon,2022-07-01,0,,0,,0,,264,89.61
14391,Wongarbon,2023-07-01,0,,0,,0,,263,116.30
14391,Wongarbon,2024-07-01,0,,0,,0,,263,116.30
14391,Wongarbon,2025-07-01,0,,0,,0,,264,127.74
14392,Wongawilli,2021-07-01,568,944.44,567,944.44,566,428000,643,919.24
14392,Wongawilli,2022-07-01,577,1164.19,576,1164.19,574,527000,652,1144.37
14392,Wongawilli,2023-07-01,573,1144.44,572,1144.44,570,540000,648,1138.21
14392,Wongawilli,2024-07-01,579,1166.67,578,1166.67,574,540000,654,1145.17
14392,Wongawilli,2025-07-01,579,1166.67,578,1166.67,574,540000,654,1145.17
14395,Woodberry,2021-07-01,1137,343.94,1136,343.94,1129,189000,1152,343.94
14395,Woodberry,2022-07-01,1140,571.26,1139,571.26,1132,330000,1155,571.26
14395,Woodberry,2023-07-01,1140,535.68,1140,535.68,1132,310000,1155,535.68
14395,Woodberry,2024-07-01,1140,541.95,1140,541.95,1132,310000,1155,540.78
14395,Woodberry,2025-07-01,1140,612.77,1140,612.77,1132,330000,1155,612.77
14396,Woodbine (NSW),2021-07-01,863,688.89,863,688.89,853,456000,864,688.89
14396,Woodbine (NSW),2022-07-01,863,864.44,863,864.44,853,572000,864,864.17
14396,Woodbine (NSW),2023-07-01,863,821.11,863,821.11,853,543000,864,820.97
14396,Woodbine (NSW),2024-07-01,863,892.22,863,892.22,853,590000,864,891.94
14396,Woodbine (NSW),2025-07-01,863,963.33,863,963.33,853,637000,864,963.00
14397,Woodburn (Richmond Valley - NSW),2021-07-01,0,,0,,0,,223,249.01
14397,Woodburn (Richmond Valley - NSW),2022-07-01,0,,0,,0,,228,215.42
14397,Woodburn (Richmond Valley - NSW),2023-07-01,0,,0,,0,,227,209.71
14397,Woodburn (Richmond Valley - NSW),2024-07-01,0,,0,,0,,231,210.28
14397,Woodburn (Richmond Valley - NSW),2025-07-01,0,,0,,0,,231,200.79
14399,Woodcroft (NSW),2021-07-01,1824,1028.69,1824,1028.69,1803,493000,1829,1027.51
14399,Woodcroft (NSW),2022-07-01,1826,1277.94,1826,1277.94,1805,612000,1831,1276.60
14399,Woodcroft (NSW),2023-07-01,1824,1193.43,1824,1193.43,1803,572000,1829,1192.16
14399,Woodcroft (NSW),2024-07-01,1826,1390.29,1826,1390.29,1805,666000,1831,1388.37
14399,Woodcroft (NSW),2025-07-01,1826,1451.16,1826,1451.16,1805,695000,1831,1449.93
14400,Woodenbong,2021-07-01,0,,0,,0,,178,51.85
14400,Woodenbong,2022-07-01,0,,0,,0,,178,67.81
14400,Woodenbong,2023-07-01,0,,0,,0,,178,91.69
14400,Woodenbong,2024-07-01,0,,0,,0,,178,91.69
14400,Woodenbong,2025-07-01,0,,0,,0,,178,99.94
14408,Woodpark,2021-07-01,448,1056.79,447,1056.79,445,600000,449,1056.79
14408,Woodpark,2022-07-01,468,1294.03,467,1294.03,465,720000,469,1294.03
14408,Woodpark,2023-07-01,464,1194.60,463,1194.87,461,675000,465,1194.33
14408,Woodpark,2024-07-01,464,1294.67,463,1295.03,461,732000,465,1294.31
14408,Woodpark,2025-07-01,468,1419.84,467,1419.84,465,790000,469,1419.84
14409,Woodrising,2021-07-01,415,440.32,415,440.32,410,319000,415,440.32
14409,Woodrising,2022-07-01,415,483.77,415,483.77,410,350000,415,483.77
14409,Woodrising,2023-07-01,415,507.18,415,507.18,410,368000,415,507.18
14409,Woodrising,2024-07-01,415,520.35,415,520.35,410,378000,415,520.35
14409,Woodrising,2025-07-01,415,535.26,415,535.26,410,389000,415,535.26
14412,Woodstock (Cowra - NSW),2021-07-01,0,,0,,0,,254,34.55
14412,Woodstock (Cowra - NSW),2022-07-01,0,,0,,0,,271,44.04
14412,Woodstock (Cowra - NSW),2023-07-01,0,,0,,0,,265,57.34
14412,Woodstock (Cowra - NSW),2024-07-01,0,,0,,0,,269,55.43
14412,Woodstock (Cowra - NSW),2025-07-01,0,,0,,0,,271,57.86
14418,Woolbrook,2021-07-01,0,,0,,0,,34,5.19
14418,Woolbrook,2022-07-01,0,,0,,0,,37,22.74
14418,Woolbrook,2023-07-01,0,,0,,0,,37,19.27
14418,Woolbrook,2024-07-01,0,,0,,0,,37,19.43
14418,Woolbrook,2025-07-01,0,,0,,0,,37,20.98
14420,Woolgoolga,2021-07-01,1553,372.84,1551,371.65,1458,273000,1763,353.72
14420,Woolgoolga,2022-07-01,1648,649.80,1646,649.74,1548,478000,1866,620.17
14420,Woolgoolga,2023-07-01,1596,537.21,1594,537.01,1499,388000,1812,503.75
14420,Woolgoolga,2024-07-01,1600,611.13,1598,610.03,1500,446000,1817,577.80
14420,Woolgoolga,2025-07-01,1650,627.72,1648,627.06,1549,456000,1868,595.56
14421,Wooli,2021-07-01,395,412.66,394,412.66,391,329000,399,412.66
14421,Wooli,2022-07-01,398,545.44,397,545.45,394,447000,402,544.50
14421,Wooli,2023-07-01,398,588.82,397,588.90,394,456000,402,588.45
14421,Wooli,2024-07-01,398,573.87,397,574.23,394,444000,402,572.78
14421,Wooli,2025-07-01,400,694.60,399,695.15,396,502500,404,691.33
14422,Woollahra,2021-07-01,1868,8063.38,1647,8037.97,1711,1940000,1877,8037.97
14422,Woollahra,2022-07-01,1894,10023.60,1670,10020.02,1735,2410000,1903,10010.25
14422,Woollahra,2023-07-01,1886,10122.25,1663,10122.25,1729,2440000,1895,10122.25
14422,Woollahra,2024-07-01,1888,11673.43,1665,11626.02,1730,2805000,1897,11634.16
14422,Woollahra,2025-07-01,1894,12168.54,1670,12124.72,1735,2900000,1903,12126.54
14423,Woollamia,2021-07-01,0,,0,,0,,154,31.98
14423,Woollamia,2022-07-01,0,,0,,0,,156,45.86
14423,Woollamia,2023-07-01,0,,0,,0,,154,36.96
14423,Woollamia,2024-07-01,0,,0,,0,,156,35.97
14423,Woollamia,2025-07-01,0,,0,,0,,156,36.71
14424,Woolloomooloo,2021-07-01,102,8757.78,89,8757.78,98,1120000,102,8757.78
14424,Woolloomooloo,2022-07-01,104,9910.12,91,9910.12,100,1270000,104,9910.12
14424,Woolloomooloo,2023-07-01,104,10294.23,91,10294.23,100,1320000,104,10294.23
14424,Woolloomooloo,2024-07-01,104,11073.52,91,11139.28,100,1430000,104,11073.52
14424,Woolloomooloo,2025-07-01,104,11523.39,91,11523.39,100,1480000,104,11523.39
14426,Woolomin,2021-07-01,0,,0,,0,,106,19.48
14426,Woolomin,2022-07-01,0,,0,,0,,110,28.11
14426,Woolomin,2023-07-01,0,,0,,0,,108,44.38
14426,Woolomin,2024-07-01,0,,0,,0,,110,46.94
14426,Woolomin,2025-07-01,0,,0,,0,,110,42.01
14428,Woolooware,2021-07-01,1050,2407.44,1036,2407.44,918,1530000,1055,2406.06
14428,Woolooware,2022-07-01,1124,2862.57,1110,2862.57,992,1810000,1129,2860.84
14428,Woolooware,2023-07-01,1103,2704.41,1089,2704.70,971,1710000,1108,2704.41
14428,Woolooware,2024-07-01,1142,2941.64,1128,2941.64,1010,1850000,1147,2941.64
14428,Woolooware,2025-07-01,1142,2973.72,1099,2972.62,1010,1780000,1147,2972.62
14429,Wooloweyah,2021-07-01,190,876.80,190,876.80,189,523000,190,876.80
14429,Wooloweyah,2022-07-01,193,1289.52,193,1289.52,192,771000,193,1289.52
14429,Wooloweyah,2023-07-01,193,1093.05,193,1093.05,192,653000,193,1093.05
14429,Wooloweyah,2024-07-01,193,1093.05,193,1093.05,192,653000,193,1093.05
14429,Wooloweyah,2025-07-01,193,1090.33,193,1090.33,192,646000,193,1090.33
14430,Woolwich,2021-07-01,246,5434.71,179,5745.16,234,3670000,247,5407.40
14430,Woolwich,2022-07-01,247,6401.41,180,6817.29,235,4270000,248,6393.46
14430,Woolwich,2023-07-01,246,6318.84,179,6697.52,234,4090000,247,6314.24
14430,Woolwich,2024-07-01,246,6611.79,179,7025.32,234,4385000,247,6606.40
14430,Woolwich,2025-07-01,247,7031.91,180,7385.53,235,4570000,248,7025.98
14431,Woomargama,2021-07-01,0,,0,,0,,53,20.86
14431,Woomargama,2022-07-01,0,,0,,0,,62,26.93
14431,Woomargama,2023-07-01,0,,0,,0,,62,42.99
14431,Woomargama,2024-07-01,0,,0,,0,,62,45.47
14431,Woomargama,2025-07-01,0,,0,,0,,62,45.47
14432,Woombah,2021-07-01,80,171.78,74,171.47,80,221500,431,61.19
14432,Woombah,2022-07-01,84,264.19,78,263.24,84,341500,441,90.75
14432,Woombah,2023-07-01,82,243.53,76,243.38,82,321500,437,84.04
14432,Woombah,2024-07-01,84,245.05,78,243.53,84,315500,441,88.53
14432,Woombah,2025-07-01,84,274.25,78,273.97,84,355500,441,100.28
14433,Woongarrah,2021-07-01,1966,608.50,1966,608.50,1964,363000,1983,606.86
14433,Woongarrah,2022-07-01,2310,754.42,2310,754.42,2308,427000,2332,751.29
14433,Woongarrah,2023-07-01,2202,720.16,2202,720.16,2200,419000,2221,719.28
14433,Woongarrah,2024-07-01,2215,712.82,2215,712.82,2213,414000,2234,711.16
14433,Woongarrah,2025-07-01,2310,757.37,2310,757.37,2308,428000,2332,753.42
14434,Woonona,2021-07-01,3488,1452.64,3480,1452.64,3320,843000,3523,1451.64
14434,Woonona,2022-07-01,3535,1814.88,3527,1815.24,3364,1040000,3570,1812.37
14434,Woonona,2023-07-01,3516,1603.15,3504,1603.16,3345,927000,3551,1597.99
14434,Woonona,2024-07-01,3554,1611.03,3542,1611.78,3383,927000,3589,1608.10
14434,Woonona,2025-07-01,3554,1574.78,3542,1577.71,3383,900000,3589,1570.81
14435,Wootton,2021-07-01,0,,0,,0,,13,100.27
14435,Wootton,2022-07-01,0,,0,,0,,13,169.83
14435,Wootton,2023-07-01,0,,0,,0,,13,176.15
14435,Wootton,2024-07-01,0,,0,,0,,15,165.57
14435,Wootton,2025-07-01,0,,0,,0,,15,168.85
14441,Worrigee,2021-07-01,1615,382.08,1562,378.69,1602,282000,1809,372.70
14441,Worrigee,2022-07-01,1629,551.32,1576,546.85,1615,406000,1825,537.07
14441,Worrigee,2023-07-01,1620,547.06,1557,542.96,1607,406000,1814,532.73
14441,Worrigee,2024-07-01,1628,525.00,1565,520.43,1615,388000,1824,514.07
14441,Worrigee,2025-07-01,1629,518.42,1566,513.95,1615,383000,1825,507.65
14443,Woy Woy,2021-07-01,3517,964.04,3424,958.25,3167,539000,3530,962.24
14443,Woy Woy,2022-07-01,3546,1058.59,3450,1049.90,3189,605000,3560,1058.59
14443,Woy Woy,2023-07-01,3533,979.51,3439,974.16,3179,560000,3546,979.51
14443,Woy Woy,2024-07-01,3545,1022.65,3449,1020.85,3189,582000,3559,1022.65
14443,Woy Woy,2025-07-01,3546,1103.35,3452,1102.65,3189,629000,3560,1103.35
14444,Woy Woy Bay,2021-07-01,203,1002.39,157,894.84,202,644000,203,1002.39
14444,Woy Woy Bay,2022-07-01,207,1125.21,154,981.89,206,722000,207,1125.21
14444,Woy Woy Bay,2023-07-01,207,1181.22,155,1051.61,206,758000,207,1181.22
14444,Woy Woy Bay,2024-07-01,207,1198.60,157,1071.29,206,758500,207,1198.60
14444,Woy Woy Bay,2025-07-01,207,1233.59,155,1103.26,206,782500,207,1233.59
14446,Wrights Beach,2021-07-01,65,647.21,57,632.75,65,495000,65,647.21
14446,Wrights Beach,2022-07-01,65,901.43,57,880.72,65,693000,65,901.43
14446,Wrights Beach,2023-07-01,65,848.84,56,833.33,65,650000,65,848.84
14446,Wrights Beach,2024-07-01,65,838.97,56,826.62,65,643000,65,838.97
14446,Wrights Beach,2025-07-01,65,836.78,56,822.61,65,640000,65,836.78
14448,Wuuluman,2021-07-01,0,,0,,0,,15,4.04
14448,Wuuluman,2022-07-01,0,,0,,0,,15,4.85
14448,Wuuluman,2023-07-01,0,,0,,0,,15,5.56
14448,Wuuluman,2024-07-01,0,,0,,0,,15,5.56
14448,Wuuluman,2025-07-01,0,,0,,0,,15,7.22
14449,Wyalong,2021-07-01,152,38.48,148,38.48,152,44100,194,36.09
14449,Wyalong,2022-07-01,153,70.19,149,70.19,153,79300,201,64.53
14449,Wyalong,2023-07-01,153,77.11,149,77.11,153,87200,201,70.95
14449,Wyalong,2024-07-01,153,77.11,149,77.11,153,87200,201,70.95
14449,Wyalong,2025-07-01,153,92.44,149,92.44,153,104000,201,85.02
14452,Wyangala,2021-07-01,0,,0,,0,,53,19.34
14452,Wyangala,2022-07-01,0,,0,,0,,59,28.30
14452,Wyangala,2023-07-01,0,,0,,0,,57,35.62
14452,Wyangala,2024-07-01,0,,0,,0,,57,35.62
14452,Wyangala,2025-07-01,0,,0,,0,,59,42.46
14456,Wyee,2021-07-01,822,349.16,821,349.16,819,351000,832,349.16
14456,Wyee,2022-07-01,1076,577.90,1075,581.47,1073,390000,1095,492.95
14456,Wyee,2023-07-01,919,410.08,918,410.08,916,396000,932,406.77
14456,Wyee,2024-07-01,981,467.85,979,467.85,978,432000,996,467.39
14456,Wyee,2025-07-01,1076,564.18,1074,564.39,1073,422000,1095,559.52
14457,Wyee Point,2021-07-01,404,490.00,400,490.00,403,325000,416,489.29
14457,Wyee Point,2022-07-01,410,617.79,405,617.79,409,388000,422,617.56
14457,Wyee Point,2023-07-01,407,610.59,403,610.24,406,388500,419,608.68
14457,Wyee Point,2024-07-01,408,642.50,403,642.50,407,414000,420,642.50
14457,Wyee Point,2025-07-01,410,654.04,405,654.04,409,422000,422,654.04
14461,Wyndham (NSW),2021-07-01,0,,0,,0,,68,46.12
14461,Wyndham (NSW),2022-07-01,0,,0,,0,,72,73.65
14461,Wyndham (NSW),2023-07-01,0,,0,,0,,72,69.20
14461,Wyndham (NSW),2024-07-01,0,,0,,0,,74,69.24
14461,Wyndham (NSW),2025-07-01,0,,0,,0,,74,79.09
14463,Wyoming,2021-07-01,3100,662.39,3095,662.39,3074,416000,3133,660.22
14463,Wyoming,2022-07-01,3104,797.26,3099,797.48,3077,500000,3138,796.36
14463,Wyoming,2023-07-01,3103,708.53,3098,708.71,3076,451000,3136,707.51
14463,Wyoming,2024-07-01,3104,771.17,3099,771.54,3077,493000,3138,766.16
14463,Wyoming,2025-07-01,3104,813.86,3099,813.95,3077,516000,3138,811.32
14464,Wyong,2021-07-01,1030,529.82,1011,530.27,999,352000,1049,528.10
14464,Wyong,2022-07-01,1042,669.52,1023,669.93,1010,436000,1061,667.24
14464,Wyong,2023-07-01,1032,624.60,1013,625.77,1000,421000,1051,622.28
14464,Wyong,2024-07-01,1036,638.35,1017,638.82,1004,425000,1055,637.41
14464,Wyong,2025-07-01,1042,660.98,1023,660.98,1010,424000,1061,658.98
14466,Wyongah,2021-07-01,742,575.93,738,575.93,738,380000,744,575.83
14466,Wyongah,2022-07-01,744,616.23,740,616.23,740,406000,746,616.11
14466,Wyongah,2023-07-01,744,602.50,740,602.50,740,400000,746,602.47
14466,Wyongah,2024-07-01,744,632.48,740,632.48,740,420000,746,631.78
14466,Wyongah,2025-07-01,744,617.56,740,617.56,740,410000,746,617.48
14467,Wyrallah,2021-07-01,0,,0,,0,,60,98.00
14467,Wyrallah,2022-07-01,0,,0,,0,,64,107.29
14467,Wyrallah,2023-07-01,0,,0,,0,,60,99.49
14467,Wyrallah,2024-07-01,0,,0,,0,,62,107.29
14467,Wyrallah,2025-07-01,0,,0,,0,,64,110.40
14471,Yagoona,2021-07-01,4370,1258.00,4318,1260.62,4268,696000,4385,1257.32
14471,Yagoona,2022-07-01,4474,1539.11,4422,1539.13,4372,839000,4490,1537.84
14471,Yagoona,2023-07-01,4474,1430.45,4422,1431.50,4372,784000,4490,1430.45
14471,Yagoona,2024-07-01,4490,1566.51,4444,1566.99,4388,862000,4506,1566.51
14471,Yagoona,2025-07-01,4490,1712.65,4445,1713.97,4388,943000,4506,1712.03
14476,Yamba (NSW),2021-07-01,2616,602.81,2534,593.10,2401,369000,2677,596.42
14476,Yamba (NSW),2022-07-01,2752,895.60,2670,877.27,2534,540000,2821,882.09
14476,Yamba (NSW),2023-07-01,2724,707.01,2643,695.84,2508,424000,2788,701.13
14476,Yamba (NSW),2024-07-01,2750,701.13,2669,682.96,2532,424000,2816,686.12
14476,Yamba (NSW),2025-07-01,2752,790.80,2671,785.34,2534,470000,2821,787.54
14478,Yanco,2021-07-01,148,26.38,142,26.38,147,26700,232,22.76
14478,Yanco,2022-07-01,148,65.91,142,65.91,147,66700,234,56.63
14478,Yanco,2023-07-01,148,65.91,142,65.91,147,66700,234,56.63
14478,Yanco,2024-07-01,148,65.91,142,65.91,147,66700,234,56.63
14478,Yanco,2025-07-01,148,65.91,142,65.91,147,66700,234,56.63
14479,Yanderra,2021-07-01,181,258.41,181,258.41,181,355000,188,250.86
14479,Yanderra,2022-07-01,181,347.24,181,347.24,181,473000,188,345.16
14479,Yanderra,2023-07-01,181,361.37,181,361.37,181,492000,188,359.42
14479,Yanderra,2024-07-01,181,368.10,181,368.10,181,501000,188,366.56
14479,Yanderra,2025-07-01,181,368.10,181,368.10,181,501000,188,366.56
14493,Yarramalong,2021-07-01,0,,0,,0,,94,282.65
14493,Yarramalong,2022-07-01,0,,0,,0,,96,318.56
14493,Yarramalong,2023-07-01,0,,0,,0,,96,318.56
14493,Yarramalong,2024-07-01,0,,0,,0,,96,318.56
14493,Yarramalong,2025-07-01,0,,0,,0,,96,296.43
14495,Yarramundi,2021-07-01,0,,0,,0,,123,171.56
14495,Yarramundi,2022-07-01,0,,0,,0,,123,202.61
14495,Yarramundi,2023-07-01,0,,0,,0,,123,202.61
14495,Yarramundi,2024-07-01,0,,0,,0,,123,202.61
14495,Yarramundi,2025-07-01,0,,0,,0,,123,211.09
14501,Yarravel,2021-07-01,0,,0,,0,,391,15.50
14501,Yarravel,2022-07-01,0,,0,,0,,393,21.97
14501,Yarravel,2023-07-01,0,,0,,0,,391,23.66
14501,Yarravel,2024-07-01,0,,0,,0,,393,24.45
14501,Yarravel,2025-07-01,0,,0,,0,,393,25.05
14504,Yarrawonga (NSW),2021-07-01,0,,0,,0,,188,1.72
14504,Yarrawonga (NSW),2022-07-01,0,,0,,0,,188,2.70
14504,Yarrawonga (NSW),2023-07-01,0,,0,,0,,188,2.20
14504,Yarrawonga (NSW),2024-07-01,0,,0,,0,,188,2.64
14504,Yarrawonga (NSW),2025-07-01,0,,0,,0,,188,2.64
14505,Yarrawonga Park,2021-07-01,196,471.55,196,471.55,196,277000,196,471.55
14505,Yarrawonga Park,2022-07-01,196,654.27,196,654.27,196,385000,196,654.27
14505,Yarrawonga Park,2023-07-01,196,658.07,196,658.07,196,388000,196,658.07
14505,Yarrawonga Park,2024-07-01,196,649.57,196,649.57,196,383000,196,649.57
14505,Yarrawonga Park,2025-07-01,196,680.84,196,680.84,196,401000,196,680.84
14511,Yass,2021-07-01,2205,247.89,2068,247.23,2189,228000,2634,228.10
14511,Yass,2022-07-01,2368,342.25,2227,340.77,2351,313000,2818,318.28
14511,Yass,2023-07-01,2299,362.27,2160,358.92,2283,334000,2734,337.35
14511,Yass,2024-07-01,2364,358.86,2225,357.00,2348,320000,2806,338.66
14511,Yass,2025-07-01,2368,358.52,2221,356.47,2351,320000,2818,337.39
14514,Yattalunga (NSW),2021-07-01,195,938.48,193,938.48,195,564000,196,938.48
14514,Yattalunga (NSW),2022-07-01,195,969.43,193,975.61,195,580000,196,968.24
14514,Yattalunga (NSW),2023-07-01,195,947.28,193,948.47,195,568000,196,946.36
14514,Yattalunga (NSW),2024-07-01,195,1020.16,193,1020.16,195,613000,196,1020.16
14514,Yattalunga (NSW),2025-07-01,195,1061.87,193,1061.87,195,638000,196,1061.87
14522,Yenda (NSW),2021-07-01,0,,0,,0,,445,91.81
14522,Yenda (NSW),2022-07-01,0,,0,,0,,451,109.47
14522,Yenda (NSW),2023-07-01,0,,0,,0,,451,109.47
14522,Yenda (NSW),2024-07-01,0,,0,,0,,451,109.47
14522,Yenda (NSW),2025-07-01,0,,0,,0,,451,131.16
14524,Yennora,2021-07-01,351,941.79,349,942.13,348,587000,356,941.79
14524,Yennora,2022-07-01,353,1088.49,351,1088.49,350,678000,358,1088.49
14524,Yennora,2023-07-01,353,1026.24,351,1026.24,350,640000,358,1026.24
14524,Yennora,2024-07-01,353,1149.06,351,1149.06,350,716000,358,1149.06
14524,Yennora,2025-07-01,353,1307.20,351,1307.20,350,814000,358,1306.92
14525,Yeoval,2021-07-01,0,,0,,0,,168,11.57
14525,Yeoval,2022-07-01,0,,0,,0,,171,12.80
14525,Yeoval,2023-07-01,0,,0,,0,,170,15.95
14525,Yeoval,2024-07-01,0,,0,,0,,171,15.95
14525,Yeoval,2025-07-01,0,,0,,0,,171,22.32
14526,Yerong Creek,2021-07-01,0,,0,,0,,103,8.24
14526,Yerong Creek,2022-07-01,0,,0,,0,,117,11.09
14526,Yerong Creek,2023-07-01,0,,0,,0,,116,28.28
14526,Yerong Creek,2024-07-01,0,,0,,0,,117,28.28
14526,Yerong Creek,2025-07-01,0,,0,,0,,117,32.51
14528,Yerrinbool,2021-07-01,337,374.69,336,374.24,337,373000,377,323.95
14528,Yerrinbool,2022-07-01,341,429.93,340,429.72,341,428000,381,371.91
14528,Yerrinbool,2023-07-01,337,429.93,336,429.72,337,428000,377,371.91
14528,Yerrinbool,2024-07-01,341,437.68,340,433.96,341,448000,381,387.21
14528,Yerrinbool,2025-07-01,341,437.68,340,433.96,341,448000,381,387.21
14531,Yetholme,2021-07-01,0,,0,,0,,23,15.50
14531,Yetholme,2022-07-01,0,,0,,0,,26,28.93
14531,Yetholme,2023-07-01,0,,0,,0,,23,30.89
14531,Yetholme,2024-07-01,0,,0,,0,,28,32.90
14531,Yetholme,2025-07-01,0,,0,,0,,28,32.90
14532,Yetman,2021-07-01,0,,0,,0,,73,5.93
14532,Yetman,2022-07-01,0,,0,,0,,73,9.89
14532,Yetman,2023-07-01,0,,0,,0,,73,9.89
14532,Yetman,2024-07-01,0,,0,,0,,73,9.89
14532,Yetman,2025-07-01,0,,0,,0,,73,10.87
14533,Yippin Creek,2021-07-01,207,378.84,207,378.84,196,217000,208,378.74
14533,Yippin Creek,2022-07-01,213,495.07,213,495.07,200,291000,214,495.02
14533,Yippin Creek,2023-07-01,213,471.17,213,471.17,200,277000,214,471.13
14533,Yippin Creek,2024-07-01,215,471.25,215,471.25,202,277000,216,471.21
14533,Yippin Creek,2025-07-01,215,471.25,215,471.25,202,277000,216,471.21
14534,Yoogali,2021-07-01,0,,0,,0,,369,117.23
14534,Yoogali,2022-07-01,0,,0,,0,,379,159.78
14534,Yoogali,2023-07-01,0,,0,,0,,379,159.78
14534,Yoogali,2024-07-01,0,,0,,0,,379,159.78
14534,Yoogali,2025-07-01,0,,0,,0,,379,159.78
14536,Young,2021-07-01,2876,95.91,2860,95.80,2836,84100,3308,91.95
14536,Young,2022-07-01,2945,126.36,2929,126.25,2905,106000,3396,119.52
14536,Young,2023-07-01,2945,155.14,2929,155.09,2905,136000,3396,149.38
14536,Young,2024-07-01,2957,158.28,2941,158.21,2917,139000,3416,152.17
14536,Young,2025-07-01,2957,169.01,2941,168.93,2917,146000,3416,164.67
14537,Yowie Bay,2021-07-01,331,1550.01,330,1550.01,310,1030000,332,1550.01
14537,Yowie Bay,2022-07-01,347,1765.29,346,1765.29,326,1170000,348,1765.29
14537,Yowie Bay,2023-07-01,339,1664.82,338,1664.82,318,1110000,340,1664.82
14537,Yowie Bay,2024-07-01,357,1837.05,356,1837.05,336,1220000,358,1837.05
14537,Yowie Bay,2025-07-01,357,1951.86,349,1951.86,336,1300000,358,1951.86
14542,Zetland,2021-07-01,302,6455.95,246,6454.22,291,968000,315,6455.78
14542,Zetland,2022-07-01,309,8033.42,251,7766.99,298,1200000,322,7945.15
14542,Zetland,2023-07-01,309,7395.90,251,7395.46,298,1100000,322,7395.46
14542,Zetland,2024-07-01,309,8135.00,251,8135.00,298,1220000,322,8135.00
14542,Zetland,2025-07-01,309,7707.51,251,7657.07,298,1170000,322,7702.44
