SA2_CODE_2021,SA2_NAME_2021,SA3_CODE_2021,SA3_NAME_2021,SA4_CODE_2021,SA4_NAME_2021,STATE_NAME_2021,AREA_ALBERS_SQKM
101021007,Braidwood,10102,Queanbeyan,101,Capital Region,New South Wales,3418.3525
101021008,Karabar,10102,Queanbeyan,101,Capital Region,New South Wales,6.9825
101021009,Queanbeyan,10102,Queanbeyan,101,Capital Region,New South Wales,4.762
101021010,Queanbeyan - East,10102,Queanbeyan,101,Capital Region,New South Wales,13.0032
101021012,Queanbeyan West - Jerrabomberra,10102,Queanbeyan,101,Capital Region,New South Wales,13.6748
101021610,Googong,10102,Queanbeyan,101,Capital Region,New South Wales,6.9164
101021611,Queanbeyan Surrounds,10102,Queanbeyan,101,Capital Region,New South Wales,3047.7057
101031013,Bombala,10103,Snowy Mountains,101,Capital Region,New South Wales,3990.144
101031014,Cooma,10103,Snowy Mountains,101,Capital Region,New South Wales,103.6371
101031015,Cooma Surrounds,10103,Snowy Mountains,101,Capital Region,New South Wales,6251.0158
101031016,Jindabyne - Berridale,10103,Snowy Mountains,101,Capital Region,New South Wales,3939.7888
101041017,Batemans Bay,10104,South Coast,101,Capital Region,New South Wales,63.7073
101041018,Batemans Bay - South,10104,South Coast,101,Capital Region,New South Wales,30.5948
101041019,Bega - Tathra,10104,South Coast,101,Capital Region,New South Wales,183.8984
101041020,Bega-Eden Hinterland,10104,South Coast,101,Capital Region,New South Wales,4709.8265
101041021,Broulee - Tomakin,10104,South Coast,101,Capital Region,New South Wales,24.2329
101041022,Deua - Wadbilliga,10104,South Coast,101,Capital Region,New South Wales,2781.9988
101041023,Eden,10104,South Coast,101,Capital Region,New South Wales,94.8138
101041024,Eurobodalla Hinterland,10104,South Coast,101,Capital Region,New South Wales,1460.0118
101041025,Merimbula - Tura Beach,10104,South Coast,101,Capital Region,New South Wales,97.3395
101041026,Moruya - Tuross Head,10104,South Coast,101,Capital Region,New South Wales,165.4118
101041027,Narooma - Bermagui,10104,South Coast,101,Capital Region,New South Wales,252.652
101051539,Goulburn,10105,Goulburn - Mulwaree,101,Capital Region,New South Wales,64.7865
101051540,Goulburn Surrounds,10105,Goulburn - Mulwaree,101,Capital Region,New South Wales,9035.1222
101061541,Yass,10106,Young - Yass,101,Capital Region,New South Wales,99.7341
101061542,Yass Surrounds,10106,Young - Yass,101,Capital Region,New South Wales,5680.5696
101061543,Young,10106,Young - Yass,101,Capital Region,New South Wales,505.753
101061544,Young Surrounds,10106,Young - Yass,101,Capital Region,New South Wales,5849.8086
102011028,Avoca Beach - Copacabana,10201,Gosford,102,Central Coast,New South Wales,6.4376
102011029,Box Head - MacMasters Beach,10201,Gosford,102,Central Coast,New South Wales,32.0802
102011030,Calga - Kulnura,10201,Gosford,102,Central Coast,New South Wales,767.9512
102011031,Erina - Green Point,10201,Gosford,102,Central Coast,New South Wales,33.7934
102011032,Gosford - Springfield,10201,Gosford,102,Central Coast,New South Wales,16.9123
102011033,Kariong,10201,Gosford,102,Central Coast,New South Wales,8.3063
102011034,Kincumber - Picketts Valley,10201,Gosford,102,Central Coast,New South Wales,11.7169
102011035,Narara,10201,Gosford,102,Central Coast,New South Wales,7.7021
102011036,Niagara Park - Lisarow,10201,Gosford,102,Central Coast,New South Wales,16.7316
102011037,Point Clare - Koolewong,10201,Gosford,102,Central Coast,New South Wales,6.7794
102011038,Saratoga - Davistown,10201,Gosford,102,Central Coast,New South Wales,4.7683
102011039,Terrigal - North Avoca,10201,Gosford,102,Central Coast,New South Wales,10.4791
102011040,Umina - Booker Bay - Patonga,10201,Gosford,102,Central Coast,New South Wales,25.2285
102011041,Wamberal - Forresters Beach,10201,Gosford,102,Central Coast,New South Wales,13.7221
102011042,Woy Woy - Blackwall,10201,Gosford,102,Central Coast,New South Wales,17.3963
102011043,Wyoming,10201,Gosford,102,Central Coast,New South Wales,8.381
102021044,Bateau Bay - Killarney Vale,10202,Wyong,102,Central Coast,New South Wales,10.8595
102021045,Blue Haven - San Remo,10202,Wyong,102,Central Coast,New South Wales,20.9795
102021046,Budgewoi - Buff Point - Halekulani,10202,Wyong,102,Central Coast,New South Wales,9.3297
102021047,Chittaway Bay - Tumbi Umbi,10202,Wyong,102,Central Coast,New South Wales,24.4986
102021048,Gorokan - Kanwal - Charmhaven,10202,Wyong,102,Central Coast,New South Wales,11.249
102021049,Jilliby - Yarramalong,10202,Wyong,102,Central Coast,New South Wales,346.7662
102021050,Lake Munmorah - Mannering Park,10202,Wyong,102,Central Coast,New South Wales,35.4946
102021051,Ourimbah - Fountaindale,10202,Wyong,102,Central Coast,New South Wales,114.1172
102021052,Summerland Point - Gwandalan,10202,Wyong,102,Central Coast,New South Wales,9.1793
102021053,The Entrance,10202,Wyong,102,Central Coast,New South Wales,13.8576
102021054,Toukley - Norah Head,10202,Wyong,102,Central Coast,New South Wales,10.5216
102021055,Tuggerah - Kangy Angy,10202,Wyong,102,Central Coast,New South Wales,27.8463
102021056,Warnervale - Wadalba,10202,Wyong,102,Central Coast,New South Wales,42.89
102021057,Wyong,10202,Wyong,102,Central Coast,New South Wales,15.0334
103011059,Bathurst - East,10301,Bathurst,103,Central West,New South Wales,94.0342
103011060,Bathurst Surrounds,10301,Bathurst,103,Central West,New South Wales,3798.2628
103011061,Oberon,10301,Bathurst,103,Central West,New South Wales,2972.3813
103011612,Bathurst - South,10301,Bathurst,103,Central West,New South Wales,37.4794
103011613,Bathurst - West,10301,Bathurst,103,Central West,New South Wales,82.0252
103021062,Condobolin,10302,Lachlan Valley,103,Central West,New South Wales,15858.8502
103021063,Cowra,10302,Lachlan Valley,103,Central West,New South Wales,242.201
103021064,Cowra Surrounds,10302,Lachlan Valley,103,Central West,New South Wales,3037.1556
103021065,Forbes,10302,Lachlan Valley,103,Central West,New South Wales,4598.0438
103021066,Grenfell,10302,Lachlan Valley,103,Central West,New South Wales,3294.0766
103021067,Parkes (NSW),10302,Lachlan Valley,103,Central West,New South Wales,234.7555
103021068,Parkes Surrounds,10302,Lachlan Valley,103,Central West,New South Wales,5418.1649
103021069,West Wyalong,10302,Lachlan Valley,103,Central West,New South Wales,8317.473
103031070,Lithgow,10303,Lithgow - Mudgee,103,Central West,New South Wales,119.9844
103031071,Lithgow Surrounds,10303,Lithgow - Mudgee,103,Central West,New South Wales,2514.0698
103031072,Mudgee,10303,Lithgow - Mudgee,103,Central West,New South Wales,65.8949
103031073,Mudgee Surrounds - East,10303,Lithgow - Mudgee,103,Central West,New South Wales,2852.0843
103031074,Mudgee Surrounds - West,10303,Lithgow - Mudgee,103,Central West,New South Wales,8043.8633
103031075,Wollangambe - Wollemi,10303,Lithgow - Mudgee,103,Central West,New South Wales,2448.7276
103041076,Blayney,10304,Orange,103,Central West,New South Wales,1642.6748
103041077,Orange,10304,Orange,103,Central West,New South Wales,45.2499
103041078,Orange - North,10304,Orange,103,Central West,New South Wales,99.5119
103041079,Orange Surrounds,10304,Orange,103,Central West,New South Wales,4480.0956
104011080,Grafton,10401,Clarence Valley,104,Coffs Harbour - Grafton,New South Wales,106.2537
104011081,Grafton Surrounds,10401,Clarence Valley,104,Coffs Harbour - Grafton,New South Wales,8445.891
104011082,Maclean - Yamba - Iluka,10401,Clarence Valley,104,Coffs Harbour - Grafton,New South Wales,711.0493
104021083,Bellingen,10402,Coffs Harbour,104,Coffs Harbour - Grafton,New South Wales,1001.0481
104021084,Coffs Harbour - North,10402,Coffs Harbour,104,Coffs Harbour - Grafton,New South Wales,25.6688
104021085,Coffs Harbour - South,10402,Coffs Harbour,104,Coffs Harbour - Grafton,New South Wales,33.6996
104021086,Coramba - Nana Glen - Bucca,10402,Coffs Harbour,104,Coffs Harbour - Grafton,New South Wales,363.909
104021087,Dorrigo,10402,Coffs Harbour,104,Coffs Harbour - Grafton,New South Wales,1987.6714
104021088,Korora - Emerald Beach,10402,Coffs Harbour,104,Coffs Harbour - Grafton,New South Wales,57.6882
104021089,Sawtell - Boambee,10402,Coffs Harbour,104,Coffs Harbour - Grafton,New South Wales,118.2251
104021090,Urunga,10402,Coffs Harbour,104,Coffs Harbour - Grafton,New South Wales,108.4124
104021091,Woolgoolga - Arrawarra,10402,Coffs Harbour,104,Coffs Harbour - Grafton,New South Wales,270.2411
105011092,Bourke - Brewarrina,10501,Bourke - Cobar - Coonamble,105,Far West and Orana,New South Wales,56841.5222
105011093,Cobar,10501,Bourke - Cobar - Coonamble,105,Far West and Orana,New South Wales,45551.398
105011094,Coonamble,10501,Bourke - Cobar - Coonamble,105,Far West and Orana,New South Wales,12142.3532
105011095,Nyngan - Warren,10501,Bourke - Cobar - Coonamble,105,Far West and Orana,New South Wales,21216.0023
105011096,Walgett - Lightning Ridge,10501,Bourke - Cobar - Coonamble,105,Far West and Orana,New South Wales,27011.1328
105021097,Broken Hill,10502,Broken Hill and Far West,105,Far West and Orana,New South Wales,170.1153
105021098,Far West,10502,Broken Hill and Far West,105,Far West and Orana,New South Wales,146684.7317
105031099,Coonabarabran,10503,Dubbo,105,Far West and Orana,New South Wales,10474.1331
105031100,Dubbo - East,10503,Dubbo,105,Far West and Orana,New South Wales,87.6912
105031101,Dubbo - South,10503,Dubbo,105,Far West and Orana,New South Wales,25.4336
105031102,Dubbo - West,10503,Dubbo,105,Far West and Orana,New South Wales,69.436
105031103,Dubbo Surrounds,10503,Dubbo,105,Far West and Orana,New South Wales,4128.5682
105031104,Gilgandra,10503,Dubbo,105,Far West and Orana,New South Wales,5393.4381
105031105,Narromine,10503,Dubbo,105,Far West and Orana,New South Wales,5956.2535
105031106,Wellington,10503,Dubbo,105,Far West and Orana,New South Wales,3603.4369
106011107,Branxton - Greta - Pokolbin,10601,Lower Hunter,106,Hunter Valley exc Newcastle,New South Wales,392.2862
106011108,Cessnock,10601,Lower Hunter,106,Hunter Valley exc Newcastle,New South Wales,68.9812
106011109,Cessnock Surrounds,10601,Lower Hunter,106,Hunter Valley exc Newcastle,New South Wales,1570.4345
106011110,Dungog,10601,Lower Hunter,106,Hunter Valley exc Newcastle,New South Wales,2249.9983
106011111,Kurri Kurri - Abermain,10601,Lower Hunter,106,Hunter Valley exc Newcastle,New South Wales,90.6145
106011112,Singleton,10601,Lower Hunter,106,Hunter Valley exc Newcastle,New South Wales,127.2317
106011113,Singleton Surrounds,10601,Lower Hunter,106,Hunter Valley exc Newcastle,New South Wales,4067.2348
106021114,Maitland,10602,Maitland,106,Hunter Valley exc Newcastle,New South Wales,32.0793
106021116,Maitland - North,10602,Maitland,106,Hunter Valley exc Newcastle,New South Wales,70.5478
106021614,East Maitland - Metford,10602,Maitland,106,Hunter Valley exc Newcastle,New South Wales,21.6762
106021615,Rutherford (North) - Aberglasslyn,10602,Maitland,106,Hunter Valley exc Newcastle,New South Wales,136.1326
106021616,Rutherford (South) - Telarah,10602,Maitland,106,Hunter Valley exc Newcastle,New South Wales,39.3028
106021617,Tenambit - East Maitland,10602,Maitland,106,Hunter Valley exc Newcastle,New South Wales,17.2818
106021618,Thornton - Millers Forest,10602,Maitland,106,Hunter Valley exc Newcastle,New South Wales,63.0964
106031119,Anna Bay,10603,Port Stephens,106,Hunter Valley exc Newcastle,New South Wales,68.05
106031120,Lemon Tree Passage - Tanilba Bay,10603,Port Stephens,106,Hunter Valley exc Newcastle,New South Wales,29.9822
106031121,Nelson Bay Peninsula,10603,Port Stephens,106,Hunter Valley exc Newcastle,New South Wales,47.4762
106031122,Raymond Terrace,10603,Port Stephens,106,Hunter Valley exc Newcastle,New South Wales,109.4864
106031123,Seaham - Woodville,10603,Port Stephens,106,Hunter Valley exc Newcastle,New South Wales,247.4836
106031124,Tea Gardens - Hawks Nest,10603,Port Stephens,106,Hunter Valley exc Newcastle,New South Wales,204.3164
106031125,Williamtown - Medowie - Karuah,10603,Port Stephens,106,Hunter Valley exc Newcastle,New South Wales,365.182
106041126,Muswellbrook,10604,Upper Hunter,106,Hunter Valley exc Newcastle,New South Wales,262.3964
106041127,Muswellbrook Surrounds,10604,Upper Hunter,106,Hunter Valley exc Newcastle,New South Wales,3142.4877
106041128,Scone,10604,Upper Hunter,106,Hunter Valley exc Newcastle,New South Wales,118.5743
106041129,Scone Surrounds,10604,Upper Hunter,106,Hunter Valley exc Newcastle,New South Wales,7948.9584
107011131,Dapto - Avondale,10701,Dapto - Port Kembla,107,Illawarra,New South Wales,56.6003
107011132,Horsley - Kembla Grange,10701,Dapto - Port Kembla,107,Illawarra,New South Wales,44.2402
107011133,Port Kembla Industrial,10701,Dapto - Port Kembla,107,Illawarra,New South Wales,12.939
107011134,Unanderra - Mount Kembla,10701,Dapto - Port Kembla,107,Illawarra,New South Wales,25.1483
107011545,Berkeley - Lake Heights - Cringila,10701,Dapto - Port Kembla,107,Illawarra,New South Wales,12.5307
107011546,Port Kembla - Warrawong,10701,Dapto - Port Kembla,107,Illawarra,New South Wales,6.9708
107011547,Windang - Primbee,10701,Dapto - Port Kembla,107,Illawarra,New South Wales,5.5883
107021135,Illawarra Catchment Reserve,10702,Illawarra Catchment Reserve,107,Illawarra,New South Wales,744.3423
107031136,Albion Park - Macquarie Pass,10703,Kiama - Shellharbour,107,Illawarra,New South Wales,75.1254
107031137,Albion Park Rail,10703,Kiama - Shellharbour,107,Illawarra,New South Wales,7.1682
107031138,Kiama,10703,Kiama - Shellharbour,107,Illawarra,New South Wales,13.8553
107031139,Kiama Downs - Minnamurra,10703,Kiama - Shellharbour,107,Illawarra,New South Wales,7.261
107031140,Kiama Hinterland - Gerringong,10703,Kiama - Shellharbour,107,Illawarra,New South Wales,222.2611
107031141,Shellharbour - Flinders,10703,Kiama - Shellharbour,107,Illawarra,New South Wales,49.5813
107031142,Shellharbour - Oak Flats,10703,Kiama - Shellharbour,107,Illawarra,New South Wales,6.051
107031143,Warilla,10703,Kiama - Shellharbour,107,Illawarra,New South Wales,9.4949
107041144,Balgownie - Fairy Meadow,10704,Wollongong,107,Illawarra,New South Wales,12.2638
107041145,Corrimal - Tarrawanna - Bellambi,10704,Wollongong,107,Illawarra,New South Wales,11.0648
107041146,Figtree - Keiraville,10704,Wollongong,107,Illawarra,New South Wales,18.8129
107041147,Helensburgh,10704,Wollongong,107,Illawarra,New South Wales,154.8373
107041148,Thirroul - Austinmer - Coalcliff,10704,Wollongong,107,Illawarra,New South Wales,16.1558
107041150,Woonona - Bulli - Russell Vale,10704,Wollongong,107,Illawarra,New South Wales,15.7847
107041548,Wollongong - East,10704,Wollongong,107,Illawarra,New South Wales,5.5039
107041549,Wollongong - West,10704,Wollongong,107,Illawarra,New South Wales,5.6592
108011151,Bulahdelah - Stroud,10801,Great Lakes,108,Mid North Coast,New South Wales,2334.0245
108011152,Forster,10801,Great Lakes,108,Mid North Coast,New South Wales,33.873
108011153,Forster-Tuncurry Surrounds,10801,Great Lakes,108,Mid North Coast,New South Wales,749.4773
108011154,Tuncurry,10801,Great Lakes,108,Mid North Coast,New South Wales,15.6698
108021155,Kempsey,10802,Kempsey - Nambucca,108,Mid North Coast,New South Wales,195.1561
108021156,Kempsey Surrounds,10802,Kempsey - Nambucca,108,Mid North Coast,New South Wales,3627.2591
108021157,Macksville - Scotts Head,10802,Kempsey - Nambucca,108,Mid North Coast,New South Wales,83.793
108021158,Nambucca Heads,10802,Kempsey - Nambucca,108,Mid North Coast,New South Wales,31.0503
108021159,Nambucca Heads Surrounds,10802,Kempsey - Nambucca,108,Mid North Coast,New South Wales,1356.0988
108021160,South West Rocks,10802,Kempsey - Nambucca,108,Mid North Coast,New South Wales,45.9673
108031161,Lord Howe Island,10803,Lord Howe Island,108,Mid North Coast,New South Wales,16.2918
108041162,Laurieton - Bonny Hills,10804,Port Macquarie,108,Mid North Coast,New South Wales,524.9062
108041164,Port Macquarie - West,10804,Port Macquarie,108,Mid North Coast,New South Wales,54.1668
108041165,Port Macquarie Surrounds,10804,Port Macquarie,108,Mid North Coast,New South Wales,2871.7473
108041166,Wauchope,10804,Port Macquarie,108,Mid North Coast,New South Wales,194.8611
108041619,Port Macquarie - East,10804,Port Macquarie,108,Mid North Coast,New South Wales,7.0934
108041620,Port Macquarie - South,10804,Port Macquarie,108,Mid North Coast,New South Wales,34.9946
108051167,Gloucester,10805,Taree - Gloucester,108,Mid North Coast,New South Wales,2933.8676
108051168,Old Bar - Manning Point - Red Head,10805,Taree - Gloucester,108,Mid North Coast,New South Wales,209.6182
108051169,Taree,10805,Taree - Gloucester,108,Mid North Coast,New South Wales,125.1186
108051170,Taree Surrounds,10805,Taree - Gloucester,108,Mid North Coast,New South Wales,3344.9329
108051171,Wingham,10805,Taree - Gloucester,108,Mid North Coast,New South Wales,61.5309
109011172,Albury - East,10901,Albury,109,Murray,New South Wales,101.484
109011173,Albury - North,10901,Albury,109,Murray,New South Wales,24.1552
109011174,Albury - South,10901,Albury,109,Murray,New South Wales,48.1442
109011175,Albury Surrounds,10901,Albury,109,Murray,New South Wales,5401.7533
109011176,Lavington,10901,Albury,109,Murray,New South Wales,21.467
109021177,Hay,10902,Lower Murray,109,Murray,New South Wales,13922.8975
109021178,Wentworth - Buronga,10902,Lower Murray,109,Murray,New South Wales,322.4567
109021179,Wentworth-Balranald Region,10902,Lower Murray,109,Murray,New South Wales,49722.5286
109031180,Corowa,10903,Upper Murray exc. Albury,109,Murray,New South Wales,77.1283
109031181,Corowa Surrounds,10903,Upper Murray exc. Albury,109,Murray,New South Wales,4495.1557
109031182,Deniliquin,10903,Upper Murray exc. Albury,109,Murray,New South Wales,143.2081
109031183,Deniliquin Surrounds,10903,Upper Murray exc. Albury,109,Murray,New South Wales,18337.9454
109031184,Moama,10903,Upper Murray exc. Albury,109,Murray,New South Wales,167.0068
109031185,Tocumwal - Finley - Jerilderie,10903,Upper Murray exc. Albury,109,Murray,New South Wales,5011.159
110011186,Armidale,11001,Armidale,110,New England and North West,New South Wales,274.5996
110011187,Armidale Surrounds - North,11001,Armidale,110,New England and North West,New South Wales,6098.2353
110011188,Armidale Surrounds - South,11001,Armidale,110,New England and North West,New South Wales,3280.2792
110011189,Walcha,11001,Armidale,110,New England and North West,New South Wales,6742.5353
110021190,Glen Innes,11002,Inverell - Tenterfield,110,New England and North West,New South Wales,5479.977
110021191,Inverell,11002,Inverell - Tenterfield,110,New England and North West,New South Wales,207.6617
110021192,Inverell Surrounds - East,11002,Inverell - Tenterfield,110,New England and North West,New South Wales,9270.8567
110021193,Inverell Surrounds - West,11002,Inverell - Tenterfield,110,New England and North West,New South Wales,8283.6399
110021194,Tenterfield,11002,Inverell - Tenterfield,110,New England and North West,New South Wales,7324.3072
110031195,Moree,11003,Moree - Narrabri,110,New England and North West,New South Wales,69.3971
110031196,Moree Surrounds,11003,Moree - Narrabri,110,New England and North West,New South Wales,19807.3163
110031197,Narrabri,11003,Moree - Narrabri,110,New England and North West,New South Wales,180.363
110031198,Narrabri Surrounds,11003,Moree - Narrabri,110,New England and North West,New South Wales,11965.644
110041199,Gunnedah,11004,Tamworth - Gunnedah,110,New England and North West,New South Wales,90.1551
110041200,Gunnedah Surrounds,11004,Tamworth - Gunnedah,110,New England and North West,New South Wales,5765.8611
110041201,Quirindi,11004,Tamworth - Gunnedah,110,New England and North West,New South Wales,5077.8424
110041202,Tamworth - East,11004,Tamworth - Gunnedah,110,New England and North West,New South Wales,102.1806
110041203,Tamworth - North,11004,Tamworth - Gunnedah,110,New England and North West,New South Wales,76.0422
110041204,Tamworth - West,11004,Tamworth - Gunnedah,110,New England and North West,New South Wales,62.5221
110041205,Tamworth Surrounds,11004,Tamworth - Gunnedah,110,New England and North West,New South Wales,8980.4841
111011206,Belmont - Bennetts Green,11101,Lake Macquarie - East,111,Newcastle and Lake Macquarie,New South Wales,22.2102
111011207,Belmont South - Blacksmiths,11101,Lake Macquarie - East,111,Newcastle and Lake Macquarie,New South Wales,6.8068
111011208,Charlestown - Dudley,11101,Lake Macquarie - East,111,Newcastle and Lake Macquarie,New South Wales,22.2795
111011209,Glendale - Cardiff - Hillsborough,11101,Lake Macquarie - East,111,Newcastle and Lake Macquarie,New South Wales,21.9176
111011210,Mount Hutton - Windale,11101,Lake Macquarie - East,111,Newcastle and Lake Macquarie,New South Wales,6.2654
111011211,Redhead,11101,Lake Macquarie - East,111,Newcastle and Lake Macquarie,New South Wales,3.6842
111011212,Swansea - Caves Beach,11101,Lake Macquarie - East,111,Newcastle and Lake Macquarie,New South Wales,32.4068
111011213,Valentine - Eleebana,11101,Lake Macquarie - East,111,Newcastle and Lake Macquarie,New South Wales,9.9748
111011214,Warners Bay - Boolaroo,11101,Lake Macquarie - East,111,Newcastle and Lake Macquarie,New South Wales,12.54
111021215,Bolton Point - Teralba,11102,Lake Macquarie - West,111,Newcastle and Lake Macquarie,New South Wales,21.9698
111021216,Bonnells Bay - Silverwater,11102,Lake Macquarie - West,111,Newcastle and Lake Macquarie,New South Wales,10.1593
111021217,Edgeworth - Cameron Park,11102,Lake Macquarie - West,111,Newcastle and Lake Macquarie,New South Wales,15.6078
111021218,Morisset - Cooranbong,11102,Lake Macquarie - West,111,Newcastle and Lake Macquarie,New South Wales,330.5207
111021219,Toronto - Awaba,11102,Lake Macquarie - West,111,Newcastle and Lake Macquarie,New South Wales,43.6626
111021220,Wangi Wangi - Rathmines,11102,Lake Macquarie - West,111,Newcastle and Lake Macquarie,New South Wales,13.1714
111021221,West Wallsend - Barnsley - Killingworth,11102,Lake Macquarie - West,111,Newcastle and Lake Macquarie,New South Wales,72.5413
111031222,Adamstown - Kotara,11103,Newcastle,111,Newcastle and Lake Macquarie,New South Wales,8.0182
111031223,Beresfield - Hexham,11103,Newcastle,111,Newcastle and Lake Macquarie,New South Wales,59.2573
111031224,Hamilton - Broadmeadow,11103,Newcastle,111,Newcastle and Lake Macquarie,New South Wales,6.7462
111031225,Lambton - New Lambton,11103,Newcastle,111,Newcastle and Lake Macquarie,New South Wales,10.5485
111031226,Maryland - Fletcher - Minmi,11103,Newcastle,111,Newcastle and Lake Macquarie,New South Wales,17.2634
111031227,Mayfield - Warabrook,11103,Newcastle,111,Newcastle and Lake Macquarie,New South Wales,7.5372
111031228,Merewether - The Junction,11103,Newcastle,111,Newcastle and Lake Macquarie,New South Wales,7.2464
111031229,Newcastle - Cooks Hill,11103,Newcastle,111,Newcastle and Lake Macquarie,New South Wales,3.9772
111031230,Newcastle Port - Kooragang,11103,Newcastle,111,Newcastle and Lake Macquarie,New South Wales,30.8589
111031231,Shortland - Jesmond,11103,Newcastle,111,Newcastle and Lake Macquarie,New South Wales,12.7086
111031232,Stockton - Fullerton Cove,11103,Newcastle,111,Newcastle and Lake Macquarie,New South Wales,30.5131
111031233,Wallsend - Elermore Vale,11103,Newcastle,111,Newcastle and Lake Macquarie,New South Wales,21.52
111031234,Waratah - North Lambton,11103,Newcastle,111,Newcastle and Lake Macquarie,New South Wales,5.114
111031235,Wickham - Carrington - Tighes Hill,11103,Newcastle,111,Newcastle and Lake Macquarie,New South Wales,3.5549
112011236,Ballina,11201,Richmond Valley - Coastal,112,Richmond - Tweed,New South Wales,36.1602
112011237,Ballina Surrounds,11201,Richmond Valley - Coastal,112,Richmond - Tweed,New South Wales,406.5486
112011238,Bangalow,11201,Richmond Valley - Coastal,112,Richmond - Tweed,New South Wales,186.5293
112011239,Brunswick Heads - Ocean Shores,11201,Richmond Valley - Coastal,112,Richmond - Tweed,New South Wales,54.4454
112011240,Byron Bay,11201,Richmond Valley - Coastal,112,Richmond - Tweed,New South Wales,39.7771
112011241,Evans Head,11201,Richmond Valley - Coastal,112,Richmond - Tweed,New South Wales,543.5362
112011242,Lennox Head - Skennars Head,11201,Richmond Valley - Coastal,112,Richmond - Tweed,New South Wales,37.846
112011243,Mullumbimby,11201,Richmond Valley - Coastal,112,Richmond - Tweed,New South Wales,268.075
112021244,Casino,11202,Richmond Valley - Hinterland,112,Richmond - Tweed,New South Wales,138.9581
112021245,Casino Surrounds,11202,Richmond Valley - Hinterland,112,Richmond - Tweed,New South Wales,3950.1024
112021246,Goonellabah,11202,Richmond Valley - Hinterland,112,Richmond - Tweed,New South Wales,25.2269
112021247,Kyogle,11202,Richmond Valley - Hinterland,112,Richmond - Tweed,New South Wales,1979.7778
112021248,Lismore,11202,Richmond Valley - Hinterland,112,Richmond - Tweed,New South Wales,63.3097
112021249,Lismore Surrounds,11202,Richmond Valley - Hinterland,112,Richmond - Tweed,New South Wales,1233.2421
112031250,Kingscliff - Fingal Head,11203,Tweed Valley,112,Richmond - Tweed,New South Wales,38.4359
112031251,Murwillumbah,11203,Tweed Valley,112,Richmond - Tweed,New South Wales,24.2868
112031252,Murwillumbah Surrounds,11203,Tweed Valley,112,Richmond - Tweed,New South Wales,908.2415
112031253,Pottsville,11203,Tweed Valley,112,Richmond - Tweed,New South Wales,189.4635
112031254,Tweed Heads,11203,Tweed Valley,112,Richmond - Tweed,New South Wales,100.4343
112031550,Banora Point,11203,Tweed Valley,112,Richmond - Tweed,New South Wales,9.4424
112031551,Terranora - North Tumbulgum,11203,Tweed Valley,112,Richmond - Tweed,New South Wales,29.0247
112031552,Tweed Heads South,11203,Tweed Valley,112,Richmond - Tweed,New South Wales,8.4562
113011256,Griffith (NSW),11301,Griffith - Murrumbidgee (West),113,Riverina,New South Wales,56.3332
113011257,Griffith Surrounds,11301,Griffith - Murrumbidgee (West),113,Riverina,New South Wales,23020.2045
113011258,Leeton,11301,Griffith - Murrumbidgee (West),113,Riverina,New South Wales,373.8747
113011259,Narrandera,11301,Griffith - Murrumbidgee (West),113,Riverina,New South Wales,5409.2764
113021260,Tumbarumba,11302,Tumut - Tumbarumba,113,Riverina,New South Wales,4520.6743
113021261,Tumut,11302,Tumut - Tumbarumba,113,Riverina,New South Wales,40.3087
113021262,Tumut Surrounds,11302,Tumut - Tumbarumba,113,Riverina,New South Wales,4613.7431
113031263,Cootamundra,11303,Wagga Wagga,113,Riverina,New South Wales,1656.1222
113031264,Gundagai,11303,Wagga Wagga,113,Riverina,New South Wales,2362.5241
113031265,Junee,11303,Wagga Wagga,113,Riverina,New South Wales,1970.8746
113031266,Temora,11303,Wagga Wagga,113,Riverina,New South Wales,3434.2619
113031267,Wagga Wagga - East,11303,Wagga Wagga,113,Riverina,New South Wales,54.0429
113031268,Wagga Wagga - North,11303,Wagga Wagga,113,Riverina,New South Wales,53.6776
113031269,Wagga Wagga - South,11303,Wagga Wagga,113,Riverina,New South Wales,29.4358
113031270,Wagga Wagga - West,11303,Wagga Wagga,113,Riverina,New South Wales,54.9391
113031271,Wagga Wagga Surrounds,11303,Wagga Wagga,113,Riverina,New South Wales,9334.6874
114011272,Berry - Kangaroo Valley,11401,Shoalhaven,114,Southern Highlands and Shoalhaven,New South Wales,537.0884
114011273,Callala Bay - Currarong,11401,Shoalhaven,114,Southern Highlands and Shoalhaven,New South Wales,166.9089
114011274,Culburra Beach,11401,Shoalhaven,114,Southern Highlands and Shoalhaven,New South Wales,76.4017
114011275,Ettrema - Sassafras - Budawang,11401,Shoalhaven,114,Southern Highlands and Shoalhaven,New South Wales,2144.4618
114011276,Huskisson - Vincentia,11401,Shoalhaven,114,Southern Highlands and Shoalhaven,New South Wales,31.0117
114011277,North Nowra - Bomaderry,11401,Shoalhaven,114,Southern Highlands and Shoalhaven,New South Wales,99.7318
114011278,Nowra,11401,Shoalhaven,114,Southern Highlands and Shoalhaven,New South Wales,101.6799
114011279,St Georges Basin - Erowal Bay,11401,Shoalhaven,114,Southern Highlands and Shoalhaven,New South Wales,76.8594
114011280,Sussex Inlet - Berrara,11401,Shoalhaven,114,Southern Highlands and Shoalhaven,New South Wales,40.4363
114011281,Tomerong - Wandandian - Woollamia,11401,Shoalhaven,114,Southern Highlands and Shoalhaven,New South Wales,375.9761
114011282,Ulladulla,11401,Shoalhaven,114,Southern Highlands and Shoalhaven,New South Wales,46.7765
114011283,Ulladulla Surrounds,11401,Shoalhaven,114,Southern Highlands and Shoalhaven,New South Wales,677.6148
114021284,Bowral,11402,Southern Highlands,114,Southern Highlands and Shoalhaven,New South Wales,55.572
114021285,Hill Top - Colo Vale,11402,Southern Highlands,114,Southern Highlands and Shoalhaven,New South Wales,174.3752
114021286,Mittagong,11402,Southern Highlands,114,Southern Highlands and Shoalhaven,New South Wales,73.7568
114021287,Moss Vale - Berrima,11402,Southern Highlands,114,Southern Highlands and Shoalhaven,New South Wales,118.1152
114021288,Robertson - Fitzroy Falls,11402,Southern Highlands,114,Southern Highlands and Shoalhaven,New South Wales,498.4941
114021289,Southern Highlands,11402,Southern Highlands,114,Southern Highlands and Shoalhaven,New South Wales,1409.7013
115011290,Baulkham Hills - East,11501,Baulkham Hills,115,Sydney - Baulkham Hills and Hawkesbury,New South Wales,8.3081
115011291,Baulkham Hills (West) - Bella Vista,11501,Baulkham Hills,115,Sydney - Baulkham Hills and Hawkesbury,New South Wales,10.8721
115011294,Glenhaven,11501,Baulkham Hills,115,Sydney - Baulkham Hills and Hawkesbury,New South Wales,7.2309
115011296,West Pennant Hills,11501,Baulkham Hills,115,Sydney - Baulkham Hills and Hawkesbury,New South Wales,7.8291
115011553,Castle Hill - Central,11501,Baulkham Hills,115,Sydney - Baulkham Hills and Hawkesbury,New South Wales,4.1512
115011554,Castle Hill - East,11501,Baulkham Hills,115,Sydney - Baulkham Hills and Hawkesbury,New South Wales,2.072
115011555,Castle Hill - North,11501,Baulkham Hills,115,Sydney - Baulkham Hills and Hawkesbury,New South Wales,6.8149
115011556,Castle Hill - South,11501,Baulkham Hills,115,Sydney - Baulkham Hills and Hawkesbury,New South Wales,4.1277
115011557,Castle Hill - West,11501,Baulkham Hills,115,Sydney - Baulkham Hills and Hawkesbury,New South Wales,1.6363
115011558,Cherrybrook,11501,Baulkham Hills,115,Sydney - Baulkham Hills and Hawkesbury,New South Wales,8.2514
115011621,Kellyville - East,11501,Baulkham Hills,115,Sydney - Baulkham Hills and Hawkesbury,New South Wales,5.7375
115011622,Kellyville - West,11501,Baulkham Hills,115,Sydney - Baulkham Hills and Hawkesbury,New South Wales,4.9945
115021297,Dural - Kenthurst - Wisemans Ferry,11502,Dural - Wisemans Ferry,115,Sydney - Baulkham Hills and Hawkesbury,New South Wales,377.5396
115021298,Galston - Laughtondale,11502,Dural - Wisemans Ferry,115,Sydney - Baulkham Hills and Hawkesbury,New South Wales,191.699
115031299,Bilpin - Colo - St Albans,11503,Hawkesbury,115,Sydney - Baulkham Hills and Hawkesbury,New South Wales,2160.1601
115031300,Kurrajong Heights - Ebenezer,11503,Hawkesbury,115,Sydney - Baulkham Hills and Hawkesbury,New South Wales,331.85
115041301,Pitt Town - McGraths Hill,11504,Rouse Hill - McGraths Hill,115,Sydney - Baulkham Hills and Hawkesbury,New South Wales,80.503
115041623,Box Hill - Nelson,11504,Rouse Hill - McGraths Hill,115,Sydney - Baulkham Hills and Hawkesbury,New South Wales,21.0706
115041624,North Kellyville,11504,Rouse Hill - McGraths Hill,115,Sydney - Baulkham Hills and Hawkesbury,New South Wales,8.0039
115041625,Rouse Hill - Beaumont Hills,11504,Rouse Hill - McGraths Hill,115,Sydney - Baulkham Hills and Hawkesbury,New South Wales,8.6462
116011303,Blacktown (East) - Kings Park,11601,Blacktown,116,Sydney - Blacktown,New South Wales,7.9753
116011304,Blacktown (North) - Marayong,11601,Blacktown,116,Sydney - Blacktown,New South Wales,7.3828
116011306,Doonside - Woodcroft,11601,Blacktown,116,Sydney - Blacktown,New South Wales,9.9106
116011307,Lalor Park - Kings Langley,11601,Blacktown,116,Sydney - Blacktown,New South Wales,11.7998
116011560,Blacktown - South,11601,Blacktown,116,Sydney - Blacktown,New South Wales,3.3594
116011561,Blacktown - West,11601,Blacktown,116,Sydney - Blacktown,New South Wales,4.6753
116011626,Seven Hills - Prospect,11601,Blacktown,116,Sydney - Blacktown,New South Wales,7.5851
116011627,Toongabbie - West,11601,Blacktown,116,Sydney - Blacktown,New South Wales,3.2406
116021309,Glenwood,11602,Blacktown - North,116,Sydney - Blacktown,New South Wales,5.1186
116021562,Acacia Gardens,11602,Blacktown - North,116,Sydney - Blacktown,New South Wales,0.9466
116021563,Quakers Hill,11602,Blacktown - North,116,Sydney - Blacktown,New South Wales,7.7674
116021628,Kellyville Ridge - The Ponds,11602,Blacktown - North,116,Sydney - Blacktown,New South Wales,5.9124
116021629,Marsden Park - Shanes Park,11602,Blacktown - North,116,Sydney - Blacktown,New South Wales,25.0406
116021630,Riverstone,11602,Blacktown - North,116,Sydney - Blacktown,New South Wales,32.1656
116021631,Schofields (West) - Colebee,11602,Blacktown - North,116,Sydney - Blacktown,New South Wales,10.5499
116021632,Schofields - East,11602,Blacktown - North,116,Sydney - Blacktown,New South Wales,11.6638
116021633,Stanhope Gardens - Parklea,11602,Blacktown - North,116,Sydney - Blacktown,New South Wales,3.9008
116031313,Bidwill - Hebersham - Emerton,11603,Mount Druitt,116,Sydney - Blacktown,New South Wales,6.095
116031314,Glendenning - Dean Park,11603,Mount Druitt,116,Sydney - Blacktown,New South Wales,5.1425
116031315,Hassall Grove - Plumpton,11603,Mount Druitt,116,Sydney - Blacktown,New South Wales,6.2052
116031316,Lethbridge Park - Tregear,11603,Mount Druitt,116,Sydney - Blacktown,New South Wales,11.2672
116031317,Mount Druitt - Whalan,11603,Mount Druitt,116,Sydney - Blacktown,New South Wales,8.6855
116031318,Prospect Reservoir,11603,Mount Druitt,116,Sydney - Blacktown,New South Wales,29.8693
116031319,Rooty Hill - Minchinbury,11603,Mount Druitt,116,Sydney - Blacktown,New South Wales,14.6242
117011320,Banksmeadow,11701,Botany,117,Sydney - City and Inner South,New South Wales,3.9384
117011321,Botany,11701,Botany,117,Sydney - City and Inner South,New South Wales,3.4307
117011323,Pagewood - Hillsdale - Daceyville,11701,Botany,117,Sydney - City and Inner South,New South Wales,3.1186
117011324,Port Botany Industrial,11701,Botany,117,Sydney - City and Inner South,New South Wales,2.8044
117011325,Sydney Airport,11701,Botany,117,Sydney - City and Inner South,New South Wales,8.9106
117011634,Eastlakes,11701,Botany,117,Sydney - City and Inner South,New South Wales,3.1149
117011635,Mascot,11701,Botany,117,Sydney - City and Inner South,New South Wales,3.0501
117021327,Petersham - Stanmore,11702,Marrickville - Sydenham - Petersham,117,Sydney - City and Inner South,New South Wales,3.0033
117021328,Sydenham - Tempe - St Peters,11702,Marrickville - Sydenham - Petersham,117,Sydney - City and Inner South,New South Wales,3.8539
117021636,Marrickville - North,11702,Marrickville - Sydenham - Petersham,117,Sydney - City and Inner South,New South Wales,2.8199
117021637,Marrickville - South,11702,Marrickville - Sydenham - Petersham,117,Sydney - City and Inner South,New South Wales,2.9929
117031329,Darlinghurst,11703,Sydney Inner City,117,Sydney - City and Inner South,New South Wales,0.8569
117031330,Erskineville - Alexandria,11703,Sydney Inner City,117,Sydney - City and Inner South,New South Wales,4.3199
117031331,Glebe - Forest Lodge,11703,Sydney Inner City,117,Sydney - City and Inner South,New South Wales,2.3018
117031333,Potts Point - Woolloomooloo,11703,Sydney Inner City,117,Sydney - City and Inner South,New South Wales,1.4636
117031336,Surry Hills,11703,Sydney Inner City,117,Sydney - City and Inner South,New South Wales,1.3164
117031638,Camperdown - Darlington,11703,Sydney Inner City,117,Sydney - City and Inner South,New South Wales,1.7106
117031639,Chippendale,11703,Sydney Inner City,117,Sydney - City and Inner South,New South Wales,0.4642
117031640,Newtown (NSW),11703,Sydney Inner City,117,Sydney - City and Inner South,New South Wales,1.5707
117031641,Pyrmont,11703,Sydney Inner City,117,Sydney - City and Inner South,New South Wales,0.9299
117031642,Redfern,11703,Sydney Inner City,117,Sydney - City and Inner South,New South Wales,1.6989
117031643,Rosebery - Beaconsfield,11703,Sydney Inner City,117,Sydney - City and Inner South,New South Wales,1.6423
117031644,Sydney (North) - Millers Point,11703,Sydney Inner City,117,Sydney - City and Inner South,New South Wales,3.2122
117031645,Sydney (South) - Haymarket,11703,Sydney Inner City,117,Sydney - City and Inner South,New South Wales,1.081
117031646,Ultimo,11703,Sydney Inner City,117,Sydney - City and Inner South,New South Wales,0.5588
117031647,Waterloo,11703,Sydney Inner City,117,Sydney - City and Inner South,New South Wales,1.1339
117031648,Zetland,11703,Sydney Inner City,117,Sydney - City and Inner South,New South Wales,0.8047
118011339,Bondi - Tamarama - Bronte,11801,Eastern Suburbs - North,118,Sydney - Eastern Suburbs,New South Wales,2.4962
118011340,Bondi Beach - North Bondi,11801,Eastern Suburbs - North,118,Sydney - Eastern Suburbs,New South Wales,2.4604
118011341,Bondi Junction - Waverly,11801,Eastern Suburbs - North,118,Sydney - Eastern Suburbs,New South Wales,2.5235
118011342,Centennial Park,11801,Eastern Suburbs - North,118,Sydney - Eastern Suburbs,New South Wales,1.9786
118011344,Dover Heights,11801,Eastern Suburbs - North,118,Sydney - Eastern Suburbs,New South Wales,1.8705
118011345,Paddington - Moore Park,11801,Eastern Suburbs - North,118,Sydney - Eastern Suburbs,New South Wales,3.725
118011346,Rose Bay - Vaucluse - Watsons Bay,11801,Eastern Suburbs - North,118,Sydney - Eastern Suburbs,New South Wales,5.1368
118011347,Woollahra,11801,Eastern Suburbs - North,118,Sydney - Eastern Suburbs,New South Wales,1.2805
118011649,Bellevue Hill,11801,Eastern Suburbs - North,118,Sydney - Eastern Suburbs,New South Wales,3.1556
118011650,Double Bay - Darling Point,11801,Eastern Suburbs - North,118,Sydney - Eastern Suburbs,New South Wales,1.5591
118021564,Kensington (NSW),11802,Eastern Suburbs - South,118,Sydney - Eastern Suburbs,New South Wales,2.6423
118021565,Kingsford,11802,Eastern Suburbs - South,118,Sydney - Eastern Suburbs,New South Wales,2.0141
118021566,Maroubra - North,11802,Eastern Suburbs - South,118,Sydney - Eastern Suburbs,New South Wales,1.8112
118021567,Maroubra - South,11802,Eastern Suburbs - South,118,Sydney - Eastern Suburbs,New South Wales,2.065
118021568,Maroubra - West,11802,Eastern Suburbs - South,118,Sydney - Eastern Suburbs,New South Wales,2.0464
118021569,Randwick - North,11802,Eastern Suburbs - South,118,Sydney - Eastern Suburbs,New South Wales,1.9356
118021570,Randwick - South,11802,Eastern Suburbs - South,118,Sydney - Eastern Suburbs,New South Wales,3.3725
118021651,Coogee - Clovelly,11802,Eastern Suburbs - South,118,Sydney - Eastern Suburbs,New South Wales,2.7034
118021652,Malabar - La Perouse,11802,Eastern Suburbs - South,118,Sydney - Eastern Suburbs,New South Wales,8.4115
118021653,Matraville - Chifley,11802,Eastern Suburbs - South,118,Sydney - Eastern Suburbs,New South Wales,3.4138
118021654,South Coogee,11802,Eastern Suburbs - South,118,Sydney - Eastern Suburbs,New South Wales,1.1322
119011354,Bass Hill - Georges Hall,11901,Bankstown,119,Sydney - Inner South West,New South Wales,8.9161
119011355,Chullora,11901,Bankstown,119,Sydney - Inner South West,New South Wales,4.0501
119011356,Condell Park,11901,Bankstown,119,Sydney - Inner South West,New South Wales,10.0036
119011358,Padstow,11901,Bankstown,119,Sydney - Inner South West,New South Wales,6.5091
119011360,Revesby,11901,Bankstown,119,Sydney - Inner South West,New South Wales,5.0925
119011361,Yagoona - Birrong,11901,Bankstown,119,Sydney - Inner South West,New South Wales,5.5597
119011571,Bankstown - North,11901,Bankstown,119,Sydney - Inner South West,New South Wales,2.7405
119011572,Bankstown - South,11901,Bankstown,119,Sydney - Inner South West,New South Wales,4.4232
119011655,Greenacre - North,11901,Bankstown,119,Sydney - Inner South West,New South Wales,4.0802
119011656,Greenacre - South,11901,Bankstown,119,Sydney - Inner South West,New South Wales,2.9017
119011657,Panania (North) - Milperra,11901,Bankstown,119,Sydney - Inner South West,New South Wales,7.5649
119011658,Panania (South) - Picnic Point,11901,Bankstown,119,Sydney - Inner South West,New South Wales,6.8259
119021362,Belmore - Belfield,11902,Canterbury,119,Sydney - Inner South West,New South Wales,4.5136
119021366,Punchbowl,11902,Canterbury,119,Sydney - Inner South West,New South Wales,5.2458
119021367,Roselands,11902,Canterbury,119,Sydney - Inner South West,New South Wales,3.6461
119021573,Lakemba,11902,Canterbury,119,Sydney - Inner South West,New South Wales,2.1866
119021574,Wiley Park,11902,Canterbury,119,Sydney - Inner South West,New South Wales,1.3933
119021659,Campsie - North,11902,Canterbury,119,Sydney - Inner South West,New South Wales,1.5672
119021660,Campsie - South,11902,Canterbury,119,Sydney - Inner South West,New South Wales,1.12
119021661,Canterbury - South,11902,Canterbury,119,Sydney - Inner South West,New South Wales,2.0906
119021662,Earlwood,11902,Canterbury,119,Sydney - Inner South West,New South Wales,5.5897
119021663,Kingsgrove - North,11902,Canterbury,119,Sydney - Inner South West,New South Wales,2.6119
119031370,Narwee - Beverly Hills,11903,Hurstville,119,Sydney - Inner South West,New South Wales,3.3909
119031371,Oatley - Hurstville Grove,11903,Hurstville,119,Sydney - Inner South West,New South Wales,4.3549
119031372,Peakhurst - Lugarno,11903,Hurstville,119,Sydney - Inner South West,New South Wales,7.4721
119031373,Riverwood,11903,Hurstville,119,Sydney - Inner South West,New South Wales,2.7319
119031374,South Hurstville - Blakehurst,11903,Hurstville,119,Sydney - Inner South West,New South Wales,6.2406
119031664,Hurstville - Central,11903,Hurstville,119,Sydney - Inner South West,New South Wales,1.2264
119031665,Hurstville - North,11903,Hurstville,119,Sydney - Inner South West,New South Wales,2.4137
119031666,Mortdale - Oatley,11903,Hurstville,119,Sydney - Inner South West,New South Wales,4.4442
119031667,Penshurst,11903,Hurstville,119,Sydney - Inner South West,New South Wales,1.6722
119041377,Kingsgrove (South) - Bardwell Park,11904,Kogarah - Rockdale,119,Sydney - Inner South West,New South Wales,3.7871
119041378,Kogarah,11904,Kogarah - Rockdale,119,Sydney - Inner South West,New South Wales,2.2197
119041379,Kogarah Bay - Carlton - Allawah,11904,Kogarah - Rockdale,119,Sydney - Inner South West,New South Wales,3.5033
119041380,Monterey - Brighton-le-Sands - Kyeemagh,11904,Kogarah - Rockdale,119,Sydney - Inner South West,New South Wales,3.3799
119041381,Rockdale - Banksia,11904,Kogarah - Rockdale,119,Sydney - Inner South West,New South Wales,3.5762
119041382,Sans Souci - Ramsgate,11904,Kogarah - Rockdale,119,Sydney - Inner South West,New South Wales,4.6115
119041668,Arncliffe - Bardwell Valley,11904,Kogarah - Rockdale,119,Sydney - Inner South West,New South Wales,4.313
119041669,Bexley - North,11904,Kogarah - Rockdale,119,Sydney - Inner South West,New South Wales,2.6007
119041670,Bexley - South,11904,Kogarah - Rockdale,119,Sydney - Inner South West,New South Wales,2.6771
119041671,Wolli Creek,11904,Kogarah - Rockdale,119,Sydney - Inner South West,New South Wales,0.6795
120011383,Concord - Mortlake - Cabarita,12001,Canada Bay,120,Sydney - Inner West,New South Wales,6.3199
120011385,Drummoyne - Rodd Point,12001,Canada Bay,120,Sydney - Inner West,New South Wales,3.7047
120011386,Five Dock - Abbotsford,12001,Canada Bay,120,Sydney - Inner West,New South Wales,4.6202
120011672,Concord West - North Strathfield,12001,Canada Bay,120,Sydney - Inner West,New South Wales,4.0969
120011673,Rhodes,12001,Canada Bay,120,Sydney - Inner West,New South Wales,1.006
120021387,Balmain,12002,Leichhardt,120,Sydney - Inner West,New South Wales,2.5815
120021389,Lilyfield - Rozelle,12002,Leichhardt,120,Sydney - Inner West,New South Wales,3.6039
120021674,Annandale (NSW),12002,Leichhardt,120,Sydney - Inner West,New South Wales,1.4885
120021675,Leichhardt,12002,Leichhardt,120,Sydney - Inner West,New South Wales,2.9838
120031392,Canterbury (North) - Ashbury,12003,Strathfield - Burwood - Ashfield,120,Sydney - Inner West,New South Wales,3.0278
120031393,Croydon Park - Enfield,12003,Strathfield - Burwood - Ashfield,120,Sydney - Inner West,New South Wales,3.9711
120031394,Dulwich Hill - Lewisham,12003,Strathfield - Burwood - Ashfield,120,Sydney - Inner West,New South Wales,2.7016
120031395,Haberfield - Summer Hill,12003,Strathfield - Burwood - Ashfield,120,Sydney - Inner West,New South Wales,3.4746
120031396,Homebush,12003,Strathfield - Burwood - Ashfield,120,Sydney - Inner West,New South Wales,3.8432
120031576,Strathfield South,12003,Strathfield - Burwood - Ashfield,120,Sydney - Inner West,New South Wales,2.5112
120031676,Ashfield - North,12003,Strathfield - Burwood - Ashfield,120,Sydney - Inner West,New South Wales,1.5609
120031677,Ashfield - South,12003,Strathfield - Burwood - Ashfield,120,Sydney - Inner West,New South Wales,2.1091
120031678,Burwood (NSW),12003,Strathfield - Burwood - Ashfield,120,Sydney - Inner West,New South Wales,1.905
120031679,Croydon,12003,Strathfield - Burwood - Ashfield,120,Sydney - Inner West,New South Wales,2.5877
120031680,Strathfield - East,12003,Strathfield - Burwood - Ashfield,120,Sydney - Inner West,New South Wales,2.5414
120031681,Strathfield - West,12003,Strathfield - Burwood - Ashfield,120,Sydney - Inner West,New South Wales,3.9101
121011399,Chatswood (West) - Lane Cove North,12101,Chatswood - Lane Cove,121,Sydney - North Sydney and Hornsby,New South Wales,5.5372
121011401,St Leonards - Naremburn,12101,Chatswood - Lane Cove,121,Sydney - North Sydney and Hornsby,New South Wales,2.761
121011682,Artarmon,12101,Chatswood - Lane Cove,121,Sydney - North Sydney and Hornsby,New South Wales,1.6583
121011683,Castle Cove - Northbridge,12101,Chatswood - Lane Cove,121,Sydney - North Sydney and Hornsby,New South Wales,7.6847
121011684,Chatswood - East,12101,Chatswood - Lane Cove,121,Sydney - North Sydney and Hornsby,New South Wales,3.4093
121011685,Greenwich - Riverview,12101,Chatswood - Lane Cove,121,Sydney - North Sydney and Hornsby,New South Wales,4.5871
121011686,Lane Cove,12101,Chatswood - Lane Cove,121,Sydney - North Sydney and Hornsby,New South Wales,4.4686
121011687,Willoughby,12101,Chatswood - Lane Cove,121,Sydney - North Sydney and Hornsby,New South Wales,3.0671
121021403,Asquith - Mount Colah,12102,Hornsby,121,Sydney - North Sydney and Hornsby,New South Wales,34.6889
121021404,Berowra - Brooklyn - Cowan,12102,Hornsby,121,Sydney - North Sydney and Hornsby,New South Wales,81.7548
121021406,Normanhurst - Thornleigh - Westleigh,12102,Hornsby,121,Sydney - North Sydney and Hornsby,New South Wales,9.9882
121021577,Hornsby - East,12102,Hornsby,121,Sydney - North Sydney and Hornsby,New South Wales,2.5688
121021578,Hornsby - West,12102,Hornsby,121,Sydney - North Sydney and Hornsby,New South Wales,6.2858
121021579,Wahroonga (West) - Waitara,12102,Hornsby,121,Sydney - North Sydney and Hornsby,New South Wales,2.1124
121031407,Gordon - Killara,12103,Ku-ring-gai,121,Sydney - North Sydney and Hornsby,New South Wales,11.6713
121031408,Lindfield - Roseville,12103,Ku-ring-gai,121,Sydney - North Sydney and Hornsby,New South Wales,11.8765
121031409,Pymble,12103,Ku-ring-gai,121,Sydney - North Sydney and Hornsby,New South Wales,10.2515
121031410,St Ives,12103,Ku-ring-gai,121,Sydney - North Sydney and Hornsby,New South Wales,17.7774
121031411,Turramurra,12103,Ku-ring-gai,121,Sydney - North Sydney and Hornsby,New South Wales,20.6426
121031412,Wahroonga (East) - Warrawee,12103,Ku-ring-gai,121,Sydney - North Sydney and Hornsby,New South Wales,13.327
121041413,Cremorne - Cammeray,12104,North Sydney - Mosman,121,Sydney - North Sydney and Hornsby,New South Wales,3.238
121041414,Crows Nest - Waverton,12104,North Sydney - Mosman,121,Sydney - North Sydney and Hornsby,New South Wales,2.9668
121041416,Neutral Bay - Kirribilli,12104,North Sydney - Mosman,121,Sydney - North Sydney and Hornsby,New South Wales,2.2116
121041417,North Sydney - Lavender Bay,12104,North Sydney - Mosman,121,Sydney - North Sydney and Hornsby,New South Wales,1.9142
121041688,Mosman - North,12104,North Sydney - Mosman,121,Sydney - North Sydney and Hornsby,New South Wales,3.2831
121041689,Mosman - South,12104,North Sydney - Mosman,121,Sydney - North Sydney and Hornsby,New South Wales,5.3672
122011418,Balgowlah - Clontarf - Seaforth,12201,Manly,122,Sydney - Northern Beaches,New South Wales,7.6104
122011419,Manly - Fairlight,12201,Manly,122,Sydney - Northern Beaches,New South Wales,6.7351
122021420,Avalon - Palm Beach,12202,Pittwater,122,Sydney - Northern Beaches,New South Wales,8.6057
122021421,Bayview - Elanora Heights,12202,Pittwater,122,Sydney - Northern Beaches,New South Wales,64.583
122021422,Newport - Bilgola,12202,Pittwater,122,Sydney - Northern Beaches,New South Wales,5.798
122021690,Mona Vale - Warriewood (North),12202,Pittwater,122,Sydney - Northern Beaches,New South Wales,6.4617
122021691,North Narrabeen - Warriewood (South),12202,Pittwater,122,Sydney - Northern Beaches,New South Wales,5.201
122031424,Beacon Hill - Narraweena,12203,Warringah,122,Sydney - Northern Beaches,New South Wales,4.3406
122031425,Cromer,12203,Warringah,122,Sydney - Northern Beaches,New South Wales,7.4915
122031427,Forestville - Killarney Heights,12203,Warringah,122,Sydney - Northern Beaches,New South Wales,8.9311
122031429,Freshwater - Brookvale,12203,Warringah,122,Sydney - Northern Beaches,New South Wales,7.1838
122031430,Manly Vale - Allambie Heights,12203,Warringah,122,Sydney - Northern Beaches,New South Wales,9.3541
122031432,Terrey Hills - Duffys Forest,12203,Warringah,122,Sydney - Northern Beaches,New South Wales,70.5438
122031692,Belrose,12203,Warringah,122,Sydney - Northern Beaches,New South Wales,13.4385
122031693,Collaroy - Collaroy Plateau,12203,Warringah,122,Sydney - Northern Beaches,New South Wales,4.1295
122031694,Dee Why (South) - North Curl Curl,12203,Warringah,122,Sydney - Northern Beaches,New South Wales,1.9915
122031695,Dee Why - North,12203,Warringah,122,Sydney - Northern Beaches,New South Wales,2.0816
122031696,Frenchs Forest - Oxford Falls,12203,Warringah,122,Sydney - Northern Beaches,New South Wales,16.6936
122031697,Narrabeen - Wheeler Heights,12203,Warringah,122,Sydney - Northern Beaches,New South Wales,3.0327
123011433,Camden - Ellis Lane,12301,Camden,123,Sydney - Outer South West,New South Wales,26.1934
123011698,Currans Hill,12301,Camden,123,Sydney - Outer South West,New South Wales,7.0704
123011699,Elderslie - Narellan,12301,Camden,123,Sydney - Outer South West,New South Wales,15.3086
123011700,Harrington Park,12301,Camden,123,Sydney - Outer South West,New South Wales,6.2329
123011701,Mount Annan,12301,Camden,123,Sydney - Outer South West,New South Wales,13.2044
123011702,Spring Farm,12301,Camden,123,Sydney - Outer South West,New South Wales,5.8595
123021436,Bradbury - Wedderburn,12302,Campbelltown (NSW),123,Sydney - Outer South West,New South Wales,36.6552
123021437,Campbelltown - Woodbine,12302,Campbelltown (NSW),123,Sydney - Outer South West,New South Wales,13.7477
123021438,Claymore - Eagle Vale - Raby,12302,Campbelltown (NSW),123,Sydney - Outer South West,New South Wales,22.9252
123021439,Holsworthy Military Area,12302,Campbelltown (NSW),123,Sydney - Outer South West,New South Wales,129.823
123021441,Leumeah - Minto Heights,12302,Campbelltown (NSW),123,Sydney - Outer South West,New South Wales,23.6461
123021443,Minto - St Andrews,12302,Campbelltown (NSW),123,Sydney - Outer South West,New South Wales,12.4133
123021444,Rosemeadow - Glen Alpine,12302,Campbelltown (NSW),123,Sydney - Outer South West,New South Wales,48.0827
123021703,Denham Court - Bardia,12302,Campbelltown (NSW),123,Sydney - Outer South West,New South Wales,15.5853
123021704,Glenfield,12302,Campbelltown (NSW),123,Sydney - Outer South West,New South Wales,6.9946
123021705,Ingleburn,12302,Campbelltown (NSW),123,Sydney - Outer South West,New South Wales,14.1156
123021706,Macquarie Fields,12302,Campbelltown (NSW),123,Sydney - Outer South West,New South Wales,9.0236
123031445,Bargo,12303,Wollondilly,123,Sydney - Outer South West,New South Wales,67.7705
123031446,Douglas Park - Appin,12303,Wollondilly,123,Sydney - Outer South West,New South Wales,289.946
123031447,Picton - Tahmoor - Buxton,12303,Wollondilly,123,Sydney - Outer South West,New South Wales,189.9087
123031448,The Oaks - Oakdale,12303,Wollondilly,123,Sydney - Outer South West,New South Wales,322.7354
124011449,Blackheath - Megalong Valley,12401,Blue Mountains,124,Sydney - Outer West and Blue Mountains,New South Wales,139.2166
124011450,Blaxland - Warrimoo - Lapstone,12401,Blue Mountains,124,Sydney - Outer West and Blue Mountains,New South Wales,29.6935
124011451,Blue Mountains - North,12401,Blue Mountains,124,Sydney - Outer West and Blue Mountains,New South Wales,595.0366
124011452,Katoomba - Leura,12401,Blue Mountains,124,Sydney - Outer West and Blue Mountains,New South Wales,40.8734
124011453,Lawson - Hazelbrook - Linden,12401,Blue Mountains,124,Sydney - Outer West and Blue Mountains,New South Wales,46.8873
124011454,Springwood - Winmalee,12401,Blue Mountains,124,Sydney - Outer West and Blue Mountains,New South Wales,69.6647
124011455,Wentworth Falls,12401,Blue Mountains,124,Sydney - Outer West and Blue Mountains,New South Wales,21.0358
124021456,Blue Mountains - South,12402,Blue Mountains - South,124,Sydney - Outer West and Blue Mountains,New South Wales,2456.9093
124031457,Cambridge Park,12403,Penrith,124,Sydney - Outer West and Blue Mountains,New South Wales,6.5871
124031459,Emu Plains - Leonay,12403,Penrith,124,Sydney - Outer West and Blue Mountains,New South Wales,13.794
124031460,Glenmore Park - Regentville,12403,Penrith,124,Sydney - Outer West and Blue Mountains,New South Wales,9.233
124031461,Jamisontown - South Penrith,12403,Penrith,124,Sydney - Outer West and Blue Mountains,New South Wales,9.0181
124031462,Kingswood - Werrington,12403,Penrith,124,Sydney - Outer West and Blue Mountains,New South Wales,14.023
124031463,Mulgoa - Luddenham - Orchard Hills,12403,Penrith,124,Sydney - Outer West and Blue Mountains,New South Wales,158.6777
124031464,Penrith,12403,Penrith,124,Sydney - Outer West and Blue Mountains,New South Wales,10.3945
124031465,Warragamba - Silverdale,12403,Penrith,124,Sydney - Outer West and Blue Mountains,New South Wales,63.6142
124031707,Cranebrook - Castlereagh,12403,Penrith,124,Sydney - Outer West and Blue Mountains,New South Wales,48.9014
124031708,Jordan Springs - Llandilo,12403,Penrith,124,Sydney - Outer West and Blue Mountains,New South Wales,22.616
124041466,Richmond - Clarendon,12404,Richmond - Windsor,124,Sydney - Outer West and Blue Mountains,New South Wales,74.6728
124041467,Windsor - Bligh Park,12404,Richmond - Windsor,124,Sydney - Outer West and Blue Mountains,New South Wales,22.73
124041468,Yarramundi - Londonderry,12404,Richmond - Windsor,124,Sydney - Outer West and Blue Mountains,New South Wales,81.4358
124051469,Erskine Park,12405,St Marys,124,Sydney - Outer West and Blue Mountains,New South Wales,8.3944
124051470,St Clair,12405,St Marys,124,Sydney - Outer West and Blue Mountains,New South Wales,7.2035
124051580,Colyton - Oxley Park,12405,St Marys,124,Sydney - Outer West and Blue Mountains,New South Wales,4.6521
124051581,St Marys - North St Marys,12405,St Marys,124,Sydney - Outer West and Blue Mountains,New South Wales,12.8646
125011475,Rookwood Cemetery,12501,Auburn,125,Sydney - Parramatta,New South Wales,3.015
125011582,Auburn - Central,12501,Auburn,125,Sydney - Parramatta,New South Wales,3.7326
125011583,Auburn - North,12501,Auburn,125,Sydney - Parramatta,New South Wales,2.0966
125011584,Auburn - South,12501,Auburn,125,Sydney - Parramatta,New South Wales,2.4313
125011585,Berala,12501,Auburn,125,Sydney - Parramatta,New South Wales,2.0865
125011586,Lidcombe,12501,Auburn,125,Sydney - Parramatta,New South Wales,6.4036
125011587,Regents Park,12501,Auburn,125,Sydney - Parramatta,New South Wales,2.0325
125011709,Silverwater - Newington,12501,Auburn,125,Sydney - Parramatta,New South Wales,3.934
125011710,Wentworth Point - Sydney Olympic Park,12501,Auburn,125,Sydney - Parramatta,New South Wales,7.3279
125021477,Ermington - Rydalmere,12502,Carlingford,125,Sydney - Parramatta,New South Wales,9.8655
125021478,Oatlands - Dundas Valley,12502,Carlingford,125,Sydney - Parramatta,New South Wales,6.0763
125021711,Carlingford - East,12502,Carlingford,125,Sydney - Parramatta,New South Wales,3.7288
125021712,Carlingford - West,12502,Carlingford,125,Sydney - Parramatta,New South Wales,6.0167
125031479,Chester Hill - Sefton,12503,Merrylands - Guildford,125,Sydney - Parramatta,New South Wales,7.2676
125031480,Fairfield - East,12503,Merrylands - Guildford,125,Sydney - Parramatta,New South Wales,5.7115
125031481,Granville - Clyde,12503,Merrylands - Guildford,125,Sydney - Parramatta,New South Wales,5.6086
125031483,Guildford - South Granville,12503,Merrylands - Guildford,125,Sydney - Parramatta,New South Wales,6.7962
125031484,Guildford West - Merrylands West,12503,Merrylands - Guildford,125,Sydney - Parramatta,New South Wales,5.4654
125031486,Smithfield Industrial,12503,Merrylands - Guildford,125,Sydney - Parramatta,New South Wales,4.3017
125031487,Yennora Industrial,12503,Merrylands - Guildford,125,Sydney - Parramatta,New South Wales,2.0787
125031713,Greystanes - South,12503,Merrylands - Guildford,125,Sydney - Parramatta,New South Wales,5.6504
125031714,Merrylands - Holroyd,12503,Merrylands - Guildford,125,Sydney - Parramatta,New South Wales,4.9525
125031715,Pemulwuy - Greystanes (North),12503,Merrylands - Guildford,125,Sydney - Parramatta,New South Wales,7.3982
125031716,South Wentworthville,12503,Merrylands - Guildford,125,Sydney - Parramatta,New South Wales,1.7661
125041489,North Parramatta,12504,Parramatta,125,Sydney - Parramatta,New South Wales,7.0608
125041490,North Rocks,12504,Parramatta,125,Sydney - Parramatta,New South Wales,5.3762
125041491,Northmead,12504,Parramatta,125,Sydney - Parramatta,New South Wales,5.9331
125041493,Toongabbie - Constitution Hill,12504,Parramatta,125,Sydney - Parramatta,New South Wales,7.4795
125041494,Winston Hills,12504,Parramatta,125,Sydney - Parramatta,New South Wales,4.3479
125041588,Pendle Hill - Girraween,12504,Parramatta,125,Sydney - Parramatta,New South Wales,4.4615
125041589,Wentworthville - Westmead,12504,Parramatta,125,Sydney - Parramatta,New South Wales,3.9355
125041717,Parramatta - North,12504,Parramatta,125,Sydney - Parramatta,New South Wales,2.2343
125041718,Parramatta - South,12504,Parramatta,125,Sydney - Parramatta,New South Wales,1.3881
125041719,Rosehill - Harris Park,12504,Parramatta,125,Sydney - Parramatta,New South Wales,4.8739
126011496,Pennant Hills - Cheltenham,12601,Pennant Hills - Epping,126,Sydney - Ryde,New South Wales,13.2936
126011720,Epping (East) - North Epping,12601,Pennant Hills - Epping,126,Sydney - Ryde,New South Wales,4.3922
126011721,Epping (NSW) - West,12601,Pennant Hills - Epping,126,Sydney - Ryde,New South Wales,4.4886
126021498,Gladesville - Huntleys Point,12602,Ryde - Hunters Hill,126,Sydney - Ryde,New South Wales,4.7162
126021499,Hunters Hill - Woolwich,12602,Ryde - Hunters Hill,126,Sydney - Ryde,New South Wales,4.1512
126021500,Macquarie Park - Marsfield,12602,Ryde - Hunters Hill,126,Sydney - Ryde,New South Wales,10.6718
126021501,North Ryde - East Ryde,12602,Ryde - Hunters Hill,126,Sydney - Ryde,New South Wales,6.2231
126021503,West Ryde - Meadowbank,12602,Ryde - Hunters Hill,126,Sydney - Ryde,New South Wales,4.7923
126021590,Putney,12602,Ryde - Hunters Hill,126,Sydney - Ryde,New South Wales,1.5194
126021722,Denistone,12602,Ryde - Hunters Hill,126,Sydney - Ryde,New South Wales,2.5272
126021723,Eastwood,12602,Ryde - Hunters Hill,126,Sydney - Ryde,New South Wales,5.293
126021724,Ryde - North,12602,Ryde - Hunters Hill,126,Sydney - Ryde,New South Wales,5.7098
126021725,Ryde - South,12602,Ryde - Hunters Hill,126,Sydney - Ryde,New South Wales,1.5584
127011504,Ashcroft - Busby - Miller,12701,Bringelly - Green Valley,127,Sydney - South West,New South Wales,5.463
127011505,Austral - Greendale,12701,Bringelly - Green Valley,127,Sydney - South West,New South Wales,110.715
127011592,Badgerys Creek,12701,Bringelly - Green Valley,127,Sydney - South West,New South Wales,17.5774
127011593,Cecil Hills,12701,Bringelly - Green Valley,127,Sydney - South West,New South Wales,3.7478
127011594,Green Valley,12701,Bringelly - Green Valley,127,Sydney - South West,New South Wales,3.2145
127011595,Hinchinbrook,12701,Bringelly - Green Valley,127,Sydney - South West,New South Wales,5.225
127011596,Hoxton Park - Carnes Hill - Horningsea Park,12701,Bringelly - Green Valley,127,Sydney - South West,New South Wales,4.1265
127011597,West Hoxton - Middleton Grange,12701,Bringelly - Green Valley,127,Sydney - South West,New South Wales,9.2627
127011726,Cobbitty - Bringelly,12701,Bringelly - Green Valley,127,Sydney - South West,New South Wales,73.8658
127011727,Gledswood Hills - Gregory Hills,12701,Bringelly - Green Valley,127,Sydney - South West,New South Wales,8.7234
127011728,Leppington - Catherine Field,12701,Bringelly - Green Valley,127,Sydney - South West,New South Wales,36.3552
127011729,Oran Park,12701,Bringelly - Green Valley,127,Sydney - South West,New South Wales,13.2477
127021509,Bonnyrigg Heights - Bonnyrigg,12702,Fairfield,127,Sydney - South West,New South Wales,5.1887
127021510,Bossley Park - Abbotsbury,12702,Fairfield,127,Sydney - South West,New South Wales,9.5147
127021511,Cabramatta - Lansvale,12702,Fairfield,127,Sydney - South West,New South Wales,7.5964
127021512,Cabramatta West - Mount Pritchard,12702,Fairfield,127,Sydney - South West,New South Wales,5.3429
127021513,Canley Vale - Canley Heights,12702,Fairfield,127,Sydney - South West,New South Wales,5.4161
127021514,Edensor Park,12702,Fairfield,127,Sydney - South West,New South Wales,3.0955
127021515,Fairfield,12702,Fairfield,127,Sydney - South West,New South Wales,4.2304
127021516,Fairfield - West,12702,Fairfield,127,Sydney - South West,New South Wales,4.6915
127021517,Greenfield Park - Prairiewood,12702,Fairfield,127,Sydney - South West,New South Wales,3.6367
127021518,Horsley Park - Kemps Creek,12702,Fairfield,127,Sydney - South West,New South Wales,56.2773
127021519,Smithfield - Wetherill Park,12702,Fairfield,127,Sydney - South West,New South Wales,6.6123
127021520,St Johns Park - Wakeley,12702,Fairfield,127,Sydney - South West,New South Wales,3.6111
127021521,Wetherill Park Industrial,12702,Fairfield,127,Sydney - South West,New South Wales,8.5567
127031522,Casula,12703,Liverpool,127,Sydney - South West,New South Wales,7.072
127031523,Chipping Norton - Moorebank,12703,Liverpool,127,Sydney - South West,New South Wales,14.4902
127031524,Holsworthy - Wattle Grove,12703,Liverpool,127,Sydney - South West,New South Wales,73.7001
127031599,Lurnea - Cartwright,12703,Liverpool,127,Sydney - South West,New South Wales,3.4665
127031601,Warwick Farm,12703,Liverpool,127,Sydney - South West,New South Wales,4.6501
127031730,Edmondson Park,12703,Liverpool,127,Sydney - South West,New South Wales,6.0563
127031731,Liverpool - East,12703,Liverpool,127,Sydney - South West,New South Wales,2.2601
127031732,Liverpool - West,12703,Liverpool,127,Sydney - South West,New South Wales,4.0583
127031733,Prestons,12703,Liverpool,127,Sydney - South West,New South Wales,9.2311
128011529,Gymea - Grays Point,12801,Cronulla - Miranda - Caringbah,128,Sydney - Sutherland,New South Wales,5.7978
128011530,Miranda - Yowie Bay,12801,Cronulla - Miranda - Caringbah,128,Sydney - Sutherland,New South Wales,5.9968
128011531,Sylvania - Taren Point,12801,Cronulla - Miranda - Caringbah,128,Sydney - Sutherland,New South Wales,6.0595
128011602,Caringbah,12801,Cronulla - Miranda - Caringbah,128,Sydney - Sutherland,New South Wales,3.9959
128011603,Caringbah South,12801,Cronulla - Miranda - Caringbah,128,Sydney - Sutherland,New South Wales,4.0699
128011604,Cronulla - Kurnell - Bundeena,12801,Cronulla - Miranda - Caringbah,128,Sydney - Sutherland,New South Wales,25.0865
128011605,Lilli Pilli - Port Hacking - Dolans Bay,12801,Cronulla - Miranda - Caringbah,128,Sydney - Sutherland,New South Wales,1.2706
128011606,Woolooware - Burraneer,12801,Cronulla - Miranda - Caringbah,128,Sydney - Sutherland,New South Wales,3.3282
128021533,Heathcote - Waterfall,12802,Sutherland - Menai - Heathcote,128,Sydney - Sutherland,New South Wales,27.6162
128021534,Illawong - Alfords Point,12802,Sutherland - Menai - Heathcote,128,Sydney - Sutherland,New South Wales,7.2978
128021535,Menai - Lucas Heights - Woronora,12802,Sutherland - Menai - Heathcote,128,Sydney - Sutherland,New South Wales,33.4046
128021536,Oyster Bay - Como - Jannali,12802,Sutherland - Menai - Heathcote,128,Sydney - Sutherland,New South Wales,8.9053
128021537,Royal National Park,12802,Sutherland - Menai - Heathcote,128,Sydney - Sutherland,New South Wales,139.3336
128021538,Sutherland - Kirrawee,12802,Sutherland - Menai - Heathcote,128,Sydney - Sutherland,New South Wales,7.755
128021607,Engadine,12802,Sutherland - Menai - Heathcote,128,Sydney - Sutherland,New South Wales,8.9538
128021608,Loftus - Yarrawarrah,12802,Sutherland - Menai - Heathcote,128,Sydney - Sutherland,New South Wales,3.8436
128021609,Woronora Heights,12802,Sutherland - Menai - Heathcote,128,Sydney - Sutherland,New South Wales,3.1374
197979799,Migratory - Offshore - Shipping (NSW),19797,Migratory - Offshore - Shipping (NSW),197,Migratory - Offshore - Shipping (NSW),New South Wales,
199999499,No usual address (NSW),19999,No usual address (NSW),199,No usual address (NSW),New South Wales,
201011001,Alfredton,20101,Ballarat,201,Ballarat,Victoria,52.7109
201011002,Ballarat,20101,Ballarat,201,Ballarat,Victoria,12.3787
201011005,Buninyong,20101,Ballarat,201,Ballarat,Victoria,51.5855
201011006,Delacombe,20101,Ballarat,201,Ballarat,Victoria,34.1607
201011007,Smythes Creek,20101,Ballarat,201,Ballarat,Victoria,104.7274
201011008,Wendouree - Miners Rest,20101,Ballarat,201,Ballarat,Victoria,67.5736
201011481,Ballarat East - Warrenheip,20101,Ballarat,201,Ballarat,Victoria,19.2159
201011482,Ballarat North - Invermay,20101,Ballarat,201,Ballarat,Victoria,73.1419
201011483,Canadian - Mount Clear,20101,Ballarat,201,Ballarat,Victoria,22.2728
201011484,Sebastopol - Redan,20101,Ballarat,201,Ballarat,Victoria,10.5813
201021009,Bacchus Marsh Surrounds,20102,Creswick - Daylesford - Ballan,201,Ballarat,Victoria,1038.8122
201021010,Creswick - Clunes,20102,Creswick - Daylesford - Ballan,201,Ballarat,Victoria,856.7892
201021011,Daylesford,20102,Creswick - Daylesford - Ballan,201,Ballarat,Victoria,920.7579
201021012,Gordon (Vic.),20102,Creswick - Daylesford - Ballan,201,Ballarat,Victoria,850.3137
201031013,Avoca,20103,Maryborough - Pyrenees,201,Ballarat,Victoria,1714.2397
201031014,Beaufort,20103,Maryborough - Pyrenees,201,Ballarat,Victoria,1863.0431
201031015,Golden Plains - North,20103,Maryborough - Pyrenees,201,Ballarat,Victoria,922.0812
201031016,Maryborough (Vic.),20103,Maryborough - Pyrenees,201,Ballarat,Victoria,45.5379
201031017,Maryborough Surrounds,20103,Maryborough - Pyrenees,201,Ballarat,Victoria,1627.5521
202011018,Bendigo,20201,Bendigo,202,Bendigo,Victoria,16.0796
202011019,California Gully - Eaglehawk,20201,Bendigo,202,Bendigo,Victoria,32.9308
202011020,East Bendigo - Kennington,20201,Bendigo,202,Bendigo,Victoria,17.1489
202011021,Flora Hill - Spring Gully,20201,Bendigo,202,Bendigo,Victoria,13.2029
202011022,Kangaroo Flat - Golden Square,20201,Bendigo,202,Bendigo,Victoria,40.9147
202011023,Maiden Gully,20201,Bendigo,202,Bendigo,Victoria,42.9757
202011024,Strathfieldsaye,20201,Bendigo,202,Bendigo,Victoria,56.4142
202011025,White Hills - Ascot,20201,Bendigo,202,Bendigo,Victoria,67.7769
202021026,Bendigo Surrounds - South,20202,Heathcote - Castlemaine - Kyneton,202,Bendigo,Victoria,796.8536
202021027,Castlemaine,20202,Heathcote - Castlemaine - Kyneton,202,Bendigo,Victoria,83.9291
202021028,Castlemaine Surrounds,20202,Heathcote - Castlemaine - Kyneton,202,Bendigo,Victoria,1514.9804
202021029,Heathcote,20202,Heathcote - Castlemaine - Kyneton,202,Bendigo,Victoria,756.8174
202021030,Kyneton,20202,Heathcote - Castlemaine - Kyneton,202,Bendigo,Victoria,556.4897
202021031,Woodend,20202,Heathcote - Castlemaine - Kyneton,202,Bendigo,Victoria,211.8678
202031032,Bendigo Surrounds - North,20203,Loddon - Elmore,202,Bendigo,Victoria,1440.2175
202031033,Loddon,20203,Loddon - Elmore,202,Bendigo,Victoria,6193.3066
203011034,Bannockburn,20301,Barwon - West,203,Geelong,Victoria,192.052
203011035,Golden Plains - South,20301,Barwon - West,203,Geelong,Victoria,1484.5293
203011036,Winchelsea,20301,Barwon - West,203,Geelong,Victoria,903.2574
203021037,Belmont,20302,Geelong,203,Geelong,Victoria,9.3677
203021039,Geelong,20302,Geelong,203,Geelong,Victoria,12.8171
203021040,Geelong West - Hamlyn Heights,20302,Geelong,203,Geelong,Victoria,32.0375
203021042,Highton,20302,Geelong,203,Geelong,Victoria,40.587
203021043,Lara,20302,Geelong,203,Geelong,Victoria,588.6012
203021044,Leopold,20302,Geelong,203,Geelong,Victoria,27.9287
203021045,Newcomb - Moolap,20302,Geelong,203,Geelong,Victoria,43.2941
203021046,Newtown (Vic.),20302,Geelong,203,Geelong,Victoria,5.8078
203021047,North Geelong - Bell Park,20302,Geelong,203,Geelong,Victoria,21.9321
203021485,Charlemont,20302,Geelong,203,Geelong,Victoria,18.1166
203021486,Corio - Lovely Banks,20302,Geelong,203,Geelong,Victoria,74.351
203021487,Grovedale - Mount Duneed,20302,Geelong,203,Geelong,Victoria,37.588
203021488,Norlane,20302,Geelong,203,Geelong,Victoria,6.4625
203031048,Clifton Springs,20303,Surf Coast - Bellarine Peninsula,203,Geelong,Victoria,65.1496
203031049,Lorne - Anglesea,20303,Surf Coast - Bellarine Peninsula,203,Geelong,Victoria,447.9915
203031051,Portarlington,20303,Surf Coast - Bellarine Peninsula,203,Geelong,Victoria,71.8555
203031052,Point Lonsdale - Queenscliff,20303,Surf Coast - Bellarine Peninsula,203,Geelong,Victoria,61.6733
203031053,Torquay,20303,Surf Coast - Bellarine Peninsula,203,Geelong,Victoria,126.3197
203031489,Barwon Heads - Armstrong Creek,20303,Surf Coast - Bellarine Peninsula,203,Geelong,Victoria,88.2113
203031490,Ocean Grove,20303,Surf Coast - Bellarine Peninsula,203,Geelong,Victoria,68.7681
204011054,Alexandra,20401,Upper Goulburn Valley,204,Hume,Victoria,2118.9554
204011055,Euroa,20401,Upper Goulburn Valley,204,Hume,Victoria,2057.9046
204011056,Kilmore - Broadford,20401,Upper Goulburn Valley,204,Hume,Victoria,461.5233
204011057,Mansfield (Vic.),20401,Upper Goulburn Valley,204,Hume,Victoria,3927.8774
204011058,Nagambie,20401,Upper Goulburn Valley,204,Hume,Victoria,1294.3498
204011059,Seymour,20401,Upper Goulburn Valley,204,Hume,Victoria,79.3085
204011060,Seymour Surrounds,20401,Upper Goulburn Valley,204,Hume,Victoria,1688.8308
204011061,Upper Yarra Valley,20401,Upper Goulburn Valley,204,Hume,Victoria,856.2714
204011062,Yea,20401,Upper Goulburn Valley,204,Hume,Victoria,1474.2972
204021063,Benalla,20402,Wangaratta - Benalla,204,Hume,Victoria,315.3043
204021064,Benalla Surrounds,20402,Wangaratta - Benalla,204,Hume,Victoria,2105.3239
204021065,Rutherglen,20402,Wangaratta - Benalla,204,Hume,Victoria,479.8352
204021066,Wangaratta,20402,Wangaratta - Benalla,204,Hume,Victoria,57.5836
204021067,Wangaratta Surrounds,20402,Wangaratta - Benalla,204,Hume,Victoria,3587.526
204031068,Beechworth,20403,Wodonga - Alpine,204,Hume,Victoria,371.3306
204031069,Bright - Mount Beauty,20403,Wodonga - Alpine,204,Hume,Victoria,4253.6538
204031070,Chiltern - Indigo Valley,20403,Wodonga - Alpine,204,Hume,Victoria,513.0897
204031071,Myrtleford,20403,Wodonga - Alpine,204,Hume,Victoria,553.3639
204031072,Towong,20403,Wodonga - Alpine,204,Hume,Victoria,6668.947
204031073,West Wodonga,20403,Wodonga - Alpine,204,Hume,Victoria,153.88
204031075,Yackandandah,20403,Wodonga - Alpine,204,Hume,Victoria,708.198
204031491,Baranduda - Leneva,20403,Wodonga - Alpine,204,Hume,Victoria,248.809
204031492,Wodonga,20403,Wodonga - Alpine,204,Hume,Victoria,30.3131
205011076,Drouin,20501,Baw Baw,205,Latrobe - Gippsland,Victoria,326.806
205011077,Mount Baw Baw Region,20501,Baw Baw,205,Latrobe - Gippsland,Victoria,2753.3275
205011078,Trafalgar (Vic.),20501,Baw Baw,205,Latrobe - Gippsland,Victoria,501.529
205011079,Warragul,20501,Baw Baw,205,Latrobe - Gippsland,Victoria,352.1791
205021080,Alps - East,20502,Gippsland - East,205,Latrobe - Gippsland,Victoria,2071.2834
205021081,Bairnsdale,20502,Gippsland - East,205,Latrobe - Gippsland,Victoria,155.0115
205021082,Bruthen - Omeo,20502,Gippsland - East,205,Latrobe - Gippsland,Victoria,7377.4172
205021083,Lake King,20502,Gippsland - East,205,Latrobe - Gippsland,Victoria,93.8744
205021084,Lakes Entrance,20502,Gippsland - East,205,Latrobe - Gippsland,Victoria,214.0352
205021085,Orbost,20502,Gippsland - East,205,Latrobe - Gippsland,Victoria,11383.7
205021086,Paynesville,20502,Gippsland - East,205,Latrobe - Gippsland,Victoria,417.8856
205031087,Foster,20503,Gippsland - South West,205,Latrobe - Gippsland,Victoria,1498.8468
205031088,French Island,20503,Gippsland - South West,205,Latrobe - Gippsland,Victoria,170.2291
205031089,Korumburra,20503,Gippsland - South West,205,Latrobe - Gippsland,Victoria,600.6912
205031090,Leongatha,20503,Gippsland - South West,205,Latrobe - Gippsland,Victoria,801.0085
205031091,Phillip Island,20503,Gippsland - South West,205,Latrobe - Gippsland,Victoria,100.5731
205031092,Wilsons Promontory,20503,Gippsland - South West,205,Latrobe - Gippsland,Victoria,481.5078
205031093,Wonthaggi - Inverloch,20503,Gippsland - South West,205,Latrobe - Gippsland,Victoria,728.7626
205041094,Churchill,20504,Latrobe Valley,205,Latrobe - Gippsland,Victoria,796.5231
205041095,Moe - Newborough,20504,Latrobe Valley,205,Latrobe - Gippsland,Victoria,105.2836
205041096,Morwell,20504,Latrobe Valley,205,Latrobe - Gippsland,Victoria,85.4861
205041098,Yallourn North - Glengarry,20504,Latrobe Valley,205,Latrobe - Gippsland,Victoria,342.7019
205041493,Traralgon - East,20504,Latrobe Valley,205,Latrobe - Gippsland,Victoria,108.33
205041494,Traralgon - West,20504,Latrobe Valley,205,Latrobe - Gippsland,Victoria,41.3428
205051099,Alps - West,20505,Wellington,205,Latrobe - Gippsland,Victoria,2955.6802
205051100,Longford - Loch Sport,20505,Wellington,205,Latrobe - Gippsland,Victoria,1610.8491
205051101,Maffra,20505,Wellington,205,Latrobe - Gippsland,Victoria,2532.3197
205051102,Rosedale,20505,Wellington,205,Latrobe - Gippsland,Victoria,968.4597
205051103,Sale,20505,Wellington,205,Latrobe - Gippsland,Victoria,45.6023
205051104,Yarram,20505,Wellington,205,Latrobe - Gippsland,Victoria,1931.8628
206011106,Brunswick East,20601,Brunswick - Coburg,206,Melbourne - Inner,Victoria,2.1682
206011107,Brunswick West,20601,Brunswick - Coburg,206,Melbourne - Inner,Victoria,3.1795
206011109,Pascoe Vale South,20601,Brunswick - Coburg,206,Melbourne - Inner,Victoria,2.9887
206011495,Brunswick - North,20601,Brunswick - Coburg,206,Melbourne - Inner,Victoria,2.4091
206011496,Brunswick - South,20601,Brunswick - Coburg,206,Melbourne - Inner,Victoria,2.7334
206011497,Coburg - East,20601,Brunswick - Coburg,206,Melbourne - Inner,Victoria,3.7471
206011498,Coburg - West,20601,Brunswick - Coburg,206,Melbourne - Inner,Victoria,3.1876
206021110,Alphington - Fairfield,20602,Darebin - South,206,Melbourne - Inner,Victoria,2.8853
206021112,Thornbury,20602,Darebin - South,206,Melbourne - Inner,Victoria,4.9972
206021499,Northcote - East,20602,Darebin - South,206,Melbourne - Inner,Victoria,3.5134
206021500,Northcote - West,20602,Darebin - South,206,Melbourne - Inner,Victoria,2.6316
206031113,Ascot Vale,20603,Essendon,206,Melbourne - Inner,Victoria,3.8361
206031115,Flemington,20603,Essendon,206,Melbourne - Inner,Victoria,1.5808
206031116,Moonee Ponds,20603,Essendon,206,Melbourne - Inner,Victoria,4.3551
206031501,Essendon (West) - Aberfeldie,20603,Essendon,206,Melbourne - Inner,Victoria,4.8886
206031502,Essendon - East,20603,Essendon,206,Melbourne - Inner,Victoria,3.5543
206041117,Carlton,20604,Melbourne City,206,Melbourne - Inner,Victoria,1.8187
206041118,Docklands,20604,Melbourne City,206,Melbourne - Inner,Victoria,2.444
206041119,East Melbourne,20604,Melbourne City,206,Melbourne - Inner,Victoria,2.8998
206041120,Flemington Racecourse,20604,Melbourne City,206,Melbourne - Inner,Victoria,1.7093
206041121,Kensington (Vic.),20604,Melbourne City,206,Melbourne - Inner,Victoria,2.147
206041124,Parkville,20604,Melbourne City,206,Melbourne - Inner,Victoria,4.0491
206041125,South Yarra - West,20604,Melbourne City,206,Melbourne - Inner,Victoria,1.5027
206041127,West Melbourne - Industrial,20604,Melbourne City,206,Melbourne - Inner,Victoria,6.1992
206041503,Melbourne CBD - East,20604,Melbourne City,206,Melbourne - Inner,Victoria,0.802
206041504,Melbourne CBD - North,20604,Melbourne City,206,Melbourne - Inner,Victoria,0.5616
206041505,Melbourne CBD - West,20604,Melbourne City,206,Melbourne - Inner,Victoria,1.0051
206041506,North Melbourne,20604,Melbourne City,206,Melbourne - Inner,Victoria,2.4248
206041507,Royal Botanic Gardens Victoria,20604,Melbourne City,206,Melbourne - Inner,Victoria,1.3511
206041508,Southbank (West) - South Wharf,20604,Melbourne City,206,Melbourne - Inner,Victoria,0.8496
206041509,Southbank - East,20604,Melbourne City,206,Melbourne - Inner,Victoria,0.804
206041510,West Melbourne - Residential,20604,Melbourne City,206,Melbourne - Inner,Victoria,0.8247
206051128,Albert Park,20605,Port Phillip,206,Melbourne - Inner,Victoria,4.6747
206051129,Elwood,20605,Port Phillip,206,Melbourne - Inner,Victoria,2.553
206051130,Port Melbourne,20605,Port Phillip,206,Melbourne - Inner,Victoria,2.7894
206051134,St Kilda East,20605,Port Phillip,206,Melbourne - Inner,Victoria,2.4135
206051511,Port Melbourne Industrial,20605,Port Phillip,206,Melbourne - Inner,Victoria,7.6426
206051512,South Melbourne,20605,Port Phillip,206,Melbourne - Inner,Victoria,1.8897
206051513,St Kilda - Central,20605,Port Phillip,206,Melbourne - Inner,Victoria,1.5375
206051514,St Kilda - West,20605,Port Phillip,206,Melbourne - Inner,Victoria,2.3637
206061135,Armadale,20606,Stonnington - West,206,Melbourne - Inner,Victoria,2.1835
206061136,Prahran - Windsor,20606,Stonnington - West,206,Melbourne - Inner,Victoria,2.9053
206061138,Toorak,20606,Stonnington - West,206,Melbourne - Inner,Victoria,4.3233
206061515,South Yarra - North,20606,Stonnington - West,206,Melbourne - Inner,Victoria,1.1696
206061516,South Yarra - South,20606,Stonnington - West,206,Melbourne - Inner,Victoria,1.3475
206071139,Abbotsford,20607,Yarra,206,Melbourne - Inner,Victoria,1.7405
206071140,Carlton North - Princes Hill,20607,Yarra,206,Melbourne - Inner,Victoria,2.3042
206071141,Collingwood,20607,Yarra,206,Melbourne - Inner,Victoria,1.2669
206071142,Fitzroy,20607,Yarra,206,Melbourne - Inner,Victoria,1.3779
206071143,Fitzroy North,20607,Yarra,206,Melbourne - Inner,Victoria,2.5051
206071145,Clifton Hill - Alphington,20607,Yarra,206,Melbourne - Inner,Victoria,5.2089
206071517,Richmond (South) - Cremorne,20607,Yarra,206,Melbourne - Inner,Victoria,4.2891
206071518,Richmond - North,20607,Yarra,206,Melbourne - Inner,Victoria,1.9233
207011146,Ashburton (Vic.),20701,Boroondara,207,Melbourne - Inner East,Victoria,2.8366
207011147,Balwyn,20701,Boroondara,207,Melbourne - Inner East,Victoria,5.5851
207011148,Balwyn North,20701,Boroondara,207,Melbourne - Inner East,Victoria,8.8492
207011149,Camberwell,20701,Boroondara,207,Melbourne - Inner East,Victoria,7.2919
207011150,Glen Iris - East,20701,Boroondara,207,Melbourne - Inner East,Victoria,5.7049
207011152,Hawthorn East,20701,Boroondara,207,Melbourne - Inner East,Victoria,3.824
207011154,Kew East,20701,Boroondara,207,Melbourne - Inner East,Victoria,4.0154
207011155,Surrey Hills (West) - Canterbury,20701,Boroondara,207,Melbourne - Inner East,Victoria,5.7026
207011519,Hawthorn - North,20701,Boroondara,207,Melbourne - Inner East,Victoria,2.4558
207011520,Hawthorn - South,20701,Boroondara,207,Melbourne - Inner East,Victoria,3.2163
207011521,Kew - South,20701,Boroondara,207,Melbourne - Inner East,Victoria,4.3235
207011522,Kew - West,20701,Boroondara,207,Melbourne - Inner East,Victoria,6.2106
207021156,Bulleen,20702,Manningham - West,207,Melbourne - Inner East,Victoria,6.6711
207021157,Doncaster,20702,Manningham - West,207,Melbourne - Inner East,Victoria,8.7738
207021159,Templestowe,20702,Manningham - West,207,Melbourne - Inner East,Victoria,16.1176
207021160,Templestowe Lower,20702,Manningham - West,207,Melbourne - Inner East,Victoria,5.9386
207021424,Doncaster East - North,20702,Manningham - West,207,Melbourne - Inner East,Victoria,6.403
207021425,Doncaster East - South,20702,Manningham - West,207,Melbourne - Inner East,Victoria,4.7684
207031161,Blackburn,20703,Whitehorse - West,207,Melbourne - Inner East,Victoria,8.6076
207031162,Blackburn South,20703,Whitehorse - West,207,Melbourne - Inner East,Victoria,3.5966
207031163,Box Hill,20703,Whitehorse - West,207,Melbourne - Inner East,Victoria,7.0123
207031164,Box Hill North,20703,Whitehorse - West,207,Melbourne - Inner East,Victoria,6.2087
207031165,Burwood (Vic.),20703,Whitehorse - West,207,Melbourne - Inner East,Victoria,5.0392
207031166,Burwood East,20703,Whitehorse - West,207,Melbourne - Inner East,Victoria,4.2629
207031167,Surrey Hills (East) - Mont Albert,20703,Whitehorse - West,207,Melbourne - Inner East,Victoria,3.3279
208011168,Beaumaris,20801,Bayside,208,Melbourne - Inner South,Victoria,5.9678
208011169,Brighton (Vic.),20801,Bayside,208,Melbourne - Inner South,Victoria,8.2004
208011170,Brighton East,20801,Bayside,208,Melbourne - Inner South,Victoria,5.6083
208011171,Highett (West) - Cheltenham,20801,Bayside,208,Melbourne - Inner South,Victoria,5.3198
208011172,Hampton,20801,Bayside,208,Melbourne - Inner South,Victoria,5.6847
208011173,Sandringham - Black Rock,20801,Bayside,208,Melbourne - Inner South,Victoria,6.4301
208021174,Bentleigh - McKinnon,20802,Glen Eira,208,Melbourne - Inner South,Victoria,6.2242
208021176,Carnegie,20802,Glen Eira,208,Melbourne - Inner South,Victoria,3.8045
208021177,Caulfield - North,20802,Glen Eira,208,Melbourne - Inner South,Victoria,6.4189
208021178,Caulfield - South,20802,Glen Eira,208,Melbourne - Inner South,Victoria,4.7426
208021179,Elsternwick,20802,Glen Eira,208,Melbourne - Inner South,Victoria,2.8616
208021180,Hughesdale,20802,Glen Eira,208,Melbourne - Inner South,Victoria,2.0095
208021181,Murrumbeena,20802,Glen Eira,208,Melbourne - Inner South,Victoria,2.5148
208021182,Ormond - Glen Huntly,20802,Glen Eira,208,Melbourne - Inner South,Victoria,2.9371
208021426,Bentleigh East - North,20802,Glen Eira,208,Melbourne - Inner South,Victoria,4.5989
208021427,Bentleigh East - South,20802,Glen Eira,208,Melbourne - Inner South,Victoria,4.5882
208031183,Aspendale Gardens - Waterways,20803,Kingston,208,Melbourne - Inner South,Victoria,5.3073
208031184,Braeside,20803,Kingston,208,Melbourne - Inner South,Victoria,9.0819
208031185,Carrum - Patterson Lakes,20803,Kingston,208,Melbourne - Inner South,Victoria,5.8242
208031186,Chelsea - Bonbeach,20803,Kingston,208,Melbourne - Inner South,Victoria,5.423
208031187,Chelsea Heights,20803,Kingston,208,Melbourne - Inner South,Victoria,3.1958
208031188,Highett (East) - Cheltenham ,20803,Kingston,208,Melbourne - Inner South,Victoria,8.7376
208031189,Edithvale - Aspendale,20803,Kingston,208,Melbourne - Inner South,Victoria,5.1001
208031190,Mentone,20803,Kingston,208,Melbourne - Inner South,Victoria,4.45
208031191,Moorabbin - Heatherton,20803,Kingston,208,Melbourne - Inner South,Victoria,11.6997
208031192,Moorabbin Airport,20803,Kingston,208,Melbourne - Inner South,Victoria,3.0755
208031193,Mordialloc - Parkdale,20803,Kingston,208,Melbourne - Inner South,Victoria,7.9681
208041194,Malvern - Glen Iris,20804,Stonnington - East,208,Melbourne - Inner South,Victoria,6.1552
208041195,Malvern East,20804,Stonnington - East,208,Melbourne - Inner South,Victoria,7.5666
209011196,Bundoora - East,20901,Banyule,209,Melbourne - North East,Victoria,4.0749
209011197,Greensborough,20901,Banyule,209,Melbourne - North East,Victoria,10.0974
209011198,Heidelberg - Rosanna,20901,Banyule,209,Melbourne - North East,Victoria,6.3717
209011199,Heidelberg West,20901,Banyule,209,Melbourne - North East,Victoria,6.6912
209011200,Ivanhoe,20901,Banyule,209,Melbourne - North East,Victoria,5.0498
209011201,Ivanhoe East - Eaglemont,20901,Banyule,209,Melbourne - North East,Victoria,4.2769
209011202,Montmorency - Briar Hill,20901,Banyule,209,Melbourne - North East,Victoria,12.0278
209011203,Viewbank - Yallambie,20901,Banyule,209,Melbourne - North East,Victoria,10.2379
209011204,Watsonia,20901,Banyule,209,Melbourne - North East,Victoria,3.7857
209021205,Kingsbury,20902,Darebin - North,209,Melbourne - North East,Victoria,9.0094
209021428,Preston - East,20902,Darebin - North,209,Melbourne - North East,Victoria,7.7457
209021429,Preston - West,20902,Darebin - North,209,Melbourne - North East,Victoria,3.5679
209021523,Reservoir - North East,20902,Darebin - North,209,Melbourne - North East,Victoria,4.788
209021524,Reservoir - North West,20902,Darebin - North,209,Melbourne - North East,Victoria,4.5297
209021525,Reservoir - South East,20902,Darebin - North,209,Melbourne - North East,Victoria,4.1783
209021526,Reservoir - South West,20902,Darebin - North,209,Melbourne - North East,Victoria,5.6247
209031209,Eltham,20903,Nillumbik - Kinglake,209,Melbourne - North East,Victoria,19.4882
209031210,Hurstbridge,20903,Nillumbik - Kinglake,209,Melbourne - North East,Victoria,14.8421
209031211,Kinglake,20903,Nillumbik - Kinglake,209,Melbourne - North East,Victoria,319.504
209031212,Panton Hill - St Andrews,20903,Nillumbik - Kinglake,209,Melbourne - North East,Victoria,292.1978
209031213,Plenty - Yarrambat,20903,Nillumbik - Kinglake,209,Melbourne - North East,Victoria,29.117
209031214,Research - North Warrandyte,20903,Nillumbik - Kinglake,209,Melbourne - North East,Victoria,49.7946
209031215,Wattle Glen - Diamond Creek,20903,Nillumbik - Kinglake,209,Melbourne - North East,Victoria,26.8245
209041216,Bundoora - North,20904,Whittlesea - Wallan,209,Melbourne - North East,Victoria,4.715
209041217,Bundoora - West,20904,Whittlesea - Wallan,209,Melbourne - North East,Victoria,2.5601
209041220,Mill Park - North,20904,Whittlesea - Wallan,209,Melbourne - North East,Victoria,8.1362
209041221,Mill Park - South,20904,Whittlesea - Wallan,209,Melbourne - North East,Victoria,4.9298
209041223,Thomastown,20904,Whittlesea - Wallan,209,Melbourne - North East,Victoria,14.6852
209041224,Wallan,20904,Whittlesea - Wallan,209,Melbourne - North East,Victoria,507.7457
209041225,Whittlesea,20904,Whittlesea - Wallan,209,Melbourne - North East,Victoria,297.9798
209041431,Epping - East,20904,Whittlesea - Wallan,209,Melbourne - North East,Victoria,7.7691
209041432,Epping - South,20904,Whittlesea - Wallan,209,Melbourne - North East,Victoria,15.8714
209041433,Epping (Vic.) - West,20904,Whittlesea - Wallan,209,Melbourne - North East,Victoria,7.3573
209041435,South Morang - North,20904,Whittlesea - Wallan,209,Melbourne - North East,Victoria,13.7094
209041436,South Morang - South,20904,Whittlesea - Wallan,209,Melbourne - North East,Victoria,7.7445
209041437,Wollert,20904,Whittlesea - Wallan,209,Melbourne - North East,Victoria,53.892
209041527,Doreen - North,20904,Whittlesea - Wallan,209,Melbourne - North East,Victoria,9.4393
209041528,Doreen - South,20904,Whittlesea - Wallan,209,Melbourne - North East,Victoria,5.0223
209041529,Lalor - East,20904,Whittlesea - Wallan,209,Melbourne - North East,Victoria,3.3232
209041530,Lalor - West,20904,Whittlesea - Wallan,209,Melbourne - North East,Victoria,8.7363
209041531,Mernda - North,20904,Whittlesea - Wallan,209,Melbourne - North East,Victoria,15.1961
209041532,Mernda - South,20904,Whittlesea - Wallan,209,Melbourne - North East,Victoria,8.6268
210011226,Airport West,21001,Keilor,210,Melbourne - North West,Victoria,3.7194
210011227,Essendon Airport,21001,Keilor,210,Melbourne - North West,Victoria,3.3549
210011228,Keilor,21001,Keilor,210,Melbourne - North West,Victoria,17.512
210011230,Niddrie - Essendon West,21001,Keilor,210,Melbourne - North West,Victoria,2.8027
210011231,Strathmore,21001,Keilor,210,Melbourne - North West,Victoria,4.1444
210011533,Avondale Heights,21001,Keilor,210,Melbourne - North West,Victoria,5.4087
210011534,Keilor East,21001,Keilor,210,Melbourne - North West,Victoria,5.4828
210021232,Gisborne,21002,Macedon Ranges,210,Melbourne - North West,Victoria,211.057
210021233,Macedon,21002,Macedon Ranges,210,Melbourne - North West,Victoria,72.9902
210021234,Riddells Creek,21002,Macedon Ranges,210,Melbourne - North West,Victoria,83.3503
210021235,Romsey,21002,Macedon Ranges,210,Melbourne - North West,Victoria,624.7097
210031236,Coburg North,21003,Moreland - North,210,Melbourne - North West,Victoria,4.8779
210031237,Fawkner,21003,Moreland - North,210,Melbourne - North West,Victoria,5.0848
210031439,Gowanbrae,21003,Moreland - North,210,Melbourne - North West,Victoria,1.5225
210031440,Hadfield,21003,Moreland - North,210,Melbourne - North West,Victoria,3.0502
210031535,Glenroy - East,21003,Moreland - North,210,Melbourne - North West,Victoria,6.2473
210031536,Glenroy - West,21003,Moreland - North,210,Melbourne - North West,Victoria,2.6109
210031537,Oak Park,21003,Moreland - North,210,Melbourne - North West,Victoria,2.3533
210031538,Pascoe Vale,21003,Moreland - North,210,Melbourne - North West,Victoria,4.631
210041240,Sunbury,21004,Sunbury,210,Melbourne - North West,Victoria,129.5487
210041539,Diggers Rest,21004,Sunbury,210,Melbourne - North West,Victoria,51.8922
210041540,Sunbury - South,21004,Sunbury,210,Melbourne - North West,Victoria,41.4496
210041541,Sunbury - West,21004,Sunbury,210,Melbourne - North West,Victoria,37.7941
210051242,Broadmeadows,21005,Tullamarine - Broadmeadows,210,Melbourne - North West,Victoria,8.8268
210051243,Campbellfield - Coolaroo,21005,Tullamarine - Broadmeadows,210,Melbourne - North West,Victoria,18.1867
210051245,Gladstone Park - Westmeadows,21005,Tullamarine - Broadmeadows,210,Melbourne - North West,Victoria,13.936
210051246,Greenvale - Bulla,21005,Tullamarine - Broadmeadows,210,Melbourne - North West,Victoria,95.906
210051247,Meadow Heights,21005,Tullamarine - Broadmeadows,210,Melbourne - North West,Victoria,4.6252
210051248,Melbourne Airport,21005,Tullamarine - Broadmeadows,210,Melbourne - North West,Victoria,30.3848
210051250,Tullamarine,21005,Tullamarine - Broadmeadows,210,Melbourne - North West,Victoria,3.8595
210051441,Craigieburn - Central,21005,Tullamarine - Broadmeadows,210,Melbourne - North West,Victoria,3.9685
210051442,Craigieburn - North,21005,Tullamarine - Broadmeadows,210,Melbourne - North West,Victoria,13.3514
210051443,Craigieburn - South,21005,Tullamarine - Broadmeadows,210,Melbourne - North West,Victoria,11.9142
210051445,Mickleham - Yuroke,21005,Tullamarine - Broadmeadows,210,Melbourne - North West,Victoria,70.8359
210051542,Craigieburn - North West,21005,Tullamarine - Broadmeadows,210,Melbourne - North West,Victoria,1.9198
210051543,Craigieburn - West,21005,Tullamarine - Broadmeadows,210,Melbourne - North West,Victoria,4.089
210051544,Roxburgh Park (South) - Somerton,21005,Tullamarine - Broadmeadows,210,Melbourne - North West,Victoria,8.8762
210051545,Roxburgh Park - North,21005,Tullamarine - Broadmeadows,210,Melbourne - North West,Victoria,3.4138
211011251,Bayswater,21101,Knox,211,Melbourne - Outer East,Victoria,8.0437
211011254,Knoxfield - Scoresby,21101,Knox,211,Melbourne - Outer East,Victoria,15.2651
211011255,Lysterfield,21101,Knox,211,Melbourne - Outer East,Victoria,18.494
211011256,Rowville - Central,21101,Knox,211,Melbourne - Outer East,Victoria,8.2003
211011257,Rowville - North,21101,Knox,211,Melbourne - Outer East,Victoria,4.1688
211011258,Rowville - South,21101,Knox,211,Melbourne - Outer East,Victoria,9.3532
211011259,Wantirna,21101,Knox,211,Melbourne - Outer East,Victoria,8.3064
211011260,Wantirna South,21101,Knox,211,Melbourne - Outer East,Victoria,13.3559
211011446,Boronia,21101,Knox,211,Melbourne - Outer East,Victoria,11.2631
211011447,Ferntree Gully - North,21101,Knox,211,Melbourne - Outer East,Victoria,6.9851
211011448,Ferntree Gully (South) - Upper Ferntree Gully,21101,Knox,211,Melbourne - Outer East,Victoria,9.1499
211011449,The Basin,21101,Knox,211,Melbourne - Outer East,Victoria,5.7163
211021261,Donvale - Park Orchards,21102,Manningham - East,211,Melbourne - Outer East,Victoria,20.8028
211021262,Warrandyte - Wonga Park,21102,Manningham - East,211,Melbourne - Outer East,Victoria,45.7591
211031263,Bayswater North,21103,Maroondah,211,Melbourne - Outer East,Victoria,9.909
211031265,Croydon Hills - Warranwood,21103,Maroondah,211,Melbourne - Outer East,Victoria,9.492
211031266,Ringwood,21103,Maroondah,211,Melbourne - Outer East,Victoria,9.9105
211031267,Ringwood East,21103,Maroondah,211,Melbourne - Outer East,Victoria,9.3929
211031268,Ringwood North,21103,Maroondah,211,Melbourne - Outer East,Victoria,4.7307
211031450,Croydon - East,21103,Maroondah,211,Melbourne - Outer East,Victoria,8.0982
211031451,Croydon - West,21103,Maroondah,211,Melbourne - Outer East,Victoria,6.7979
211031452,Croydon South,21103,Maroondah,211,Melbourne - Outer East,Victoria,2.856
211041269,Forest Hill,21104,Whitehorse - East,211,Melbourne - Outer East,Victoria,4.0702
211041270,Mitcham (Vic.),21104,Whitehorse - East,211,Melbourne - Outer East,Victoria,6.6271
211041271,Nunawading,21104,Whitehorse - East,211,Melbourne - Outer East,Victoria,5.0785
211041272,Vermont,21104,Whitehorse - East,211,Melbourne - Outer East,Victoria,4.6098
211041273,Vermont South,21104,Whitehorse - East,211,Melbourne - Outer East,Victoria,6.184
211051274,Belgrave - Selby,21105,Yarra Ranges,211,Melbourne - Outer East,Victoria,55.652
211051275,Chirnside Park,21105,Yarra Ranges,211,Melbourne - Outer East,Victoria,22.2024
211051276,Healesville - Yarra Glen,21105,Yarra Ranges,211,Melbourne - Outer East,Victoria,369.5236
211051277,Kilsyth,21105,Yarra Ranges,211,Melbourne - Outer East,Victoria,8.2426
211051278,Lilydale - Coldstream,21105,Yarra Ranges,211,Melbourne - Outer East,Victoria,109.3817
211051279,Monbulk - Silvan,21105,Yarra Ranges,211,Melbourne - Outer East,Victoria,68.5553
211051280,Montrose,21105,Yarra Ranges,211,Melbourne - Outer East,Victoria,10.5431
211051281,Mooroolbark,21105,Yarra Ranges,211,Melbourne - Outer East,Victoria,12.5434
211051282,Mount Dandenong - Olinda,21105,Yarra Ranges,211,Melbourne - Outer East,Victoria,81.8993
211051283,Mount Evelyn,21105,Yarra Ranges,211,Melbourne - Outer East,Victoria,16.9894
211051284,Upwey - Tecoma,21105,Yarra Ranges,211,Melbourne - Outer East,Victoria,8.8907
211051285,Wandin - Seville,21105,Yarra Ranges,211,Melbourne - Outer East,Victoria,111.7555
211051286,Yarra Valley,21105,Yarra Ranges,211,Melbourne - Outer East,Victoria,729.7582
212011289,Emerald - Cockatoo,21201,Cardinia,212,Melbourne - South East,Victoria,371.6241
212011546,Beaconsfield - Officer,21201,Cardinia,212,Melbourne - South East,Victoria,33.2503
212011547,Bunyip - Garfield,21201,Cardinia,212,Melbourne - South East,Victoria,365.9627
212011548,Koo Wee Rup,21201,Cardinia,212,Melbourne - South East,Victoria,414.663
212011549,Pakenham - North East,21201,Cardinia,212,Melbourne - South East,Victoria,18.929
212011550,Pakenham - North West,21201,Cardinia,212,Melbourne - South East,Victoria,24.6776
212011551,Pakenham - South East,21201,Cardinia,212,Melbourne - South East,Victoria,30.9414
212011552,Pakenham - South West,21201,Cardinia,212,Melbourne - South East,Victoria,22.2782
212021293,Berwick - North,21202,Casey - North,212,Melbourne - South East,Victoria,19.748
212021295,Doveton,21202,Casey - North,212,Melbourne - South East,Victoria,5.1935
212021297,Hallam,21202,Casey - North,212,Melbourne - South East,Victoria,8.0565
212021299,Narre Warren North,21202,Casey - North,212,Melbourne - South East,Victoria,34.4086
212021453,Endeavour Hills - North,21202,Casey - North,212,Melbourne - South East,Victoria,14.4746
212021454,Endeavour Hills - South,21202,Casey - North,212,Melbourne - South East,Victoria,5.5873
212021455,Narre Warren - North East,21202,Casey - North,212,Melbourne - South East,Victoria,4.874
212021456,Narre Warren - South West,21202,Casey - North,212,Melbourne - South East,Victoria,9.3054
212021553,Berwick - South East,21202,Casey - North,212,Melbourne - South East,Victoria,9.8836
212021554,Berwick - South West,21202,Casey - North,212,Melbourne - South East,Victoria,4.9713
212031300,Cranbourne,21203,Casey - South,212,Melbourne - South East,Victoria,13.027
212031303,Cranbourne South,21203,Casey - South,212,Melbourne - South East,Victoria,81.662
212031304,Cranbourne West,21203,Casey - South,212,Melbourne - South East,Victoria,12.898
212031306,Lynbrook - Lyndhurst,21203,Casey - South,212,Melbourne - South East,Victoria,7.3583
212031308,Pearcedale - Tooradin,21203,Casey - South,212,Melbourne - South East,Victoria,98.5112
212031457,Narre Warren South - East,21203,Casey - South,212,Melbourne - South East,Victoria,6.2204
212031458,Narre Warren South - West,21203,Casey - South,212,Melbourne - South East,Victoria,6.7771
212031555,Clyde North - North,21203,Casey - South,212,Melbourne - South East,Victoria,6.8833
212031556,Clyde North - South,21203,Casey - South,212,Melbourne - South East,Victoria,19.6543
212031557,Cranbourne East - North,21203,Casey - South,212,Melbourne - South East,Victoria,11.0254
212031558,Cranbourne East - South,21203,Casey - South,212,Melbourne - South East,Victoria,5.3272
212031559,Cranbourne North - East,21203,Casey - South,212,Melbourne - South East,Victoria,5.4545
212031560,Cranbourne North - West,21203,Casey - South,212,Melbourne - South East,Victoria,4.7849
212031561,Hampton Park - East,21203,Casey - South,212,Melbourne - South East,Victoria,8.2189
212031562,Hampton Park - West,21203,Casey - South,212,Melbourne - South East,Victoria,5.1234
212041309,Clarinda - Oakleigh South,21204,Dandenong,212,Melbourne - South East,Victoria,6.3227
212041310,Clayton South,21204,Dandenong,212,Melbourne - South East,Victoria,7.938
212041312,Dandenong North,21204,Dandenong,212,Melbourne - South East,Victoria,9.459
212041313,Dingley Village,21204,Dandenong,212,Melbourne - South East,Victoria,7.2437
212041316,Noble Park North,21204,Dandenong,212,Melbourne - South East,Victoria,3.7574
212041317,Springvale,21204,Dandenong,212,Melbourne - South East,Victoria,11.1052
212041318,Springvale South,21204,Dandenong,212,Melbourne - South East,Victoria,4.56
212041459,Noble Park - East,21204,Dandenong,212,Melbourne - South East,Victoria,3.7671
212041460,Noble Park - West,21204,Dandenong,212,Melbourne - South East,Victoria,4.7946
212041563,Dandenong - North,21204,Dandenong,212,Melbourne - South East,Victoria,8.041
212041564,Dandenong - South,21204,Dandenong,212,Melbourne - South East,Victoria,53.7832
212041565,Keysborough - North,21204,Dandenong,212,Melbourne - South East,Victoria,6.6053
212041566,Keysborough - South,21204,Dandenong,212,Melbourne - South East,Victoria,23.6738
212051319,Ashwood - Chadstone,21205,Monash,212,Melbourne - South East,Victoria,6.7088
212051321,Glen Waverley - East,21205,Monash,212,Melbourne - South East,Victoria,9.1645
212051322,Glen Waverley - West,21205,Monash,212,Melbourne - South East,Victoria,7.6758
212051323,Mount Waverley - North,21205,Monash,212,Melbourne - South East,Victoria,6.484
212051324,Mount Waverley - South,21205,Monash,212,Melbourne - South East,Victoria,8.7006
212051325,Mulgrave,21205,Monash,212,Melbourne - South East,Victoria,10.7189
212051326,Oakleigh - Huntingdale,21205,Monash,212,Melbourne - South East,Victoria,10.1702
212051327,Wheelers Hill,21205,Monash,212,Melbourne - South East,Victoria,10.4394
212051567,Clayton (North) - Notting Hill,21205,Monash,212,Melbourne - South East,Victoria,5.2293
212051568,Clayton - Central,21205,Monash,212,Melbourne - South East,Victoria,4.1819
213011328,Ardeer - Albion,21301,Brimbank,213,Melbourne - West,Victoria,4.5883
213011329,Cairnlea,21301,Brimbank,213,Melbourne - West,Victoria,4.4061
213011331,Delahey,21301,Brimbank,213,Melbourne - West,Victoria,3.5055
213011332,Keilor Downs,21301,Brimbank,213,Melbourne - West,Victoria,7.6597
213011333,Kings Park (Vic.),21301,Brimbank,213,Melbourne - West,Victoria,4.4323
213011334,St Albans - North,21301,Brimbank,213,Melbourne - West,Victoria,6.5225
213011335,St Albans - South,21301,Brimbank,213,Melbourne - West,Victoria,6.2647
213011336,Sunshine,21301,Brimbank,213,Melbourne - West,Victoria,4.732
213011337,Sunshine North,21301,Brimbank,213,Melbourne - West,Victoria,8.0239
213011338,Sunshine West,21301,Brimbank,213,Melbourne - West,Victoria,12.9688
213011339,Sydenham,21301,Brimbank,213,Melbourne - West,Victoria,3.9479
213011340,Taylors Lakes,21301,Brimbank,213,Melbourne - West,Victoria,18.4632
213011569,Deer Park,21301,Brimbank,213,Melbourne - West,Victoria,8.0769
213011570,Derrimut,21301,Brimbank,213,Melbourne - West,Victoria,13.2579
213021341,Altona,21302,Hobsons Bay,213,Melbourne - West,Victoria,17.6826
213021342,Altona Meadows,21302,Hobsons Bay,213,Melbourne - West,Victoria,10.5419
213021343,Altona North,21302,Hobsons Bay,213,Melbourne - West,Victoria,16.1844
213021344,Newport,21302,Hobsons Bay,213,Melbourne - West,Victoria,8.8407
213021345,Seabrook,21302,Hobsons Bay,213,Melbourne - West,Victoria,1.6199
213021346,Williamstown,21302,Hobsons Bay,213,Melbourne - West,Victoria,7.3463
213031347,Braybrook,21303,Maribyrnong,213,Melbourne - West,Victoria,7.4843
213031348,Footscray,21303,Maribyrnong,213,Melbourne - West,Victoria,4.9671
213031349,Maribyrnong,21303,Maribyrnong,213,Melbourne - West,Victoria,5.4934
213031350,Seddon - Kingsville,21303,Maribyrnong,213,Melbourne - West,Victoria,1.6803
213031351,West Footscray - Tottenham,21303,Maribyrnong,213,Melbourne - West,Victoria,5.9807
213031352,Yarraville,21303,Maribyrnong,213,Melbourne - West,Victoria,5.62
213041353,Bacchus Marsh,21304,Melton - Bacchus Marsh,213,Melbourne - West,Victoria,196.2983
213041358,Melton West,21304,Melton - Bacchus Marsh,213,Melbourne - West,Victoria,24.2021
213041359,Rockbank - Mount Cottrell,21304,Melton - Bacchus Marsh,213,Melbourne - West,Victoria,125.7609
213041360,Taylors Hill,21304,Melton - Bacchus Marsh,213,Melbourne - West,Victoria,5.9679
213041461,Burnside,21304,Melton - Bacchus Marsh,213,Melbourne - West,Victoria,2.552
213041462,Burnside Heights,21304,Melton - Bacchus Marsh,213,Melbourne - West,Victoria,1.9954
213041463,Caroline Springs,21304,Melton - Bacchus Marsh,213,Melbourne - West,Victoria,6.9526
213041571,Brookfield,21304,Melton - Bacchus Marsh,213,Melbourne - West,Victoria,10.6929
213041572,Cobblebank - Strathtulloh,21304,Melton - Bacchus Marsh,213,Melbourne - West,Victoria,19.7593
213041573,Eynesbury - Exford,21304,Melton - Bacchus Marsh,213,Melbourne - West,Victoria,69.4885
213041574,Fraser Rise - Plumpton,21304,Melton - Bacchus Marsh,213,Melbourne - West,Victoria,58.7312
213041575,Hillside,21304,Melton - Bacchus Marsh,213,Melbourne - West,Victoria,7.8166
213041576,Kurunjang - Toolern Vale,21304,Melton - Bacchus Marsh,213,Melbourne - West,Victoria,120.8438
213041577,Melton,21304,Melton - Bacchus Marsh,213,Melbourne - West,Victoria,9.8614
213041578,Melton South - Weir Views,21304,Melton - Bacchus Marsh,213,Melbourne - West,Victoria,11.0206
213051361,Hoppers Crossing - North,21305,Wyndham,213,Melbourne - West,Victoria,10.9136
213051362,Hoppers Crossing - South,21305,Wyndham,213,Melbourne - West,Victoria,7.0114
213051363,Laverton,21305,Wyndham,213,Melbourne - West,Victoria,22.2451
213051368,Werribee - South,21305,Wyndham,213,Melbourne - West,Victoria,114.0332
213051464,Point Cook - East,21305,Wyndham,213,Melbourne - West,Victoria,19.0354
213051466,Point Cook - South,21305,Wyndham,213,Melbourne - West,Victoria,9.4219
213051467,Werribee - East,21305,Wyndham,213,Melbourne - West,Victoria,7.7569
213051468,Werribee - West,21305,Wyndham,213,Melbourne - West,Victoria,127.6631
213051579,Manor Lakes - Quandong,21305,Wyndham,213,Melbourne - West,Victoria,72.0339
213051580,Point Cook - North East,21305,Wyndham,213,Melbourne - West,Victoria,5.5527
213051581,Point Cook - North West,21305,Wyndham,213,Melbourne - West,Victoria,2.938
213051582,Tarneit (West) - Mount Cottrell,21305,Wyndham,213,Melbourne - West,Victoria,36.7062
213051583,Tarneit - Central,21305,Wyndham,213,Melbourne - West,Victoria,7.9607
213051584,Tarneit - North,21305,Wyndham,213,Melbourne - West,Victoria,14.3452
213051585,Tarneit - South,21305,Wyndham,213,Melbourne - West,Victoria,3.1301
213051586,Truganina - North,21305,Wyndham,213,Melbourne - West,Victoria,17.5191
213051587,Truganina - South East,21305,Wyndham,213,Melbourne - West,Victoria,4.2675
213051588,Truganina - South West,21305,Wyndham,213,Melbourne - West,Victoria,5.3778
213051589,Wyndham Vale - North,21305,Wyndham,213,Melbourne - West,Victoria,51.2497
213051590,Wyndham Vale - South,21305,Wyndham,213,Melbourne - West,Victoria,4.9575
214011370,Carrum Downs,21401,Frankston,214,Mornington Peninsula,Victoria,20.308
214011371,Frankston,21401,Frankston,214,Mornington Peninsula,Victoria,11.6244
214011372,Frankston North,21401,Frankston,214,Mornington Peninsula,Victoria,13.2382
214011373,Frankston South,21401,Frankston,214,Mornington Peninsula,Victoria,14.5603
214011374,Langwarrin,21401,Frankston,214,Mornington Peninsula,Victoria,37.6199
214011375,Seaford (Vic.),21401,Frankston,214,Mornington Peninsula,Victoria,12.4321
214011376,Skye - Sandhurst,21401,Frankston,214,Mornington Peninsula,Victoria,19.8152
214021377,Dromana,21402,Mornington Peninsula,214,Mornington Peninsula,Victoria,45.0575
214021378,Flinders,21402,Mornington Peninsula,214,Mornington Peninsula,Victoria,287.3793
214021379,Hastings - Somers,21402,Mornington Peninsula,214,Mornington Peninsula,Victoria,108.8841
214021381,Mount Eliza,21402,Mornington Peninsula,214,Mornington Peninsula,Victoria,23.2077
214021382,Mount Martha,21402,Mornington Peninsula,214,Mornington Peninsula,Victoria,30.2094
214021383,Point Nepean,21402,Mornington Peninsula,214,Mornington Peninsula,Victoria,67.1876
214021384,Rosebud - McCrae,21402,Mornington Peninsula,214,Mornington Peninsula,Victoria,23.7957
214021385,Somerville,21402,Mornington Peninsula,214,Mornington Peninsula,Victoria,117.354
214021591,Mornington - East,21402,Mornington Peninsula,214,Mornington Peninsula,Victoria,14.6884
214021592,Mornington - West,21402,Mornington Peninsula,214,Mornington Peninsula,Victoria,6.4044
215011386,Ararat,21501,Grampians,215,North West,Victoria,161.179
215011387,Ararat Surrounds,21501,Grampians,215,North West,Victoria,4023.1983
215011388,Horsham,21501,Grampians,215,North West,Victoria,83.0691
215011389,Horsham Surrounds,21501,Grampians,215,North West,Victoria,4251.4674
215011390,Nhill Region,21501,Grampians,215,North West,Victoria,11042.793
215011391,St Arnaud,21501,Grampians,215,North West,Victoria,3008.5749
215011392,Stawell,21501,Grampians,215,North West,Victoria,2743.4313
215011393,West Wimmera,21501,Grampians,215,North West,Victoria,5686.3869
215011394,Yarriambiack,21501,Grampians,215,North West,Victoria,7139.5816
215021395,Irymple,21502,Mildura,215,North West,Victoria,88.5725
215021396,Merbein,21502,Mildura,215,North West,Victoria,101.7138
215021398,Mildura Surrounds,21502,Mildura,215,North West,Victoria,21568.7961
215021399,Red Cliffs,21502,Mildura,215,North West,Victoria,246.7231
215021469,Mildura - North,21502,Mildura,215,North West,Victoria,25.117
215021470,Mildura - South,21502,Mildura,215,North West,Victoria,50.9981
215031400,Buloke,21503,Murray River - Swan Hill,215,North West,Victoria,8068.6848
215031401,Gannawarra,21503,Murray River - Swan Hill,215,North West,Victoria,3568.3246
215031402,Kerang,21503,Murray River - Swan Hill,215,North West,Victoria,146.6076
215031403,Robinvale,21503,Murray River - Swan Hill,215,North West,Victoria,181.5961
215031404,Swan Hill,21503,Murray River - Swan Hill,215,North West,Victoria,126.5903
215031405,Swan Hill Surrounds,21503,Murray River - Swan Hill,215,North West,Victoria,5759.5788
216011406,Echuca,21601,Campaspe,216,Shepparton,Victoria,183.9532
216011407,Kyabram,21601,Campaspe,216,Shepparton,Victoria,738.862
216011408,Lockington - Gunbower,21601,Campaspe,216,Shepparton,Victoria,1646.4376
216011409,Rochester,21601,Campaspe,216,Shepparton,Victoria,351.6446
216011410,Rushworth,21601,Campaspe,216,Shepparton,Victoria,1633.8861
216021411,Cobram,21602,Moira,216,Shepparton,Victoria,131.7229
216021412,Moira,21602,Moira,216,Shepparton,Victoria,1498.8283
216021413,Numurkah,21602,Moira,216,Shepparton,Victoria,2320.6721
216021414,Yarrawonga,21602,Moira,216,Shepparton,Victoria,94.6968
216031415,Mooroopna,21603,Shepparton,216,Shepparton,Victoria,39.9733
216031416,Shepparton - North,21603,Shepparton,216,Shepparton,Victoria,65.6581
216031418,Shepparton Surrounds - East,21603,Shepparton,216,Shepparton,Victoria,1055.5777
216031419,Shepparton Surrounds - West,21603,Shepparton,216,Shepparton,Victoria,1028.6793
216031593,Kialla,21603,Shepparton,216,Shepparton,Victoria,77.4435
216031594,Shepparton - South East,21603,Shepparton,216,Shepparton,Victoria,65.8306
217011420,Glenelg (Vic.),21701,Glenelg - Southern Grampians,217,Warrnambool and South West,Victoria,6121.4257
217011421,Hamilton (Vic.),21701,Glenelg - Southern Grampians,217,Warrnambool and South West,Victoria,198.3369
217011422,Portland,21701,Glenelg - Southern Grampians,217,Warrnambool and South West,Victoria,63.985
217011423,Southern Grampians,21701,Glenelg - Southern Grampians,217,Warrnambool and South West,Victoria,6562.6438
217031471,Camperdown,21703,Colac - Corangamite,217,Warrnambool and South West,Victoria,98.1179
217031472,Colac,21703,Colac - Corangamite,217,Warrnambool and South West,Victoria,54.7344
217031473,Colac Surrounds,21703,Colac - Corangamite,217,Warrnambool and South West,Victoria,1934.2762
217031474,Corangamite - North,21703,Colac - Corangamite,217,Warrnambool and South West,Victoria,2538.3285
217031475,Corangamite - South,21703,Colac - Corangamite,217,Warrnambool and South West,Victoria,1805.2081
217031476,Otway,21703,Colac - Corangamite,217,Warrnambool and South West,Victoria,1505.8895
217041477,Moyne - East,21704,Warrnambool,217,Warrnambool and South West,Victoria,3275.7989
217041478,Moyne - West,21704,Warrnambool,217,Warrnambool and South West,Victoria,2037.7626
217041479,Warrnambool - North,21704,Warrnambool,217,Warrnambool and South West,Victoria,62.4199
217041480,Warrnambool - South,21704,Warrnambool,217,Warrnambool and South West,Victoria,120.1957
297979799,Migratory - Offshore - Shipping (Vic.),29797,Migratory - Offshore - Shipping (Vic.),297,Migratory - Offshore - Shipping (Vic.),Victoria,
299999499,No usual address (Vic.),29999,No usual address (Vic.),299,No usual address (Vic.),Victoria,
301011001,Alexandra Hills,30101,Capalaba,301,Brisbane - East,Queensland,13.6312
301011002,Belmont - Gumdale,30101,Capalaba,301,Brisbane - East,Queensland,33.1072
301011003,Birkdale,30101,Capalaba,301,Brisbane - East,Queensland,11.5988
301011004,Capalaba,30101,Capalaba,301,Brisbane - East,Queensland,18.8892
301011005,Thorneside,30101,Capalaba,301,Brisbane - East,Queensland,2.6658
301011006,Wellington Point,30101,Capalaba,301,Brisbane - East,Queensland,9.404
301021007,Cleveland,30102,Cleveland - Stradbroke,301,Brisbane - East,Queensland,11.8549
301021008,Ormiston,30102,Cleveland - Stradbroke,301,Brisbane - East,Queensland,4.929
301021009,Redland Bay,30102,Cleveland - Stradbroke,301,Brisbane - East,Queensland,46.8996
301021011,Sheldon - Mount Cotton,30102,Cleveland - Stradbroke,301,Brisbane - East,Queensland,65.1972
301021012,Thornlands,30102,Cleveland - Stradbroke,301,Brisbane - East,Queensland,21.6475
301021013,Victoria Point,30102,Cleveland - Stradbroke,301,Brisbane - East,Queensland,13.4057
301021550,North Stradbroke Island,30102,Cleveland - Stradbroke,301,Brisbane - East,Queensland,277.1095
301021551,Southern Moreton Bay Islands,30102,Cleveland - Stradbroke,301,Brisbane - East,Queensland,39.9348
301031014,Brisbane Port - Lytton,30103,Wynnum - Manly,301,Brisbane - East,Queensland,32.7859
301031015,Manly - Lota,30103,Wynnum - Manly,301,Brisbane - East,Queensland,4.1989
301031016,Manly West,30103,Wynnum - Manly,301,Brisbane - East,Queensland,4.9055
301031017,Murarrie,30103,Wynnum - Manly,301,Brisbane - East,Queensland,8.4389
301031018,Tingalpa,30103,Wynnum - Manly,301,Brisbane - East,Queensland,8.9263
301031019,Wakerley,30103,Wynnum - Manly,301,Brisbane - East,Queensland,5.1963
301031020,Wynnum,30103,Wynnum - Manly,301,Brisbane - East,Queensland,6.1324
301031021,Wynnum West - Hemmant,30103,Wynnum - Manly,301,Brisbane - East,Queensland,12.2743
302011022,Bald Hills,30201,Bald Hills - Everton Park,302,Brisbane - North,Queensland,13.3544
302011023,Bridgeman Downs,30201,Bald Hills - Everton Park,302,Brisbane - North,Queensland,9.4789
302011024,Carseldine,30201,Bald Hills - Everton Park,302,Brisbane - North,Queensland,4.5456
302011025,Everton Park,30201,Bald Hills - Everton Park,302,Brisbane - North,Queensland,4.1663
302011026,McDowall,30201,Bald Hills - Everton Park,302,Brisbane - North,Queensland,4.3856
302021027,Aspley,30202,Chermside,302,Brisbane - North,Queensland,6.258
302021028,Chermside,30202,Chermside,302,Brisbane - North,Queensland,3.3873
302021029,Chermside West,30202,Chermside,302,Brisbane - North,Queensland,3.4032
302021030,Geebung,30202,Chermside,302,Brisbane - North,Queensland,4.0441
302021031,Kedron - Gordon Park,30202,Chermside,302,Brisbane - North,Queensland,5.22
302021032,Stafford,30202,Chermside,302,Brisbane - North,Queensland,3.4381
302021033,Stafford Heights,30202,Chermside,302,Brisbane - North,Queensland,2.9088
302021034,Wavell Heights,30202,Chermside,302,Brisbane - North,Queensland,3.5792
302031035,Boondall,30203,Nundah,302,Brisbane - North,Queensland,10.7506
302031036,Brisbane Airport,30203,Nundah,302,Brisbane - North,Queensland,45.3241
302031037,Eagle Farm - Pinkenba,30203,Nundah,302,Brisbane - North,Queensland,7.2339
302031038,Northgate - Virginia,30203,Nundah,302,Brisbane - North,Queensland,6.1268
302031039,Nudgee - Banyo,30203,Nundah,302,Brisbane - North,Queensland,13.9237
302031040,Nundah,30203,Nundah,302,Brisbane - North,Queensland,3.6726
302041041,Bracken Ridge,30204,Sandgate,302,Brisbane - North,Queensland,8.1103
302041042,Brighton (Qld),30204,Sandgate,302,Brisbane - North,Queensland,6.4901
302041043,Deagon,30204,Sandgate,302,Brisbane - North,Queensland,2.8177
302041044,Sandgate - Shorncliffe,30204,Sandgate,302,Brisbane - North,Queensland,4.3474
302041045,Taigum - Fitzgibbon,30204,Sandgate,302,Brisbane - North,Queensland,6.2813
302041046,Zillmere,30204,Sandgate,302,Brisbane - North,Queensland,3.7003
303011047,Camp Hill,30301,Carindale,303,Brisbane - South,Queensland,4.5806
303011048,Cannon Hill,30301,Carindale,303,Brisbane - South,Queensland,3.9524
303011049,Carina,30301,Carindale,303,Brisbane - South,Queensland,4.3823
303011050,Carina Heights,30301,Carindale,303,Brisbane - South,Queensland,3.3991
303011051,Carindale,30301,Carindale,303,Brisbane - South,Queensland,10.1962
303021052,Annerley,30302,Holland Park - Yeronga,303,Brisbane - South,Queensland,2.8756
303021053,Coorparoo,30302,Holland Park - Yeronga,303,Brisbane - South,Queensland,5.3318
303021054,Fairfield - Dutton Park,30302,Holland Park - Yeronga,303,Brisbane - South,Queensland,2.079
303021055,Greenslopes,30302,Holland Park - Yeronga,303,Brisbane - South,Queensland,2.9543
303021056,Holland Park,30302,Holland Park - Yeronga,303,Brisbane - South,Queensland,3.2615
303021057,Holland Park West,30302,Holland Park - Yeronga,303,Brisbane - South,Queensland,2.566
303021058,Woolloongabba,30302,Holland Park - Yeronga,303,Brisbane - South,Queensland,2.4051
303021059,Yeronga,30302,Holland Park - Yeronga,303,Brisbane - South,Queensland,6.0917
303031060,Eight Mile Plains,30303,Mt Gravatt,303,Brisbane - South,Queensland,7.6828
303031061,Macgregor (Qld),30303,Mt Gravatt,303,Brisbane - South,Queensland,2.6853
303031062,Mansfield (Qld),30303,Mt Gravatt,303,Brisbane - South,Queensland,5.3088
303031063,Mount Gravatt,30303,Mt Gravatt,303,Brisbane - South,Queensland,7.3647
303031064,Rochedale - Burbank,30303,Mt Gravatt,303,Brisbane - South,Queensland,47.3459
303031065,Upper Mount Gravatt,30303,Mt Gravatt,303,Brisbane - South,Queensland,4.2122
303031066,Wishart,30303,Mt Gravatt,303,Brisbane - South,Queensland,4.787
303041067,Coopers Plains,30304,Nathan,303,Brisbane - South,Queensland,4.3818
303041068,Moorooka,30304,Nathan,303,Brisbane - South,Queensland,4.0941
303041069,Robertson,30304,Nathan,303,Brisbane - South,Queensland,1.9048
303041070,Salisbury - Nathan,30304,Nathan,303,Brisbane - South,Queensland,9.5473
303041071,Tarragindi,30304,Nathan,303,Brisbane - South,Queensland,4.5496
303051072,Algester,30305,Rocklea - Acacia Ridge,303,Brisbane - South,Queensland,3.6903
303051073,Calamvale - Stretton,30305,Rocklea - Acacia Ridge,303,Brisbane - South,Queensland,19.7359
303051074,Pallara - Willawong,30305,Rocklea - Acacia Ridge,303,Brisbane - South,Queensland,26.6981
303051075,Parkinson - Drewvale,30305,Rocklea - Acacia Ridge,303,Brisbane - South,Queensland,12.6742
303051076,Rocklea - Acacia Ridge,30305,Rocklea - Acacia Ridge,303,Brisbane - South,Queensland,22.4461
303061077,Kuraby,30306,Sunnybank,303,Brisbane - South,Queensland,4.6423
303061078,Runcorn,30306,Sunnybank,303,Brisbane - South,Queensland,6.6898
303061079,Sunnybank,30306,Sunnybank,303,Brisbane - South,Queensland,4.387
303061080,Sunnybank Hills,30306,Sunnybank,303,Brisbane - South,Queensland,6.4409
304011081,Jindalee - Mount Ommaney,30401,Centenary,304,Brisbane - West,Queensland,4.8007
304011082,Middle Park - Jamboree Heights,30401,Centenary,304,Brisbane - West,Queensland,2.6736
304011083,Riverhills,30401,Centenary,304,Brisbane - West,Queensland,2.1789
304011084,Seventeen Mile Rocks - Sinnamon Park,30401,Centenary,304,Brisbane - West,Queensland,5.4184
304011085,Westlake,30401,Centenary,304,Brisbane - West,Queensland,1.9039
304021086,Bellbowrie - Moggill,30402,Kenmore - Brookfield - Moggill,304,Brisbane - West,Queensland,17.4209
304021087,Brookfield - Kenmore Hills,30402,Kenmore - Brookfield - Moggill,304,Brisbane - West,Queensland,58.0413
304021088,Chapel Hill,30402,Kenmore - Brookfield - Moggill,304,Brisbane - West,Queensland,5.3985
304021089,Fig Tree Pocket,30402,Kenmore - Brookfield - Moggill,304,Brisbane - West,Queensland,4.2808
304021090,Kenmore,30402,Kenmore - Brookfield - Moggill,304,Brisbane - West,Queensland,5.2795
304021091,Pinjarra Hills - Pullenvale,30402,Kenmore - Brookfield - Moggill,304,Brisbane - West,Queensland,44.1902
304031092,Chelmer - Graceville,30403,Sherwood - Indooroopilly,304,Brisbane - West,Queensland,3.2389
304031093,Corinda,30403,Sherwood - Indooroopilly,304,Brisbane - West,Queensland,2.884
304031094,Indooroopilly,30403,Sherwood - Indooroopilly,304,Brisbane - West,Queensland,7.3542
304031095,Sherwood,30403,Sherwood - Indooroopilly,304,Brisbane - West,Queensland,2.2804
304031096,St Lucia,30403,Sherwood - Indooroopilly,304,Brisbane - West,Queensland,3.4245
304031097,Taringa,30403,Sherwood - Indooroopilly,304,Brisbane - West,Queensland,2.1143
304041098,Enoggera,30404,The Gap - Enoggera,304,Brisbane - West,Queensland,9.6008
304041099,Enoggera Reservoir,30404,The Gap - Enoggera,304,Brisbane - West,Queensland,37.694
304041100,Keperra,30404,The Gap - Enoggera,304,Brisbane - West,Queensland,5.1925
304041101,Mitchelton,30404,The Gap - Enoggera,304,Brisbane - West,Queensland,4.2224
304041102,Mount Coot-tha,30404,The Gap - Enoggera,304,Brisbane - West,Queensland,14.5975
304041103,The Gap,30404,The Gap - Enoggera,304,Brisbane - West,Queensland,12.2584
304041104,Upper Kedron - Ferny Grove,30404,The Gap - Enoggera,304,Brisbane - West,Queensland,13.2022
305011105,Brisbane City,30501,Brisbane Inner,305,Brisbane Inner City,Queensland,2.366
305011106,Fortitude Valley,30501,Brisbane Inner,305,Brisbane Inner City,Queensland,1.2745
305011107,Highgate Hill,30501,Brisbane Inner,305,Brisbane Inner City,Queensland,1.21
305011108,Kangaroo Point,30501,Brisbane Inner,305,Brisbane Inner City,Queensland,1.3389
305011109,New Farm,30501,Brisbane Inner,305,Brisbane Inner City,Queensland,2.1438
305011110,South Brisbane,30501,Brisbane Inner,305,Brisbane Inner City,Queensland,2.0166
305011111,Spring Hill,30501,Brisbane Inner,305,Brisbane Inner City,Queensland,1.2432
305011112,West End,30501,Brisbane Inner,305,Brisbane Inner City,Queensland,1.9654
305021113,Balmoral,30502,Brisbane Inner - East,305,Brisbane Inner City,Queensland,1.3831
305021114,Bulimba,30502,Brisbane Inner - East,305,Brisbane Inner City,Queensland,2.0607
305021115,East Brisbane,30502,Brisbane Inner - East,305,Brisbane Inner City,Queensland,1.871
305021116,Hawthorne,30502,Brisbane Inner - East,305,Brisbane Inner City,Queensland,1.3864
305021117,Morningside - Seven Hills,30502,Brisbane Inner - East,305,Brisbane Inner City,Queensland,6.6453
305021118,Norman Park,30502,Brisbane Inner - East,305,Brisbane Inner City,Queensland,2.2523
305031119,Albion,30503,Brisbane Inner - North,305,Brisbane Inner City,Queensland,1.5055
305031120,Alderley,30503,Brisbane Inner - North,305,Brisbane Inner City,Queensland,2.4567
305031121,Ascot,30503,Brisbane Inner - North,305,Brisbane Inner City,Queensland,2.4681
305031122,Clayfield,30503,Brisbane Inner - North,305,Brisbane Inner City,Queensland,2.9262
305031123,Grange,30503,Brisbane Inner - North,305,Brisbane Inner City,Queensland,1.7881
305031124,Hamilton (Qld),30503,Brisbane Inner - North,305,Brisbane Inner City,Queensland,1.6387
305031125,Hendra,30503,Brisbane Inner - North,305,Brisbane Inner City,Queensland,2.6919
305031126,Kelvin Grove - Herston,30503,Brisbane Inner - North,305,Brisbane Inner City,Queensland,3.3694
305031127,Newmarket,30503,Brisbane Inner - North,305,Brisbane Inner City,Queensland,1.6584
305031128,Newstead - Bowen Hills,30503,Brisbane Inner - North,305,Brisbane Inner City,Queensland,3.0558
305031129,Wilston,30503,Brisbane Inner - North,305,Brisbane Inner City,Queensland,1.3878
305031130,Windsor,30503,Brisbane Inner - North,305,Brisbane Inner City,Queensland,2.9152
305031131,Wooloowin - Lutwyche,30503,Brisbane Inner - North,305,Brisbane Inner City,Queensland,3.0848
305041132,Ashgrove,30504,Brisbane Inner - West,305,Brisbane Inner City,Queensland,6.5216
305041133,Auchenflower,30504,Brisbane Inner - West,305,Brisbane Inner City,Queensland,1.2722
305041134,Bardon,30504,Brisbane Inner - West,305,Brisbane Inner City,Queensland,4.6852
305041135,Paddington - Milton,30504,Brisbane Inner - West,305,Brisbane Inner City,Queensland,3.5836
305041136,Red Hill (Qld),30504,Brisbane Inner - West,305,Brisbane Inner City,Queensland,1.69
305041137,Toowong,30504,Brisbane Inner - West,305,Brisbane Inner City,Queensland,3.8829
306011138,Brinsmead,30601,Cairns - North,306,Cairns,Queensland,5.1185
306011139,Clifton Beach - Kewarra Beach,30601,Cairns - North,306,Cairns,Queensland,37.6377
306011140,Freshwater - Stratford,30601,Cairns - North,306,Cairns,Queensland,15.1181
306011141,Redlynch,30601,Cairns - North,306,Cairns,Queensland,59.3881
306011142,Trinity Beach - Smithfield,30601,Cairns - North,306,Cairns,Queensland,22.0477
306011143,Yorkeys Knob - Machans Beach,30601,Cairns - North,306,Cairns,Queensland,21.0049
306021144,Bentley Park,30602,Cairns - South,306,Cairns,Queensland,6.8595
306021145,Cairns City,30602,Cairns - South,306,Cairns,Queensland,6.2093
306021146,Earlville - Bayview Heights,30602,Cairns - South,306,Cairns,Queensland,7.8621
306021147,Edmonton,30602,Cairns - South,306,Cairns,Queensland,19.9982
306021148,Gordonvale - Trinity,30602,Cairns - South,306,Cairns,Queensland,327.0868
306021149,Kanimbla - Mooroobool,30602,Cairns - South,306,Cairns,Queensland,7.6847
306021150,Lamb Range,30602,Cairns - South,306,Cairns,Queensland,212.6428
306021151,Manoora,30602,Cairns - South,306,Cairns,Queensland,2.2314
306021152,Manunda,30602,Cairns - South,306,Cairns,Queensland,4.2458
306021153,Mount Sheridan,30602,Cairns - South,306,Cairns,Queensland,6.7389
306021154,Westcourt - Bungalow,30602,Cairns - South,306,Cairns,Queensland,9.7287
306021155,White Rock,30602,Cairns - South,306,Cairns,Queensland,9.5277
306021156,Whitfield - Edge Hill,30602,Cairns - South,306,Cairns,Queensland,6.9259
306021157,Woree,30602,Cairns - South,306,Cairns,Queensland,5.7346
306031158,Babinda,30603,Innisfail - Cassowary Coast,306,Cairns,Queensland,669.1832
306031159,Innisfail,30603,Innisfail - Cassowary Coast,306,Cairns,Queensland,53.0453
306031160,Johnstone,30603,Innisfail - Cassowary Coast,306,Cairns,Queensland,1294.6919
306031161,Tully,30603,Innisfail - Cassowary Coast,306,Cairns,Queensland,3065.1355
306031162,Wooroonooran,30603,Innisfail - Cassowary Coast,306,Cairns,Queensland,754.2885
306031163,Yarrabah,30603,Innisfail - Cassowary Coast,306,Cairns,Queensland,158.8381
306041164,Daintree,30604,Port Douglas - Daintree,306,Cairns,Queensland,2231.2024
306041165,Port Douglas,30604,Port Douglas - Daintree,306,Cairns,Queensland,189.8889
306051166,Atherton,30605,Tablelands (East) - Kuranda,306,Cairns,Queensland,235.1883
306051167,Herberton,30605,Tablelands (East) - Kuranda,306,Cairns,Queensland,9566.224
306051168,Kuranda,30605,Tablelands (East) - Kuranda,306,Cairns,Queensland,591.3182
306051169,Malanda - Yungaburra,30605,Tablelands (East) - Kuranda,306,Cairns,Queensland,1254.9789
306051170,Mareeba,30605,Tablelands (East) - Kuranda,306,Cairns,Queensland,480.2032
307011171,Balonne,30701,Darling Downs (West) - Maranoa,307,Darling Downs - Maranoa,Queensland,31104.0851
307011172,Chinchilla,30701,Darling Downs (West) - Maranoa,307,Darling Downs - Maranoa,Queensland,8048.7229
307011173,Goondiwindi,30701,Darling Downs (West) - Maranoa,307,Darling Downs - Maranoa,Queensland,830.4585
307011174,Inglewood - Waggamba,30701,Darling Downs (West) - Maranoa,307,Darling Downs - Maranoa,Queensland,17523.0601
307011175,Miles - Wandoan,30701,Darling Downs (West) - Maranoa,307,Darling Downs - Maranoa,Queensland,11841.615
307011176,Roma,30701,Darling Downs (West) - Maranoa,307,Darling Downs - Maranoa,Queensland,78.0284
307011177,Roma Surrounds,30701,Darling Downs (West) - Maranoa,307,Darling Downs - Maranoa,Queensland,58626.3627
307011178,Tara,30701,Darling Downs (West) - Maranoa,307,Darling Downs - Maranoa,Queensland,13208.4392
307021179,Crows Nest - Rosalie,30702,Darling Downs - East,307,Darling Downs - Maranoa,Queensland,3250.6881
307021180,Jondaryan,30702,Darling Downs - East,307,Darling Downs - Maranoa,Queensland,2130.3447
307021181,Millmerran,30702,Darling Downs - East,307,Darling Downs - Maranoa,Queensland,4517.0062
307021182,Pittsworth,30702,Darling Downs - East,307,Darling Downs - Maranoa,Queensland,1054.9292
307021183,Wambo,30702,Darling Downs - East,307,Darling Downs - Maranoa,Queensland,5700.3324
307031184,Clifton - Greenmount,30703,Granite Belt,307,Darling Downs - Maranoa,Queensland,1263.947
307031185,Southern Downs - East,30703,Granite Belt,307,Darling Downs - Maranoa,Queensland,1634.5787
307031186,Southern Downs - West,30703,Granite Belt,307,Darling Downs - Maranoa,Queensland,2684.545
307031187,Stanthorpe,30703,Granite Belt,307,Darling Downs - Maranoa,Queensland,33.6495
307031188,Stanthorpe Surrounds,30703,Granite Belt,307,Darling Downs - Maranoa,Queensland,2657.148
307031189,Warwick,30703,Granite Belt,307,Darling Downs - Maranoa,Queensland,158.7231
308011190,Central Highlands - East,30801,Central Highlands (Qld),308,Central Queensland,Queensland,18635.1607
308011191,Central Highlands - West,30801,Central Highlands (Qld),308,Central Queensland,Queensland,41551.251
308011192,Emerald,30801,Central Highlands (Qld),308,Central Queensland,Queensland,38.982
308031205,Berserker,30803,Rockhampton,308,Central Queensland,Queensland,10.0234
308031206,Bouldercombe,30803,Rockhampton,308,Central Queensland,Queensland,1348.7805
308031207,Emu Park,30803,Rockhampton,308,Central Queensland,Queensland,40.8378
308031208,Frenchville - Mount Archer,30803,Rockhampton,308,Central Queensland,Queensland,30.2572
308031209,Glenlee - Rockyview,30803,Rockhampton,308,Central Queensland,Queensland,208.0475
308031210,Gracemere,30803,Rockhampton,308,Central Queensland,Queensland,153.886
308031211,Lakes Creek,30803,Rockhampton,308,Central Queensland,Queensland,16.8069
308031212,Mount Morgan,30803,Rockhampton,308,Central Queensland,Queensland,490.6655
308031213,Norman Gardens,30803,Rockhampton,308,Central Queensland,Queensland,36.0392
308031214,Park Avenue,30803,Rockhampton,308,Central Queensland,Queensland,4.9631
308031215,Parkhurst - Kawana,30803,Rockhampton,308,Central Queensland,Queensland,28.4079
308031216,Rockhampton - West,30803,Rockhampton,308,Central Queensland,Queensland,34.549
308031217,Rockhampton City,30803,Rockhampton,308,Central Queensland,Queensland,51.1683
308031218,Rockhampton Surrounds - East,30803,Rockhampton,308,Central Queensland,Queensland,680.8739
308031219,Rockhampton Surrounds - North,30803,Rockhampton,308,Central Queensland,Queensland,7572.5912
308031220,Rockhampton Surrounds - West,30803,Rockhampton,308,Central Queensland,Queensland,4359.2243
308031221,Shoalwater Bay,30803,Rockhampton,308,Central Queensland,Queensland,3176.9624
308031222,The Range - Allenstown,30803,Rockhampton,308,Central Queensland,Queensland,5.4954
308031223,Yeppoon,30803,Rockhampton,308,Central Queensland,Queensland,78.5558
308041528,Banana,30804,Biloela,308,Central Queensland,Queensland,28531.2933
308041529,Biloela,30804,Biloela,308,Central Queensland,Queensland,18.8932
308051530,Agnes Water - Miriam Vale,30805,Gladstone,308,Central Queensland,Queensland,3772.801
308051531,Boyne Island - Tannum Sands,30805,Gladstone,308,Central Queensland,Queensland,122.9585
308051532,Callemondah,30805,Gladstone,308,Central Queensland,Queensland,32.726
308051533,Clinton - New Auckland,30805,Gladstone,308,Central Queensland,Queensland,22.7815
308051534,Gladstone,30805,Gladstone,308,Central Queensland,Queensland,10.2312
308051535,Gladstone Hinterland,30805,Gladstone,308,Central Queensland,Queensland,6465.4026
308051536,Kin Kora - Sun Valley,30805,Gladstone,308,Central Queensland,Queensland,2.6877
308051537,South Trees,30805,Gladstone,308,Central Queensland,Queensland,24.1106
308051538,Telina - Toolooa,30805,Gladstone,308,Central Queensland,Queensland,23.5131
308051539,West Gladstone,30805,Gladstone,308,Central Queensland,Queensland,7.0739
309011224,Broadbeach Waters,30901,Broadbeach - Burleigh,309,Gold Coast,Queensland,5.3144
309011225,Burleigh Heads,30901,Broadbeach - Burleigh,309,Gold Coast,Queensland,8.5594
309011226,Burleigh Waters,30901,Broadbeach - Burleigh,309,Gold Coast,Queensland,6.7193
309011227,Mermaid Beach - Broadbeach,30901,Broadbeach - Burleigh,309,Gold Coast,Queensland,2.9987
309011228,Mermaid Waters,30901,Broadbeach - Burleigh,309,Gold Coast,Queensland,7.0845
309011229,Miami,30901,Broadbeach - Burleigh,309,Gold Coast,Queensland,2.9963
309021230,Coolangatta,30902,Coolangatta,309,Gold Coast,Queensland,1.9016
309021231,Currumbin - Tugun,30902,Coolangatta,309,Gold Coast,Queensland,7.9354
309021232,Currumbin Waters,30902,Coolangatta,309,Gold Coast,Queensland,9.8705
309021233,Elanora,30902,Coolangatta,309,Gold Coast,Queensland,8.8935
309021234,Palm Beach,30902,Coolangatta,309,Gold Coast,Queensland,6.3316
309031235,Arundel,30903,Gold Coast - North,309,Gold Coast,Queensland,9.7384
309031236,Biggera Waters,30903,Gold Coast - North,309,Gold Coast,Queensland,3.1748
309031237,Coombabah,30903,Gold Coast - North,309,Gold Coast,Queensland,11.6056
309031238,Labrador,30903,Gold Coast - North,309,Gold Coast,Queensland,4.9957
309031239,Paradise Point - Hollywell,30903,Gold Coast - North,309,Gold Coast,Queensland,5.6629
309031240,Runaway Bay,30903,Gold Coast - North,309,Gold Coast,Queensland,5.4921
309041241,Guanaba - Springbrook,30904,Gold Coast Hinterland,309,Gold Coast,Queensland,303.6558
309041242,Tamborine - Canungra,30904,Gold Coast Hinterland,309,Gold Coast,Queensland,524.3914
309051243,Currumbin Valley - Tallebudgera,30905,Mudgeeraba - Tallebudgera,309,Gold Coast,Queensland,114.3088
309051244,Mudgeeraba - Bonogin,30905,Mudgeeraba - Tallebudgera,309,Gold Coast,Queensland,66.6425
309051245,Reedy Creek - Andrews,30905,Mudgeeraba - Tallebudgera,309,Gold Coast,Queensland,8.0893
309061246,Carrara,30906,Nerang,309,Gold Coast,Queensland,14.5909
309061247,Highland Park,30906,Nerang,309,Gold Coast,Queensland,4.6312
309061248,Nerang - Mount Nathan,30906,Nerang,309,Gold Coast,Queensland,61.4985
309061249,Pacific Pines - Gaven,30906,Nerang,309,Gold Coast,Queensland,16.4182
309061250,Worongary - Tallai,30906,Nerang,309,Gold Coast,Queensland,26.0147
309071251,Coomera,30907,Ormeau - Oxenford,309,Gold Coast,Queensland,24.6574
309071252,Helensvale,30907,Ormeau - Oxenford,309,Gold Coast,Queensland,20.1329
309071253,Hope Island,30907,Ormeau - Oxenford,309,Gold Coast,Queensland,55.7795
309071254,Jacobs Well - Alberton,30907,Ormeau - Oxenford,309,Gold Coast,Queensland,153.7124
309071256,Oxenford - Maudsland,30907,Ormeau - Oxenford,309,Gold Coast,Queensland,26.857
309071552,Ormeau (East) - Stapylton,30907,Ormeau - Oxenford,309,Gold Coast,Queensland,25.6024
309071553,Ormeau (West) - Yatala,30907,Ormeau - Oxenford,309,Gold Coast,Queensland,46.5482
309071554,Pimpama - North,30907,Ormeau - Oxenford,309,Gold Coast,Queensland,31.8631
309071555,Pimpama - South,30907,Ormeau - Oxenford,309,Gold Coast,Queensland,4.3806
309071556,Upper Coomera (South) - Wongawallan,30907,Ormeau - Oxenford,309,Gold Coast,Queensland,68.8494
309071557,Upper Coomera - North,30907,Ormeau - Oxenford,309,Gold Coast,Queensland,15.6015
309071558,Willow Vale - Pimpama (West),30907,Ormeau - Oxenford,309,Gold Coast,Queensland,45.8761
309081259,Clear Island Waters,30908,Robina,309,Gold Coast,Queensland,4.4005
309081260,Merrimac,30908,Robina,309,Gold Coast,Queensland,8.322
309081262,Varsity Lakes,30908,Robina,309,Gold Coast,Queensland,5.9507
309081559,Robina - East,30908,Robina,309,Gold Coast,Queensland,8.3268
309081560,Robina - West,30908,Robina,309,Gold Coast,Queensland,6.6326
309091263,Ashmore,30909,Southport,309,Gold Coast,Queensland,6.8308
309091264,Molendinar,30909,Southport,309,Gold Coast,Queensland,7.6539
309091265,Parkwood,30909,Southport,309,Gold Coast,Queensland,6.2058
309091540,Southport - North,30909,Southport,309,Gold Coast,Queensland,7.7133
309091541,Southport - South,30909,Southport,309,Gold Coast,Queensland,6.6527
309101267,Benowa,30910,Surfers Paradise,309,Gold Coast,Queensland,6.5536
309101268,Bundall,30910,Surfers Paradise,309,Gold Coast,Queensland,3.902
309101269,Main Beach,30910,Surfers Paradise,309,Gold Coast,Queensland,3.4601
309101561,Surfers Paradise - North,30910,Surfers Paradise,309,Gold Coast,Queensland,2.4569
309101562,Surfers Paradise - South,30910,Surfers Paradise,309,Gold Coast,Queensland,3.3392
310011271,Darra - Sumner,31001,Forest Lake - Oxley,310,Ipswich,Queensland,7.464
310011272,Durack,31001,Forest Lake - Oxley,310,Ipswich,Queensland,4.3652
310011274,Inala - Richlands,31001,Forest Lake - Oxley,310,Ipswich,Queensland,10.8743
310011275,Oxley (Qld),31001,Forest Lake - Oxley,310,Ipswich,Queensland,6.9162
310011276,Wacol,31001,Forest Lake - Oxley,310,Ipswich,Queensland,19.0567
310011563,Doolandella,31001,Forest Lake - Oxley,310,Ipswich,Queensland,4.0295
310011564,Forest Lake - Ellen Grove,31001,Forest Lake - Oxley,310,Ipswich,Queensland,11.0079
310021277,Boonah,31002,Ipswich Hinterland,310,Ipswich,Queensland,2099.4596
310021278,Esk,31002,Ipswich Hinterland,310,Ipswich,Queensland,1889.6919
310021279,Lake Manchester - England Creek,31002,Ipswich Hinterland,310,Ipswich,Queensland,112.8254
310021280,Lockyer Valley - East,31002,Ipswich Hinterland,310,Ipswich,Queensland,741.5888
310021281,Lowood,31002,Ipswich Hinterland,310,Ipswich,Queensland,617.6973
310021282,Rosewood,31002,Ipswich Hinterland,310,Ipswich,Queensland,674.5529
310031283,Brassall,31003,Ipswich Inner,310,Ipswich,Queensland,8.2062
310031284,Bundamba,31003,Ipswich Inner,310,Ipswich,Queensland,17.2485
310031285,Churchill - Yamanto,31003,Ipswich Inner,310,Ipswich,Queensland,9.3656
310031286,Ipswich - Central,31003,Ipswich Inner,310,Ipswich,Queensland,7.8712
310031287,Ipswich - East,31003,Ipswich Inner,310,Ipswich,Queensland,11.4813
310031288,Ipswich - North,31003,Ipswich Inner,310,Ipswich,Queensland,65.1896
310031289,Karalee - Barellan Point,31003,Ipswich Inner,310,Ipswich,Queensland,19.2137
310031290,Karana Downs,31003,Ipswich Inner,310,Ipswich,Queensland,62.1929
310031291,Leichhardt - One Mile,31003,Ipswich Inner,310,Ipswich,Queensland,20.2237
310031292,North Ipswich - Tivoli,31003,Ipswich Inner,310,Ipswich,Queensland,9.564
310031293,Raceview,31003,Ipswich Inner,310,Ipswich,Queensland,9.1487
310031294,Ripley,31003,Ipswich Inner,310,Ipswich,Queensland,130.5657
310031295,Riverview,31003,Ipswich Inner,310,Ipswich,Queensland,7.7848
310041297,Camira - Gailes,31004,Springfield - Redbank,310,Ipswich,Queensland,9.396
310041298,Carole Park,31004,Springfield - Redbank,310,Ipswich,Queensland,4.0275
310041299,Collingwood Park - Redbank,31004,Springfield - Redbank,310,Ipswich,Queensland,15.7435
310041300,Goodna,31004,Springfield - Redbank,310,Ipswich,Queensland,7.8594
310041301,New Chum,31004,Springfield - Redbank,310,Ipswich,Queensland,5.9998
310041302,Redbank Plains,31004,Springfield - Redbank,310,Ipswich,Queensland,19.3744
310041303,Springfield,31004,Springfield - Redbank,310,Ipswich,Queensland,6.6757
310041304,Springfield Lakes,31004,Springfield - Redbank,310,Ipswich,Queensland,18.4136
310041565,Augustine Heights - Brookwater,31004,Springfield - Redbank,310,Ipswich,Queensland,9.5941
310041566,Bellbird Park,31004,Springfield - Redbank,310,Ipswich,Queensland,6.5085
311011305,Beaudesert,31101,Beaudesert,311,Logan - Beaudesert,Queensland,1628.0297
311021306,Beenleigh,31102,Beenleigh,311,Logan - Beaudesert,Queensland,7.6722
311021307,Eagleby,31102,Beenleigh,311,Logan - Beaudesert,Queensland,13.816
311021308,Edens Landing - Holmview,31102,Beenleigh,311,Logan - Beaudesert,Queensland,6.6119
311021309,Mount Warren Park,31102,Beenleigh,311,Logan - Beaudesert,Queensland,4.2169
311021310,Wolffdene - Bahrs Scrub,31102,Beenleigh,311,Logan - Beaudesert,Queensland,27.8339
311031311,Boronia Heights - Park Ridge,31103,Browns Plains,311,Logan - Beaudesert,Queensland,31.9518
311031312,Browns Plains,31103,Browns Plains,311,Logan - Beaudesert,Queensland,7.329
311031313,Chambers Flat - Logan Reserve,31103,Browns Plains,311,Logan - Beaudesert,Queensland,36.3075
311031314,Crestmead,31103,Browns Plains,311,Logan - Beaudesert,Queensland,6.9677
311031315,Greenbank Military Camp,31103,Browns Plains,311,Logan - Beaudesert,Queensland,40.5687
311031316,Hillcrest,31103,Browns Plains,311,Logan - Beaudesert,Queensland,9.3798
311031317,Marsden,31103,Browns Plains,311,Logan - Beaudesert,Queensland,6.9167
311031318,Munruben - Park Ridge South,31103,Browns Plains,311,Logan - Beaudesert,Queensland,20.7728
311031319,Regents Park - Heritage Park,31103,Browns Plains,311,Logan - Beaudesert,Queensland,9.385
311041322,Logan Village,31104,Jimboomba,311,Logan - Beaudesert,Queensland,74.3214
311041567,Flagstone (East) - Riverbend,31104,Jimboomba,311,Logan - Beaudesert,Queensland,28.9185
311041568,Flagstone (West) - New Beith,31104,Jimboomba,311,Logan - Beaudesert,Queensland,185.7543
311041569,Greenbank - North Maclean,31104,Jimboomba,311,Logan - Beaudesert,Queensland,72.6981
311041570,Jimboomba - Glenlogan,31104,Jimboomba,311,Logan - Beaudesert,Queensland,181.6681
311041571,Yarrabilba,31104,Jimboomba,311,Logan - Beaudesert,Queensland,39.0729
311051323,Bethania - Waterford,31105,Loganlea - Carbrook,311,Logan - Beaudesert,Queensland,12.6296
311051324,Cornubia - Carbrook,31105,Loganlea - Carbrook,311,Logan - Beaudesert,Queensland,37.5373
311051325,Loganholme - Tanah Merah,31105,Loganlea - Carbrook,311,Logan - Beaudesert,Queensland,13.2828
311051326,Loganlea,31105,Loganlea - Carbrook,311,Logan - Beaudesert,Queensland,11.3071
311051327,Shailer Park,31105,Loganlea - Carbrook,311,Logan - Beaudesert,Queensland,8.0261
311051328,Waterford West,31105,Loganlea - Carbrook,311,Logan - Beaudesert,Queensland,5.9446
311061329,Daisy Hill,31106,Springwood - Kingston,311,Logan - Beaudesert,Queensland,8.9794
311061330,Kingston (Qld),31106,Springwood - Kingston,311,Logan - Beaudesert,Queensland,6.8058
311061331,Logan Central,31106,Springwood - Kingston,311,Logan - Beaudesert,Queensland,5.1335
311061332,Rochedale South - Priestdale,31106,Springwood - Kingston,311,Logan - Beaudesert,Queensland,13.0112
311061333,Slacks Creek,31106,Springwood - Kingston,311,Logan - Beaudesert,Queensland,8.3056
311061334,Springwood,31106,Springwood - Kingston,311,Logan - Beaudesert,Queensland,6.1501
311061335,Underwood,31106,Springwood - Kingston,311,Logan - Beaudesert,Queensland,4.1871
311061336,Woodridge,31106,Springwood - Kingston,311,Logan - Beaudesert,Queensland,4.6699
312011337,Bowen,31201,Bowen Basin - North,312,Mackay - Isaac - Whitsunday,Queensland,52.6281
312011338,Broadsound - Nebo,31201,Bowen Basin - North,312,Mackay - Isaac - Whitsunday,Queensland,27991.3922
312011339,Clermont,31201,Bowen Basin - North,312,Mackay - Isaac - Whitsunday,Queensland,27669.8883
312011340,Collinsville,31201,Bowen Basin - North,312,Mackay - Isaac - Whitsunday,Queensland,21092.2365
312011341,Moranbah,31201,Bowen Basin - North,312,Mackay - Isaac - Whitsunday,Queensland,3046.6387
312021342,Andergrove - Beaconsfield,31202,Mackay,312,Mackay - Isaac - Whitsunday,Queensland,17.556
312021343,East Mackay,31202,Mackay,312,Mackay - Isaac - Whitsunday,Queensland,4.6173
312021344,Eimeo - Rural View,31202,Mackay,312,Mackay - Isaac - Whitsunday,Queensland,22.0329
312021345,Eungella Hinterland,31202,Mackay,312,Mackay - Isaac - Whitsunday,Queensland,2048.7748
312021346,Mackay,31202,Mackay,312,Mackay - Isaac - Whitsunday,Queensland,3.973
312021347,Mackay Harbour,31202,Mackay,312,Mackay - Isaac - Whitsunday,Queensland,10.1718
312021348,Mount Pleasant - Glenella,31202,Mackay,312,Mackay - Isaac - Whitsunday,Queensland,56.2685
312021349,North Mackay,31202,Mackay,312,Mackay - Isaac - Whitsunday,Queensland,9.6827
312021350,Ooralea - Bakers Creek,31202,Mackay,312,Mackay - Isaac - Whitsunday,Queensland,48.6972
312021351,Pioneer Valley,31202,Mackay,312,Mackay - Isaac - Whitsunday,Queensland,1184.1721
312021352,Sarina,31202,Mackay,312,Mackay - Isaac - Whitsunday,Queensland,1439.6459
312021353,Seaforth - Calen,31202,Mackay,312,Mackay - Isaac - Whitsunday,Queensland,2104.086
312021354,Shoal Point - Bucasia,31202,Mackay,312,Mackay - Isaac - Whitsunday,Queensland,17.8539
312021355,Slade Point,31202,Mackay,312,Mackay - Isaac - Whitsunday,Queensland,8.893
312021356,South Mackay,31202,Mackay,312,Mackay - Isaac - Whitsunday,Queensland,6.8909
312021357,Walkerston - Eton,31202,Mackay,312,Mackay - Isaac - Whitsunday,Queensland,624.1894
312021358,West Mackay,31202,Mackay,312,Mackay - Isaac - Whitsunday,Queensland,5.7909
312031359,Airlie - Whitsundays,31203,Whitsunday,312,Mackay - Isaac - Whitsunday,Queensland,304.0917
312031360,Cape Conway,31203,Whitsunday,312,Mackay - Isaac - Whitsunday,Queensland,295.3659
312031361,Proserpine,31203,Whitsunday,312,Mackay - Isaac - Whitsunday,Queensland,2074.6507
313011362,Beachmere - Sandstone Point,31301,Bribie - Beachmere,313,Moreton Bay - North,Queensland,110.0959
313011363,Bribie Island,31301,Bribie - Beachmere,313,Moreton Bay - North,Queensland,145.3506
313021364,Burpengary - East,31302,Caboolture,313,Moreton Bay - North,Queensland,27.2032
313021366,Caboolture - South,31302,Caboolture,313,Moreton Bay - North,Queensland,13.9766
313021367,Elimbah,31302,Caboolture,313,Moreton Bay - North,Queensland,101.1794
313021368,Morayfield - East,31302,Caboolture,313,Moreton Bay - North,Queensland,8.523
313021369,Wamuran,31302,Caboolture,313,Moreton Bay - North,Queensland,89.386
313021572,Caboolture - East,31302,Caboolture,313,Moreton Bay - North,Queensland,49.8626
313021573,Caboolture - West,31302,Caboolture,313,Moreton Bay - North,Queensland,24.5906
313031370,Kilcoy,31303,Caboolture Hinterland,313,Moreton Bay - North,Queensland,2863.2647
313031371,Woodford - D'Aguilar,31303,Caboolture Hinterland,313,Moreton Bay - North,Queensland,525.0206
313041372,Burpengary,31304,Narangba - Burpengary,313,Moreton Bay - North,Queensland,22.3339
313041373,Deception Bay,31304,Narangba - Burpengary,313,Moreton Bay - North,Queensland,31.878
313041374,Morayfield,31304,Narangba - Burpengary,313,Moreton Bay - North,Queensland,24.931
313041375,Narangba,31304,Narangba - Burpengary,313,Moreton Bay - North,Queensland,37.7086
313041376,Upper Caboolture,31304,Narangba - Burpengary,313,Moreton Bay - North,Queensland,55.5614
313051377,Clontarf,31305,Redcliffe,313,Moreton Bay - North,Queensland,6.3079
313051378,Margate - Woody Point,31305,Redcliffe,313,Moreton Bay - North,Queensland,4.2806
313051379,Redcliffe,31305,Redcliffe,313,Moreton Bay - North,Queensland,4.1828
313051380,Rothwell - Kippa-Ring,31305,Redcliffe,313,Moreton Bay - North,Queensland,15.3908
313051574,Moreton Island,31305,Redcliffe,313,Moreton Bay - North,Queensland,175.3154
313051575,Scarborough - Newport,31305,Redcliffe,313,Moreton Bay - North,Queensland,8.1121
314011382,Albany Creek,31401,The Hills District,314,Moreton Bay - South,Queensland,9.7818
314011383,Cashmere,31401,The Hills District,314,Moreton Bay - South,Queensland,45.2329
314011384,Dayboro,31401,The Hills District,314,Moreton Bay - South,Queensland,406.8379
314011385,Eatons Hill,31401,The Hills District,314,Moreton Bay - South,Queensland,9.1057
314011386,The Hills District,31401,The Hills District,314,Moreton Bay - South,Queensland,31.6238
314011387,Samford Valley,31401,The Hills District,314,Moreton Bay - South,Queensland,166.0989
314021389,Murrumba Downs - Griffin,31402,North Lakes,314,Moreton Bay - South,Queensland,22.5192
314021576,Dakabin,31402,North Lakes,314,Moreton Bay - South,Queensland,5.5668
314021577,Kallangur,31402,North Lakes,314,Moreton Bay - South,Queensland,11.0701
314021578,Mango Hill,31402,North Lakes,314,Moreton Bay - South,Queensland,15.357
314021579,North Lakes,31402,North Lakes,314,Moreton Bay - South,Queensland,11.8041
314031391,Bray Park,31403,Strathpine,314,Moreton Bay - South,Queensland,4.4865
314031392,Lawnton,31403,Strathpine,314,Moreton Bay - South,Queensland,9.2992
314031393,Petrie,31403,Strathpine,314,Moreton Bay - South,Queensland,6.7374
314031394,Strathpine - Brendale,31403,Strathpine,314,Moreton Bay - South,Queensland,17.8734
315011395,Aurukun,31501,Far North,315,Queensland - Outback,Queensland,7423.9891
315011396,Cape York,31501,Far North,315,Queensland - Outback,Queensland,112961.0033
315011397,Croydon - Etheridge,31501,Far North,315,Queensland - Outback,Queensland,68697.1981
315011398,Kowanyama - Pormpuraaw,31501,Far North,315,Queensland - Outback,Queensland,6950.6979
315011399,Northern Peninsula,31501,Far North,315,Queensland - Outback,Queensland,1052.0676
315011400,Tablelands,31501,Far North,315,Queensland - Outback,Queensland,52403.018
315011401,Torres,31501,Far North,315,Queensland - Outback,Queensland,883.7402
315011402,Torres Strait Islands,31501,Far North,315,Queensland - Outback,Queensland,490.0453
315011403,Weipa,31501,Far North,315,Queensland - Outback,Queensland,15.8036
315021404,Carpentaria,31502,Outback - North,315,Queensland - Outback,Queensland,114443.5786
315021405,Mount Isa,31502,Outback - North,315,Queensland - Outback,Queensland,68.6964
315021406,Mount Isa Surrounds,31502,Outback - North,315,Queensland - Outback,Queensland,84051.7627
315021407,Northern Highlands,31502,Outback - North,315,Queensland - Outback,Queensland,108517.4844
315031408,Barcaldine - Blackall,31503,Outback - South,315,Queensland - Outback,Queensland,83919.902
315031409,Charleville,31503,Outback - South,315,Queensland - Outback,Queensland,40699.7586
315031410,Far Central West,31503,Outback - South,315,Queensland - Outback,Queensland,271272.549
315031411,Far South West,31503,Outback - South,315,Queensland - Outback,Queensland,188751.5889
315031412,Longreach,31503,Outback - South,315,Queensland - Outback,Queensland,40572.2442
316011413,Buderim - North,31601,Buderim,316,Sunshine Coast,Queensland,24.1124
316011414,Buderim - South,31601,Buderim,316,Sunshine Coast,Queensland,30.1384
316011415,Mountain Creek,31601,Buderim,316,Sunshine Coast,Queensland,7.368
316011416,Sippy Downs,31601,Buderim,316,Sunshine Coast,Queensland,14.511
316021417,Aroona - Currimundi,31602,Caloundra,316,Sunshine Coast,Queensland,5.5136
316021418,Buddina - Minyama,31602,Caloundra,316,Sunshine Coast,Queensland,4.0969
316021419,Caloundra - Kings Beach,31602,Caloundra,316,Sunshine Coast,Queensland,3.9911
316021421,Golden Beach - Pelican Waters,31602,Caloundra,316,Sunshine Coast,Queensland,10.453
316021422,Moffat Beach - Battery Hill,31602,Caloundra,316,Sunshine Coast,Queensland,3.8929
316021423,Parrearra - Warana,31602,Caloundra,316,Sunshine Coast,Queensland,6.8867
316021424,Wurtulla - Birtinya,31602,Caloundra,316,Sunshine Coast,Queensland,6.8437
316021580,Caloundra West - Baringa,31602,Caloundra,316,Sunshine Coast,Queensland,47.3917
316021581,Meridan Plains - Little Mountain (North),31602,Caloundra,316,Sunshine Coast,Queensland,24.0367
316031425,Coolum Beach,31603,Maroochy,316,Sunshine Coast,Queensland,18.1108
316031426,Marcoola - Mudjimba,31603,Maroochy,316,Sunshine Coast,Queensland,32.8881
316031427,Maroochydore - Kuluin,31603,Maroochy,316,Sunshine Coast,Queensland,13.8495
316031428,Mooloolaba - Alexandra Headland,31603,Maroochy,316,Sunshine Coast,Queensland,5.5009
316051434,Noosa Heads,31605,Noosa,316,Sunshine Coast,Queensland,13.0071
316051435,Noosaville,31605,Noosa,316,Sunshine Coast,Queensland,26.4403
316051437,Sunshine Beach,31605,Noosa,316,Sunshine Coast,Queensland,7.2839
316051438,Tewantin,31605,Noosa,316,Sunshine Coast,Queensland,25.618
316051543,Peregian Beach - Marcus Beach,31605,Noosa,316,Sunshine Coast,Queensland,13.6938
316051544,Peregian Springs,31605,Noosa,316,Sunshine Coast,Queensland,6.0599
316061439,Beerwah,31606,Sunshine Coast Hinterland,316,Sunshine Coast,Queensland,148.6221
316061440,Caloundra Hinterland,31606,Sunshine Coast Hinterland,316,Sunshine Coast,Queensland,459.3262
316061441,Glass House Mountains,31606,Sunshine Coast Hinterland,316,Sunshine Coast,Queensland,184.2288
316061442,Landsborough,31606,Sunshine Coast Hinterland,316,Sunshine Coast,Queensland,134.5715
316061443,Maroochy Hinterland,31606,Sunshine Coast Hinterland,316,Sunshine Coast,Queensland,526.3125
316061444,Palmwoods,31606,Sunshine Coast Hinterland,316,Sunshine Coast,Queensland,115.2092
316071545,Bli Bli,31607,Nambour,316,Sunshine Coast,Queensland,44.7696
316071546,Diddillibah - Rosemount,31607,Nambour,316,Sunshine Coast,Queensland,31.3023
316071547,Eumundi - Yandina,31607,Nambour,316,Sunshine Coast,Queensland,215.7895
316071548,Nambour,31607,Nambour,316,Sunshine Coast,Queensland,54.0249
316081549,Noosa Hinterland,31608,Noosa Hinterland,316,Sunshine Coast,Queensland,820.066
317011445,Cambooya - Wyreema,31701,Toowoomba,317,Toowoomba,Queensland,227.5385
317011446,Darling Heights,31701,Toowoomba,317,Toowoomba,Queensland,12.536
317011447,Drayton - Harristown,31701,Toowoomba,317,Toowoomba,Queensland,16.278
317011448,Gatton,31701,Toowoomba,317,Toowoomba,Queensland,49.9778
317011449,Gowrie (Qld),31701,Toowoomba,317,Toowoomba,Queensland,81.0101
317011450,Highfields,31701,Toowoomba,317,Toowoomba,Queensland,149.2804
317011451,Lockyer Valley - West,31701,Toowoomba,317,Toowoomba,Queensland,1480.2184
317011452,Middle Ridge,31701,Toowoomba,317,Toowoomba,Queensland,8.6802
317011453,Newtown (Qld),31701,Toowoomba,317,Toowoomba,Queensland,5.5435
317011454,North Toowoomba - Harlaxton,31701,Toowoomba,317,Toowoomba,Queensland,10.3068
317011455,Rangeville,31701,Toowoomba,317,Toowoomba,Queensland,8.2521
317011456,Toowoomba - Central,31701,Toowoomba,317,Toowoomba,Queensland,9.5179
317011457,Toowoomba - East,31701,Toowoomba,317,Toowoomba,Queensland,19.4162
317011458,Toowoomba - West,31701,Toowoomba,317,Toowoomba,Queensland,161.2951
317011459,Wilsonton,31701,Toowoomba,317,Toowoomba,Queensland,18.9443
318011460,Ayr,31801,Charters Towers - Ayr - Ingham,318,Townsville,Queensland,69.8291
318011461,Burdekin,31801,Charters Towers - Ayr - Ingham,318,Townsville,Queensland,4878.6303
318011462,Charters Towers,31801,Charters Towers - Ayr - Ingham,318,Townsville,Queensland,41.8593
318011463,Dalrymple,31801,Charters Towers - Ayr - Ingham,318,Townsville,Queensland,68340.3051
318011464,Ingham,31801,Charters Towers - Ayr - Ingham,318,Townsville,Queensland,41.6192
318011465,Ingham Surrounds,31801,Charters Towers - Ayr - Ingham,318,Townsville,Queensland,2765.5697
318011466,Palm Island,31801,Charters Towers - Ayr - Ingham,318,Townsville,Queensland,71.9928
318021467,Aitkenvale,31802,Townsville,318,Townsville,Queensland,3.3069
318021468,Annandale (Qld),31802,Townsville,318,Townsville,Queensland,18.8364
318021469,Belgian Gardens - Pallarenda,31802,Townsville,318,Townsville,Queensland,39.829
318021470,Bohle Plains,31802,Townsville,318,Townsville,Queensland,100.0626
318021471,Condon - Rasmussen,31802,Townsville,318,Townsville,Queensland,46.1617
318021472,Cranbrook,31802,Townsville,318,Townsville,Queensland,3.3581
318021474,Douglas,31802,Townsville,318,Townsville,Queensland,78.9574
318021475,Garbutt - West End,31802,Townsville,318,Townsville,Queensland,17.0488
318021476,Gulliver - Currajong - Vincent,31802,Townsville,318,Townsville,Queensland,4.9312
318021477,Heatley,31802,Townsville,318,Townsville,Queensland,2.0316
318021478,Hermit Park - Rosslea,31802,Townsville,318,Townsville,Queensland,3.8838
318021479,Hyde Park - Pimlico,31802,Townsville,318,Townsville,Queensland,3.1985
318021480,Kelso,31802,Townsville,318,Townsville,Queensland,170.3565
318021481,Kirwan - East,31802,Townsville,318,Townsville,Queensland,3.5233
318021482,Kirwan - West,31802,Townsville,318,Townsville,Queensland,9.3421
318021483,Magnetic Island,31802,Townsville,318,Townsville,Queensland,51.1523
318021484,Mount Louisa,31802,Townsville,318,Townsville,Queensland,31.602
318021485,Mundingburra,31802,Townsville,318,Townsville,Queensland,2.6394
318021486,Northern Beaches,31802,Townsville,318,Townsville,Queensland,1008.6848
318021487,Oonoonba,31802,Townsville,318,Townsville,Queensland,8.6993
318021488,South Townsville - Railway Estate,31802,Townsville,318,Townsville,Queensland,9.179
318021489,Townsville - South,31802,Townsville,318,Townsville,Queensland,2073.1699
318021490,Townsville City - North Ward,31802,Townsville,318,Townsville,Queensland,6.763
318021491,Wulguru - Roseneath,31802,Townsville,318,Townsville,Queensland,63.5182
318021582,Burdell - Mount Low,31802,Townsville,318,Townsville,Queensland,44.0387
318021583,Deeragun - Jensen,31802,Townsville,318,Townsville,Queensland,22.0178
319011492,Ashfield - Kepnock,31901,Bundaberg,319,Wide Bay,Queensland,8.0749
319011493,Bargara - Burnett Heads,31901,Bundaberg,319,Wide Bay,Queensland,144.6156
319011494,Branyan - Kensington,31901,Bundaberg,319,Wide Bay,Queensland,50.4255
319011495,Bundaberg,31901,Bundaberg,319,Wide Bay,Queensland,6.1218
319011496,Bundaberg East - Kalkie,31901,Bundaberg,319,Wide Bay,Queensland,13.7591
319011497,Bundaberg North - Gooburrum,31901,Bundaberg,319,Wide Bay,Queensland,53.8539
319011498,Bundaberg Surrounds - North,31901,Bundaberg,319,Wide Bay,Queensland,1273.6851
319011499,Bundaberg Surrounds - South,31901,Bundaberg,319,Wide Bay,Queensland,2207.1816
319011500,Millbank - Avoca,31901,Bundaberg,319,Wide Bay,Queensland,9.54
319011501,Svensson Heights - Norville,31901,Bundaberg,319,Wide Bay,Queensland,6.399
319011502,Walkervale - Avenell Heights,31901,Bundaberg,319,Wide Bay,Queensland,12.442
319021503,Gayndah - Mundubbera,31902,Burnett,319,Wide Bay,Queensland,8513.3532
319021504,Gin Gin,31902,Burnett,319,Wide Bay,Queensland,2355.4671
319021505,Kingaroy,31902,Burnett,319,Wide Bay,Queensland,70.1948
319021506,Kingaroy Surrounds - North,31902,Burnett,319,Wide Bay,Queensland,4332.3354
319021507,Kingaroy Surrounds - South,31902,Burnett,319,Wide Bay,Queensland,2370.7257
319021508,Monto - Eidsvold,31902,Burnett,319,Wide Bay,Queensland,11156.4957
319021509,Nanango,31902,Burnett,319,Wide Bay,Queensland,1648.736
319021510,North Burnett,31902,Burnett,319,Wide Bay,Queensland,289.5233
319031511,Cooloola,31903,Gympie - Cooloola,319,Wide Bay,Queensland,1141.6459
319031512,Gympie - North,31903,Gympie - Cooloola,319,Wide Bay,Queensland,42.6857
319031513,Gympie - South,31903,Gympie - Cooloola,319,Wide Bay,Queensland,26.7758
319031514,Gympie Surrounds,31903,Gympie - Cooloola,319,Wide Bay,Queensland,2544.6626
319031515,Kilkivan,31903,Gympie - Cooloola,319,Wide Bay,Queensland,3219.4645
319041516,Booral - River Heads,31904,Hervey Bay,319,Wide Bay,Queensland,158.341
319041517,Craignish - Dundowran Beach,31904,Hervey Bay,319,Wide Bay,Queensland,35.6108
319041518,Pialba - Eli Waters,31904,Hervey Bay,319,Wide Bay,Queensland,18.7195
319041519,Point Vernon,31904,Hervey Bay,319,Wide Bay,Queensland,4.8459
319041520,Torquay - Scarness - Kawungan,31904,Hervey Bay,319,Wide Bay,Queensland,10.9418
319041521,Urangan - Wondunna,31904,Hervey Bay,319,Wide Bay,Queensland,23.0976
319051522,Burrum - Fraser,31905,Maryborough,319,Wide Bay,Queensland,2759.1365
319051523,Granville,31905,Maryborough,319,Wide Bay,Queensland,49.0135
319051524,Maryborough (Qld),31905,Maryborough,319,Wide Bay,Queensland,84.2739
319051525,Maryborough Surrounds - South,31905,Maryborough,319,Wide Bay,Queensland,3823.1905
319051526,Tinana,31905,Maryborough,319,Wide Bay,Queensland,37.3373
397979799,Migratory - Offshore - Shipping (Qld),39797,Migratory - Offshore - Shipping (Qld),397,Migratory - Offshore - Shipping (Qld),Queensland,
399999499,No usual address (Qld),39999,No usual address (Qld),399,No usual address (Qld),Queensland,
401011001,Adelaide,40101,Adelaide City,401,Adelaide - Central and Hills,South Australia,10.4824
401011002,North Adelaide,40101,Adelaide City,401,Adelaide - Central and Hills,South Australia,5.0909
401021003,Adelaide Hills,40102,Adelaide Hills,401,Adelaide - Central and Hills,South Australia,364.439
401021004,Aldgate - Stirling,40102,Adelaide Hills,401,Adelaide - Central and Hills,South Australia,117.2141
401021005,Hahndorf - Echunga,40102,Adelaide Hills,401,Adelaide - Central and Hills,South Australia,110.1516
401021006,Lobethal - Woodside,40102,Adelaide Hills,401,Adelaide - Central and Hills,South Australia,202.4981
401021007,Mount Barker,40102,Adelaide Hills,401,Adelaide - Central and Hills,South Australia,54.1038
401021008,Mount Barker Surrounds,40102,Adelaide Hills,401,Adelaide - Central and Hills,South Australia,395.6659
401021009,Nairne,40102,Adelaide Hills,401,Adelaide - Central and Hills,South Australia,24.8562
401021010,Uraidla - Summertown,40102,Adelaide Hills,401,Adelaide - Central and Hills,South Australia,119.1882
401031011,Burnside - Wattle Park,40103,Burnside,401,Adelaide - Central and Hills,South Australia,11.305
401031012,Beaumont - Glen Osmond,40103,Burnside,401,Adelaide - Central and Hills,South Australia,9.5264
401031013,Toorak Gardens,40103,Burnside,401,Adelaide - Central and Hills,South Australia,6.6869
401041014,Athelstone,40104,Campbelltown (SA),401,Adelaide - Central and Hills,South Australia,6.204
401041015,Paradise - Newton,40104,Campbelltown (SA),401,Adelaide - Central and Hills,South Australia,9.2256
401041016,Rostrevor - Magill,40104,Campbelltown (SA),401,Adelaide - Central and Hills,South Australia,9.9383
401051017,Norwood (SA),40105,Norwood - Payneham - St Peters,401,Adelaide - Central and Hills,South Australia,3.8926
401051018,Payneham - Felixstow,40105,Norwood - Payneham - St Peters,401,Adelaide - Central and Hills,South Australia,5.2284
401051019,St Peters - Marden,40105,Norwood - Payneham - St Peters,401,Adelaide - Central and Hills,South Australia,5.9826
401061020,Nailsworth - Broadview,40106,Prospect - Walkerville,401,Adelaide - Central and Hills,South Australia,2.3161
401061021,Prospect,40106,Prospect - Walkerville,401,Adelaide - Central and Hills,South Australia,5.4754
401061022,Walkerville,40106,Prospect - Walkerville,401,Adelaide - Central and Hills,South Australia,3.53
401071023,Goodwood - Millswood,40107,Unley,401,Adelaide - Central and Hills,South Australia,7.1977
401071024,Unley - Parkside,40107,Unley,401,Adelaide - Central and Hills,South Australia,7.0726
402011025,Gawler - North,40201,Gawler - Two Wells,402,Adelaide - North,South Australia,145.5294
402011026,Gawler - South,40201,Gawler - Two Wells,402,Adelaide - North,South Australia,76.7139
402011027,Lewiston - Two Wells,40201,Gawler - Two Wells,402,Adelaide - North,South Australia,84.6217
402021028,Craigmore - Blakeview,40202,Playford,402,Adelaide - North,South Australia,11.8809
402021029,Davoren Park,40202,Playford,402,Adelaide - North,South Australia,9.4649
402021030,Elizabeth,40202,Playford,402,Adelaide - North,South Australia,9.2607
402021031,Elizabeth East,40202,Playford,402,Adelaide - North,South Australia,8.1823
402021032,Munno Para West - Angle Vale,40202,Playford,402,Adelaide - North,South Australia,44.3107
402021033,One Tree Hill,40202,Playford,402,Adelaide - North,South Australia,130.1511
402021034,Smithfield - Elizabeth North,40202,Playford,402,Adelaide - North,South Australia,7.987
402021035,Virginia - Waterloo Corner,40202,Playford,402,Adelaide - North,South Australia,135.5661
402031036,Enfield - Blair Athol,40203,Port Adelaide - East,402,Adelaide - North,South Australia,15.1765
402031038,Windsor Gardens,40203,Port Adelaide - East,402,Adelaide - North,South Australia,8.4298
402031175,Northgate - Northfield,40203,Port Adelaide - East,402,Adelaide - North,South Australia,6.5508
402031176,Valley View - Gilles Plains,40203,Port Adelaide - East,402,Adelaide - North,South Australia,4.683
402041039,Dry Creek - North,40204,Salisbury,402,Adelaide - North,South Australia,38.5669
402041040,Ingle Farm,40204,Salisbury,402,Adelaide - North,South Australia,7.4263
402041041,Para Hills,40204,Salisbury,402,Adelaide - North,South Australia,10.173
402041042,Parafield,40204,Salisbury,402,Adelaide - North,South Australia,4.6289
402041043,Parafield Gardens,40204,Salisbury,402,Adelaide - North,South Australia,7.0272
402041044,Paralowie,40204,Salisbury,402,Adelaide - North,South Australia,8.3213
402041046,Salisbury,40204,Salisbury,402,Adelaide - North,South Australia,10.7696
402041047,Salisbury East,40204,Salisbury,402,Adelaide - North,South Australia,14.8505
402041048,Salisbury North,40204,Salisbury,402,Adelaide - North,South Australia,31.3003
402041171,Mawson Lakes - Globe Derby Park,40204,Salisbury,402,Adelaide - North,South Australia,9.6165
402041172,Pooraka - Cavan,40204,Salisbury,402,Adelaide - North,South Australia,7.4904
402051049,Golden Grove,40205,Tea Tree Gully,402,Adelaide - North,South Australia,26.6144
402051050,Greenwith,40205,Tea Tree Gully,402,Adelaide - North,South Australia,6.0371
402051051,Highbury - Dernancourt,40205,Tea Tree Gully,402,Adelaide - North,South Australia,12.001
402051052,Hope Valley - Modbury,40205,Tea Tree Gully,402,Adelaide - North,South Australia,10.3125
402051053,Modbury Heights,40205,Tea Tree Gully,402,Adelaide - North,South Australia,9.9089
402051054,Redwood Park,40205,Tea Tree Gully,402,Adelaide - North,South Australia,14.1403
402051055,St Agnes - Ridgehaven,40205,Tea Tree Gully,402,Adelaide - North,South Australia,12.2999
403011056,Brighton (SA),40301,Holdfast Bay,403,Adelaide - South,South Australia,5.9168
403011057,Glenelg (SA),40301,Holdfast Bay,403,Adelaide - South,South Australia,7.2232
403021058,Edwardstown,40302,Marion,403,Adelaide - South,South Australia,5.5375
403021059,Hallett Cove,40302,Marion,403,Adelaide - South,South Australia,9.2762
403021060,Marino - Seaview Downs,40302,Marion,403,Adelaide - South,South Australia,12.2123
403021061,Mitchell Park,40302,Marion,403,Adelaide - South,South Australia,7.5686
403021062,Morphettville,40302,Marion,403,Adelaide - South,South Australia,6.2005
403021063,Sheidow Park - Trott Park,40302,Marion,403,Adelaide - South,South Australia,9.3899
403021064,Warradale,40302,Marion,403,Adelaide - South,South Australia,6.0145
403031065,Belair,40303,Mitcham,403,Adelaide - South,South Australia,24.7761
403031066,Bellevue Heights,40303,Mitcham,403,Adelaide - South,South Australia,8.7154
403031067,Blackwood,40303,Mitcham,403,Adelaide - South,South Australia,16.928
403031068,Colonel Light Gardens,40303,Mitcham,403,Adelaide - South,South Australia,6.761
403031069,Mitcham (SA),40303,Mitcham,403,Adelaide - South,South Australia,11.4472
403031070,Panorama,40303,Mitcham,403,Adelaide - South,South Australia,5.7425
403041071,Aberfoyle Park,40304,Onkaparinga,403,Adelaide - South,South Australia,13.8426
403041072,Aldinga,40304,Onkaparinga,403,Adelaide - South,South Australia,35.3303
403041073,Christie Downs,40304,Onkaparinga,403,Adelaide - South,South Australia,8.5727
403041074,Christies Beach,40304,Onkaparinga,403,Adelaide - South,South Australia,7.2165
403041075,Clarendon,40304,Onkaparinga,403,Adelaide - South,South Australia,123.3732
403041076,Coromandel Valley,40304,Onkaparinga,403,Adelaide - South,South Australia,4.4154
403041077,Flagstaff Hill,40304,Onkaparinga,403,Adelaide - South,South Australia,9.7527
403041078,Hackham - Onkaparinga Hills,40304,Onkaparinga,403,Adelaide - South,South Australia,23.6436
403041079,Hackham West - Huntfield Heights,40304,Onkaparinga,403,Adelaide - South,South Australia,4.374
403041080,Happy Valley,40304,Onkaparinga,403,Adelaide - South,South Australia,10.17
403041081,Happy Valley Reservoir,40304,Onkaparinga,403,Adelaide - South,South Australia,6.5089
403041082,Lonsdale,40304,Onkaparinga,403,Adelaide - South,South Australia,9.8401
403041083,McLaren Vale,40304,Onkaparinga,403,Adelaide - South,South Australia,119.5749
403041084,Morphett Vale - East,40304,Onkaparinga,403,Adelaide - South,South Australia,7.6836
403041085,Morphett Vale - West,40304,Onkaparinga,403,Adelaide - South,South Australia,5.0775
403041086,Reynella,40304,Onkaparinga,403,Adelaide - South,South Australia,7.7053
403041088,Willunga,40304,Onkaparinga,403,Adelaide - South,South Australia,85.1868
403041089,Woodcroft,40304,Onkaparinga,403,Adelaide - South,South Australia,13.5274
403041177,Seaford - Seaford Meadows,40304,Onkaparinga,403,Adelaide - South,South Australia,11.4713
403041178,Seaford Rise - Moana,40304,Onkaparinga,403,Adelaide - South,South Australia,12.1052
404011090,Beverley,40401,Charles Sturt,404,Adelaide - West,South Australia,4.2061
404011091,Flinders Park,40401,Charles Sturt,404,Adelaide - West,South Australia,6.3972
404011092,Henley Beach,40401,Charles Sturt,404,Adelaide - West,South Australia,5.9563
404011093,Hindmarsh - Brompton,40401,Charles Sturt,404,Adelaide - West,South Australia,7.896
404011094,Royal Park - Hendon - Albert Park,40401,Charles Sturt,404,Adelaide - West,South Australia,3.246
404011095,Seaton - Grange,40401,Charles Sturt,404,Adelaide - West,South Australia,8.2533
404011096,West Lakes,40401,Charles Sturt,404,Adelaide - West,South Australia,8.5515
404011097,Woodville - Cheltenham,40401,Charles Sturt,404,Adelaide - West,South Australia,8.8122
404021098,Dry Creek - South,40402,Port Adelaide - West,404,Adelaide - West,South Australia,6.1446
404021099,Largs Bay - Semaphore,40402,Port Adelaide - West,404,Adelaide - West,South Australia,6.7241
404021100,North Haven,40402,Port Adelaide - West,404,Adelaide - West,South Australia,14.8433
404021101,Port Adelaide,40402,Port Adelaide - West,404,Adelaide - West,South Australia,12.972
404021102,The Parks,40402,Port Adelaide - West,404,Adelaide - West,South Australia,18.2633
404021103,Torrens Island,40402,Port Adelaide - West,404,Adelaide - West,South Australia,8.8253
404031104,Adelaide Airport,40403,West Torrens,404,Adelaide - West,South Australia,7.2952
404031105,Fulham,40403,West Torrens,404,Adelaide - West,South Australia,1.3212
404031106,Lockleys,40403,West Torrens,404,Adelaide - West,South Australia,5.702
404031107,Plympton,40403,West Torrens,404,Adelaide - West,South Australia,10.6969
404031108,Richmond (SA),40403,West Torrens,404,Adelaide - West,South Australia,8.9253
404031109,West Beach,40403,West Torrens,404,Adelaide - West,South Australia,4.5068
405011110,Barossa - Angaston,40501,Barossa,405,Barossa - Yorke - Mid North,South Australia,633.8622
405011111,Light,40501,Barossa,405,Barossa - Yorke - Mid North,South Australia,1111.6724
405011112,Lyndoch,40501,Barossa,405,Barossa - Yorke - Mid North,South Australia,175.7742
405011113,Mallala,40501,Barossa,405,Barossa - Yorke - Mid North,South Australia,847.8696
405011114,Nuriootpa,40501,Barossa,405,Barossa - Yorke - Mid North,South Australia,50.6409
405011115,Tanunda,40501,Barossa,405,Barossa - Yorke - Mid North,South Australia,17.3326
405021116,Clare,40502,Lower North,405,Barossa - Yorke - Mid North,South Australia,74.203
405021117,Gilbert Valley,40502,Lower North,405,Barossa - Yorke - Mid North,South Australia,1675.3597
405021118,Goyder,40502,Lower North,405,Barossa - Yorke - Mid North,South Australia,6748.1529
405021119,Wakefield - Barunga West,40502,Lower North,405,Barossa - Yorke - Mid North,South Australia,5231.2432
405031120,Jamestown,40503,Mid North,405,Barossa - Yorke - Mid North,South Australia,3107.037
405031121,Peterborough - Mount Remarkable,40503,Mid North,405,Barossa - Yorke - Mid North,South Australia,9643.884
405031122,Port Pirie,40503,Mid North,405,Barossa - Yorke - Mid North,South Australia,75.2928
405031123,Port Pirie Surrounds,40503,Mid North,405,Barossa - Yorke - Mid North,South Australia,1583.2661
405041124,Kadina,40504,Yorke Peninsula,405,Barossa - Yorke - Mid North,South Australia,394.1203
405041125,Moonta,40504,Yorke Peninsula,405,Barossa - Yorke - Mid North,South Australia,271.9202
405041126,Wallaroo,40504,Yorke Peninsula,405,Barossa - Yorke - Mid North,South Australia,146.5314
405041127,Yorke Peninsula - North,40504,Yorke Peninsula,405,Barossa - Yorke - Mid North,South Australia,3654.3884
405041128,Yorke Peninsula - South,40504,Yorke Peninsula,405,Barossa - Yorke - Mid North,South Australia,2273.834
406011129,Ceduna,40601,Eyre Peninsula and South West,406,South Australia - Outback,South Australia,413.3374
406011130,Eyre Peninsula,40601,Eyre Peninsula and South West,406,South Australia - Outback,South Australia,7228.3655
406011131,Kimba - Cleve - Franklin Harbour,40601,Eyre Peninsula and South West,406,South Australia - Outback,South Australia,15184.3968
406011132,Le Hunte - Elliston,40601,Eyre Peninsula and South West,406,South Australia - Outback,South Australia,11387.2463
406011133,Port Lincoln,40601,Eyre Peninsula and South West,406,South Australia - Outback,South Australia,136.2831
406011134,West Coast (SA),40601,Eyre Peninsula and South West,406,South Australia - Outback,South Australia,31877.8466
406011135,Western,40601,Eyre Peninsula and South West,406,South Australia - Outback,South Australia,168946.0226
406011136,Whyalla,40601,Eyre Peninsula and South West,406,South Australia - Outback,South Australia,40.8706
406011137,Whyalla - North,40601,Eyre Peninsula and South West,406,South Australia - Outback,South Australia,80.449
406021138,APY Lands,40602,Outback - North and East,406,South Australia - Outback,South Australia,102359.1511
406021139,Coober Pedy,40602,Outback - North and East,406,South Australia - Outback,South Australia,77.6795
406021140,Quorn - Lake Gilles,40602,Outback - North and East,406,South Australia - Outback,South Australia,26107.329
406021141,Outback,40602,Outback - North and East,406,South Australia - Outback,South Australia,513391.3333
406021142,Port Augusta,40602,Outback - North and East,406,South Australia - Outback,South Australia,253.9025
406021143,Roxby Downs,40602,Outback - North and East,406,South Australia - Outback,South Australia,288.3624
407011144,Goolwa - Port Elliot,40701,Fleurieu - Kangaroo Island,407,South Australia - South East,South Australia,180.8689
407011145,Kangaroo Island,40701,Fleurieu - Kangaroo Island,407,South Australia - South East,South Australia,4400.7382
407011146,Strathalbyn,40701,Fleurieu - Kangaroo Island,407,South Australia - South East,South Australia,155.7859
407011147,Strathalbyn Surrounds,40701,Fleurieu - Kangaroo Island,407,South Australia - South East,South Australia,1517.7954
407011148,Victor Harbor,40701,Fleurieu - Kangaroo Island,407,South Australia - South East,South Australia,128.2644
407011149,Yankalilla,40701,Fleurieu - Kangaroo Island,407,South Australia - South East,South Australia,980.1341
407021150,Grant,40702,Limestone Coast,407,South Australia - South East,South Australia,1690.9302
407021151,Kingston - Robe,40702,Limestone Coast,407,South Australia - South East,South Australia,4431.5114
407021152,Millicent,40702,Limestone Coast,407,South Australia - South East,South Australia,177.4315
407021154,Naracoorte,40702,Limestone Coast,407,South Australia - South East,South Australia,115.23
407021155,Naracoorte Surrounds,40702,Limestone Coast,407,South Australia - South East,South Australia,4404.485
407021156,Penola,40702,Limestone Coast,407,South Australia - South East,South Australia,1514.3964
407021157,Tatiara,40702,Limestone Coast,407,South Australia - South East,South Australia,6527.2342
407021158,Wattle Range,40702,Limestone Coast,407,South Australia - South East,South Australia,2281.8815
407021173,Mount Gambier - East,40702,Limestone Coast,407,South Australia - South East,South Australia,66.7535
407021174,Mount Gambier - West,40702,Limestone Coast,407,South Australia - South East,South Australia,126.5343
407031159,Barmera,40703,Murray and Mallee,407,South Australia - South East,South Australia,856.1907
407031160,Berri,40703,Murray and Mallee,407,South Australia - South East,South Australia,12.0822
407031161,Karoonda - Lameroo,40703,Murray and Mallee,407,South Australia - South East,South Australia,10548.6359
407031162,Loxton,40703,Murray and Mallee,407,South Australia - South East,South Australia,146.0888
407031163,Loxton Surrounds,40703,Murray and Mallee,407,South Australia - South East,South Australia,4790.3357
407031164,Mannum,40703,Murray and Mallee,407,South Australia - South East,South Australia,3287.9008
407031165,Murray Bridge,40703,Murray and Mallee,407,South Australia - South East,South Australia,97.5456
407031166,Murray Bridge Surrounds,40703,Murray and Mallee,407,South Australia - South East,South Australia,1924.5348
407031167,Renmark,40703,Murray and Mallee,407,South Australia - South East,South Australia,14.6561
407031168,Renmark Surrounds,40703,Murray and Mallee,407,South Australia - South East,South Australia,901.7859
407031169,The Coorong,40703,Murray and Mallee,407,South Australia - South East,South Australia,8644.9956
407031170,Waikerie,40703,Murray and Mallee,407,South Australia - South East,South Australia,5557.8467
497979799,Migratory - Offshore - Shipping (SA),49797,Migratory - Offshore - Shipping (SA),497,Migratory - Offshore - Shipping (SA),South Australia,
499999499,No usual address (SA),49999,No usual address (SA),499,No usual address (SA),South Australia,
501011001,Augusta,50101,Augusta - Margaret River - Busselton,501,Bunbury,Western Australia,2106.5915
501011003,Busselton Surrounds,50101,Augusta - Margaret River - Busselton,501,Bunbury,Western Australia,1227.064
501011004,Margaret River,50101,Augusta - Margaret River - Busselton,501,Bunbury,Western Australia,134.4278
501011293,Busselton - East,50101,Augusta - Margaret River - Busselton,501,Bunbury,Western Australia,81.9607
501011294,Busselton - West,50101,Augusta - Margaret River - Busselton,501,Bunbury,Western Australia,114.2793
501021005,Australind - Leschenault,50102,Bunbury,501,Bunbury,Western Australia,67.3084
501021007,Capel,50102,Bunbury,501,Bunbury,Western Australia,507.0606
501021008,College Grove - Carey Park,50102,Bunbury,501,Bunbury,Western Australia,9.7141
501021009,Collie,50102,Bunbury,501,Bunbury,Western Australia,1709.815
501021010,Dardanup,50102,Bunbury,501,Bunbury,Western Australia,517.0762
501021011,Davenport,50102,Bunbury,501,Bunbury,Western Australia,11.7042
501021012,Eaton - Pelican Point,50102,Bunbury,501,Bunbury,Western Australia,9.9522
501021014,Harvey,50102,Bunbury,501,Bunbury,Western Australia,1660.6331
501021015,East Bunbury - Glen Iris,50102,Bunbury,501,Bunbury,Western Australia,22.9687
501021016,Waroona,50102,Bunbury,501,Bunbury,Western Australia,832.2285
501021251,Dalyellup,50102,Bunbury,501,Bunbury,Western Australia,16.3306
501021252,Gelorup - Stratham,50102,Bunbury,501,Bunbury,Western Australia,65.254
501021253,South Bunbury - Bunbury,50102,Bunbury,501,Bunbury,Western Australia,11.2504
501021254,Withers - Usher,50102,Bunbury,501,Bunbury,Western Australia,8.2177
501031017,Bridgetown - Boyup Brook,50103,Manjimup,501,Bunbury,Western Australia,4163.8195
501031018,Donnybrook - Balingup,50103,Manjimup,501,Bunbury,Western Australia,1559.856
501031019,Manjimup,50103,Manjimup,501,Bunbury,Western Australia,323.8187
501031020,Pemberton,50103,Manjimup,501,Bunbury,Western Australia,9641.0807
502011021,Dawesville - Bouvard,50201,Mandurah,502,Mandurah,Western Australia,97.9248
502011022,Falcon - Wannanup,50201,Mandurah,502,Mandurah,Western Australia,9.5893
502011023,Greenfields,50201,Mandurah,502,Mandurah,Western Australia,9.9609
502011024,Halls Head - Erskine,50201,Mandurah,502,Mandurah,Western Australia,14.2469
502011025,Mandurah,50201,Mandurah,502,Mandurah,Western Australia,8.3954
502011026,Mandurah - East,50201,Mandurah,502,Mandurah,Western Australia,40.2182
502011027,Mandurah - North,50201,Mandurah,502,Mandurah,Western Australia,31.8413
502011028,Mandurah - South,50201,Mandurah,502,Mandurah,Western Australia,11.8268
502011029,Pinjarra,50201,Mandurah,502,Mandurah,Western Australia,808.8593
503011030,City Beach,50301,Cottesloe - Claremont,503,Perth - Inner,Western Australia,9.8073
503011031,Claremont (WA),50301,Cottesloe - Claremont,503,Perth - Inner,Western Australia,3.8717
503011032,Cottesloe,50301,Cottesloe - Claremont,503,Perth - Inner,Western Australia,3.7511
503011033,Floreat,50301,Cottesloe - Claremont,503,Perth - Inner,Western Australia,4.4196
503011034,Mosman Park - Peppermint Grove,50301,Cottesloe - Claremont,503,Perth - Inner,Western Australia,5.4149
503011035,Nedlands - Dalkeith - Crawley,50301,Cottesloe - Claremont,503,Perth - Inner,Western Australia,9.7498
503011036,Swanbourne - Mount Claremont,50301,Cottesloe - Claremont,503,Perth - Inner,Western Australia,11.7008
503021037,Kings Park (WA),50302,Perth City,503,Perth - Inner,Western Australia,4.1819
503021038,Mount Hawthorn - Leederville,50302,Perth City,503,Perth - Inner,Western Australia,3.8983
503021039,Mount Lawley - Inglewood,50302,Perth City,503,Perth - Inner,Western Australia,7.0812
503021040,North Perth,50302,Perth City,503,Perth - Inner,Western Australia,3.0904
503021042,Subiaco - Shenton Park,50302,Perth City,503,Perth - Inner,Western Australia,7.7961
503021043,Wembley - West Leederville - Glendalough,50302,Perth City,503,Perth - Inner,Western Australia,6.5605
503021295,East Perth,50302,Perth City,503,Perth - Inner,Western Australia,3.4135
503021296,Perth (North) - Highgate,50302,Perth City,503,Perth - Inner,Western Australia,2.9639
503021297,Perth (West) - Northbridge,50302,Perth City,503,Perth - Inner,Western Australia,4.5531
504011044,Bassendean - Eden Hill - Ashfield,50401,Bayswater - Bassendean,504,Perth - North East,Western Australia,10.3449
504011045,Bayswater - Embleton - Bedford,50401,Bayswater - Bassendean,504,Perth - North East,Western Australia,13.8115
504011046,Maylands,50401,Bayswater - Bassendean,504,Perth - North East,Western Australia,5.0166
504011047,Morley,50401,Bayswater - Bassendean,504,Perth - North East,Western Australia,10.5547
504011048,Noranda,50401,Bayswater - Bassendean,504,Perth - North East,Western Australia,4.9416
504021049,Chidlow,50402,Mundaring,504,Perth - North East,Western Australia,167.7411
504021050,Glen Forrest - Darlington,50402,Mundaring,504,Perth - North East,Western Australia,56.6583
504021051,Helena Valley - Koongamia,50402,Mundaring,504,Perth - North East,Western Australia,8.8361
504021052,Malmalling - Reservoir,50402,Mundaring,504,Perth - North East,Western Australia,318.3852
504021053,Mundaring,50402,Mundaring,504,Perth - North East,Western Australia,118.6696
504021054,Swan View - Greenmount - Midvale,50402,Mundaring,504,Perth - North East,Western Australia,15.1408
504031055,Avon Valley National Park,50403,Swan,504,Perth - North East,Western Australia,74.9605
504031056,Ballajura,50403,Swan,504,Perth - North East,Western Australia,23.8166
504031057,Beechboro,50403,Swan,504,Perth - North East,Western Australia,47.1105
504031058,Bullsbrook,50403,Swan,504,Perth - North East,Western Australia,253.8629
504031060,Gidgegannup,50403,Swan,504,Perth - North East,Western Australia,304.8874
504031061,Hazelmere - Guildford,50403,Swan,504,Perth - North East,Western Australia,16.919
504031062,Lockridge - Kiara,50403,Swan,504,Perth - North East,Western Australia,14.6126
504031063,Malaga,50403,Swan,504,Perth - North East,Western Australia,6.4045
504031064,Melaleuca - Lexia,50403,Swan,504,Perth - North East,Western Australia,99.6581
504031065,Middle Swan - Herne Hill,50403,Swan,504,Perth - North East,Western Australia,32.1548
504031066,Midland - Guildford,50403,Swan,504,Perth - North East,Western Australia,11.7136
504031067,Stratton - Jane Brook,50403,Swan,504,Perth - North East,Western Australia,23.4945
504031068,The Vines,50403,Swan,504,Perth - North East,Western Australia,66.9987
504031069,Walyunga National Park,50403,Swan,504,Perth - North East,Western Australia,17.9495
504031298,Aveley,50403,Swan,504,Perth - North East,Western Australia,6.7469
504031299,Brabham - Henley Brook,50403,Swan,504,Perth - North East,Western Australia,17.0644
504031300,Ellenbrook,50403,Swan,504,Perth - North East,Western Australia,13.977
505011070,Craigie - Beldon,50501,Joondalup,505,Perth - North West,Western Australia,7.1317
505011071,Currambine - Kinross,50501,Joondalup,505,Perth - North West,Western Australia,5.9596
505011072,Duncraig,50501,Joondalup,505,Perth - North West,Western Australia,7.6491
505011073,Greenwood - Warwick,50501,Joondalup,505,Perth - North West,Western Australia,8.5644
505011074,Heathridge - Connolly,50501,Joondalup,505,Perth - North West,Western Australia,6.6259
505011075,Hillarys,50501,Joondalup,505,Perth - North West,Western Australia,6.2656
505011076,Iluka - Burns Beach,50501,Joondalup,505,Perth - North West,Western Australia,5.8339
505011077,Joondalup - Edgewater,50501,Joondalup,505,Perth - North West,Western Australia,15.6229
505011078,Kingsley,50501,Joondalup,505,Perth - North West,Western Australia,7.8538
505011079,Mullaloo - Kallaroo,50501,Joondalup,505,Perth - North West,Western Australia,5.888
505011080,Ocean Reef,50501,Joondalup,505,Perth - North West,Western Australia,5.2646
505011081,Padbury,50501,Joondalup,505,Perth - North West,Western Australia,6.0348
505011082,Sorrento - Marmion,50501,Joondalup,505,Perth - North West,Western Australia,4.5955
505011083,Woodvale,50501,Joondalup,505,Perth - North West,Western Australia,7.1962
505021084,Balcatta - Hamersley,50502,Stirling,505,Perth - North West,Western Australia,10.3604
505021085,Balga - Mirrabooka,50502,Stirling,505,Perth - North West,Western Australia,9.4487
505021087,Herdsman,50502,Stirling,505,Perth - North West,Western Australia,3.1133
505021088,Innaloo - Doubleview,50502,Stirling,505,Perth - North West,Western Australia,5.6082
505021089,Karrinyup - Gwelup - Carine,50502,Stirling,505,Perth - North West,Western Australia,14.0888
505021090,Nollamara - Westminster,50502,Stirling,505,Perth - North West,Western Australia,6.0391
505021091,Osborne Park Industrial,50502,Stirling,505,Perth - North West,Western Australia,3.4452
505021092,Scarborough,50502,Stirling,505,Perth - North West,Western Australia,4.9714
505021093,Stirling - Osborne Park,50502,Stirling,505,Perth - North West,Western Australia,6.4972
505021094,Trigg - North Beach - Watermans Bay,50502,Stirling,505,Perth - North West,Western Australia,5.7563
505021095,Tuart Hill - Joondanna,50502,Stirling,505,Perth - North West,Western Australia,3.6309
505021096,Wembley Downs - Churchlands - Woodlands,50502,Stirling,505,Perth - North West,Western Australia,8.0214
505021097,Yokine - Coolbinia - Menora,50502,Stirling,505,Perth - North West,Western Australia,6.8504
505021301,Dianella - North,50502,Stirling,505,Perth - North West,Western Australia,6.4682
505021302,Dianella - South,50502,Stirling,505,Perth - North West,Western Australia,5.0267
505031098,Alexander Heights - Koondoola,50503,Wanneroo,505,Perth - North West,Western Australia,6.7014
505031099,Butler - Merriwa - Ridgewood,50503,Wanneroo,505,Perth - North West,Western Australia,10.0345
505031100,Carramar,50503,Wanneroo,505,Perth - North West,Western Australia,30.0077
505031101,Clarkson,50503,Wanneroo,505,Perth - North West,Western Australia,10.7632
505031102,Girrawheen,50503,Wanneroo,505,Perth - North West,Western Australia,4.0937
505031104,Marangaroo,50503,Wanneroo,505,Perth - North West,Western Australia,4.7933
505031105,Mindarie - Quinns Rocks - Jindalee,50503,Wanneroo,505,Perth - North West,Western Australia,12.6805
505031106,Neerabup National Park,50503,Wanneroo,505,Perth - North West,Western Australia,17.3984
505031107,Tapping - Ashby - Sinagra,50503,Wanneroo,505,Perth - North West,Western Australia,47.8116
505031255,Alkimos - Eglinton,50503,Wanneroo,505,Perth - North West,Western Australia,32.6641
505031256,Carabooda - Pinjar,50503,Wanneroo,505,Perth - North West,Western Australia,371.0902
505031257,Two Rocks,50503,Wanneroo,505,Perth - North West,Western Australia,55.0875
505031258,Yanchep,50503,Wanneroo,505,Perth - North West,Western Australia,19.0492
505031303,Hocking - Pearsall,50503,Wanneroo,505,Perth - North West,Western Australia,26.1656
505031304,Landsdale,50503,Wanneroo,505,Perth - North West,Western Australia,7.2318
505031305,Madeley - Darch,50503,Wanneroo,505,Perth - North West,Western Australia,13.1193
505031306,Wanneroo - Sinagra,50503,Wanneroo,505,Perth - North West,Western Australia,15.5086
506011110,Armadale - Wungong - Brookdale,50601,Armadale,506,Perth - South East,Western Australia,25.3931
506011111,Ashendon - Lesley,50601,Armadale,506,Perth - South East,Western Australia,326.2898
506011112,Camillo - Champion Lakes,50601,Armadale,506,Perth - South East,Western Australia,8.1254
506011114,Kelmscott,50601,Armadale,506,Perth - South East,Western Australia,15.0443
506011115,Mount Nasura - Mount Richon - Bedfordale,50601,Armadale,506,Perth - South East,Western Australia,61.0961
506011116,Roleystone,50601,Armadale,506,Perth - South East,Western Australia,74.8096
506011117,Seville Grove,50601,Armadale,506,Perth - South East,Western Australia,4.5652
506011307,Harrisdale,50601,Armadale,506,Perth - South East,Western Australia,5.7747
506011308,Piara Waters - Forrestdale,50601,Armadale,506,Perth - South East,Western Australia,38.4276
506021118,Belmont - Ascot - Redcliffe,50602,Belmont - Victoria Park,506,Perth - South East,Western Australia,10.8529
506021119,East Victoria Park - Carlisle,50602,Belmont - Victoria Park,506,Perth - South East,Western Australia,6.2709
506021120,Kewdale Commercial,50602,Belmont - Victoria Park,506,Perth - South East,Western Australia,4.8502
506021121,Perth Airport,50602,Belmont - Victoria Park,506,Perth - South East,Western Australia,20.3221
506021123,Victoria Park - Lathlain - Burswood,50602,Belmont - Victoria Park,506,Perth - South East,Western Australia,7.5754
506021309,Cloverdale,50602,Belmont - Victoria Park,506,Perth - South East,Western Australia,3.9696
506021310,Kewdale,50602,Belmont - Victoria Park,506,Perth - South East,Western Australia,2.928
506021311,Rivervale,50602,Belmont - Victoria Park,506,Perth - South East,Western Australia,3.3407
506031124,Bentley - Wilson - St James,50603,Canning,506,Perth - South East,Western Australia,11.1482
506031125,Canning Vale - West,50603,Canning,506,Perth - South East,Western Australia,8.7354
506031126,Canning Vale Commercial,50603,Canning,506,Perth - South East,Western Australia,6.6779
506031127,Cannington - Queens Park,50603,Canning,506,Perth - South East,Western Australia,9.5148
506031128,Parkwood - Ferndale - Lynwood,50603,Canning,506,Perth - South East,Western Australia,8.6347
506031129,Riverton - Shelley - Rossmoyne,50603,Canning,506,Perth - South East,Western Australia,6.4203
506031130,Welshpool,50603,Canning,506,Perth - South East,Western Australia,8.314
506031131,Willetton,50603,Canning,506,Perth - South East,Western Australia,8.743
506041132,Beckenham - Kenwick - Langford,50604,Gosnells,506,Perth - South East,Western Australia,18.9584
506041133,Canning Vale - East,50604,Gosnells,506,Perth - South East,Western Australia,9.9338
506041134,Gosnells,50604,Gosnells,506,Perth - South East,Western Australia,15.5131
506041135,Huntingdale - Southern River,50604,Gosnells,506,Perth - South East,Western Australia,18.009
506041136,Maddington - Orange Grove - Martin,50604,Gosnells,506,Perth - South East,Western Australia,53.2923
506041137,Thornlie,50604,Gosnells,506,Perth - South East,Western Australia,11.591
506051138,Forrestfield - Wattle Grove,50605,Kalamunda,506,Perth - South East,Western Australia,26.8976
506051139,High Wycombe,50605,Kalamunda,506,Perth - South East,Western Australia,8.6968
506051140,Kalamunda - Maida Vale - Gooseberry Hill,50605,Kalamunda,506,Perth - South East,Western Australia,28.1238
506051141,Lesmurdie - Bickley - Carmel,50605,Kalamunda,506,Perth - South East,Western Australia,220.0819
506061142,Byford,50606,Serpentine - Jarrahdale,506,Perth - South East,Western Australia,29.3986
506061143,Mundijong,50606,Serpentine - Jarrahdale,506,Perth - South East,Western Australia,286.7456
506061144,Serpentine - Jarrahdale,50606,Serpentine - Jarrahdale,506,Perth - South East,Western Australia,588.6193
506071145,Como,50607,South Perth,506,Perth - South East,Western Australia,6.3895
506071146,Manning - Waterford,50607,South Perth,506,Perth - South East,Western Australia,6.161
506071147,South Perth - Kensington,50607,South Perth,506,Perth - South East,Western Australia,7.7563
507011148,Banjup,50701,Cockburn,507,Perth - South West,Western Australia,29.7061
507011150,Bibra Industrial,50701,Cockburn,507,Perth - South West,Western Australia,6.5456
507011151,Bibra Lake,50701,Cockburn,507,Perth - South West,Western Australia,4.1706
507011152,Coogee,50701,Cockburn,507,Perth - South West,Western Australia,10.4233
507011153,Coolbellup,50701,Cockburn,507,Perth - South West,Western Australia,4.5202
507011154,Hamilton Hill,50701,Cockburn,507,Perth - South West,Western Australia,6.6153
507011155,Henderson,50701,Cockburn,507,Perth - South West,Western Australia,8.7396
507011158,North Coogee,50701,Cockburn,507,Perth - South West,Western Australia,2.774
507011159,South Lake - Cockburn Central,50701,Cockburn,507,Perth - South West,Western Australia,8.896
507011160,Spearwood,50701,Cockburn,507,Perth - South West,Western Australia,6.5192
507011161,Success - Hammond Park,50701,Cockburn,507,Perth - South West,Western Australia,8.861
507011163,Yangebup,50701,Cockburn,507,Perth - South West,Western Australia,6.0198
507011259,Beeliar - Wattleup,50701,Cockburn,507,Perth - South West,Western Australia,28.7159
507011260,Jandakot,50701,Cockburn,507,Perth - South West,Western Australia,15.7037
507021164,East Fremantle,50702,Fremantle,507,Perth - South West,Western Australia,3.1384
507021165,Fremantle,50702,Fremantle,507,Perth - South West,Western Australia,29.5403
507021166,Fremantle - South,50702,Fremantle,507,Perth - South West,Western Australia,7.3037
507021167,O'Connor (WA),50702,Fremantle,507,Perth - South West,Western Australia,1.6691
507031169,Wellard (West) - Bertram,50703,Kwinana,507,Perth - South West,Western Australia,12.448
507031170,Calista,50703,Kwinana,507,Perth - South West,Western Australia,15.1365
507031172,Hope Valley - Postans,50703,Kwinana,507,Perth - South West,Western Australia,24.7949
507031173,Kwinana Industrial,50703,Kwinana,507,Perth - South West,Western Australia,16.7145
507031174,Parmelia - Orelia,50703,Kwinana,507,Perth - South West,Western Australia,7.8295
507031261,Casuarina - Wandi,50703,Kwinana,507,Perth - South West,Western Australia,43.0889
507041175,Applecross - Ardross,50704,Melville,507,Perth - South West,Western Australia,5.4274
507041176,Bateman,50704,Melville,507,Perth - South West,Western Australia,1.9561
507041177,Bicton - Palmyra,50704,Melville,507,Perth - South West,Western Australia,6.322
507041178,Booragoon,50704,Melville,507,Perth - South West,Western Australia,6.7888
507041179,Bull Creek,50704,Melville,507,Perth - South West,Western Australia,4.1624
507041180,Leeming,50704,Melville,507,Perth - South West,Western Australia,6.6994
507041181,Melville,50704,Melville,507,Perth - South West,Western Australia,7.8838
507041182,Murdoch - Kardinya,50704,Melville,507,Perth - South West,Western Australia,8.6462
507041183,Willagee,50704,Melville,507,Perth - South West,Western Australia,2.0887
507041184,Winthrop,50704,Melville,507,Perth - South West,Western Australia,3.4789
507051186,Cooloongup,50705,Rockingham,507,Perth - South West,Western Australia,4.9901
507051187,Port Kennedy,50705,Rockingham,507,Perth - South West,Western Australia,21.2107
507051188,Rockingham,50705,Rockingham,507,Perth - South West,Western Australia,35.722
507051189,Rockingham Lakes,50705,Rockingham,507,Perth - South West,Western Australia,21.0334
507051190,Safety Bay - Shoalwater,50705,Rockingham,507,Perth - South West,Western Australia,7.1927
507051191,Singleton - Golden Bay - Secret Harbour,50705,Rockingham,507,Perth - South West,Western Australia,14.5709
507051192,Waikiki,50705,Rockingham,507,Perth - South West,Western Australia,5.7834
507051193,Warnbro,50705,Rockingham,507,Perth - South West,Western Australia,5.6428
507051312,Baldivis - North,50705,Rockingham,507,Perth - South West,Western Australia,57.3058
507051313,Baldivis - South,50705,Rockingham,507,Perth - South West,Western Australia,30.0095
507051314,Karnup,50705,Rockingham,507,Perth - South West,Western Australia,54.2294
509011225,Albany,50901,Albany,509,Western Australia - Wheat Belt,Western Australia,30.6575
509011226,Albany Surrounds,50901,Albany,509,Western Australia - Wheat Belt,Western Australia,4009.0591
509011227,Bayonet Head - Lower King,50901,Albany,509,Western Australia - Wheat Belt,Western Australia,24.871
509011228,Denmark,50901,Albany,509,Western Australia - Wheat Belt,Western Australia,1859.8487
509011229,Gnowangerup,50901,Albany,509,Western Australia - Wheat Belt,Western Australia,15012.8153
509011230,Katanning,50901,Albany,509,Western Australia - Wheat Belt,Western Australia,2647.0202
509011231,Kojonup,50901,Albany,509,Western Australia - Wheat Belt,Western Australia,8554.5095
509011232,Little Grove - Elleker,50901,Albany,509,Western Australia - Wheat Belt,Western Australia,142.6706
509011233,McKail - Willyung,50901,Albany,509,Western Australia - Wheat Belt,Western Australia,101.1998
509011234,Plantagenet,50901,Albany,509,Western Australia - Wheat Belt,Western Australia,4383.8752
509011235,Stirling Range National Park,50901,Albany,509,Western Australia - Wheat Belt,Western Australia,1121.6226
509021236,Chittering,50902,Wheat Belt - North,509,Western Australia - Wheat Belt,Western Australia,1219.9032
509021237,Cunderdin,50902,Wheat Belt - North,509,Western Australia - Wheat Belt,Western Australia,6896.4975
509021238,Dowerin,50902,Wheat Belt - North,509,Western Australia - Wheat Belt,Western Australia,11490.3834
509021239,Gingin - Dandaragan,50902,Wheat Belt - North,509,Western Australia - Wheat Belt,Western Australia,9919.9306
509021240,Merredin,50902,Wheat Belt - North,509,Western Australia - Wheat Belt,Western Australia,9827.5053
509021241,Moora,50902,Wheat Belt - North,509,Western Australia - Wheat Belt,Western Australia,13538.3952
509021242,Mukinbudin,50902,Wheat Belt - North,509,Western Australia - Wheat Belt,Western Australia,50176.9809
509021243,Northam,50902,Wheat Belt - North,509,Western Australia - Wheat Belt,Western Australia,1431.2215
509021244,Toodyay,50902,Wheat Belt - North,509,Western Australia - Wheat Belt,Western Australia,1691.6485
509021245,York - Beverley,50902,Wheat Belt - North,509,Western Australia - Wheat Belt,Western Australia,4502.1111
509031246,Brookton,50903,Wheat Belt - South,509,Western Australia - Wheat Belt,Western Australia,7480.8608
509031247,Kulin,50903,Wheat Belt - South,509,Western Australia - Wheat Belt,Western Australia,28626.1667
509031248,Murray,50903,Wheat Belt - South,509,Western Australia - Wheat Belt,Western Australia,2746.4237
509031249,Narrogin,50903,Wheat Belt - South,509,Western Australia - Wheat Belt,Western Australia,509.3037
509031250,Wagin,50903,Wheat Belt - South,509,Western Australia - Wheat Belt,Western Australia,9400.051
510011262,Broome,51001,Kimberley,510,Western Australia - Outback (North),Western Australia,50.0425
510011263,Derby - West Kimberley,51001,Kimberley,510,Western Australia - Outback (North),Western Australia,110798.9156
510011264,Halls Creek,51001,Kimberley,510,Western Australia - Outback (North),Western Australia,135345.3368
510011265,Kununurra,51001,Kimberley,510,Western Australia - Outback (North),Western Australia,117707.2878
510011266,Roebuck,51001,Kimberley,510,Western Australia - Outback (North),Western Australia,55343.5055
510021267,East Pilbara,51002,East Pilbara,510,Western Australia - Outback (North),Western Australia,390578.4788
510021268,Newman,51002,East Pilbara,510,Western Australia - Outback (North),Western Australia,17.0749
510021269,Port Hedland,51002,East Pilbara,510,Western Australia - Outback (North),Western Australia,94.1758
510021270,South Hedland,51002,East Pilbara,510,Western Australia - Outback (North),Western Australia,22.2565
510031271,Ashburton (WA),51003,West Pilbara,510,Western Australia - Outback (North),Western Australia,100827.0317
510031272,Karratha,51003,West Pilbara,510,Western Australia - Outback (North),Western Australia,134.2041
510031273,Roebourne,51003,West Pilbara,510,Western Australia - Outback (North),Western Australia,15104.8531
511011274,Esperance,51101,Esperance,511,Western Australia - Outback (South),Western Australia,479.8669
511011275,Esperance Surrounds,51101,Esperance,511,Western Australia - Outback (South),Western Australia,55180.793
511021276,Carnarvon,51102,Gascoyne,511,Western Australia - Outback (South),Western Australia,78.2669
511021277,Exmouth,51102,Gascoyne,511,Western Australia - Outback (South),Western Australia,134986.3501
511031278,Boulder,51103,Goldfields,511,Western Australia - Outback (South),Western Australia,13.0881
511031279,Kalgoorlie,51103,Goldfields,511,Western Australia - Outback (South),Western Australia,23.4948
511031280,Kalgoorlie - North,51103,Goldfields,511,Western Australia - Outback (South),Western Australia,31.0652
511031281,Kalgoorlie Airport,51103,Goldfields,511,Western Australia - Outback (South),Western Australia,7.4496
511031282,Kambalda - Coolgardie - Norseman,51103,Goldfields,511,Western Australia - Outback (South),Western Australia,218581.6465
511031283,Leinster - Leonora,51103,Goldfields,511,Western Australia - Outback (South),Western Australia,495840.4144
511031284,Trafalgar (WA),51103,Goldfields,511,Western Australia - Outback (South),Western Australia,27.6123
511041285,Geraldton,51104,Mid West,511,Western Australia - Outback (South),Western Australia,21.8752
511041286,Geraldton - East,51104,Mid West,511,Western Australia - Outback (South),Western Australia,80.9732
511041287,Geraldton - North,51104,Mid West,511,Western Australia - Outback (South),Western Australia,143.0266
511041288,Geraldton - South,51104,Mid West,511,Western Australia - Outback (South),Western Australia,26.2854
511041289,Irwin,51104,Mid West,511,Western Australia - Outback (South),Western Australia,2369.3298
511041290,Meekatharra,51104,Mid West,511,Western Australia - Outback (South),Western Australia,414527.0473
511041291,Morawa,51104,Mid West,511,Western Australia - Outback (South),Western Australia,23464.3302
511041292,Northampton - Mullewa - Greenough,51104,Mid West,511,Western Australia - Outback (South),Western Australia,26161.8873
597979799,Migratory - Offshore - Shipping (WA),59797,Migratory - Offshore - Shipping (WA),597,Migratory - Offshore - Shipping (WA),Western Australia,
599999499,No usual address (WA),59999,No usual address (WA),599,No usual address (WA),Western Australia,
601011001,Bridgewater - Gagebrook,60101,Brighton,601,Hobart,Tasmania,55.7463
601011002,Brighton - Pontville,60101,Brighton,601,Hobart,Tasmania,88.7598
601011003,Old Beach - Otago,60101,Brighton,601,Hobart,Tasmania,31.5716
601021004,Bellerive - Rosny,60102,Hobart - North East,601,Hobart,Tasmania,4.7182
601021005,Cambridge,60102,Hobart - North East,601,Hobart,Tasmania,101.7067
601021006,Geilston Bay - Risdon,60102,Hobart - North East,601,Hobart,Tasmania,8.7147
601021007,Howrah - Tranmere,60102,Hobart - North East,601,Hobart,Tasmania,9.4115
601021008,Lindisfarne - Rose Bay,60102,Hobart - North East,601,Hobart,Tasmania,7.9977
601021009,Mornington - Warrane,60102,Hobart - North East,601,Hobart,Tasmania,8.2145
601021010,Risdon Vale,60102,Hobart - North East,601,Hobart,Tasmania,35.4878
601021011,Rokeby,60102,Hobart - North East,601,Hobart,Tasmania,15.4232
601021012,South Arm,60102,Hobart - North East,601,Hobart,Tasmania,74.2681
601031013,Austins Ferry - Granton,60103,Hobart - North West,601,Hobart,Tasmania,27.3675
601031014,Berriedale - Chigwell,60103,Hobart - North West,601,Hobart,Tasmania,34.0496
601031015,Claremont (Tas.),60103,Hobart - North West,601,Hobart,Tasmania,17.9226
601031016,Derwent Park - Lutana,60103,Hobart - North West,601,Hobart,Tasmania,4.9191
601031017,Glenorchy,60103,Hobart - North West,601,Hobart,Tasmania,10.4597
601031018,Montrose - Rosetta,60103,Hobart - North West,601,Hobart,Tasmania,5.7328
601031019,Moonah,60103,Hobart - North West,601,Hobart,Tasmania,2.794
601031020,New Norfolk,60103,Hobart - North West,601,Hobart,Tasmania,63.2641
601031021,West Moonah,60103,Hobart - North West,601,Hobart,Tasmania,1.7875
601041022,Kingston - Huntingfield,60104,Hobart - South and West,601,Hobart,Tasmania,61.8202
601041023,Kingston Beach - Blackmans Bay,60104,Hobart - South and West,601,Hobart,Tasmania,22.2736
601041024,Margate - Snug,60104,Hobart - South and West,601,Hobart,Tasmania,146.2328
601041025,Mount Wellington,60104,Hobart - South and West,601,Hobart,Tasmania,90.163
601041026,Taroona - Bonnet Hill,60104,Hobart - South and West,601,Hobart,Tasmania,8.0166
601051027,Hobart,60105,Hobart Inner,601,Hobart,Tasmania,6.6174
601051028,Lenah Valley - Mount Stuart,60105,Hobart Inner,601,Hobart,Tasmania,9.799
601051029,Mount Nelson - Dynnyrne,60105,Hobart Inner,601,Hobart,Tasmania,7.9217
601051030,New Town,60105,Hobart Inner,601,Hobart,Tasmania,3.8167
601051031,Sandy Bay,60105,Hobart Inner,601,Hobart,Tasmania,6.9463
601051032,South Hobart - Fern Tree,60105,Hobart Inner,601,Hobart,Tasmania,23.4873
601051033,West Hobart,60105,Hobart Inner,601,Hobart,Tasmania,3.623
601061034,Dodges Ferry - Lewisham,60106,Sorell - Dodges Ferry,601,Hobart,Tasmania,318.3924
601061035,Sorell - Richmond,60106,Sorell - Dodges Ferry,601,Hobart,Tasmania,375.9341
602011036,Invermay,60201,Launceston,602,Launceston and North East,Tasmania,4.0281
602011037,Kings Meadows - Punchbowl,60201,Launceston,602,Launceston and North East,Tasmania,5.7589
602011038,Launceston,60201,Launceston,602,Launceston and North East,Tasmania,5.2803
602011039,Legana,60201,Launceston,602,Launceston and North East,Tasmania,33.697
602011040,Mowbray,60201,Launceston,602,Launceston and North East,Tasmania,9.2817
602011041,Newnham - Mayfield,60201,Launceston,602,Launceston and North East,Tasmania,23.5924
602011042,Newstead,60201,Launceston,602,Launceston and North East,Tasmania,3.6874
602011043,Norwood (Tas.),60201,Launceston,602,Launceston and North East,Tasmania,3.9851
602011044,Prospect Vale - Blackstone,60201,Launceston,602,Launceston and North East,Tasmania,17.7443
602011045,Ravenswood,60201,Launceston,602,Launceston and North East,Tasmania,10.0147
602011046,Riverside,60201,Launceston,602,Launceston and North East,Tasmania,48.3143
602011047,South Launceston,60201,Launceston,602,Launceston and North East,Tasmania,2.7762
602011048,Summerhill - Prospect,60201,Launceston,602,Launceston and North East,Tasmania,8.8067
602011049,Trevallyn,60201,Launceston,602,Launceston and North East,Tasmania,9.7181
602011050,Waverley - St Leonards,60201,Launceston,602,Launceston and North East,Tasmania,55.1274
602011051,West Launceston,60201,Launceston,602,Launceston and North East,Tasmania,3.9642
602011052,Youngtown - Relbia,60201,Launceston,602,Launceston and North East,Tasmania,14.9319
602021053,Beauty Point - Beaconsfield,60202,Meander Valley - West Tamar,602,Launceston and North East,Tasmania,259.1745
602021054,Deloraine,60202,Meander Valley - West Tamar,602,Launceston and North East,Tasmania,2521.1544
602021055,Grindelwald - Lanena,60202,Meander Valley - West Tamar,602,Launceston and North East,Tasmania,344.8496
602021056,Hadspen - Carrick,60202,Meander Valley - West Tamar,602,Launceston and North East,Tasmania,174.702
602021057,Westbury,60202,Meander Valley - West Tamar,602,Launceston and North East,Tasmania,679.0802
602031058,Dilston - Lilydale,60203,North East,602,Launceston and North East,Tasmania,1274.0719
602031059,George Town,60203,North East,602,Launceston and North East,Tasmania,747.1679
602031060,Longford,60203,North East,602,Launceston and North East,Tasmania,222.5429
602031061,Northern Midlands,60203,North East,602,Launceston and North East,Tasmania,4763.6291
602031062,Perth - Evandale,60203,North East,602,Launceston and North East,Tasmania,226.7698
602031064,St Helens - Scamander,60203,North East,602,Launceston and North East,Tasmania,3299.1468
602031099,Flinders and Cape Barren Islands,60203,North East,602,Launceston and North East,Tasmania,1996.6244
602031100,Scottsdale - Bridport,60203,North East,602,Launceston and North East,Tasmania,3205.7138
603011065,Central Highlands,60301,Central Highlands (Tas.),603,South East,Tasmania,7185.4625
603011066,Derwent Valley,60301,Central Highlands (Tas.),603,South East,Tasmania,1289.9537
603011067,Southern Midlands,60301,Central Highlands (Tas.),603,South East,Tasmania,2600.2609
603011068,Wilderness - East,60301,Central Highlands (Tas.),603,South East,Tasmania,7351.056
603021069,Bruny Island - Kettering,60302,Huon - Bruny Island,603,South East,Tasmania,443.4641
603021070,Cygnet,60302,Huon - Bruny Island,603,South East,Tasmania,239.4535
603021071,Geeveston - Dover,60302,Huon - Bruny Island,603,South East,Tasmania,827.8139
603021072,Huonville - Franklin,60302,Huon - Bruny Island,603,South East,Tasmania,681.95
603031073,Forestier - Tasman,60303,South East Coast,603,South East,Tasmania,660.3947
603031074,Triabunna - Bicheno,60303,South East Coast,603,South East,Tasmania,2542.2432
604011075,Acton - Upper Burnie,60401,Burnie - Ulverstone,604,West and North West,Tasmania,2.1455
604011076,Burnie - Ulverstone Surrounds,60401,Burnie - Ulverstone,604,West and North West,Tasmania,1364.2465
604011077,Burnie - Wivenhoe,60401,Burnie - Ulverstone,604,West and North West,Tasmania,11.447
604011078,Parklands - Camdale,60401,Burnie - Ulverstone,604,West and North West,Tasmania,19.5336
604011079,Penguin - Sulphur Creek,60401,Burnie - Ulverstone,604,West and North West,Tasmania,64.157
604011080,Romaine - Havenview,60401,Burnie - Ulverstone,604,West and North West,Tasmania,11.8537
604011081,Somerset,60401,Burnie - Ulverstone,604,West and North West,Tasmania,26.8891
604011082,Ulverstone,60401,Burnie - Ulverstone,604,West and North West,Tasmania,27.4924
604011083,West Ulverstone,60401,Burnie - Ulverstone,604,West and North West,Tasmania,18.0639
604011084,Wynyard,60401,Burnie - Ulverstone,604,West and North West,Tasmania,58.6445
604021085,Devonport,60402,Devonport,604,West and North West,Tasmania,10.2768
604021086,East Devonport,60402,Devonport,604,West and North West,Tasmania,13.2324
604021087,Latrobe,60402,Devonport,604,West and North West,Tasmania,215.3338
604021088,Miandetta - Don,60402,Devonport,604,West and North West,Tasmania,23.0743
604021089,Port Sorell,60402,Devonport,604,West and North West,Tasmania,362.9642
604021090,Quoiba - Spreyton,60402,Devonport,604,West and North West,Tasmania,28.585
604021091,Sheffield - Railton,60402,Devonport,604,West and North West,Tasmania,1156.4977
604021092,Turners Beach - Forth,60402,Devonport,604,West and North West,Tasmania,84.3944
604031093,King Island,60403,West Coast,604,West and North West,Tasmania,1095.7407
604031094,North West,60403,West Coast,604,West and North West,Tasmania,4765.8968
604031095,Smithton,60403,West Coast,604,West and North West,Tasmania,91.3095
604031096,Waratah,60403,West Coast,604,West and North West,Tasmania,3489.4721
604031097,West Coast (Tas.),60403,West Coast,604,West and North West,Tasmania,3931.6265
604031098,Wilderness - West,60403,West Coast,604,West and North West,Tasmania,5651.9123
697979799,Migratory - Offshore - Shipping (Tas.),69797,Migratory - Offshore - Shipping (Tas.),697,Migratory - Offshore - Shipping (Tas.),Tasmania,
699999499,No usual address (Tas.),69999,No usual address (Tas.),699,No usual address (Tas.),Tasmania,
701011001,Darwin Airport,70101,Darwin City,701,Darwin,Northern Territory,14.3244
701011002,Darwin City,70101,Darwin City,701,Darwin,Northern Territory,3.1731
701011003,East Point,70101,Darwin City,701,Darwin,Northern Territory,2.377
701011004,Fannie Bay - The Gardens,70101,Darwin City,701,Darwin,Northern Territory,3.9165
701011005,Larrakeyah,70101,Darwin City,701,Darwin,Northern Territory,1.9452
701011006,Ludmilla - The Narrows,70101,Darwin City,701,Darwin,Northern Territory,5.35
701011007,Parap,70101,Darwin City,701,Darwin,Northern Territory,1.1022
701011008,Stuart Park,70101,Darwin City,701,Darwin,Northern Territory,1.6531
701011009,Woolner - Bayview - Winnellie,70101,Darwin City,701,Darwin,Northern Territory,6.7936
701021010,Alawa,70102,Darwin Suburbs,701,Darwin,Northern Territory,1.2399
701021011,Anula,70102,Darwin Suburbs,701,Darwin,Northern Territory,1.3178
701021012,Berrimah,70102,Darwin Suburbs,701,Darwin,Northern Territory,30.2554
701021013,Brinkin - Nakara,70102,Darwin Suburbs,701,Darwin,Northern Territory,2.6861
701021014,Buffalo Creek,70102,Darwin Suburbs,701,Darwin,Northern Territory,23.9106
701021015,Charles Darwin,70102,Darwin Suburbs,701,Darwin,Northern Territory,17.4936
701021016,Coconut Grove,70102,Darwin Suburbs,701,Darwin,Northern Territory,1.4242
701021017,East Arm,70102,Darwin Suburbs,701,Darwin,Northern Territory,27.9612
701021018,Jingili,70102,Darwin Suburbs,701,Darwin,Northern Territory,1.3163
701021019,Karama,70102,Darwin Suburbs,701,Darwin,Northern Territory,2.0655
701021020,Leanyer,70102,Darwin Suburbs,701,Darwin,Northern Territory,2.5017
701021021,Lyons (NT),70102,Darwin Suburbs,701,Darwin,Northern Territory,7.0409
701021022,Malak - Marrara,70102,Darwin Suburbs,701,Darwin,Northern Territory,4.8314
701021023,Millner,70102,Darwin Suburbs,701,Darwin,Northern Territory,1.4677
701021024,Moil,70102,Darwin Suburbs,701,Darwin,Northern Territory,1.0424
701021025,Nightcliff,70102,Darwin Suburbs,701,Darwin,Northern Territory,1.4512
701021026,Rapid Creek,70102,Darwin Suburbs,701,Darwin,Northern Territory,1.9176
701021027,Tiwi,70102,Darwin Suburbs,701,Darwin,Northern Territory,3.1187
701021028,Wagaman,70102,Darwin Suburbs,701,Darwin,Northern Territory,0.8378
701021029,Wanguri,70102,Darwin Suburbs,701,Darwin,Northern Territory,0.8855
701021030,Wulagi,70102,Darwin Suburbs,701,Darwin,Northern Territory,1.2629
701031031,Howard Springs,70103,Litchfield,701,Darwin,Northern Territory,118.021
701031032,Humpty Doo,70103,Litchfield,701,Darwin,Northern Territory,157.4161
701031033,Koolpinyah,70103,Litchfield,701,Darwin,Northern Territory,1199.6495
701031034,Virginia,70103,Litchfield,701,Darwin,Northern Territory,54.7364
701031035,Weddell,70103,Litchfield,701,Darwin,Northern Territory,1408.6881
701041036,Bakewell,70104,Palmerston,701,Darwin,Northern Territory,1.3185
701041037,Driver,70104,Palmerston,701,Darwin,Northern Territory,1.7157
701041038,Durack - Marlow Lagoon,70104,Palmerston,701,Darwin,Northern Territory,11.7191
701041039,Gray,70104,Palmerston,701,Darwin,Northern Territory,1.5029
701041040,Moulden,70104,Palmerston,701,Darwin,Northern Territory,1.7504
701041041,Palmerston - North,70104,Palmerston,701,Darwin,Northern Territory,4.7651
701041042,Palmerston - South,70104,Palmerston,701,Darwin,Northern Territory,24.9843
701041043,Rosebery - Bellamack,70104,Palmerston,701,Darwin,Northern Territory,3.1751
701041044,Woodroffe,70104,Palmerston,701,Darwin,Northern Territory,1.5977
702011045,Charles,70201,Alice Springs,702,Northern Territory - Outback,Northern Territory,16.693
702011046,East Side,70201,Alice Springs,702,Northern Territory - Outback,Northern Territory,25.7669
702011047,Flynn (NT),70201,Alice Springs,702,Northern Territory - Outback,Northern Territory,17.0626
702011048,Larapinta,70201,Alice Springs,702,Northern Territory - Outback,Northern Territory,58.5557
702011049,Mount Johns,70201,Alice Springs,702,Northern Territory - Outback,Northern Territory,18.9529
702011050,Petermann - Simpson,70201,Alice Springs,702,Northern Territory - Outback,Northern Territory,175248.1135
702011051,Ross,70201,Alice Springs,702,Northern Territory - Outback,Northern Territory,190.6821
702011052,Sandover - Plenty,70201,Alice Springs,702,Northern Territory - Outback,Northern Territory,129517.1822
702011053,Tanami,70201,Alice Springs,702,Northern Territory - Outback,Northern Territory,192662.3199
702011054,Yuendumu - Anmatjere,70201,Alice Springs,702,Northern Territory - Outback,Northern Territory,71845.0771
702021055,Barkly,70202,Barkly,702,Northern Territory - Outback,Northern Territory,303169.1199
702021056,Tennant Creek,70202,Barkly,702,Northern Territory - Outback,Northern Territory,42.0605
702031057,Alligator,70203,Daly - Tiwi - West Arnhem,702,Northern Territory - Outback,Northern Territory,33100.6653
702031058,Daly,70203,Daly - Tiwi - West Arnhem,702,Northern Territory - Outback,Northern Territory,34828.0715
702031059,Thamarrurr,70203,Daly - Tiwi - West Arnhem,702,Northern Territory - Outback,Northern Territory,3373.7078
702031060,Tiwi Islands,70203,Daly - Tiwi - West Arnhem,702,Northern Territory - Outback,Northern Territory,7483.1661
702031061,West Arnhem,70203,Daly - Tiwi - West Arnhem,702,Northern Territory - Outback,Northern Territory,33509.2426
702041062,Anindilyakwa,70204,East Arnhem,702,Northern Territory - Outback,Northern Territory,2609.0396
702041063,East Arnhem,70204,East Arnhem,702,Northern Territory - Outback,Northern Territory,30989.9027
702041064,Nhulunbuy,70204,East Arnhem,702,Northern Territory - Outback,Northern Territory,7.647
702051065,Elsey,70205,Katherine,702,Northern Territory - Outback,Northern Territory,92949.7346
702051066,Gulf,70205,Katherine,702,Northern Territory - Outback,Northern Territory,92278.235
702051067,Katherine,70205,Katherine,702,Northern Territory - Outback,Northern Territory,7416.9497
702051068,Victoria River,70205,Katherine,702,Northern Territory - Outback,Northern Territory,133608.8415
797979799,Migratory - Offshore - Shipping (NT),79797,Migratory - Offshore - Shipping (NT),797,Migratory - Offshore - Shipping (NT),Northern Territory,
799999499,No usual address (NT),79999,No usual address (NT),799,No usual address (NT),Northern Territory,
801011001,Aranda,80101,Belconnen,801,Australian Capital Territory,Australian Capital Territory,1.5631
801011002,Belconnen,80101,Belconnen,801,Australian Capital Territory,Australian Capital Territory,4.4261
801011003,Bruce,80101,Belconnen,801,Australian Capital Territory,Australian Capital Territory,5.7975
801011004,Charnwood,80101,Belconnen,801,Australian Capital Territory,Australian Capital Territory,1.8559
801011005,Cook,80101,Belconnen,801,Australian Capital Territory,Australian Capital Territory,1.5831
801011006,Dunlop,80101,Belconnen,801,Australian Capital Territory,Australian Capital Territory,3.6054
801011007,Evatt,80101,Belconnen,801,Australian Capital Territory,Australian Capital Territory,3.0603
801011008,Florey,80101,Belconnen,801,Australian Capital Territory,Australian Capital Territory,2.7554
801011009,Flynn (ACT),80101,Belconnen,801,Australian Capital Territory,Australian Capital Territory,2.0955
801011010,Fraser,80101,Belconnen,801,Australian Capital Territory,Australian Capital Territory,2.4751
801011011,Giralang,80101,Belconnen,801,Australian Capital Territory,Australian Capital Territory,2.4467
801011012,Gooromon,80101,Belconnen,801,Australian Capital Territory,Australian Capital Territory,9.9448
801011013,Hawker,80101,Belconnen,801,Australian Capital Territory,Australian Capital Territory,1.9562
801011014,Higgins,80101,Belconnen,801,Australian Capital Territory,Australian Capital Territory,1.6743
801011015,Holt,80101,Belconnen,801,Australian Capital Territory,Australian Capital Territory,3.2957
801011016,Kaleen,80101,Belconnen,801,Australian Capital Territory,Australian Capital Territory,6.0268
801011017,Latham,80101,Belconnen,801,Australian Capital Territory,Australian Capital Territory,2.7312
801011018,Lawson,80101,Belconnen,801,Australian Capital Territory,Australian Capital Territory,3.0845
801011019,Macgregor (ACT),80101,Belconnen,801,Australian Capital Territory,Australian Capital Territory,4.2749
801011020,Macquarie,80101,Belconnen,801,Australian Capital Territory,Australian Capital Territory,1.7004
801011021,McKellar,80101,Belconnen,801,Australian Capital Territory,Australian Capital Territory,1.414
801011022,Melba,80101,Belconnen,801,Australian Capital Territory,Australian Capital Territory,2.3073
801011023,Page,80101,Belconnen,801,Australian Capital Territory,Australian Capital Territory,1.3225
801011024,Scullin,80101,Belconnen,801,Australian Capital Territory,Australian Capital Territory,1.426
801011025,Spence,80101,Belconnen,801,Australian Capital Territory,Australian Capital Territory,1.5224
801011026,Weetangera,80101,Belconnen,801,Australian Capital Territory,Australian Capital Territory,1.5832
801011111,Molonglo Corridor,80101,Belconnen,801,Australian Capital Territory,Australian Capital Territory,24.9139
801011142,Macnamara,80101,Belconnen,801,Australian Capital Territory,Australian Capital Territory,4.2096
801011143,Strathnairn,80101,Belconnen,801,Australian Capital Territory,Australian Capital Territory,4.1957
801011144,West Belconnen,80101,Belconnen,801,Australian Capital Territory,Australian Capital Territory,3.0161
801031031,Hume,80103,Canberra East,801,Australian Capital Territory,Australian Capital Territory,8.5646
801031032,Kowen,80103,Canberra East,801,Australian Capital Territory,Australian Capital Territory,76.9339
801031113,Canberra East,80103,Canberra East,801,Australian Capital Territory,Australian Capital Territory,31.069
801031114,Canberra Airport,80103,Canberra East,801,Australian Capital Territory,Australian Capital Territory,5.5374
801031115,Majura,80103,Canberra East,801,Australian Capital Territory,Australian Capital Territory,89.6908
801041034,Amaroo,80104,Gungahlin,801,Australian Capital Territory,Australian Capital Territory,2.5872
801041035,Bonner,80104,Gungahlin,801,Australian Capital Territory,Australian Capital Territory,2.7559
801041036,Casey,80104,Gungahlin,801,Australian Capital Territory,Australian Capital Territory,2.6225
801041037,Crace,80104,Gungahlin,801,Australian Capital Territory,Australian Capital Territory,1.6518
801041038,Forde,80104,Gungahlin,801,Australian Capital Territory,Australian Capital Territory,1.9171
801041039,Franklin,80104,Gungahlin,801,Australian Capital Territory,Australian Capital Territory,2.2966
801041040,Gungahlin,80104,Gungahlin,801,Australian Capital Territory,Australian Capital Territory,4.5642
801041043,Hall,80104,Gungahlin,801,Australian Capital Territory,Australian Capital Territory,2.8718
801041044,Harrison,80104,Gungahlin,801,Australian Capital Territory,Australian Capital Territory,2.9168
801041045,Mitchell,80104,Gungahlin,801,Australian Capital Territory,Australian Capital Territory,7.3847
801041046,Ngunnawal,80104,Gungahlin,801,Australian Capital Territory,Australian Capital Territory,4.1591
801041047,Nicholls,80104,Gungahlin,801,Australian Capital Territory,Australian Capital Territory,6.7016
801041048,Palmerston,80104,Gungahlin,801,Australian Capital Territory,Australian Capital Territory,1.9481
801041116,Gungahlin - East,80104,Gungahlin,801,Australian Capital Territory,Australian Capital Territory,17.2009
801041117,Gungahlin - West,80104,Gungahlin,801,Australian Capital Territory,Australian Capital Territory,13.7405
801041118,Jacka,80104,Gungahlin,801,Australian Capital Territory,Australian Capital Territory,2.9098
801041119,Kenny,80104,Gungahlin,801,Australian Capital Territory,Australian Capital Territory,6.1708
801041120,Moncrieff,80104,Gungahlin,801,Australian Capital Territory,Australian Capital Territory,1.9172
801041121,Taylor,80104,Gungahlin,801,Australian Capital Territory,Australian Capital Territory,4.0821
801041122,Throsby,80104,Gungahlin,801,Australian Capital Territory,Australian Capital Territory,1.4792
801051049,Acton,80105,North Canberra,801,Australian Capital Territory,Australian Capital Territory,2.7374
801051050,Ainslie,80105,North Canberra,801,Australian Capital Territory,Australian Capital Territory,3.5405
801051051,Braddon,80105,North Canberra,801,Australian Capital Territory,Australian Capital Territory,1.4078
801051053,Civic,80105,North Canberra,801,Australian Capital Territory,Australian Capital Territory,1.4309
801051054,Dickson,80105,North Canberra,801,Australian Capital Territory,Australian Capital Territory,1.578
801051055,Downer,80105,North Canberra,801,Australian Capital Territory,Australian Capital Territory,1.6342
801051056,Hackett,80105,North Canberra,801,Australian Capital Territory,Australian Capital Territory,1.9498
801051057,Lyneham,80105,North Canberra,801,Australian Capital Territory,Australian Capital Territory,5.4776
801051058,O'Connor (ACT),80105,North Canberra,801,Australian Capital Territory,Australian Capital Territory,4.9286
801051060,Turner,80105,North Canberra,801,Australian Capital Territory,Australian Capital Territory,1.5376
801051061,Watson,80105,North Canberra,801,Australian Capital Territory,Australian Capital Territory,3.6744
801051123,Black Mountain,80105,North Canberra,801,Australian Capital Territory,Australian Capital Territory,6.7267
801051124,Campbell,80105,North Canberra,801,Australian Capital Territory,Australian Capital Territory,3.1593
801051125,Duntroon,80105,North Canberra,801,Australian Capital Territory,Australian Capital Territory,2.4118
801051126,Parkes (ACT) - North,80105,North Canberra,801,Australian Capital Territory,Australian Capital Territory,1.0976
801051127,Reid,80105,North Canberra,801,Australian Capital Territory,Australian Capital Territory,0.9367
801051128,Russell,80105,North Canberra,801,Australian Capital Territory,Australian Capital Territory,0.4939
801061062,Deakin,80106,South Canberra,801,Australian Capital Territory,Australian Capital Territory,3.5714
801061063,Forrest,80106,South Canberra,801,Australian Capital Territory,Australian Capital Territory,1.5901
801061064,Griffith (ACT),80106,South Canberra,801,Australian Capital Territory,Australian Capital Territory,2.7559
801061066,Lake Burley Griffin,80106,South Canberra,801,Australian Capital Territory,Australian Capital Territory,6.1594
801061067,Narrabundah,80106,South Canberra,801,Australian Capital Territory,Australian Capital Territory,4.0907
801061068,Parkes (ACT) - South,80106,South Canberra,801,Australian Capital Territory,Australian Capital Territory,1.8118
801061069,Red Hill (ACT),80106,South Canberra,801,Australian Capital Territory,Australian Capital Territory,4.8606
801061070,Yarralumla,80106,South Canberra,801,Australian Capital Territory,Australian Capital Territory,7.2105
801061129,Barton,80106,South Canberra,801,Australian Capital Territory,Australian Capital Territory,1.1901
801061130,Fyshwick,80106,South Canberra,801,Australian Capital Territory,Australian Capital Territory,9.7669
801061131,Kingston (ACT),80106,South Canberra,801,Australian Capital Territory,Australian Capital Territory,1.4039
801071071,Banks,80107,Tuggeranong,801,Australian Capital Territory,Australian Capital Territory,2.2533
801071072,Bonython,80107,Tuggeranong,801,Australian Capital Territory,Australian Capital Territory,2.9045
801071073,Calwell,80107,Tuggeranong,801,Australian Capital Territory,Australian Capital Territory,3.8922
801071074,Chisholm,80107,Tuggeranong,801,Australian Capital Territory,Australian Capital Territory,3.1046
801071075,Conder,80107,Tuggeranong,801,Australian Capital Territory,Australian Capital Territory,4.5237
801071076,Fadden,80107,Tuggeranong,801,Australian Capital Territory,Australian Capital Territory,3.1064
801071077,Gilmore,80107,Tuggeranong,801,Australian Capital Territory,Australian Capital Territory,2.0454
801071078,Gordon (ACT),80107,Tuggeranong,801,Australian Capital Territory,Australian Capital Territory,4.4416
801071079,Gowrie (ACT),80107,Tuggeranong,801,Australian Capital Territory,Australian Capital Territory,1.9317
801071080,Greenway,80107,Tuggeranong,801,Australian Capital Territory,Australian Capital Territory,5.3071
801071081,Isabella Plains,80107,Tuggeranong,801,Australian Capital Territory,Australian Capital Territory,2.495
801071082,Kambah,80107,Tuggeranong,801,Australian Capital Territory,Australian Capital Territory,11.3361
801071083,Macarthur,80107,Tuggeranong,801,Australian Capital Territory,Australian Capital Territory,1.3014
801071084,Monash,80107,Tuggeranong,801,Australian Capital Territory,Australian Capital Territory,3.4119
801071085,Mount Taylor,80107,Tuggeranong,801,Australian Capital Territory,Australian Capital Territory,10.9052
801071086,Oxley (ACT),80107,Tuggeranong,801,Australian Capital Territory,Australian Capital Territory,1.0865
801071087,Richardson,80107,Tuggeranong,801,Australian Capital Territory,Australian Capital Territory,2.2371
801071088,Theodore,80107,Tuggeranong,801,Australian Capital Territory,Australian Capital Territory,3.1353
801071089,Tuggeranong,80107,Tuggeranong,801,Australian Capital Territory,Australian Capital Territory,75.602
801071090,Wanniassa,80107,Tuggeranong,801,Australian Capital Territory,Australian Capital Territory,5.3975
801071132,Tuggeranong - West,80107,Tuggeranong,801,Australian Capital Territory,Australian Capital Territory,9.2083
801081091,Chapman,80108,Weston Creek,801,Australian Capital Territory,Australian Capital Territory,1.8558
801081092,Duffy,80108,Weston Creek,801,Australian Capital Territory,Australian Capital Territory,2.7964
801081093,Fisher,80108,Weston Creek,801,Australian Capital Territory,Australian Capital Territory,1.5822
801081094,Holder,80108,Weston Creek,801,Australian Capital Territory,Australian Capital Territory,1.8719
801081095,Rivett,80108,Weston Creek,801,Australian Capital Territory,Australian Capital Territory,1.6106
801081096,Stirling,80108,Weston Creek,801,Australian Capital Territory,Australian Capital Territory,1.3226
801081097,Waramanga,80108,Weston Creek,801,Australian Capital Territory,Australian Capital Territory,1.7098
801081098,Weston,80108,Weston Creek,801,Australian Capital Territory,Australian Capital Territory,3.8462
801081133,Scrivener,80108,Weston Creek,801,Australian Capital Territory,Australian Capital Territory,1.5532
801091099,Chifley,80109,Woden Valley,801,Australian Capital Territory,Australian Capital Territory,1.5889
801091100,Curtin,80109,Woden Valley,801,Australian Capital Territory,Australian Capital Territory,4.8079
801091101,Farrer,80109,Woden Valley,801,Australian Capital Territory,Australian Capital Territory,2.0687
801091102,Garran,80109,Woden Valley,801,Australian Capital Territory,Australian Capital Territory,2.6965
801091103,Hughes,80109,Woden Valley,801,Australian Capital Territory,Australian Capital Territory,1.7894
801091104,Isaacs,80109,Woden Valley,801,Australian Capital Territory,Australian Capital Territory,3.0881
801091105,Lyons (ACT),80109,Woden Valley,801,Australian Capital Territory,Australian Capital Territory,2.2619
801091106,Mawson,80109,Woden Valley,801,Australian Capital Territory,Australian Capital Territory,2.1128
801091107,O'Malley,80109,Woden Valley,801,Australian Capital Territory,Australian Capital Territory,2.6068
801091108,Pearce,80109,Woden Valley,801,Australian Capital Territory,Australian Capital Territory,1.7032
801091109,Phillip,80109,Woden Valley,801,Australian Capital Territory,Australian Capital Territory,2.5749
801091110,Torrens,80109,Woden Valley,801,Australian Capital Territory,Australian Capital Territory,1.3013
801101134,Arboretum,80110,Molonglo,801,Australian Capital Territory,Australian Capital Territory,6.0368
801101135,Coombs,80110,Molonglo,801,Australian Capital Territory,Australian Capital Territory,2.3178
801101136,Denman Prospect,80110,Molonglo,801,Australian Capital Territory,Australian Capital Territory,4.7438
801101137,Molonglo,80110,Molonglo,801,Australian Capital Territory,Australian Capital Territory,2.1894
801101139,Wright,80110,Molonglo,801,Australian Capital Territory,Australian Capital Territory,1.2716
801101145,Molonglo - East,80110,Molonglo,801,Australian Capital Territory,Australian Capital Territory,7.3323
801101146,Whitlam,80110,Molonglo,801,Australian Capital Territory,Australian Capital Territory,3.259
801111140,ACT - South West,80111,Uriarra - Namadgi,801,Australian Capital Territory,Australian Capital Territory,416.7824
801111141,Namadgi,80111,Uriarra - Namadgi,801,Australian Capital Territory,Australian Capital Territory,1202.7527
897979799,Migratory - Offshore - Shipping (ACT),89797,Migratory - Offshore - Shipping (ACT),897,Migratory - Offshore - Shipping (ACT),Australian Capital Territory,
899999499,No usual address (ACT),89999,No usual address (ACT),899,No usual address (ACT),Australian Capital Territory,
901011001,Christmas Island,90101,Christmas Island,901,Other Territories,Other Territories,136.1356
901021002,Cocos (Keeling) Islands,90102,Cocos (Keeling) Islands,901,Other Territories,Other Territories,13.7258
901031003,Jervis Bay,90103,Jervis Bay,901,Other Territories,Other Territories,67.2296
901041004,Norfolk Island,90104,Norfolk Island,901,Other Territories,Other Territories,38.651
997979799,Migratory - Offshore - Shipping (OT),99797,Migratory - Offshore - Shipping (OT),997,Migratory - Offshore - Shipping (OT),Other Territories,
999999499,No usual address (OT),99999,No usual address (OT),999,No usual address (OT),Other Territories,
ZZZZZZZZZ,Outside Australia,ZZZZZ,Outside Australia,ZZZ,Outside Australia,Outside Australia,
