"Name","Location","Building Type","Max Price Per Room","SDA Design Category","Status","Vacancy","Has Fire Sprinklers","Has Breakout Room","Onsite Overnight Assistance","Email","Phone","Website 1","Website 2","Website 3","Website 4","Website 5"
"- Aspire Community Services","Clyde VIC 3978","House, 3 residents",60498.28,"High Physical Support","Enrolled",3,0,0,1,"info@aspirecommunityservices.com.au","1300 080 405","https://www.housinghub.org.au/property-detail/sda/aspire-community-services/clyde-vic/14732/34l2q","","","",""
"- Aspire Community Services","Clyde VIC 3978","House, 2 residents",87109.28,"High Physical Support","Enrolled",3,0,0,1,"info@aspirecommunityservices.com.au","1300 080 405","https://www.housinghub.org.au/property-detail/sda/aspire-community-services/clyde-vic/14732/8731","","","",""
"- Aspire Community Services","Melton South VIC 3338","House, 3 residents",66943.58,"High Physical Support","Enrolled",3,1,0,1,"info@aspirecommunityservices.com.au","1300 080 405","https://www.housinghub.org.au/property-detail/sda/aspire-community-services/melton-south-vic/14732/p7vit","","","",""
"1ST ETHICAL PROVIDER PTY LTD","Berwick VIC 3806","House, 3 residents",53070.2,"High Physical Support","Enrolled",3,0,0,0,"devjovial@yahoo.com","0387868644","https://www.housinghub.org.au/property-detail/sda/1st-ethical-provider-pty-ltd/berwick-vic/a1r7m/qszux","","","",""
"1ST ETHICAL PROVIDER PTY LTD","Officer VIC 3809","House, 2 residents",81945.32,"Robust","Enrolled",2,0,1,1,"devjovial@yahoo.com","0387868644","https://www.housinghub.org.au/property-detail/sda/1st-ethical-provider-pty-ltd/officer-vic/a1r7m/mtwyx","","","",""
"ACCESSIBLE LIVING FOR ALL AUSTRALIANS MA","Flinders View QLD 4305","House, 2 residents",79534.56,"High Physical Support","Enrolled",1,0,0,1,"min@ndis-sda.com","","https://www.housinghub.org.au/property-detail/sda/ndis-sda-lifestyle-homes-pty-ltd/flinders-view-qld/rp3rk/vdint","","","",""
"ACCESSIBLE LIVING FOR ALL AUSTRALIANS MA","Zuccoli NT 0832","House, 2 residents",104808.78,"High Physical Support","Enrolled",1,0,0,1,"support@skyringsda.com.au","1300737274","https://www.housinghub.org.au/property-detail/sda/skyring-sda/zuccoli-nt/qxsey/1zx96","","","",""
"ACCESSIBLE LIVING HOMES","Kilsyth VIC 3137","House, 3 residents",54154.32,"High Physical Support","Enrolled",2,0,0,1,"Admin@accessiblelivinghomes.com.au","","https://www.housinghub.org.au/property-detail/sda/accessible-living-homes/kilsyth-vic/21214/2w1un","","","",""
"ACCESSIBLE LIVING INITIATIVE","Wallan VIC 3756","House, 2 residents",80163.9,"Robust","Enrolled",2,0,1,1,"info@accessiblelivinginitiativesda.com","1300651992","https://www.housinghub.org.au/property-detail/sda/accessible-living-initiative/wallan-vic/sdd3e/vs2jf","","","",""
"ACCESSIBLE LIVING INITIATIVE","Colac VIC 3250","House, 2 residents",79107.8,"High Physical Support","Enrolled",2,1,0,1,"info@accessiblelivinginitiativesda.com","1300651992","https://www.housinghub.org.au/property-detail/sda/accessible-living-initiative/colac-vic/sdd3e/tbv7x","","","",""
"ACCESSIBLE LIVING INITIATIVE","Darley VIC 3340","House, 2 residents",86398.87,"Robust","Enrolled",2,0,1,1,"info@accessiblelivinginitiativesda.com","1300651992","https://www.housinghub.org.au/property-detail/sda/accessible-living-initiative/darley-vic/sdd3e/6wdh7","","","",""
"ADAPT HOUSING PTY LTD","Loganlea QLD 4131","Apartment, 1 bedroom, 1 resident",113202.36,"High Physical Support","Enrolled",1,0,0,1,"info@sunflowerhub.com.au","1300 375 054","https://www.housinghub.org.au/property-detail/sda/sunflower-hub-pty-ltd/loganlea-qld/9w2wz/d2crt","","","",""
"ADAPT HOUSING PTY LTD","Chermside QLD 4032","Apartment, 2 bedroom, 1 resident",84017.36,"Improved Liveability","Enrolled",1,0,0,0,"info@adapthousing.com.au","1300 223 278","https://www.housinghub.org.au/property-detail/sda/adapt-housing/chermside-qld/5790/9lm4a","","","",""
"ADAPT HOUSING PTY LTD","Griffin QLD 4503","House, 3 residents",54769.71,"High Physical Support","Enrolled",2,0,0,1,"info@adapthousing.com.au","1300 223 278","https://www.housinghub.org.au/property-detail/sda/adapt-housing/griffin-qld/5790/7kzrs","","","",""
"ADAPT HOUSING PTY LTD","Ormeau QLD 4208","House, 3 residents",55385.1,"High Physical Support","Enrolled",1,0,0,1,"info@adapthousing.com.au","1300 223 278","https://www.housinghub.org.au/property-detail/sda/adapt-housing/ormeau-qld/5790/3633","","","",""
"ADAPT HOUSING PTY LTD","Brassall QLD 4305","House, 2 residents",63697.2,"Fully Accessible","Enrolled",2,0,0,1,"info@adapthousing.com.au","1300 223 278","https://www.housinghub.org.au/property-detail/sda/adapt-housing/brassall-qld/5790/3038","","","",""
"ADAPT HOUSING PTY LTD","Pimpama QLD 4209","House, 3 residents",47216.7,"Fully Accessible","Enrolled",3,0,0,1,"info@adapthousing.com.au","1300 223 278","https://www.housinghub.org.au/property-detail/sda/adapt-housing/pimpama-qld/5790/3994","","","",""
"ADAPT HOUSING PTY LTD","Bald Hills QLD 4036","House, 3 residents",60308.22,"High Physical Support","Enrolled",1,0,0,1,"info@adapthousing.com.au","1300 223 278","https://www.housinghub.org.au/property-detail/sda/adapt-housing/bald-hills-qld/5790/bax5n","","","",""
"ADAPT HOUSING PTY LTD","Warwick QLD 4370","House, 2 residents",75497.85,"High Physical Support","Enrolled",1,0,0,1,"info@adapthousing.com.au","1300 223 278","https://www.housinghub.org.au/property-detail/sda/adapt-housing/warwick-qld/5790/3079","","","",""
"ADAPT HOUSING PTY LTD","Hillcrest QLD 4118","House, 3 residents",57231.27,"High Physical Support","Enrolled",1,0,0,1,"info@adapthousing.com.au","1300 223 278","https://www.housinghub.org.au/property-detail/sda/adapt-housing/hillcrest-qld/5790/4nr4t","","","",""
"ADAPT HOUSING PTY LTD","Logan Central QLD 4114","House, 2 residents",82603.53,"High Physical Support","Enrolled",1,0,0,1,"info@adapthousing.com.au","1300 223 278","https://www.housinghub.org.au/property-detail/sda/adapt-housing/logan-central-qld/5790/wfr16","","","",""
"ADAPT HOUSING PTY LTD","Loganlea QLD 4131","Villa / Duplex / Townhouse, 1 residents",66357.76,"Robust","Enrolled",1,0,0,1,"info@adapthousing.com.au","1300 223 278","https://www.housinghub.org.au/property-detail/sda/adapt-housing/loganlea-qld/5790/k2kvf","","","",""
"ADAPT HOUSING PTY LTD","Burpengary East QLD 4505","House, 3 residents",54769.71,"High Physical Support","Enrolled",3,0,0,1,"info@adapthousing.com.au","1300 223 278","https://www.housinghub.org.au/property-detail/sda/adapt-housing/burpengary-east-qld/5790/zw5bb","","","",""
"ADAPT HOUSING PTY LTD","Kingston QLD 4114","House, 2 residents",82603.53,"High Physical Support","Enrolled",1,0,0,1,"info@adapthousing.com.au","1300 223 278","https://www.housinghub.org.au/property-detail/sda/adapt-housing/kingston-qld/5790/2l63u","","","",""
"ADAPT HOUSING PTY LTD","Caboolture South QLD 4510","Apartment, 2 bedroom, 1 resident",107645.67,"High Physical Support","Enrolled",2,0,0,1,"info@adapthousing.com.au","1300 223 278","https://www.housinghub.org.au/property-detail/sda/adapt-housing/caboolture-south-qld/5790/igkfq","","","",""
"ADAPT HOUSING PTY LTD","Wynnum QLD 4178","Apartment, 2 bedroom, 1 resident",107594.34,"High Physical Support","Enrolled",1,1,0,1,"davidw@adapthousing.com.au","1300223278","www.adapthousing.com.au","","","",""
"ADAPT HOUSING PTY LTD","Wynnum QLD 4178","Apartment, 2 bedroom, 1 resident",107594.34,"High Physical Support","Enrolled",2,1,0,1,"info@adapthousing.com.au","1300 223 278","https://www.housinghub.org.au/property-detail/sda/adapt-housing/wynnum-qld/5790/9269","","","",""
"ADAPT HOUSING PTY LTD","Loganholme QLD 4129","Apartment, 2 bedroom, 1 resident",118686.54,"High Physical Support","Enrolled",1,1,0,1,"info@guardianliving.com.au","1300452732","https://www.housinghub.org.au/property-detail/sda/guardian-living/loganholme-qld/5659/eulb1","","","",""
"ADAPT HOUSING PTY LTD","Loganholme QLD 4129","Apartment, 2 bedroom, 1 resident",118686.54,"High Physical Support","Enrolled",1,1,0,1,"info@adapthousing.com.au","1300 223 278","https://www.housinghub.org.au/property-detail/sda/adapt-housing/loganholme-qld/5790/3rdty","","","",""
"ADAPT HOUSING PTY LTD","Wellington Point QLD 4160","House, 2 residents",68344.96,"Improved Liveability","Enrolled",2,0,0,1,"info@adapthousing.com.au","1300 223 278","https://www.housinghub.org.au/property-detail/sda/adapt-housing/wellington-point-qld/5790/gbb1w","","","",""
"ADAPT HOUSING PTY LTD","Hillvue NSW 2340","House, 2 residents",71509.86,"Improved Liveability","Enrolled",3,1,0,1,"info@adapthousing.com.au","1300 223 278","https://www.housinghub.org.au/property-detail/sda/adapt-housing/hillvue-nsw/5790/epzqx","","","",""
"ADAPT HOUSING PTY LTD","Chermside QLD 4032","Apartment, 1 bedroom, 1 resident",79785.72,"Improved Liveability","Enrolled",1,0,0,0,"davidw@adapthousing.com.au","1300223278","www.adapthousing.com.au","","","",""
"ADAPT HOUSING PTY LTD","Zuccoli NT 0832","House, 2 residents",111727.12,"High Physical Support","Enrolled",2,0,0,1,"info@adapthousing.com.au","1300 223 278","https://www.housinghub.org.au/property-detail/sda/adapt-housing/zuccoli-nt/5790/5y7qc","","","",""
"ADAPT HOUSING PTY LTD","Farrar NT 0830","Villa / Duplex / Townhouse, 1 residents",87099.43,"Robust","Enrolled",1,0,0,1,"info@adapthousing.com.au","1300 223 278","https://www.housinghub.org.au/property-detail/sda/adapt-housing/farrar-nt/5790/ya6se","","","",""
"ADAPT HOUSING PTY LTD","Newtown QLD 4350","House, 2 residents",79534.56,"High Physical Support","Enrolled",2,0,0,1,"info@adapthousing.com.au","1300 223 278","https://www.housinghub.org.au/property-detail/sda/adapt-housing/newtown-qld/5790/zefkh","","","",""
"ADAPT HOUSING PTY LTD","Ashmore QLD 4214","House, 2 residents",79938.9,"High Physical Support","Enrolled",2,0,0,1,"info@adapthousing.com.au","1300 223 278","https://www.housinghub.org.au/property-detail/sda/adapt-housing/ashmore-qld/5790/nyd8g","","","",""
"ADAPT HOUSING PTY LTD","Hillvue NSW 2340","House, 2 residents",72903.92,"Fully Accessible","Enrolled",2,1,0,1,"info@adapthousing.com.au","1300 223 278","https://www.housinghub.org.au/property-detail/sda/adapt-housing/hillvue-nsw/5790/w6lz8","","","",""
"ADAPT HOUSING PTY LTD","Millner NT 0810","Villa / Duplex / Townhouse, 1 residents",94181.56,"High Physical Support","Enrolled",3,1,0,1,"info@adapthousing.com.au","1300 223 278","https://www.housinghub.org.au/property-detail/sda/adapt-housing/milner-nt/5790/fdnle","","","",""
"ADAPT HOUSING PTY LTD","Moil NT 0810","House, 2 residents",104808.78,"High Physical Support","Enrolled",2,0,0,1,"info@adapthousing.com.au","1300 223 278","https://www.housinghub.org.au/property-detail/sda/adapt-housing/moil-nt/5790/dpakz","","","",""
"ADAPT HOUSING PTY LTD","South Tamworth NSW 2340","House, 2 residents",80038.48,"High Physical Support","Enrolled",2,1,0,1,"info@adapthousing.com.au","1300 223 278","https://www.housinghub.org.au/property-detail/sda/adapt-housing/tamworth-nsw/5790/79jni","","","",""
"ADAPT HOUSING PTY LTD","Durack NT 0830","Villa / Duplex / Townhouse, 1 residents",87099.43,"Robust","Enrolled",2,0,0,1,"info@adapthousing.com.au","1300 223 278","https://www.housinghub.org.au/property-detail/sda/adapt-housing/durack-nt/5790/khtmi","","","",""
"ADAPT HOUSING PTY LTD","Ormeau QLD 4208","House, 2 residents",79938.9,"High Physical Support","Enrolled",2,0,0,1,"info@adapthousing.com.au","1300 223 278","https://www.housinghub.org.au/property-detail/sda/adapt-housing/ormeau-qld/5790/8wqgv","","","",""
"ADAPT HOUSING PTY LTD","Woolner NT 0820","House, 2 residents",109820.24,"High Physical Support","Enrolled",2,1,0,1,"info@adapthousing.com.au","1300 223 278","https://www.housinghub.org.au/property-detail/sda/adapt-housing/woolner-nt/5790/fdi6r","","","",""
"ADAPT HOUSING PTY LTD","Bayview NT 0820","House, 2 residents",109820.24,"High Physical Support","Enrolled",2,1,0,1,"info@adapthousing.com.au","1300 223 278","https://www.housinghub.org.au/property-detail/sda/adapt-housing/bayview-nt/5790/vtjh8","","","",""
"ADAPT HOUSING PTY LTD","Dalby QLD 4405","House, 2 residents",75497.85,"High Physical Support","Enrolled",2,0,0,1,"info@adapthousing.com.au","1300 223 278","https://www.housinghub.org.au/property-detail/sda/adapt-housing/dalby-qld/5790/crf3i","","","",""
"ADAPT HOUSING PTY LTD","Burpengary QLD 4505","House, 2 residents",84268.76,"High Physical Support","Enrolled",3,0,0,1,"info@adapthousing.com.au","1300 223 278","https://www.housinghub.org.au/property-detail/sda/adapt-housing/burpengary-qld/5790/tc9yw","","","",""
"ADAPT HOUSING PTY LTD","Ormeau QLD 4208","House, 2 residents",79938.9,"High Physical Support","Enrolled",2,0,0,1,"info@adapthousing.com.au","1300 223 278","https://www.housinghub.org.au/property-detail/sda/adapt-housing/ormeau-qld/5790/h1ky8","","","",""
"ADAPT HOUSING PTY LTD","Corio VIC 3214","House, 2 residents",82746.75,"High Physical Support","Enrolled",2,1,0,1,"info@illowra.au","1300 455 697","https://www.housinghub.org.au/property-detail/sda/illowra/corio-vic/5726/ey8au","","","",""
"ADAPT HOUSING PTY LTD","Rochedale QLD 4123","Villa / Duplex / Townhouse, 1 residents",72848.3,"High Physical Support","Enrolled",1,1,0,0,"info@adapthousing.com.au","1300 223 278","https://www.housinghub.org.au/property-detail/sda/adapt-housing/rochedale-south-qld/5790/kwadh","","","",""
"ADAPT HOUSING PTY LTD","Zuccoli NT 0832","Villa / Duplex / Townhouse, 1 residents",94181.56,"High Physical Support","Enrolled",1,1,0,1,"info@adapthousing.com.au","1300 223 278","https://www.housinghub.org.au/property-detail/sda/adapt-housing/zuccoli-nt/5790/i3zmy","","","",""
"ADAPT HOUSING PTY LTD","Zuccoli NT 0832","House, 3 residents",77529.6,"High Physical Support","Enrolled",3,1,0,1,"info@adapthousing.com.au","1300 223 278","https://www.housinghub.org.au/property-detail/sda/adapt-housing/zuccoli-nt/5790/ele33","","","",""
"ADAPT HOUSING PTY LTD","Alstonville NSW 2477","House, 2 residents",71316.48,"Improved Liveability","Enrolled",2,0,0,1,"info@adapthousing.com.au","1300 223 278","https://www.housinghub.org.au/property-detail/sda/adapt-housing/alstonville-nsw/5790/4hm3f","","","",""
"AGAPI Care","Oakleigh VIC 3166","House, 3 residents",46325.68,"Improved Liveability","Enrolled",1,1,0,0,"intake@agapicare.org.au","0394711231","https://www.housinghub.org.au/property-detail/sda/agapi-care-inc/oakleigh-vic/cexe1/t7ynq","","","",""
"AHANACARE GROUP PTY LTD","Baldivis WA 6171","House, 2 residents",95630.84,"High Physical Support","Enrolled",2,0,0,1,"hello@ahanacare.com.au","","https://www.housinghub.org.au/property-detail/sda/ahanacare/baldivis-wa/20787/cdeam","","","",""
"AHL CARE PTY LTD","Clyde VIC 3978","House, 2 residents",85622.56,"High Physical Support","Enrolled",2,1,0,1,"admin@paramounthomes.com.au","","https://www.housinghub.org.au/property-detail/sda/paramount-disability-homes/clyde-north-vic/7kzhn/pp1dz","","","",""
"ALLIANCE ACCESS HOMES PTY LTD","Seaton SA 5023","Villa / Duplex / Townhouse, 3 residents",44205.98,"High Physical Support","Enrolled",2,1,0,1,"info@allianceaccesshomes.com.au","04 11191368","https://www.aahomes.com.au/","","","",""
"ALLIANCE ACCESS HOMES PTY LTD","Seaton SA 5023","Villa / Duplex / Townhouse, 3 residents",44205.98,"High Physical Support","Enrolled",1,1,0,1,"info@allianceaccesshomes.com.au","61 41119138","https://www.aahomes.com.au/","","","",""
"ALLIANCE ACCESS HOMES PTY LTD","Seaton SA 5023","House, 2 residents",105130.8,"High Physical Support","Enrolled",2,1,0,1,"info@allianceaccesshomes.com.au","61 04111913","https://www.aahomes.com.au/","","","",""
"ALLIANCE ACCESS HOMES PTY LTD","Morphett Vale SA 5162","House, 3 residents",68323.86,"High Physical Support","Enrolled",1,1,0,1,"intake@ldssa.org.au","08 8212 7766","https://www.housinghub.org.au/property-detail/sda/lutheran-disability-services/morphett-vale-sa/13197/wnvyd","","","",""
"AMITY HOUSING PTY LTD","Sorell TAS 7172","House, 3 residents",59183.1,"High Physical Support","Enrolled",2,0,0,1,"operations@selecthomeliving.com.au","0473074815","https://www.housinghub.org.au/property-detail/sda/select-home-living-pty-ltd/sorell-tas/20413/n4hp2","","","",""
"AMITY HOUSING PTY LTD","Gawler South SA 5118","House, 2 residents",92790.32,"High Physical Support","Enrolled",2,0,0,1,"support@amityhousing.com.au","0493302569","https://www.housinghub.org.au/property-detail/sda/amity-housing-pty-ltd/gawler-south-sa/bqbg1/ytgb1","","","",""
"AMITY HOUSING PTY LTD","Christies Beach SA 5165","House, 3 residents",65101.41,"High Physical Support","Enrolled",1,0,0,1,"support@amityhousing.com.au","0493302569","https://www.housinghub.org.au/property-detail/sda/amity-housing-pty-ltd/christies-beach-sa/bqbg1/9uf9p","","","",""
"AMITY HOUSING PTY LTD","Claremont TAS 7011","House, 2 residents",85215.6,"High Physical Support","Enrolled",1,0,0,1,"support@amityhousing.com.au","0493302569","https://www.housinghub.org.au/property-detail/sda/amity-housing-pty-ltd/claremont-tas/bqbg1/alp2m","","","",""
"AMITY HOUSING PTY LTD","New Norfolk TAS 7140","House, 2 residents",89262,"High Physical Support","Enrolled",2,1,0,1,"hello@careassure.com.au","08 7071 9276","https://www.housinghub.org.au/property-detail/sda/care-assure/new-norfolk-tas/16380/68nu1","","","",""
"AMITY HOUSING PTY LTD","Hackham West SA 5163","House, 2 residents",77993.19,"Improved Liveability","Enrolled",2,0,0,1,"support@amityhousing.com.au","0493302569","https://www.housinghub.org.au/property-detail/sda/amity-housing-pty-ltd/hackham-west-sa/bqbg1/us46j","","","",""
"AMITY HOUSING PTY LTD","Magra TAS 7140","House, 2 residents",85336.2,"High Physical Support","Enrolled",1,1,0,1,"josh@necessityhousing.com","0434078272","https://www.housinghub.org.au/property-detail/sda/necessity-housing/magra-tas/20437/wsv3u","","","",""
"AMITY HOUSING PTY LTD","Officer VIC 3809","House, 2 residents",91245.6,"High Physical Support","Enrolled",1,1,0,1,"support@amityhousing.com.au","0493302569","https://www.housinghub.org.au/property-detail/sda/amity-housing-pty-ltd/officer-vic/bqbg1/bf7k2","","","",""
"AMITY HOUSING PTY LTD","Plympton SA 5038","Apartment, 2 bedroom, 2 resident",50809,"High Physical Support","Enrolled",4,1,0,0,"support@amityhousing.com.au","0493302569","https://www.housinghub.org.au/property-detail/sda/amity-housing-pty-ltd/plympton-sa/bqbg1/69uxd","","","",""
"AMITY HOUSING PTY LTD","Riverside TAS 7250","House, 2 residents",87278.4,"High Physical Support","Enrolled",2,1,0,1,"hello@careassure.com.au","08 7071 9276","https://www.housinghub.org.au/property-detail/sda/care-assure/riverside-tas/16380/sbjn4","","","",""
"AMITY HOUSING PTY LTD","Mount Barker SA 5251","House, 2 residents",94684,"High Physical Support","Enrolled",2,0,0,1,"robert@synergyhousing.com.au","","https://www.housinghub.org.au/property-detail/sda/synergy-housing-pty-ltd-on-behalf-of-my-care-assist/mount-barker-sa/17827/mi8gk","","","",""
"AMITY HOUSING PTY LTD","Gulfview Heights SA 5096","House, 2 residents",78793.96,"Fully Accessible","Enrolled",4,0,0,1,"info@careandconnects.com.au","0883185000","https://www.housinghub.org.au/property-detail/sda/care-and-connects/gulfview-heights-sa/2sm8u/kz1jq","","","",""
"ANCHOR CAPITAL","Deanside VIC 3336","House, 2 residents",91843.48,"High Physical Support","Enrolled",2,0,0,1,"operations@selecthomeliving.com.au","0473074815","https://www.housinghub.org.au/property-detail/sda/select-home-living-pty-ltd/deanside-vic/20413/7dbyc","","","",""
"ANCHOR CAPITAL","Deanside VIC 3336","House, 2 residents",92121.87,"Robust","Enrolled",1,0,1,1,"hello@anchorcapital.au","13 00865925","https://www.anchorcapital.au/","","","",""
"ANEW SDA AUSTRALIA PTY LTD","Christie Downs SA 5164","House, 3 residents",60923.61,"High Physical Support","Enrolled",3,0,0,1,"klbonner50@gmail.com","","https://www.housinghub.org.au/property-detail/sda/anew-sda-australia-pty-ltd/christie-downs-sa/z3en2/td3kc","","","",""
"ANEW SDA AUSTRALIA PTY LTD","Morphett Vale SA 5162","House, 3 residents",60923.61,"High Physical Support","Enrolled",2,0,0,1,"klbonner50@gmail.com","","https://www.housinghub.org.au/property-detail/sda/anew-sda-australia-pty-ltd/morphett-vale-sa/z3en2/dj5u2","","","",""
"ASAYISH COMFORT CARE","Tregear NSW 2770","Group home, 5 residents",45039.12,"High Physical Support","Enrolled",6,1,0,1,"najia@asayish.com.au","","https://www.housinghub.org.au/property-detail/sda/asayish-comfort-care/tregear-nsw/tim9p/h1e42","","","",""
"ASDA PROVIDER GROUP","Pimpana QLD 4209","House, 3 residents",47216.7,"Fully Accessible","Enrolled",1,0,0,1,"shar@myfamilysupportservices.com.au","07 56656589","www.myfamilysupportservices.com.au","","","",""
"ASDA PROVIDER GROUP","Pimpama QLD 4209","House, 3 residents",47216.7,"Fully Accessible","Enrolled",1,0,0,1,"shar@myfamilysupportservices.com.au","07 56656589","www.myfamilysupportservices.com.au","","","",""
"ASDA PROVIDER GROUP","Mount Louisa QLD 4814","House, 3 residents",65759,"High Physical Support","Enrolled",3,0,0,1,"support@sdaresidential.com","03 9002 0300","https://www.housinghub.org.au/property-detail/sda/sda-residential/mount-louisa-qld/nc5s3/zxr61","","","",""
"ASSISTIVE HOUSING ADELAIDE PTY LTD","Ottoway SA 5013","House, 2 residents",83507.86,"Improved Liveability","Enrolled",1,0,0,1,"info@resicaresa.com.au","08 7085 063","https://www.housinghub.org.au/property-detail/sda/resicaresa/ottoway-sa/16169/5j1hn","","","",""
"ASSISTIVE SERENITY PTY LTD","Wallan VIC 3756","House, 3 residents",59183.1,"High Physical Support","Enrolled",2,0,0,1,"support@assistiveserenity.com.au","","https://www.housinghub.org.au/property-detail/sda/assistive-serenity-pty-ltd/wallan-vic/f4jqk/sssf8","","","",""
"AUSVIJ CARE PTY LTD","Mango Hill QLD 4509","House, 3 residents",54769.71,"High Physical Support","Enrolled",3,0,0,1,"info@ausvijcare.com.au","0422580533","https://www.housinghub.org.au/property-detail/sda/ausvij-care-pty-ltd/mango-hill-qld/5iakh/yimcm","","","",""
"AUSVIJ CARE PTY LTD","Warwick QLD 4370","House, 2 residents",75497.85,"High Physical Support","Enrolled",2,0,0,1,"info@ausvijcare.com.au","04 22580533","www.ausvijcare.com.au","","","",""
"AUSVIJ CARE PTY LTD","Warwick QLD 4370","House, 2 residents",75497.85,"High Physical Support","Enrolled",3,0,0,1,"info@ausvijcare.com.au","0422580533","https://www.housinghub.org.au/property-detail/sda/ausvij-care-pty-ltd/warwick-qld/5iakh/4g76x","","","",""
"AUSVIJ CARE PTY LTD","Bellbird NSW 2325","House, 2 residents",79273.19,"Robust","Enrolled",1,0,1,1,"info@ausvijcare.com.au","0422580533","https://www.housinghub.org.au/property-detail/sda/ausvij-care-pty-ltd/bellbird-nsw/5iakh/vfx84","","","",""
"AUSVIJ CARE PTY LTD","Charlemont VIC 3217","House, 2 residents",86553.24,"High Physical Support","Enrolled",2,1,0,1,"info@ausvijcare.com.au","0422580533","https://www.housinghub.org.au/property-detail/sda/ausvij-care-pty-ltd/charlemont-vic/5iakh/9pgv4","","","",""
"AVENU SPECIALIST DISABILITY ACCOMMODATION","Salisbury SA 5108","Apartment, 2 bedroom, 1 resident",123123.42,"High Physical Support","Enrolled",1,1,0,1,"alex.marshall@avenu.au","1300378955","https://www.housinghub.org.au/property-detail/sda/avenu/salisbury-sa/14333/dyyvj","","","",""
"AVENU SPECIALIST DISABILITY ACCOMMODATION","Dandenong VIC 3175","Apartment, 2 bedroom, 2 resident",47891.81,"High Physical Support","Enrolled",1,1,0,1,"ella.hattonward@avenu.au","04 49998537","https://avenu.au/","","","",""
"AVENU SPECIALIST DISABILITY ACCOMMODATION","Dandenong VIC 3175","Apartment, 2 bedroom, 2 resident",47891.81,"High Physical Support","Enrolled",1,1,0,1,"ella.hattonward@avenu.au","04 49998537","https://avenu.au/","","","",""
"AVENU SPECIALIST DISABILITY ACCOMMODATION","Dandenong VIC 3175","Apartment, 2 bedroom, 2 resident",47891.81,"High Physical Support","Enrolled",1,1,0,1,"ella.hattonward@avenu.au","04 49998537","https://avenu.au/","","","",""
"AVENU SPECIALIST DISABILITY ACCOMMODATION","Gawler SA 5118","House, 2 residents",92790.32,"High Physical Support","Enrolled",1,0,0,1,"ella.hattonward@avenu.au","04 49998537","https://avenu.au/","","","",""
"AVENU SPECIALIST DISABILITY ACCOMMODATION","Morphett Vale SA 5162","House, 2 residents",98188.2,"High Physical Support","Enrolled",2,1,0,1,"alex.marshall@avenu.au","1300378955","https://www.housinghub.org.au/property-detail/sda/avenu/morphett-vale-sa/14333/xbyu8","","","",""
"AVENU SPECIALIST DISABILITY ACCOMMODATION","Morphett Vale SA 5162","House, 2 residents",98188.2,"High Physical Support","Enrolled",1,1,0,1,"ella.hattonward@avenu.au","04 49998537","https://avenu.au/","","","",""
"AVENU SPECIALIST DISABILITY ACCOMMODATION","Morphett Vale SA 5162","House, 2 residents",98188.2,"High Physical Support","Enrolled",2,1,0,1,"ella.hattonward@avenu.au","04 49998537","https://avenu.au/","","","",""
"AVENU SPECIALIST DISABILITY ACCOMMODATION","Morphett Vale SA 5162","House, 2 residents",98188.2,"High Physical Support","Enrolled",1,1,0,1,"ella.hattonward@avenu.au","04 49998537","https://avenu.au/","","","",""
"AVENU SPECIALIST DISABILITY ACCOMMODATION","Port Macquarie NSW 2444","House, 2 residents",89262,"High Physical Support","Enrolled",1,1,0,1,"ella.hattonward@avenu.au","04 49998537","https://avenu.au/","","","",""
"AVENU SPECIALIST DISABILITY ACCOMMODATION","Port Macquarie NSW 2444","House, 2 residents",89262,"High Physical Support","Enrolled",1,1,0,1,"ella.hattonward@avenu.au","04 49998537","https://avenu.au/","","","",""
"AVENU SPECIALIST DISABILITY ACCOMMODATION","Wyong NSW 2259","House, 3 residents",69014,"High Physical Support","Enrolled",1,1,0,1,"ella.hattonward@avenu.au","04 49998537","https://avenu.au/","","","",""
"AVENU SPECIALIST DISABILITY ACCOMMODATION","Seacombe Gardens SA 5047","House, 2 residents",98188.2,"High Physical Support","Enrolled",2,1,0,1,"alex.marshall@avenu.au","1300378955","https://www.housinghub.org.au/property-detail/sda/avenu/seacombe-gardens-sa/14333/9aaug","","","",""
"AVENU SPECIALIST DISABILITY ACCOMMODATION","Blakeview SA 5114","House, 2 residents",97196.4,"High Physical Support","Enrolled",1,1,0,1,"ella.hattonward@avenu.au","04 49998537","https://avenu.au/","","","",""
"AVENU SPECIALIST DISABILITY ACCOMMODATION","Christie Downs SA 5164","House, 2 residents",98188.2,"High Physical Support","Enrolled",2,1,0,1,"alex.marshall@avenu.au","1300378955","https://www.housinghub.org.au/property-detail/sda/avenu/christie-downs-sa/14333/95p2t","","","",""
"AVENU SPECIALIST DISABILITY ACCOMMODATION","Ingle Farm SA 5098","House, 2 residents",97196.4,"High Physical Support","Enrolled",2,1,0,1,"alex.marshall@avenu.au","1300378955","https://www.housinghub.org.au/property-detail/sda/avenu/ingle-farm-sa/14333/x2754","","","",""
"Ability Homes Australia Ltd","Armstrong Creek VIC 3217","House, 2 residents",88056.12,"High Physical Support","Enrolled",2,0,0,1,"shine@brighterliving.com.au","1300 732 252","https://www.housinghub.org.au/property-detail/sda/brighter-living-australia/armstrong-creek-vic/sa21p/1nus7","","","",""
"Ability Housing","Lakelands WA 6180","House, 2 residents",85215.6,"High Physical Support","Enrolled",3,0,0,1,"rentals@gr8corp.com.au","0893583400","https://www.housinghub.org.au/property-detail/sda/gr8-disability-housing/lakelands-wa/14865/u2rig","","","",""
"Ability Housing","Bellevue WA 6056","House, 3 residents",61155.87,"High Physical Support","Enrolled",3,0,0,1,"engagement@abilityhousing.com.auu","08 9384 5221","https://www.housinghub.org.au/property-detail/sda/ability-housing/bellevue-wa/12832/qi7yj","","","",""
"Ability Housing","Wellard WA 6170","House, 2 residents",95920.71,"Robust","Enrolled",1,0,1,1,"engagement@abilityhousing.com.auu","08 9384 5221","https://www.housinghub.org.au/property-detail/sda/ability-housing/wellard-wa/12832/n9iqj","","","",""
"Ability Housing","Ellenbrook WA 6069","House, 2 residents",88056.12,"High Physical Support","Enrolled",2,0,0,1,"engagement@abilityhousing.com.auu","08 9384 5221","https://www.housinghub.org.au/property-detail/sda/ability-housing/ellenbrook-wa/12832/8mbjp","","","",""
"Ability Housing","Armadale WA 6112","Villa / Duplex / Townhouse, 1 residents",74334.73,"Fully Accessible","Enrolled",1,0,0,1,"engagement@abilityhousing.com.auu","08 9384 5221","https://www.housinghub.org.au/property-detail/sda/ability-housing/armadale-wa/12832/7xlqv","","","",""
"Ability Housing","Baldivis WA 6171","House, 3 residents",67074.18,"High Physical Support","Enrolled",1,0,0,1,"engagement@abilityhousing.com.auu","08 9384 5221","https://www.housinghub.org.au/property-detail/sda/ability-housing/baldivis-wa/12832/b3yif","","","",""
"Ability Housing","Northam WA 6401","House, 2 residents",90275.96,"High Physical Support","Enrolled",2,1,0,1,"engagement@abilityhousing.com.auu","08 9384 5221","https://www.housinghub.org.au/property-detail/sda/ability-housing/northam-wa/12832/9fpmq","","","",""
"Ability Housing","Hilbert WA 6112","House, 2 residents",100365.04,"High Physical Support","Enrolled",3,0,0,1,"engagement@abilityhousing.com.auu","08 9384 5221","https://www.housinghub.org.au/property-detail/sda/ability-housing/hilbert-wa/12832/49ywc","","","",""
"Ability Housing","Beckenham WA 6107","Villa / Duplex / Townhouse, 1 residents",90030.73,"High Physical Support","Enrolled",3,1,0,1,"hello@nesti.org.au","08 6325 7700","https://www.housinghub.org.au/property-detail/sda/nesti-housing/beckenham-wa/1f29y/5u1g5","","","",""
"Ability Housing","Dayton WA 6055","House, 2 residents",82603.53,"High Physical Support","Enrolled",1,0,0,1,"engagement@abilityhousing.com.auu","08 9384 5221","https://www.housinghub.org.au/property-detail/sda/ability-housing/dayton-wa/12832/hkia9","","","",""
"Ability Housing","Dayton WA 6055","House, 2 residents",82603.53,"High Physical Support","Enrolled",2,0,0,1,"engagement@abilityhousing.com.auu","08 9384 5221","https://www.housinghub.org.au/property-detail/sda/ability-housing/dayton-wa/12832/tvz8a","","","",""
"Ability Housing","Byford WA 6122","Villa / Duplex / Townhouse, 1 residents",83878.77,"High Physical Support","Enrolled",2,0,0,1,"engagement@abilityhousing.com.auu","08 9384 5221","https://www.housinghub.org.au/property-detail/sda/ability-housing/byford-wa/12832/nn6lh","","","",""
"Ability Housing","Byford WA 6122","House, 2 residents",0,"Multi Design Category","Enrolled",2,0,0,1,"engagement@abilityhousing.com.auu","08 9384 5221","https://www.housinghub.org.au/property-detail/sda/ability-housing/byford-wa/12832/9zcai","","","",""
"Ability Housing","Byford WA 6122","House, 2 residents",85226.12,"Fully Accessible","Enrolled",2,0,0,1,"engagement@abilityhousing.com.auu","08 9384 5221","https://www.housinghub.org.au/property-detail/sda/ability-housing/byford-wa/12832/mfxs6","","","",""
"Ability Housing","Stirling WA 6021","Apartment, 2 bedroom, 1 resident",125365.8,"High Physical Support","Enrolled",2,1,0,1,"engagement@abilityhousing.com.auu","08 9384 5221","https://www.housinghub.org.au/property-detail/sda/ability-housing/stirling-wa/12832/d4z5d","","","",""
"Ability Housing","St James WA 6102","House, 3 residents",73844.98,"High Physical Support","Enrolled",3,1,0,1,"engagement@abilityhousing.com.auu","08 9384 5221","https://www.housinghub.org.au/property-detail/sda/ability-housing/st-james-wa/12832/sl1si","","","",""
"Ability Housing","Glendalough WA 6016","House, 2 residents",117408.16,"High Physical Support","Enrolled",2,0,0,1,"engagement@abilityhousing.com.auu","08 9384 5221","https://www.housinghub.org.au/property-detail/sda/ability-housing/glendalough-wa/12832/mis9k","","","",""
"Ability Housing","Glendalough WA 6016","House, 2 residents",117408.16,"High Physical Support","Enrolled",2,0,0,1,"engagement@abilityhousing.com.auu","08 9384 5221","https://www.housinghub.org.au/property-detail/sda/ability-housing/glendalough-wa/12832/l9sva","","","",""
"Ability Housing","Lynwood WA 6147","House, 2 residents",105502.86,"Robust","Enrolled",2,1,1,1,"engagement@abilityhousing.com.auu","08 9384 5221","https://www.housinghub.org.au/property-detail/sda/ability-housing/lynwood-wa/12832/kqwy7","","","",""
"Ability Housing","Dianella WA 6059","House, 2 residents",98188.2,"High Physical Support","Enrolled",1,1,0,1,"engagement@abilityhousing.com.auu","08 9384 5221","https://www.housinghub.org.au/property-detail/sda/ability-housing/dianella-wa/12832/bv4id","","","",""
"Ability Housing","Port Kennedy WA 6172","House, 2 residents",95630.84,"High Physical Support","Enrolled",1,0,0,1,"engagement@abilityhousing.com.auu","08 9384 5221","https://www.housinghub.org.au/property-detail/sda/ability-housing/port-kennedy-wa/12832/q6iar","","","",""
"Ability Housing","Ellenbrook WA 6069","House, 3 residents",61155.87,"High Physical Support","Enrolled",3,0,0,1,"engagement@abilityhousing.com.auu","08 9384 5221","https://www.housinghub.org.au/property-detail/sda/ability-housing/ellenbrook-wa/12832/wn4bu","","","",""
"Ability Housing","Armadale WA 6112","House, 2 residents",88604.34,"Robust","Enrolled",2,0,0,1,"engagement@abilityhousing.com.auu","08 9384 5221","https://www.housinghub.org.au/property-detail/sda/ability-housing/armadale-wa/12832/wmptt","","","",""
"Ability Housing","Sinagra WA 6065","House, 2 residents",98188.2,"High Physical Support","Enrolled",1,1,0,1,"engagement@abilityhousing.com.auu","08 9384 5221","https://www.housinghub.org.au/property-detail/sda/ability-housing/sinagra-wa/12832/xiti4","","","",""
"Ability Housing","Anketell WA 6167","House, 2 residents",81206.02,"Fully Accessible","Enrolled",2,0,0,1,"engagement@abilityhousing.com.auu","08 9384 5221","https://www.housinghub.org.au/property-detail/sda/ability-housing/anketell-wa/12832/nw6jc","","","",""
"Ability Housing","Beckenham WA 6107","House, 2 residents",105502.86,"Robust","Enrolled",1,1,1,1,"engagement@abilityhousing.com.auu","08 9384 5221","https://www.housinghub.org.au/property-detail/sda/ability-housing/beckenham-wa/12832/4ixpp","","","",""
"Ability Housing","Brabham WA 6055","House, 2 residents",88056.12,"High Physical Support","Enrolled",2,0,0,1,"sarah.thompson@experiencesocialgrowth.com","","https://www.housinghub.org.au/property-detail/sda/esg-inclusive-homes/brabham-wa/stkkt/lwpuv","","","",""
"Ability Options Ltd","Wallsend NSW 2287","House, 3 residents",63979.74,"High Physical Support","Enrolled",3,1,0,0,"accommodation@abilityoptions.org.au","1300422454","https://www.housinghub.org.au/property-detail/sda/ability-options/wallsend-nsw/el84u/p9uqx","","","",""
"Able Australia Services - National","Mount Waverley VIC 3149","Group home, 5 residents",12162.24,"Fully Accessible","Enrolled",1,1,0,1,"intake@ableaustralia.org.au","1300 080 777","https://www.housinghub.org.au/property-detail/sda/able-australia/mt-waverley-vic/5799/vvraf","","","",""
"Able Australia Services - National","Moorabbin VIC 3189","Group home, 5 residents",13697.28,"Fully Accessible","Enrolled",1,1,0,1,"intake@ableaustralia.org.au","1300 080 777","https://www.housinghub.org.au/property-detail/sda/able-australia/moorabbin-vic/5799/7978","","","",""
"Able Living","Rockingham WA 6168","Apartment, 1 bedroom, 1 resident",117447,"High Physical Support","Enrolled",2,1,0,1,"info@ablelivingsda.com.au","082002100","https://www.housinghub.org.au/property-detail/sda/able-living-sda-pty-ltd/rockingham-wa/4smbm/ax85s","","","",""
"Access 2 Place Housing","Evanston SA 5116","Villa / Duplex / Townhouse, 2 residents",6788.16,"Improved Liveability","Enrolled",1,0,0,0,"info@access2place.com.au","0882746300","https://www.housinghub.org.au/property-detail/sda/access-2-place-housing/evanston-sa/5800/9682","","","",""
"Access 2 Place Housing","Hackham West SA 5163","Villa / Duplex / Townhouse, 1 residents",15229.44,"Improved Liveability","Enrolled",1,0,0,1,"info@access2place.com.au","0882746300","https://www.housinghub.org.au/property-detail/sda/access-2-place-housing/hackham-west-sa/5800/yuqlq","","","",""
"Access 2 Place Housing","Millicent SA 5280","Villa / Duplex / Townhouse, 2 residents",7410.14,"Improved Liveability","Enrolled",1,0,0,1,"info@access2place.com.au","0882746300","https://www.housinghub.org.au/property-detail/sda/access-2-place-housing/millicent-sa/5800/9630","","","",""
"Access 2 Place Housing","Munno Para SA 5115","Villa / Duplex / Townhouse, 2 residents",7992.96,"Improved Liveability","Enrolled",1,0,0,1,"info@access2place.com.au","0882746300","https://www.housinghub.org.au/property-detail/sda/access-2-place-housing/munno-para-sa/5800/4955","","","",""
"Access 2 Place Housing","North Haven SA 5018","House, 3 residents",8074.44,"Improved Liveability","Enrolled",1,0,0,1,"info@access2place.com.au","0882746300","https://www.housinghub.org.au/property-detail/sda/access-2-place-housing/north-haven-sa/5800/sktx9","","","",""
"Access 2 Place Housing","Para Hills SA 5096","Group home, 4 residents",50079.15,"High Physical Support","Enrolled",2,0,0,1,"info@access2place.com.au","0882746300","https://www.housinghub.org.au/property-detail/sda/access-2-place-housing/para-hills-sa/5800/4140","","","",""
"Access 2 Place Housing","Albert Park SA 5014","House, 3 residents",5988.51,"Basic","Enrolled",1,0,0,0,"info@access2place.com.au","0882746300","https://www.housinghub.org.au/property-detail/sda/access-2-place-housing/albert-park-sa/5800/8033","","","",""
"Access 2 Place Housing","Broadview SA 5083","Group home, 5 residents",20856.72,"High Physical Support","Enrolled",1,0,0,1,"info@access2place.com.au","0882746300","https://www.housinghub.org.au/property-detail/sda/access-2-place-housing/broadview-sa/5800/4482","","","",""
"Access 2 Place Housing","Elizabeth South SA 5112","Group home, 4 residents",8080.32,"Improved Liveability","Enrolled",1,0,0,1,"info@access2place.com.au","0882746300","https://www.housinghub.org.au/property-detail/sda/access-2-place-housing/elizabeth-south-sa/5800/3laig","","","",""
"Access 2 Place Housing","Park Holme SA 5043","Group home, 5 residents",20634.84,"High Physical Support","Enrolled",1,0,0,1,"info@access2place.com.au","0882746300","https://www.housinghub.org.au/property-detail/sda/access-2-place-housing/park-holme-sa/5800/6367","","","",""
"Access 2 Place Housing","Seacombe Gardens SA 5047","Group home, 5 residents",20634.84,"High Physical Support","Enrolled",2,0,0,1,"info@access2place.com.au","0882746300","https://www.housinghub.org.au/property-detail/sda/access-2-place-housing/seacombe-gardens-sa/5800/8u848","","","",""
"Access 2 Place Housing","Woodville SA 5011","Group home, 4 residents",7387.38,"Basic","Enrolled",1,0,0,0,"info@access2place.com.au","0882746300","https://www.housinghub.org.au/property-detail/sda/access-2-place-housing/woodville-sa/5800/p8l3u","","","",""
"Access 2 Place Housing","Sturt SA 5047","Group home, 4 residents",22698.18,"High Physical Support","Enrolled",2,0,0,0,"info@access2place.com.au","0882746300","https://www.housinghub.org.au/property-detail/sda/access-2-place-housing/sturt-sa/5800/j6ftp","","","",""
"Access 2 Place Housing","Park Holme SA 5043","Group home, 5 residents",20634.84,"High Physical Support","Enrolled",1,0,0,1,"info@access2place.com.au","0882746300","https://www.housinghub.org.au/property-detail/sda/access-2-place-housing/park-holme-sa/5800/a1vnd","","","",""
"Access 2 Place Housing","Findon SA 5023","Group home, 5 residents",21966.12,"High Physical Support","Enrolled",1,0,0,1,"info@access2place.com.au","0882746300","https://www.housinghub.org.au/property-detail/sda/access-2-place-housing/findon-sa/5800/8703","","","",""
"Access 2 Place Housing","Enfield SA 5085","Group home, 5 residents",20856.72,"High Physical Support","Enrolled",2,0,0,1,"info@access2place.com.au","0882746300","https://www.housinghub.org.au/property-detail/sda/access-2-place-housing/enfield-sa/5800/1ejea","","","",""
"Access 2 Place Housing","Findon SA 5023","Group home, 5 residents",21966.12,"High Physical Support","Enrolled",3,0,0,1,"info@access2place.com.au","0882746300","https://www.housinghub.org.au/property-detail/sda/access-2-place-housing/findon-sa/5800/i1it2","","","",""
"Access 2 Place Housing","Christies Beach SA 5165","Villa / Duplex / Townhouse, 1 residents",62325.08,"Fully Accessible","Enrolled",1,0,0,0,"info@access2place.com.au","0882746300","https://www.housinghub.org.au/property-detail/sda/access-2-place-housing/christies-beach-sa/5800/riwz3","","","",""
"Access 2 Place Housing","Enfield SA 5085","Villa / Duplex / Townhouse, 1 residents",15705.36,"Improved Liveability","Enrolled",1,0,0,1,"info@access2place.com.au","0882746300","https://www.housinghub.org.au/property-detail/sda/access-2-place-housing/enfield-sa/5800/wqxtq","","","",""
"Access 2 Place Housing","Enfield SA 5085","Villa / Duplex / Townhouse, 1 residents",15705.36,"Improved Liveability","Enrolled",1,0,0,1,"info@access2place.com.au","0882746300","https://www.housinghub.org.au/property-detail/sda/access-2-place-housing/enfield-sa/5800/ijlr4","","","",""
"Access 2 Place Housing","Elizabeth East SA 5112","Group home, 4 residents",8080.32,"Improved Liveability","Enrolled",1,0,0,1,"info@access2place.com.au","0882746300","https://www.housinghub.org.au/property-detail/sda/access-2-place-housing/elizabeth-east-sa/5800/4272","","","",""
"Access 2 Place Housing","Aldinga Beach SA 5173","Villa / Duplex / Townhouse, 1 residents",65076.32,"Fully Accessible","Enrolled",1,0,0,1,"info@access2place.com.au","0882746300","https://www.housinghub.org.au/property-detail/sda/access-2-place-housing/aldinga-beach-sa/5800/2uia5","","","",""
"Access 2 Place Housing","Murray Bridge SA 5253","Villa / Duplex / Townhouse, 1 residents",63143.36,"Fully Accessible","Enrolled",1,0,0,1,"info@access2place.com.au","0882746300","https://www.housinghub.org.au/property-detail/sda/access-2-place-housing/murray-bridge-sa/5800/bj5ik","","","",""
"Access 2 Place Housing","Greenacres SA 5086","House, 2 residents",66435.18,"Improved Liveability","Enrolled",1,0,0,0,"info@access2place.com.au","0882746300","https://www.housinghub.org.au/property-detail/sda/access-2-place-housing/greenacres-sa/5800/d1ct7","","","",""
"Access 2 Place Housing","Salisbury SA 5108","House, 2 residents",80131.66,"High Physical Support","Enrolled",1,0,0,0,"info@access2place.com.au","0882746300","https://www.housinghub.org.au/property-detail/sda/access-2-place-housing/salisbury-sa/5800/5684","","","",""
"Access Hogan Homes","North Geelong VIC 3215","House, 2 residents",69087.84,"Improved Liveability","Enrolled",2,0,0,1,"hi@accesshoganhomes.com.au","0474818942","https://www.housinghub.org.au/property-detail/sda/access-hogan-homes/north-geelong-vic/17664/9725","","","",""
"Access Hogan Homes","North Geelong VIC 3215","Villa / Duplex / Townhouse, 1 residents",68772.4,"High Physical Support","Enrolled",1,0,0,1,"hi@accesshoganhomes.com.au","0474818942","https://www.housinghub.org.au/property-detail/sda/access-hogan-homes/north-geelong-vic/17664/j1msa","","","",""
"Access Hogan Homes","North Geelong VIC 3215","Villa / Duplex / Townhouse, 1 residents",68772.4,"High Physical Support","Enrolled",1,0,0,1,"hi@accesshoganhomes.com.au","0474818942","https://www.housinghub.org.au/property-detail/sda/access-hogan-homes/north-geelong-vic/17664/6302","","","",""
"Access Hogan Homes","Brookfield VIC 3338","House, 2 residents",86398.87,"Robust","Enrolled",1,0,1,1,"hi@accesshoganhomes.com.au","0474818942","https://www.housinghub.org.au/property-detail/sda/access-hogan-homes/brookfield-vic/17664/zkr3c","","","",""
"Access Hogan Homes","Darley VIC 3340","House, 2 residents",81081.33,"Robust","Enrolled",2,0,0,1,"hi@accesshoganhomes.com.au","0474818942","https://www.housinghub.org.au/property-detail/sda/access-hogan-homes/darley-vic/17664/xkwv9","","","",""
"Access Hogan Homes","Lara VIC 3212","House, 2 residents",86553.24,"High Physical Support","Enrolled",1,1,0,1,"hi@accesshoganhomes.com.au","0474818942","https://www.housinghub.org.au/property-detail/sda/access-hogan-homes/lara-vic/17664/1h6mp","","","",""
"Access Hogan Homes","Ivanhoe VIC 3079","House, 3 residents",48992.4,"Improved Liveability","Enrolled",2,0,0,1,"hi@accesshoganhomes.com.au","0474818942","https://www.housinghub.org.au/property-detail/sda/access-hogan-homes/ivanhoe-vic/17664/y5tjc","","","",""
"AccessAccom Pty Ltd","Ryde NSW 2112","Apartment, 1 bedroom, 1 resident",106913.34,"High Physical Support","Enrolled",1,0,0,1,"Enquiries@accessaccom.com.au","1800692223","https://www.housinghub.org.au/property-detail/sda/accessaccom/ryde-nsw/5661/1054","","","",""
"AccessAccom Pty Ltd","Werrington NSW 2747","House, 3 residents",54166.56,"Robust","Enrolled",3,0,0,1,"Enquiries@accessaccom.com.au","1800692223","https://www.housinghub.org.au/property-detail/sda/accessaccom/werrington-nsw/5661/n6rmi","","","",""
"AccessAccom Pty Ltd","Werrington NSW 2747","House, 2 residents",83726.74,"Robust","Enrolled",2,0,1,1,"Enquiries@accessaccom.com.au","1800692223","https://www.housinghub.org.au/property-detail/sda/accessaccom/werrington-nsw/5661/hyfh1","","","",""
"AccessAccom Pty Ltd","Penrith NSW 2750","Apartment, 2 bedroom, 1 resident",114249.66,"High Physical Support","Enrolled",2,1,0,1,"Enquiries@accessaccom.com.au","1800692223","https://www.housinghub.org.au/property-detail/sda/accessaccom/penrith-nsw/5661/rxz9z","","","",""
"AccessAccom Pty Ltd","Penrith NSW 2750","Apartment, 2 bedroom, 1 resident",114249.66,"High Physical Support","Enrolled",1,1,0,1,"Enquiries@accessaccom.com.au","1800692223","https://www.housinghub.org.au/property-detail/sda/accessaccom/penrith-nsw/5661/x8dwm","","","",""
"AccessAccom Pty Ltd","Bankstown NSW 2200","Apartment, 2 bedroom, 1 resident",121783.92,"High Physical Support","Enrolled",1,1,0,1,"Enquiries@accessaccom.com.au","1800692223","https://www.housinghub.org.au/property-detail/sda/accessaccom/bankstown-nsw/5661/1676","","","",""
"AccessAccom Pty Ltd","Bankstown NSW 2200","Apartment, 1 bedroom, 1 resident",116039.91,"High Physical Support","Enrolled",1,1,0,1,"Enquiries@accessaccom.com.au","1800692223","https://www.housinghub.org.au/property-detail/sda/accessaccom/bankstown-nsw/5661/27b7a","","","",""
"AccessAccom Pty Ltd","Woolooware NSW 2230","Apartment, 1 bedroom, 1 resident",116039.91,"High Physical Support","Enrolled",1,1,0,1,"Enquiries@accessaccom.com.au","1800692223","https://www.housinghub.org.au/property-detail/sda/accessaccom/woolooware-bay-nsw/5661/6556","","","",""
"AccessAccom Pty Ltd","Mascot NSW 2020","House, 3 residents",110584.32,"Improved Liveability","Enrolled",1,1,0,1,"Enquiries@accessaccom.com.au","1800692223","https://www.housinghub.org.au/property-detail/sda/accessaccom/mascot-nsw/5661/r4eij","","","",""
"AccessAccom Pty Ltd","Cabramatta NSW 2166","House, 2 residents",93068,"High Physical Support","Enrolled",2,1,0,1,"Enquiries@accessaccom.com.au","1800692223","https://www.housinghub.org.au/property-detail/sda/accessaccom/cabramatta-nsw/5661/tpij6","","","",""
"AccessAccom Pty Ltd","Blacktown NSW 2148","House, 2 residents",94929.36,"High Physical Support","Enrolled",2,1,0,1,"Enquiries@accessaccom.com.au","1800692223","https://www.housinghub.org.au/property-detail/sda/accessaccom/blacktown-nsw/5661/j9ldz","","","",""
"Accessible Projects","Wollert VIC 3750","House, 2 residents",84037.5,"Robust","Enrolled",1,1,1,1,"admin@accessibleprojects.com.au","0418846942","https://www.housinghub.org.au/property-detail/sda/accessible-projects/wollert-vic/cm712/57654","","","",""
"Accessible Projects","Winchelsea VIC 3241","Villa / Duplex / Townhouse, 1 residents",69541.9,"Robust","Enrolled",1,1,0,1,"admin@accessibleprojects.com.au","0418846942","https://www.housinghub.org.au/property-detail/sda/accessible-projects/winchelsea-vic/cm712/6xp77","","","",""
"Accommodation And Care Solutions","Rydalmere NSW 2116","Apartment, 1 bedroom, 1 resident",98498.23,"Fully Accessible","Enrolled",1,0,0,1,"engagement@veraliving.com.au","0432839032","https://www.housinghub.org.au/property-detail/sda/vera-living/rydalmere-nsw/12449/v4biq","","","",""
"Adaptive Housing","Sebastopol VIC 3356","Apartment, 2 bedroom, 1 resident",107594.34,"High Physical Support","Enrolled",1,1,0,1,"intake@mccallum.org.au","5334 1921","https://www.housinghub.org.au/property-detail/sda/mccallum-disability-services/sebastopol-vic/11909/azx26","","","",""
"Adaptive Housing","Smythes Creek VIC 3351","House, 3 residents",0,"Multi Design Category","Enrolled",1,0,0,1,"info@adaptivehousing.com.au","","https://www.housinghub.org.au/property-detail/sda/adaptive-housing/smythes-creek-vic/5784/kmuyd","","","",""
"Adaptive Housing","Smythes Creek VIC 3351","House, 3 residents",0,"Multi Design Category","Enrolled",1,0,0,1,"info@adaptivehousing.com.au","","https://www.housinghub.org.au/property-detail/sda/adaptive-housing/delacombe-vic/5784/hy3xq","","","",""
"Adaptive Housing","Daylesford VIC 3460","Villa / Duplex / Townhouse, 1 residents",73511.33,"High Physical Support","Enrolled",1,1,0,1,"info@adaptivehousing.com.au","","https://www.housinghub.org.au/property-detail/sda/adaptive-housing/daylesford-vic/5784/nveb7","","","",""
"Adaptive Housing","Greenvale VIC 3059","Villa / Duplex / Townhouse, 1 residents",73511.33,"High Physical Support","Enrolled",1,1,0,1,"Prachi@zionhealthcare.com.au","1300009466","https://www.housinghub.org.au/property-detail/sda/zion-health-care/greenvale-vic/jbcd8/e2wrz","","","",""
"Adaptive Housing","Whittington VIC 3219","Villa / Duplex / Townhouse, 1 residents",73105.35,"High Physical Support","Enrolled",1,0,0,1,"info@adaptivehousing.com.au","","https://www.housinghub.org.au/property-detail/sda/adaptive-housing/whittington-vic/5784/4wjvg","","","",""
"Adenium Living","Elizabeth SA 5112","House, 3 residents",68323.86,"High Physical Support","Enrolled",2,1,0,1,"hello@adeniumliving.com.au","03 8639 0131","https://www.housinghub.org.au/property-detail/sda/adenium-living/elizabeth-sa/b5av8/huxw5","","","",""
"Adenium Living","Elizabeth Park SA 5113","House, 3 residents",68323.86,"High Physical Support","Enrolled",1,1,0,1,"hello@adeniumliving.com.au","03 8639 0131","https://www.housinghub.org.au/property-detail/sda/adenium-living/elizabeth-park-sa/b5av8/d7wsn","","","",""
"Adenium Living","Seaton SA 5023","House, 2 residents",105130.8,"High Physical Support","Enrolled",2,1,0,1,"hello@adeniumliving.com.au","03 8639 0131","https://www.housinghub.org.au/property-detail/sda/adenium-living/seaton-sa/b5av8/vqfmr","","","",""
"Adenium Living","Marion SA 5043","House, 2 residents",92137.32,"High Physical Support","Enrolled",2,1,0,1,"hello@adeniumliving.com.au","03 8639 0131","https://www.housinghub.org.au/property-detail/sda/adenium-living/marion-sa/b5av8/93qsb","","","",""
"Adenium Living","Hackham West SA 5163","House, 3 residents",68323.86,"High Physical Support","Enrolled",3,1,0,1,"hello@adeniumliving.com.au","03 8639 0131","https://www.housinghub.org.au/property-detail/sda/adenium-living/hackham-west-sa/b5av8/y8ttb","","","",""
"Adenium Living","Elizabeth Grove SA 5112","Villa / Duplex / Townhouse, 1 residents",79231.56,"Robust","Enrolled",1,1,0,1,"hello@adeniumliving.com.au","03 8639 0131","https://www.housinghub.org.au/property-detail/sda/adenium-living/elizabeth-grove-sa/b5av8/es9wq","","","",""
"Adenium Living","Seaton SA 5023","House, 2 residents",105130.8,"High Physical Support","Enrolled",2,1,0,1,"hello@adeniumliving.com.au","03 8639 0131","https://www.housinghub.org.au/property-detail/sda/adenium-living/seaton-sa/b5av8/nlxj8","","","",""
"Adenium Living","Clovelly Park SA 5042","House, 2 residents",98188.2,"High Physical Support","Enrolled",2,1,0,1,"hello@adeniumliving.com.au","03 8639 0131","https://www.housinghub.org.au/property-detail/sda/adenium-living/clovelly-park-sa/b5av8/la2ev","","","",""
"Adenium Living","Plympton Park SA 5038","House, 2 residents",98188.2,"High Physical Support","Enrolled",2,1,0,1,"hello@adeniumliving.com.au","03 8639 0131","https://www.housinghub.org.au/property-detail/sda/adenium-living/plympton-park-sa/b5av8/gqc59","","","",""
"Adenium Living","Clovelly Park SA 5042","House, 2 residents",98188.2,"High Physical Support","Enrolled",2,1,0,1,"hello@adeniumliving.com.au","03 8639 0131","https://www.housinghub.org.au/property-detail/sda/adenium-living/clovelly-park-sa/b5av8/yqvxq","","","",""
"Adenium Living","Royal Park SA 5014","House, 2 residents",105130.8,"High Physical Support","Enrolled",2,1,0,1,"hello@adeniumliving.com.au","03 8639 0131","https://www.housinghub.org.au/property-detail/sda/adenium-living/royal-park-sa/b5av8/kccfs","","","",""
"Adenium Living","Flinders Park SA 5025","House, 2 residents",105130.8,"High Physical Support","Enrolled",2,1,0,1,"hello@adeniumliving.com.au","03 8639 0131","https://www.housinghub.org.au/property-detail/sda/adenium-living/flinders-park-vic/b5av8/jtiet","","","",""
"Adenium Living","Christie Downs SA 5164","House, 2 residents",98188.2,"High Physical Support","Enrolled",2,1,0,1,"hello@adeniumliving.com.au","03 8639 0131","https://www.housinghub.org.au/property-detail/sda/adenium-living/christie-downs-sa/b5av8/mbbq4","","","",""
"Adenium Living","Northfield SA 5085","House, 2 residents",97196.4,"High Physical Support","Enrolled",2,1,0,1,"hello@adeniumliving.com.au","03 8639 0131","https://www.housinghub.org.au/property-detail/sda/adenium-living/northfield-sa/b5av8/s7em5","","","",""
"Adenium Living","Mount Barker SA 5251","House, 3 residents",69014,"High Physical Support","Enrolled",3,1,0,1,"hello@adeniumliving.com.au","03 8639 0131","https://www.housinghub.org.au/property-detail/sda/adenium-living/mount-barker-sa/b5av8/y5sem","","","",""
"Adenium Living","Valley View SA 5093","House, 2 residents",97196.4,"High Physical Support","Enrolled",2,1,0,1,"hello@adeniumliving.com.au","03 8639 0131","https://www.housinghub.org.au/property-detail/sda/adenium-living/valley-view-sa/b5av8/az5tk","","","",""
"Adenium Living","Hackham SA 5163","Villa / Duplex / Townhouse, 1 residents",78454.78,"Robust","Enrolled",1,1,0,1,"hello@adeniumliving.com.au","03 8639 0131","https://www.housinghub.org.au/property-detail/sda/adenium-living/hackham-sa/b5av8/bcfbs","","","",""
"Adenium Living","Christie Downs SA 5164","House, 3 residents",68323.86,"High Physical Support","Enrolled",3,1,0,1,"hello@adeniumliving.com.au","03 8639 0131","https://www.housinghub.org.au/property-detail/sda/adenium-living/christie-downs-sa/b5av8/17ttf","","","",""
"Adenium Living","Mount Barker SA 5251","House, 3 residents",69014,"High Physical Support","Enrolled",1,1,0,1,"hello@adeniumliving.com.au","03 8639 0131","https://www.housinghub.org.au/property-detail/sda/adenium-living/mount-barker-sa/b5av8/mzn6w","","","",""
"Adenium Living","Mount Barker SA 5251","House, 3 residents",69014,"High Physical Support","Enrolled",3,1,0,1,"hello@adeniumliving.com.au","03 8639 0131","https://www.housinghub.org.au/property-detail/sda/adenium-living/mount-barker-sa/b5av8/hch99","","","",""
"Adenium Living","Plympton Park SA 5038","House, 2 residents",98188.2,"High Physical Support","Enrolled",2,1,0,1,"info@nurseaidaustralia.com.au","1300 413 663","https://www.housinghub.org.au/property-detail/sda/nurse-aid-australia/plympton-park-sa/17122/pywgl","","","",""
"Anasa SDA","Northcote VIC 3070","House, 3 residents",94549.18,"High Physical Support","Enrolled",3,1,0,1,"Enquiries@careiwish.com.au","0370376606","https://www.housinghub.org.au/property-detail/sda/care-i-wish/northcote-vic/m949f/nfxbs","","","",""
"Apeiron Homes","West Footscray VIC 3012","Apartment, 1 bedroom, 1 resident",104634.6,"High Physical Support","Enrolled",1,1,0,1,"enquiry@apeironhomes.com.au","","https://www.housinghub.org.au/property-detail/sda/apeiron-homes-pty-ltd/inner-melbourne-vic/17586/7635","","","",""
"Aruma Foundation Limited","Swan Hill VIC 3585","Group home, 5 residents",5375.04,"Basic","Enrolled",1,1,0,0,"enquiries@aruma.com.au","1300538746","www.aruma.com.au","","","",""
"Aruma Foundation Limited","Reservoir VIC 3073","Group home, 5 residents",5741.52,"Basic","Enrolled",1,1,0,0,"enquiries@aruma.com.au","1300538746","www.aruma.com.au","","","",""
"Aruma Foundation Limited","Drouin VIC 3818","Legacy Stock, 6+ residents",4017.06,"Basic","Enrolled",1,1,0,0,"enquiries@aruma.com.au","1300538746","www.aruma.com.au","","","",""
"Aruma Foundation Limited","Moe VIC 3825","Legacy Stock, 6+ residents",8530.34,"Fully Accessible","Enrolled",1,1,0,1,"enquiries@aruma.com.au","1300 538 746","https://www.housinghub.org.au/property-detail/sda/aruma/moe-vic/5708/yselh","","","",""
"Aruma Foundation Limited","Maffra VIC 3860","Legacy Stock, 6+ residents",4017.06,"Basic","Enrolled",1,1,0,0,"enquiries@aruma.com.au","1300 538 746","https://www.housinghub.org.au/property-detail/sda/aruma/maffra-vic/5708/kyqqd","","","",""
"Aruma Services","Adamstown NSW 2289","Group home, 5 residents",36068.67,"Improved Liveability","Enrolled",2,1,0,1,"enquiries@aruma.com.au","1300538746","www.aruma.com.au","","","",""
"Aruma Services","Westdale NSW 2340","Group home, 5 residents",5558.28,"Basic","Enrolled",1,1,0,0,"enquiries@aruma.com.au","1300538746","www.aruma.com.au","","","",""
"Aruma Services","St Clair NSW 2330","Villa / Duplex / Townhouse, 2 residents",6905.25,"Basic","Enrolled",1,1,0,0,"enquiries@aruma.com.au","1300538746","www.aruma.com.au","","","",""
"Aruma Services","St Clair NSW 2330","Villa / Duplex / Townhouse, 3 residents",5587.56,"Basic","Enrolled",1,1,0,0,"enquiries@aruma.com.au","1300538746","www.aruma.com.au","","","",""
"Aruma Services","Goulburn NSW 2580","Group home, 5 residents",5802.6,"Basic","Enrolled",1,1,0,0,"enquiries@aruma.com.au","1300538746","www.aruma.com.au","","","",""
"Aruma Services","Jerrabomberra NSW 2619","House, 3 residents",5979.08,"Basic","Enrolled",1,1,0,0,"enquiries@aruma.com.au","1300538746","www.aruma.com.au","","","",""
"Aruma Services","Cowra NSW 2794","Group home, 5 residents",5619.36,"Basic","Enrolled",1,1,0,0,"enquiries@aruma.com.au","1300538746","www.aruma.com.au","","","",""
"Aruma Services","Norwest NSW 2153","Group home, 4 residents",8516.48,"Basic","Enrolled",3,1,0,0,"enquiries@aruma.com.au","1300538746","www.aruma.com.au","","","",""
"Aruma Services","Norwest NSW 2153","Group home, 5 residents",6902.04,"Basic","Enrolled",1,1,0,0,"enquiries@aruma.com.au","1300538746","www.aruma.com.au","","","",""
"Aruma Services","Gunnedah NSW 2380","Group home, 5 residents",31654.88,"Fully Accessible","Enrolled",2,0,0,1,"enquiries@aruma.com.au","1300538746","www.aruma.com.au","","","",""
"Aruma Services","Ballina NSW 2478","Group home, 5 residents",6046.92,"Basic","Enrolled",1,1,0,0,"enquiries@aruma.com.au","1300538746","www.aruma.com.au","","","",""
"Aruma Services","Barrack Heights NSW 2528","Villa / Duplex / Townhouse, 1 residents",13980.34,"Basic","Enrolled",1,1,0,0,"enquiries@aruma.com.au","1300538746","www.aruma.com.au","","","",""
"Aruma Services","Wyee NSW 2259","House, 3 residents",53644.14,"Improved Liveability","Enrolled",1,1,0,1,"enquiries@aruma.com.au","1300538746","www.aruma.com.au","","","",""
"Aruma Services","Wyee NSW 2259","House, 2 residents",77636.79,"Improved Liveability","Enrolled",1,1,0,1,"enquiries@aruma.com.au","1300538746","www.aruma.com.au","","","",""
"Aruma Services","Wyee NSW 2259","House, 3 residents",63961.92,"High Physical Support","Enrolled",1,1,0,1,"enquiries@aruma.com.au","1300538746","www.aruma.com.au","","","",""
"Australian Foundation For Disability","Penrith NSW 2750","Group home, 4 residents",46985.9,"Robust","Enrolled",1,1,0,1,"support.centre@afford.com.au","1800233673","https://www.housinghub.org.au/property-detail/sda/australian-foundation-for-disability-(afford)/penrith-nsw/11634/2ljvi","","","",""
"BELONG HOUSING PTY LTD","Bulleen VIC 3105","Villa / Duplex / Townhouse, 2 residents",52444,"High Physical Support","Enrolled",3,1,0,1,"Enquiries@careiwish.com.au","0370376606","https://www.housinghub.org.au/property-detail/sda/care-i-wish/bullen-vic/m949f/6bmvl","","","",""
"BETTER LIVING SOLUTIONS PTY LTD","North Wollongong NSW 2500","House, 3 residents",67192.32,"High Physical Support","Enrolled",1,1,0,1,"jinu.mathew@avemaria.au","1800 121 123","https://www.housinghub.org.au/property-detail/sda/ave-maria-disability-and-mental-health-services/north-wollongong-nsw/19245/rggfw","","","",""
"BHC Creating Liveable Communities","Enoggera QLD 4051","Apartment, 1 bedroom, 1 resident",79785.72,"Improved Liveability","Enrolled",1,0,0,0,"allocationsteam@bhcl.com.au","","https://www.housinghub.org.au/property-detail/sda/brisbane-housing-company-limited/enoggera-qld/kkx18/rxmwf","","","",""
"BRIGHTSIDE HEALTHCARE PTY LTD","Oakville NSW 2765","House, 3 residents",64000.56,"High Physical Support","Enrolled",3,0,0,1,"info@brightsidehealthcare.com.au","","https://www.housinghub.org.au/property-detail/sda/brightside-healthcare-pty-ltd/oakville-nsw/ia1vx/ikvl8","","","",""
"BRIGHTSIDE HEALTHCARE PTY LTD","Riverstone NSW 2765","House, 2 residents",94929.36,"High Physical Support","Enrolled",1,1,0,1,"info@brightsidehealthcare.com.au","","https://www.housinghub.org.au/property-detail/sda/brightside-healthcare-pty-ltd/riverstone-nsw/ia1vx/ctuiz","","","",""
"BRIGHTSIDE HEALTHCARE PTY LTD","Bradbury NSW 2560","House, 2 residents",86553.24,"High Physical Support","Enrolled",2,1,0,1,"info@brightsidehealthcare.com.au","","https://www.housinghub.org.au/property-detail/sda/brightside-healthcare-pty-ltd/airds-nsw/ia1vx/il4th","","","",""
"BRIGHTSIDE HEALTHCARE PTY LTD","Bradbury NSW 2560","House, 2 residents",92237.4,"High Physical Support","Enrolled",2,1,0,1,"info@brightsidehealthcare.com.au","","https://www.housinghub.org.au/property-detail/sda/brightside-healthcare-pty-ltd/bradbury-nsw/ia1vx/he318","","","",""
"BUILDING COMMUNITIES (VIC) LIMITED","Prahran VIC 3181","Apartment, 2 bedroom, 1 resident",114249.66,"High Physical Support","Enrolled",2,1,0,1,"sda@chl.org.au","0399789063","https://www.housinghub.org.au/property-detail/sda/community-housing-ltd/prahran-vic/11725/lpi7i","","","",""
"BUILDING COMMUNITIES (VIC) LIMITED","Prahran VIC 3181","Apartment, 2 bedroom, 2 resident",51347.92,"High Physical Support","Enrolled",2,1,0,1,"sheenam.sachdeva@chl.org.au","03 99789043","https://chl.org.au/","","","",""
"BUILDING COMMUNITIES (VIC) LIMITED","Prahran VIC 3181","Apartment, 2 bedroom, 2 resident",51347.92,"High Physical Support","Enrolled",2,1,0,1,"sheenam.sachdeva@chl.org.au","03 99789043","https://chl.org.au/","","","",""
"BUILDING COMMUNITIES (VIC) LIMITED","Prahran VIC 3181","Apartment, 2 bedroom, 2 resident",51347.92,"High Physical Support","Enrolled",2,1,0,1,"sheenam.sachdeva@chl.org.au","03 99789043","https://chl.org.au/","","","",""
"BUILDING COMMUNITIES (VIC) LIMITED","Prahran VIC 3181","Apartment, 2 bedroom, 2 resident",51347.92,"High Physical Support","Enrolled",2,1,0,1,"sheenam.sachdeva@chl.org.au","03 99789043","https://chl.org.au/","","","",""
"BUILDING COMMUNITIES (VIC) LIMITED","Prahran VIC 3181","Apartment, 2 bedroom, 2 resident",51347.92,"High Physical Support","Enrolled",2,1,0,1,"sheenam.sachdeva@chl.org.au","03 99789043","https://chl.org.au/","","","",""
"BUILDING COMMUNITIES (VIC) LIMITED","Prahran VIC 3181","Apartment, 2 bedroom, 2 resident",51347.92,"High Physical Support","Enrolled",2,1,0,1,"sheenam.sachdeva@chl.org.au","03 99789043","https://chl.org.au/","","","",""
"BUILDING COMMUNITIES (VIC) LIMITED","Brighton VIC 3186","Apartment, 2 bedroom, 2 resident",49866.73,"High Physical Support","Enrolled",2,1,0,1,"sheenam.sachdeva@chl.org.au","03 99789043","","","","",""
"BUILDING COMMUNITIES (VIC) LIMITED","Brighton VIC 3186","Apartment, 2 bedroom, 2 resident",49866.73,"High Physical Support","Enrolled",2,1,0,1,"sheenam.sachdeva@chl.org.au","03 99789043","https://chl.org.au/","","","",""
"BUILDING COMMUNITIES (VIC) LIMITED","Flemington VIC 3031","Apartment, 2 bedroom, 2 resident",51347.92,"High Physical Support","Enrolled",2,1,0,1,"sheenam.sachdeva@chl.org.au","03 99789043","https://chl.org.au/","","","",""
"BUILDING COMMUNITIES (VIC) LIMITED","Flemington VIC 3031","Apartment, 2 bedroom, 2 resident",51347.92,"High Physical Support","Enrolled",2,1,0,1,"sheenam.sachdeva@chl.org.au","03 99789043","https://chl.org.au/","","","",""
"BUILDING COMMUNITIES (VIC) LIMITED","Flemington VIC 3031","Apartment, 2 bedroom, 2 resident",51347.92,"High Physical Support","Enrolled",2,1,0,1,"sheenam.sachdeva@chl.org.au","03 99789043","https://chl.org.au/","","","",""
"BUILDING COMMUNITIES (VIC) LIMITED","Flemington VIC 3031","Apartment, 2 bedroom, 2 resident",51347.92,"High Physical Support","Enrolled",2,1,0,1,"sheenam.sachdeva@chl.org.au","03 99789043","https://chl.org.au/","","","",""
"BUILDING COMMUNITIES (VIC) LIMITED","Flemington VIC 3031","Apartment, 2 bedroom, 1 resident",114249.66,"High Physical Support","Enrolled",1,1,0,1,"sda@chl.org.au","0399789063","https://www.housinghub.org.au/property-detail/sda/community-housing-ltd/flemington-vic/11725/2atxq","","","",""
"BUILDING COMMUNITIES (VIC) LIMITED","Flemington VIC 3031","Apartment, 2 bedroom, 2 resident",51347.92,"High Physical Support","Enrolled",2,1,0,1,"sheenam.sachdeva@chl.org.au","03 99789043","https://chl.org.au/","","","",""
"Believe Housing Australia","Mount Gambier SA 5290","Villa / Duplex / Townhouse, 1 residents",20884.92,"Fully Accessible","Enrolled",2,0,0,0,"info@yourhomesda.com.au","1800371172","https://www.housinghub.org.au/property-detail/sda/your-home-sda/mount-gambier-sa/i9jvm/wxx64","","","",""
"Believe Housing Australia","Panorama SA 5041","Apartment, 1 bedroom, 1 resident",89897.85,"Fully Accessible","Enrolled",2,1,0,0,"yourteam@quilly.net.au","","https://www.housinghub.org.au/property-detail/sda/quilly/gold-coast-qld/tsbj4/1h7ap","","","",""
"Believe Housing Australia","Panorama SA 5041","Apartment, 1 bedroom, 1 resident",89897.85,"Fully Accessible","Enrolled",2,1,0,0,"sda@believehousing.org.au","0479 182 583","https://www.housinghub.org.au/property-detail/sda/believe-housing-australia/panorama-sa/5809/8smrw","","","",""
"Beyond Housing","Benalle VIC 3672","Villa / Duplex / Townhouse, 3 residents",30415.55,"High Physical Support","Enrolled",1,1,0,0,"sda@yooralla.com.au","0396664500","https://www.housinghub.org.au/property-detail/sda/yooralla/benalla-vic/12115/hcxhx","","","",""
"Blossom community care","Wyndham Vale VIC 3024","House, 3 residents",59692.83,"High Physical Support","Enrolled",2,0,0,1,"info@blossomcommunitycare.com.au","03 8007 2000","https://www.housinghub.org.au/property-detail/sda/blossom-community-care/wyndham-vale-vic/19584/qam7b","","","",""
"Blossom community care","Mambourin VIC 3024","House, 3 residents",63786.23,"High Physical Support","Enrolled",3,0,0,1,"info@blossomcommunitycare.com.au","03 8007 2000","https://www.housinghub.org.au/property-detail/sda/blossom-community-care/mambourin-vic/19584/k6hn3","","","",""
"Blossom community care","Junction Village VIC 3977","House, 2 residents",81715.32,"High Physical Support","Enrolled",1,0,0,1,"info@blossomcommunitycare.com.au","03 8007 2000","https://www.housinghub.org.au/property-detail/sda/blossom-community-care/junction-village-vic/19584/ng66m","","","",""
"Blossom community care","Wyndham Vale VIC 3024","House, 2 residents",86156.37,"High Physical Support","Enrolled",1,0,0,1,"info@blossomcommunitycare.com.au","03 8007 2000","https://www.housinghub.org.au/property-detail/sda/blossom-community-care/wyndham-vale-vic/19584/u9jmb","","","",""
"Blossom community care","Cranbourne East VIC 3977","House, 3 residents",59439.36,"High Physical Support","Enrolled",1,1,0,1,"info@blossomcommunitycare.com.au","03 8007 2000","https://www.housinghub.org.au/property-detail/sda/blossom-community-care/cranbourne-east-vic/19584/xehem","","","",""
"Blossom community care","Mambourin VIC 3024","House, 2 residents",86156.37,"High Physical Support","Enrolled",1,0,0,1,"info@blossomcommunitycare.com.au","03 8007 2000","https://www.housinghub.org.au/property-detail/sda/blossom-community-care/mambourin-vic/19584/fc7cv","","","",""
"BlueCHP","Jordan Springs NSW 2747","House, 3 residents",48132.7,"Improved Liveability","Enrolled",1,0,0,1,"hello@leorahealth.com.au","1300 65 11 33","https://www.housinghub.org.au/property-detail/sda/leora-healthcare/jordan-springs-nsw/sf5rr/2txsf","","","",""
"BlueCHP","Oxley QLD 4075","Apartment, 1 bedroom, 1 resident",102499.2,"High Physical Support","Enrolled",1,1,0,1,"sda@bluechp.com.au","02 4621 8600","https://www.housinghub.org.au/property-detail/sda/bluechp/oxley-qld/15367/hnpxl","","","",""
"BlueCHP","Jordan Springs NSW 2747","Group home, 4 residents",36951.4,"Improved Liveability","Enrolled",4,0,0,0,"hello@leorahealth.com.au","1300 65 11 33","https://www.housinghub.org.au/property-detail/sda/leora-healthcare/jordan-springs-nsw/sf5rr/5zc6m","","","",""
"BlueCHP","Naracoorte SA 5271","House, 2 residents",85622.56,"High Physical Support","Enrolled",1,1,0,1,"sda@bluechp.com.au","02 4621 8600","https://www.housinghub.org.au/property-detail/sda/bluechp/naracoorte-sa/15367/e1i12","","","",""
"BlueCHP","Liverpool NSW 2170","Apartment, 2 bedroom, 1 resident",89511,"Fully Accessible","Enrolled",1,1,0,0,"clientsupport@endeavour.com.au","07 5348 9547","https://www.housinghub.org.au/property-detail/sda/endeavour-foundation/liverpool-nsw/5679/7bkwb","","","",""
"Bridge Housing Limited","North Ryde NSW 2113","Group home, 5 residents",8245.8,"Basic","Enrolled",2,1,0,0,"serviceenquiries@achieveaustralia.org.au","1300224438","https://www.housinghub.org.au/property-detail/sda/achieve-australia/north-ryde-nsw/5682/368xs","","","",""
"Bridge Housing Limited","North Ryde NSW 2113","Group home, 5 residents",8245.8,"Basic","Enrolled",1,1,0,0,"serviceenquiries@achieveaustralia.org.au","1300224438","https://www.housinghub.org.au/property-detail/sda/achieve-australia/north-ryde-nsw/5682/g4fxk","","","",""
"Bridge Housing Limited","North Ryde NSW 2113","Group home, 5 residents",8245.8,"Basic","Enrolled",2,1,0,0,"serviceenquiries@achieveaustralia.org.au","1300224438","https://www.housinghub.org.au/property-detail/sda/achieve-australia/north-ryde-nsw/5682/ri3bk","","","",""
"Bridge Housing Limited","North Ryde NSW 2113","Group home, 5 residents",8245.8,"Basic","Enrolled",1,1,0,0,"serviceenquiries@achieveaustralia.org.au","1300224438","https://www.housinghub.org.au/property-detail/sda/achieve-australia/north-ryde-nsw/5682/b8gml","","","",""
"Bridge Housing Limited","Kellyville NSW 2155","Group home, 5 residents",36393,"Improved Liveability","Enrolled",5,1,0,0,"serviceenquiries@achieveaustralia.org.au","1300224438","https://www.housinghub.org.au/property-detail/sda/achieve-australia/kellyville-nsw/5682/6pm5f","","","",""
"Bridge Housing Limited","Guildford West NSW 2161","Group home, 5 residents",38472.6,"Improved Liveability","Enrolled",1,1,0,0,"serviceenquiries@achieveaustralia.org.au","1300224438","https://www.housinghub.org.au/property-detail/sda/achieve-australia/guildford-west-nsw/5682/p84h5","","","",""
"Bridge Housing Limited","Guildford West NSW 2161","Group home, 5 residents",38472.6,"Improved Liveability","Enrolled",1,1,0,0,"serviceenquiries@achieveaustralia.org.au","1300224438","https://www.housinghub.org.au/property-detail/sda/achieve-australia/guildford-west-nsw/5682/qk5lb","","","",""
"Bridge Housing Limited","Parramatta NSW 2150","Apartment, 2 bedroom, 2 resident",38458.08,"Improved Liveability","Enrolled",2,1,0,0,"serviceenquiries@achieveaustralia.org.au","1300224438","https://www.housinghub.org.au/property-detail/sda/achieve-australia/parramatta-nsw/5682/2378","","","",""
"Bright Access","Warragul VIC 3820","House, 3 residents",53624.64,"High Physical Support","Enrolled",1,1,0,1,"enquiries@brightaccess.com.au","03 8595 1912","https://www.housinghub.org.au/property-detail/sda/bright-access/warragul-vic/12233/ip2pi","","","",""
"Bright Access","Warragul VIC 3820","House, 2 residents",77246.44,"High Physical Support","Enrolled",2,1,0,1,"enquiries@brightaccess.com.au","03 8595 1912","https://www.housinghub.org.au/property-detail/sda/bright-access/warragul-vic/12233/a3mmv","","","",""
"Brighter Living Australia","Bohle Plains QLD 4817","House, 3 residents",61539,"High Physical Support","Enrolled",3,0,0,1,"shine@brighterliving.com.au","1300 732 252","https://www.housinghub.org.au/property-detail/sda/brighter-living-australia/bohle-plains-qld/sa21p/u2e16","","","",""
"Brighter Living Australia","Thornhill Park VIC 3335","House, 3 residents",59692.83,"High Physical Support","Enrolled",3,0,0,1,"shine@brighterliving.com.au","1300 732 252","https://www.housinghub.org.au/property-detail/sda/brighter-living-australia/thornhill-park-vic/sa21p/ga3nt","","","",""
"Brighter Living Australia","Zuccoli NT 0832","House, 2 residents",104808.78,"High Physical Support","Enrolled",2,0,0,1,"shine@brighterliving.com.au","1300 732 252","https://www.housinghub.org.au/property-detail/sda/brighter-living-australia/zuccoli-nt/sa21p/jaamx","","","",""
"Brighter Living Australia","Darley VIC 3340","House, 2 residents",81081.33,"Robust","Enrolled",2,0,0,1,"shine@brighterliving.com.au","1300 732 252","https://www.housinghub.org.au/property-detail/sda/brighter-living-australia/darley-vic/sa21p/i99g8","","","",""
"Brighter Living Australia","Edmonton QLD 4869","Villa / Duplex / Townhouse, 1 residents",68389.12,"Robust","Enrolled",1,0,0,1,"shine@brighterliving.com.au","1300 732 252","https://www.housinghub.org.au/property-detail/sda/brighter-living-australia/edmonton-qld/sa21p/ezqj7","","","",""
"Brighter Living Australia","Hilbert WA 6112","House, 3 residents",65846.73,"High Physical Support","Enrolled",3,0,0,1,"shine@brighterliving.com.au","1300 732 252","https://www.housinghub.org.au/property-detail/sda/brighter-living-australia/hilbert-wa/sa21p/ad9r6","","","",""
"Brighter Living Australia","Torquay QLD 4655","House, 3 residents",43012.2,"Improved Liveability","Enrolled",3,0,0,1,"shine@brighterliving.com.au","1300 732 252","https://www.housinghub.org.au/property-detail/sda/brighter-living-australia/torquay-qld/sa21p/z5eby","","","",""
"Brighter Living Australia","Davoren Park SA 5113","House, 2 residents",87044.58,"High Physical Support","Enrolled",2,0,0,1,"shine@brighterliving.com.au","1300 732 252","https://www.housinghub.org.au/property-detail/sda/brighter-living-australia/daveron-park-sa/sa21p/4a14a","","","",""
"Brighter Living Australia","Mindarie WA 6030","House, 3 residents",64608,"High Physical Support","Enrolled",3,1,0,1,"shine@brighterliving.com.au","1300 732 252","https://www.housinghub.org.au/property-detail/sda/brighter-living-australia/mindarie-wa-australia-wa/sa21p/a88xn","","","",""
"Brighter Living Australia","Ravenswood WA 6208","House, 3 residents",55385.1,"High Physical Support","Enrolled",3,0,0,1,"shine@brighterliving.com.au","1300 732 252","https://www.housinghub.org.au/property-detail/sda/brighter-living-australia/ravenswood-wa/sa21p/g3jvc","","","",""
"Brighter Living Australia","Madora Bay WA 6210","House, 3 residents",55385.1,"High Physical Support","Enrolled",3,0,0,1,"shine@brighterliving.com.au","1300 732 252","https://www.housinghub.org.au/property-detail/sda/brighter-living-australia/madora-bay-wa/sa21p/u6q9x","","","",""
"CARE & CONNECTS PTY LTD","Para Hills SA 5096","House, 3 residents",60923.61,"High Physical Support","Enrolled",1,0,0,1,"info@careandconnects.com.au","0883185000","https://www.housinghub.org.au/property-detail/sda/care-and-connects/para-hills-sa/2sm8u/jzyxu","","","",""
"CARE & CONNECTS PTY LTD","Riverlea Park SA 5120","House, 3 residents",60923.61,"High Physical Support","Enrolled",1,0,0,1,"info@careandconnects.com.au","0883185000","https://www.housinghub.org.au/property-detail/sda/care-and-connects/riverlea-park-sa/2sm8u/plkff","","","",""
"CARE AUSTRALIA ESSENTIAL PTY LTD","Dingley Village VIC 3172","House, 2 residents",81945.32,"Robust","Enrolled",1,0,1,1,"info@specialcare.au","0359068722","https://www.housinghub.org.au/property-detail/sda/special-care-australia-pty-ltd/dingley-village-vic/gyzck/u2w3y","","","",""
"CARE SUPPORT PTY LTD","Munno Para West SA 5115","House, 3 residents",50692.95,"Improved Liveability","Enrolled",2,0,0,1,"hello@findmysda.com","0400 839 046","https://www.housinghub.org.au/property-detail/sda/find-my-sda/munno-para-west-sa/6dkb8/pp3dv","","","",""
"CHERISH SDA HOMES","Tarneit VIC 3029","House, 2 residents",96204.6,"High Physical Support","Enrolled",2,1,0,1,"property@sdaconsulting.com.au","1300 832 373","https://www.housinghub.org.au/property-detail/sda/sda-consulting/tarneit-vic/16847/ew3ce","","","",""
"COMMUNITY HOUSING CANBERRA LTD","Scullin ACT 2614","Villa / Duplex / Townhouse, 2 residents",41570.1,"High Physical Support","Enrolled",2,0,0,1,"chc@chcaustralia.com.au","262487715","https://www.housinghub.org.au/property-detail/sda/community-housing-canberra-ltd/scullin-act/wl5ml/k1kt1","","","",""
"CONNECTED LIVING SOLUTIONS","Wollert VIC 3750","Group home, 4 residents",40468.3,"Fully Accessible","Enrolled",1,1,0,1,"intake@claro.com.au","1300 303 770","https://www.housinghub.org.au/property-detail/sda/claro-disability-services/wollert-vic/5755/6435","","","",""
"CONNECTED LIVING SOLUTIONS","Mambourin VIC 3024","House, 2 residents",86340.67,"Robust","Enrolled",2,0,0,1,"jason@connectedlivingsolutions.com.au","04 00589200","www.connectedlivingsolutions.com.au","","","",""
"CONNECTED LIVING SOLUTIONS","Clyde North VIC 3978","House, 2 residents",91245.6,"High Physical Support","Enrolled",2,1,0,1,"hello@aretecare.com.au","0383531837","https://www.housinghub.org.au/property-detail/sda/arete-care/clyde-north-vic/12470/ee6z7","","","",""
"CONNECTED LIVING SOLUTIONS","Beveridge VIC 3753","House, 3 residents",59183.1,"High Physical Support","Enrolled",3,0,0,1,"Support@connectedlivingsolutions.com.au","039863 6823","https://www.housinghub.org.au/property-detail/sda/connected-living-solutions/beveridge-vic/18741/u6lpp","","","",""
"CONNECTED LIVING SOLUTIONS","Beveridge VIC 3753","House, 2 residents",85215.6,"High Physical Support","Enrolled",2,0,0,1,"hello@aretecare.com.au","0383531837","https://www.housinghub.org.au/property-detail/sda/arete-care/beveridge-vic/12470/u9tmu","","","",""
"CONNECTED LIVING SOLUTIONS","Brookfield VIC 3338","House, 2 residents",92121.87,"Robust","Enrolled",1,0,1,1,"Support@connectedlivingsolutions.com.au","039863 6823","https://www.housinghub.org.au/property-detail/sda/connected-living-solutions/brookfield-vic/18741/1nb4l","","","",""
"CONNECTED LIVING SOLUTIONS","Fraser Rise VIC 3336","House, 2 residents",86340.67,"Robust","Enrolled",2,0,0,1,"Support@connectedlivingsolutions.com.au","039863 6823","https://www.housinghub.org.au/property-detail/sda/connected-living-solutions/fraser-rise-vic/18741/fu6nf","","","",""
"CONNECTED LIVING SOLUTIONS","Tarneit VIC 3029","House, 3 residents",63786.23,"High Physical Support","Enrolled",2,0,0,1,"Support@connectedlivingsolutions.com.au","039863 6823","https://www.housinghub.org.au/property-detail/sda/connected-living-solutions/tarneit-vic/18741/ka914","","","",""
"CONNECTED LIVING SOLUTIONS","Clyde North VIC 3978","House, 2 residents",81890.12,"Robust","Enrolled",1,0,0,1,"Support@connectedlivingsolutions.com.au","039863 6823","https://www.housinghub.org.au/property-detail/sda/connected-living-solutions/clyde-north-vic/18741/d25gp","","","",""
"CONNECTED LIVING SOLUTIONS","Tarneit VIC 3029","House, 3 residents",63786.23,"High Physical Support","Enrolled",1,0,0,1,"Support@connectedlivingsolutions.com.au","039863 6823","https://www.housinghub.org.au/property-detail/sda/connected-living-solutions/tarneit-vic/18741/k4xck","","","",""
"CONNECTED LIVING SOLUTIONS","Junction Village VIC 3977","House, 2 residents",87109.28,"High Physical Support","Enrolled",2,0,0,1,"Support@connectedlivingsolutions.com.au","039863 6823","https://www.housinghub.org.au/property-detail/sda/connected-living-solutions/junction-village-vic/18741/8i3gy","","","",""
"CONNECTED LIVING SOLUTIONS","Deanside VIC 3336","House, 2 residents",92121.87,"Robust","Enrolled",2,0,1,1,"Support@connectedlivingsolutions.com.au","039863 6823","https://www.housinghub.org.au/property-detail/sda/connected-living-solutions/deanside-vic/18741/34vh7","","","",""
"CONNECTED LIVING SOLUTIONS","Junction Village VIC 3977","House, 2 residents",87109.28,"High Physical Support","Enrolled",1,0,0,1,"Support@connectedlivingsolutions.com.au","039863 6823","https://www.housinghub.org.au/property-detail/sda/connected-living-solutions/junction-village-vic/18741/qq1c9","","","",""
"CONNECTED LIVING SOLUTIONS","Airport West VIC 3042","House, 3 residents",57971.76,"High Physical Support","Enrolled",1,1,0,1,"Support@connectedlivingsolutions.com.au","039863 6823","https://www.housinghub.org.au/property-detail/sda/connected-living-solutions/airport-west-vic/18741/uehxq","","","",""
"CONNECTED LIVING SOLUTIONS","Armstrong Creek VIC 3217","House, 2 residents",87022.89,"Robust","Enrolled",1,1,0,1,"Support@connectedlivingsolutions.com.au","039863 6823","https://www.housinghub.org.au/property-detail/sda/connected-living-solutions/armstrong-creek-vic/18741/q7amw","","","",""
"CONNECTED LIVING SOLUTIONS","Clyde North VIC 3978","House, 3 residents",60498.28,"High Physical Support","Enrolled",3,0,0,1,"admin@activate.care","1300725045","https://www.housinghub.org.au/property-detail/sda/activate-community-services/clyde-north-vic/20751/ma5qs","","","",""
"CONNECTED LIVING SOLUTIONS","Werribee VIC 3030","House, 3 residents",63786.23,"High Physical Support","Enrolled",3,0,0,1,"info@blossomcommunitycare.com.au","03 8007 2000","https://www.housinghub.org.au/property-detail/sda/blossom-community-care/werribee-vic/19584/t1kv4","","","",""
"CONNECTED LIVING SOLUTIONS","Fraser Rise VIC 3336","House, 3 residents",66943.58,"High Physical Support","Enrolled",2,1,0,1,"Support@connectedlivingsolutions.com.au","039863 6823","https://www.housinghub.org.au/property-detail/sda/connected-living-solutions/fraser-rise-vic/18741/r5uy1","","","",""
"CONNECTED LIVING SOLUTIONS","Pakenham VIC 3810","House, 3 residents",63492.88,"High Physical Support","Enrolled",2,1,0,1,"hello@aretecare.com.au","0383531837","https://www.housinghub.org.au/property-detail/sda/arete-care/pakenham-vic/12470/lhmhe","","","",""
"CONNECTED LIVING SOLUTIONS","Cranbourne East VIC 3977","House, 3 residents",63492.88,"High Physical Support","Enrolled",2,1,0,1,"Support@connectedlivingsolutions.com.au","039863 6823","https://www.housinghub.org.au/property-detail/sda/connected-living-solutions/cranbourne-east-vic/18741/sq8ru","","","",""
"CONNECTED LIVING SOLUTIONS","Greenvale VIC 3059","House, 2 residents",79775.64,"Robust","Enrolled",1,0,1,1,"Support@connectedlivingsolutions.com.au","039863 6823","https://www.housinghub.org.au/property-detail/sda/connected-living-solutions/greenvale-vic/18741/h8xfd","","","",""
"CONNECTED LIVING SOLUTIONS","Cranbourne East VIC 3977","House, 2 residents",87109.28,"High Physical Support","Enrolled",1,0,0,1,"Support@connectedlivingsolutions.com.au","039863 6823","https://www.housinghub.org.au/property-detail/sda/connected-living-solutions/cranbourne-east-vic/18741/uvxfy","","","",""
"CONNECTED LIVING SOLUTIONS","Strathtulloh VIC 3338","House, 2 residents",86340.67,"Robust","Enrolled",2,0,0,1,"Support@connectedlivingsolutions.com.au","039863 6823","https://www.housinghub.org.au/property-detail/sda/connected-living-solutions/strathtulloh-vic/18741/bi75c","","","",""
"CONNECTED LIVING SOLUTIONS","Armstrong Creek VIC 3217","House, 2 residents",87022.89,"Robust","Enrolled",2,1,0,1,"Support@connectedlivingsolutions.com.au","039863 6823","https://www.housinghub.org.au/property-detail/sda/connected-living-solutions/armstrong-creek-vic/18741/zd8sw","","","",""
"CONNECTED LIVING SOLUTIONS","Junction Village VIC 3977","House, 2 residents",91245.6,"High Physical Support","Enrolled",2,1,0,1,"hello@aretecare.com.au","0383531837","https://www.housinghub.org.au/property-detail/sda/arete-care/junction-village-vic/12470/qbvqh","","","",""
"CONNECTED LIVING SOLUTIONS","Lara VIC 3212","House, 2 residents",82780.23,"Robust","Enrolled",2,0,0,1,"Support@connectedlivingsolutions.com.au","039863 6823","https://www.housinghub.org.au/property-detail/sda/connected-living-solutions/lara-vic/18741/8685","","","",""
"CONNECTED LIVING SOLUTIONS","Nar Nar Goon North VIC 3812","House, 2 residents",91245.6,"High Physical Support","Enrolled",2,1,0,1,"admin@paramounthomes.com.au","","https://www.housinghub.org.au/property-detail/sda/paramount-disability-homes/nar-nar-goon-vic/7kzhn/m9qhb","","","",""
"CONNECTED LIVING SOLUTIONS","Junction Village VIC 3977","House, 2 residents",91245.6,"High Physical Support","Enrolled",1,1,0,1,"enquiries@accordcare.com.au","0427074952","https://www.housinghub.org.au/property-detail/sda/accord-care/junction-village-vic/19586/mx3kn","","","",""
"CONNECTED LIVING SOLUTIONS","Manor Lakes VIC 3024","House, 2 residents",96204.6,"High Physical Support","Enrolled",2,1,0,1,"hello@aretecare.com.au","0383531837","https://www.housinghub.org.au/property-detail/sda/arete-care/manor-lakes-vic/12470/annyt","","","",""
"CONNECTED LIVING SOLUTIONS","Tarneit VIC 3029","House, 3 residents",66943.58,"High Physical Support","Enrolled",3,1,0,1,"shine@brighterliving.com.au","1300 732 252","https://www.housinghub.org.au/property-detail/sda/brighter-living-australia/tarneit-vic/sa21p/raewr","","","",""
"CONNECTED LIVING SOLUTIONS","Heidelberg West VIC 3081","House, 2 residents",89262,"High Physical Support","Enrolled",1,1,0,1,"Support@connectedlivingsolutions.com.au","039863 6823","https://www.housinghub.org.au/property-detail/sda/connected-living-solutions/heidelberg-west-vic/18741/9hm1q","","","",""
"CONNECTED LIVING SOLUTIONS","Capel Sound VIC 3940","House, 3 residents",62112.6,"High Physical Support","Enrolled",3,1,0,1,"Support@connectedlivingsolutions.com.au","039863 6823","https://www.housinghub.org.au/property-detail/sda/connected-living-solutions/capel-sound-vic/18741/h98ia","","","",""
"CONNECTED LIVING SOLUTIONS","Sunbury VIC 3429","House, 2 residents",83311.2,"High Physical Support","Enrolled",2,1,0,1,"admin@paramounthomes.com.au","","https://www.housinghub.org.au/property-detail/sda/paramount-disability-homes/sunbury-vic/7kzhn/na4r3","","","",""
"CONNECTED LIVING SOLUTIONS","Mickleham VIC 3064","House, 3 residents",57971.76,"High Physical Support","Enrolled",3,1,0,1,"Support@connectedlivingsolutions.com.au","039863 6823","https://www.housinghub.org.au/property-detail/sda/connected-living-solutions/mickleham-vic/18741/pvf7j","","","",""
"CONNECTED LIVING SOLUTIONS","Corio VIC 3214","House, 2 residents",88323.03,"Robust","Enrolled",2,0,1,1,"Support@connectedlivingsolutions.com.au","039863 6823","https://www.housinghub.org.au/property-detail/sda/connected-living-solutions/corio-vic/18741/u4ini","","","",""
"CONNECTED LIVING SOLUTIONS","Melton South VIC 3338","House, 2 residents",92121.87,"Robust","Enrolled",2,0,1,1,"Support@connectedlivingsolutions.com.au","039863 6823","https://www.housinghub.org.au/property-detail/sda/connected-living-solutions/melton-south-vic/18741/hnix3","","","",""
"CONNECTED LIVING SOLUTIONS","Mulgrave VIC 3170","House, 3 residents",59439.36,"High Physical Support","Enrolled",3,1,0,1,"Support@connectedlivingsolutions.com.au","039863 6823","https://www.housinghub.org.au/property-detail/sda/connected-living-solutions/mulgrave-vic/18741/z38l2","","","",""
"CPL - Choice, Passion, Life","Fig Tree Pocket QLD 4069","Villa / Duplex / Townhouse, 2 residents",24568.83,"High Physical Support","Enrolled",1,1,0,1,"vacancymanagement@cpl.org.au","0434947692","https://www.housinghub.org.au/property-detail/sda/cpl-choice-passion-life/fig-tree-pocket-qld/5699/9666","","","",""
"Carinya Society Coburg","Coburg VIC 3058","Legacy Stock, 6+ residents",5932.17,"Basic","Enrolled",2,1,0,0,"admin@carinyasociety.org.au","03 9354 3337","https://www.housinghub.org.au/property-detail/sda/carinya-society/coburg-vic/g9v4w/8ewek","","","",""
"Carra Property","Canadian VIC 3350","Villa / Duplex / Townhouse, 1 residents",59451.11,"Improved Liveability","Enrolled",1,1,0,1,"hello@ahvic.com.au","1300 605 980","https://www.housinghub.org.au/property-detail/sda/accessible-housing-(victoria)/ballarat-vic/5787/hmxhw","","","",""
"Carra Property","Canadian VIC 3350","Villa / Duplex / Townhouse, 1 residents",59451.11,"Improved Liveability","Enrolled",1,1,0,1,"hello@ahvic.com.au","1300 605 980","https://www.housinghub.org.au/property-detail/sda/accessible-housing-(victoria)/ballarat-vic/5787/3pmri","","","",""
"Carra Property","Brown Hill VIC 3350","Villa / Duplex / Townhouse, 1 residents",54686.05,"Improved Liveability","Enrolled",1,0,0,1,"hello@ahvic.com.au","1300 605 980","https://www.housinghub.org.au/property-detail/sda/accessible-housing-(victoria)/brown-hill-vic/5787/i555y","","","",""
"Carra Property","Brown Hill VIC 3350","Villa / Duplex / Townhouse, 1 residents",54686.05,"Improved Liveability","Enrolled",1,0,0,1,"hello@ahvic.com.au","1300 605 980","https://www.housinghub.org.au/property-detail/sda/accessible-housing-(victoria)/ballarat-vic/5787/dwkxc","","","",""
"Carra Property","Ballarat East VIC 3350","Villa / Duplex / Townhouse, 1 residents",59451.11,"Improved Liveability","Enrolled",1,1,0,1,"hello@ahvic.com.au","1300 605 980","https://www.housinghub.org.au/property-detail/sda/accessible-housing-(victoria)/ballarat-east-vic/5787/wevre","","","",""
"Choice Support Living","Portarlington VIC 3223","Villa / Duplex / Townhouse, 1 residents",64326.4,"Robust","Enrolled",1,0,0,1,"daniel@choicesupportliving.com.au","04 28247221","choicesupportliving.com.au","","","",""
"Churches of Christ Housing Services Limi","Crows Nest QLD 4355","House, 3 residents",52308.15,"High Physical Support","Enrolled",3,0,0,1,"housingservices@cofcqld.com.au","0733271674","https://www.housinghub.org.au/property-detail/sda/churches-of-christ-housing-services-ltd/crows-nest-qld/11711/hrz56","","","",""
"Community Housing (Vic) Ltd.","Seymour VIC 3660","Group home, 5 residents",6124.09,"Improved Liveability","Enrolled",2,1,0,1,"sheenam.sachdeva@chl.org.au","03 99789043","https://chl.org.au/","","","",""
"Community Housing (Vic) Ltd.","West Wodonga VIC 3690","Group home, 5 residents",6124.09,"Improved Liveability","Enrolled",1,1,0,1,"sheenam.sachdeva@chl.org.au","03 99789043","https://chl.org.au/","","","",""
"Community Housing (Vic) Ltd.","Wangaratta VIC 3677","Group home, 5 residents",6124.09,"Improved Liveability","Enrolled",1,1,0,1,"sheenam.sachdeva@chl.org.au","03 99789043","https://chl.org.au/","","","",""
"Community Housing (Vic) Ltd.","Frankston Nth VIC 3200","Villa / Duplex / Townhouse, 1 residents",63386.01,"Robust","Enrolled",1,1,0,0,"sheenam.sachdeva@chl.org.au","03 99789043","https://chl.org.au/","","","",""
"Community Housing (Vic) Ltd.","Castlemaine VIC 3450","Villa / Duplex / Townhouse, 1 residents",65881.8,"Robust","Enrolled",1,1,0,1,"sheenam.sachdeva@chl.org.au","03 99789043","https://chl.org.au/","","","",""
"Community Housing (Vic) Ltd.","Clunes VIC 3370","Villa / Duplex / Townhouse, 1 residents",59451.11,"Improved Liveability","Enrolled",1,1,0,1,"sheenam.sachdeva@chl.org.au","03 99789043","https://chl.org.au/","","","",""
"Community Housing (Vic) Ltd.","Sale VIC 3850","Villa / Duplex / Townhouse, 1 residents",58746.16,"Fully Accessible","Enrolled",1,1,0,0,"sheenam.sachdeva@chl.org.au","03 99789043","https://chl.org.au/","","","",""
"Community Housing (Vic) Ltd.","Sale VIC 3850","Group home, 5 residents",36207.92,"High Physical Support","Enrolled",4,1,0,1,"sheenam.sachdeva@chl.org.au","03 99789043","https://chl.org.au/","","","",""
"Community Housing Ltd","Bunbury WA 6230","Villa / Duplex / Townhouse, 3 residents",35031.94,"Fully Accessible","Enrolled",1,0,0,1,"connect@genu.org.au","1300 558 368","https://www.housinghub.org.au/property-detail/sda/genu/south-bunbury-wa/5816/f9rnf","","","",""
"Community Housing Ltd","Bunbury WA 6230","Villa / Duplex / Townhouse, 3 residents",35031.94,"Fully Accessible","Enrolled",1,0,0,1,"connect@genu.org.au","1300 558 368","https://www.housinghub.org.au/property-detail/sda/genu/south-bunbury-wa/5816/h2yiq","","","",""
"Community Housing Ltd","Bunbury WA 6230","House, 2 residents",92373.84,"High Physical Support","Enrolled",1,0,0,1,"sda@waigroup.com.au","0892673800","https://www.housinghub.org.au/property-detail/sda/wai-group/south-bunbury-wa/13786/3480","","","",""
"Community Housing Ltd","Beachlands WA 6530","House, 3 residents",71874.31,"Fully Accessible","Enrolled",3,0,0,1,"sda@chl.org.au","0399789063","https://www.housinghub.org.au/property-detail/sda/community-housing-ltd/beachlands-wa/11725/hd2t5","","","",""
"Community Housing Ltd","High Wycombe WA 6057","House, 3 residents",58246.52,"Improved Liveability","Enrolled",1,0,0,1,"sda@chl.org.au","0399789063","https://www.housinghub.org.au/property-detail/sda/community-housing-ltd/high-wycombe-wa/11725/lk3k7","","","",""
"Community Housing Ltd","High Wycombe WA 6057","House, 3 residents",70362.13,"High Physical Support","Enrolled",1,0,0,1,"sda.wa@chl.org.au","08 92287500","https://chl.org.au/sda-accomodation/","","","",""
"Community Housing Ltd","High Wycombe WA 6057","House, 3 residents",58246.52,"Improved Liveability","Enrolled",3,0,0,1,"sdawa@chl.org.au","08 92887500","","","","",""
"Community Living And Respite Services","Echcua VIC 3564","Group home, 4 residents",43464.1,"High Physical Support","Enrolled",1,1,0,1,"sdacoordinator@clrs.org.au","03 5480 2388","https://www.housinghub.org.au/property-detail/sda/community-living-respite-services/echuca-vic/11874/m21lr","","","",""
"Cootharinga North Queensland","Burdell QLD 4818","Group home, 4 residents",14145.04,"Fully Accessible","Enrolled",1,0,0,1,"toni.scells@cpl.org.au","04 09520944","","","","",""
"Cootharinga North Queensland","Burdell QLD 4818","Group home, 4 residents",43120,"Fully Accessible","Enrolled",1,0,0,1,"vacancymanagement@cpl.org.au","1800266842","https://www.housinghub.org.au/property-detail/sda/cootharinga-north-queensland/burdell-qld/16447/ex9nj","","","",""
"Cootharinga North Queensland","Cairns QLD 4870","Villa / Duplex / Townhouse, 2 residents",43758,"High Physical Support","Enrolled",1,0,0,1,"vacancymanagement@cpl.org.au","1800266842","https://www.housinghub.org.au/property-detail/sda/cootharinga-north-queensland/mooroobool-qld/16447/sx5lj","","","",""
"DEC HOUSING LIMITED","Delacombe VIC 3356","House, 2 residents",70214.76,"Robust","Enrolled",1,0,0,1,"info@dechousing.org.au","1300530399","https://www.housinghub.org.au/property-detail/sda/dec-housing-ltd/delacombe-vic/19821/erqui","","","",""
"DEC HOUSING LIMITED","Delacombe VIC 3356","House, 2 residents",74819.64,"Robust","Enrolled",1,0,1,1,"info@dechousing.org.au","1300530399","https://www.housinghub.org.au/property-detail/sda/dec-housing-ltd/delacombe-vic/19821/3i21x","","","",""
"DEC HOUSING LIMITED","Carrum Downs VIC 3201","Villa / Duplex / Townhouse, 1 residents",62972.16,"Robust","Enrolled",1,0,0,1,"info@dechousing.org.au","1300530399","https://www.housinghub.org.au/property-detail/sda/dec-housing-ltd/carrum-downs-vic/19821/qyivv","","","",""
"DEC HOUSING LIMITED","Beveridge VIC 3753","House, 2 residents",85473.9,"Robust","Enrolled",2,0,1,1,"info@dechousing.org.au","1300530399","https://www.housinghub.org.au/property-detail/sda/dec-housing-ltd/beveridge-vic/19821/8awkh","","","",""
"DEC HOUSING LIMITED","Winter Valley VIC 3358","House, 2 residents",79775.64,"Robust","Enrolled",2,0,1,1,"info@dechousing.org.au","1300530399","https://www.housinghub.org.au/property-detail/sda/dec-housing-ltd/winter-valley-vic/19821/4z4s7","","","",""
"DEC HOUSING LIMITED","Weir Views VIC 3338","House, 2 residents",86398.87,"Robust","Enrolled",2,0,1,1,"info@dechousing.org.au","1300530399","https://www.housinghub.org.au/property-detail/sda/dec-housing-ltd/weir-views-vic/19821/m3grs","","","",""
"DEC HOUSING LIMITED","Kilmore VIC 3764","House, 2 residents",79775.64,"Robust","Enrolled",2,0,1,1,"info@dechousing.org.au","1300530399","https://www.housinghub.org.au/property-detail/sda/dec-housing-ltd/kilmore-vic/19821/emtdk","","","",""
"DEC HOUSING LIMITED","Winter Valley VIC 3358","House, 2 residents",79775.64,"Robust","Enrolled",2,0,1,1,"info@dechousing.org.au","1300530399","https://www.housinghub.org.au/property-detail/sda/dec-housing-ltd/winter-valley-vic/19821/9r5mp","","","",""
"DEC HOUSING LIMITED","Beveridge VIC 3753","House, 2 residents",85473.9,"Robust","Enrolled",2,0,1,1,"info@dechousing.org.au","1300530399","https://www.housinghub.org.au/property-detail/sda/dec-housing-ltd/beveridge-vic/19821/sf294","","","",""
"DEC HOUSING LIMITED","Angle Vale SA 5117","House, 2 residents",81917.22,"Robust","Enrolled",2,0,0,1,"info@dechousing.org.au","1300530399","https://www.housinghub.org.au/property-detail/sda/dec-housing-ltd/angle-vale-sa/19821/kn5qk","","","",""
"DEC HOUSING LIMITED","Sebastopol VIC 3356","House, 2 residents",79775.64,"Robust","Enrolled",2,0,1,1,"info@dechousing.org.au","1300530399","https://www.housinghub.org.au/property-detail/sda/dec-housing-ltd/sebastopol-vic/19821/u6pyd","","","",""
"DEC HOUSING LIMITED","Charlemont VIC 3217","House, 2 residents",84817.86,"High Physical Support","Enrolled",2,1,0,0,"info@dechousing.org.au","1300530399","https://www.housinghub.org.au/property-detail/sda/dec-housing-ltd/charlemont-vic/19821/v67wq","","","",""
"DEC HOUSING LIMITED","Bonshaw VIC 3352","House, 2 residents",78177.12,"High Physical Support","Enrolled",2,1,0,1,"info@dechousing.org.au","1300530399","https://www.housinghub.org.au/property-detail/sda/dec-housing-ltd/bonshaw-vic/19821/a2c6h","","","",""
"DEC HOUSING LIMITED","Karnup WA 6176","House, 3 residents",62769.78,"High Physical Support","Enrolled",3,0,0,1,"info@dechousing.org.au","1300530399","https://www.housinghub.org.au/property-detail/sda/dec-housing-ltd/karnup-wa/19821/ynyu6","","","",""
"DEC HOUSING LIMITED","Lakelands WA 6180","House, 2 residents",66859.2,"Improved Liveability","Enrolled",2,0,0,1,"info@dechousing.org.au","1300530399","https://www.housinghub.org.au/property-detail/sda/dec-housing-ltd/lakelands-wa/19821/xqb3b","","","",""
"DISABILITY HOUSING SOLUTIONS PTY. LTD.","Baringa QLD 4551","House, 3 residents",52923.54,"High Physical Support","Enrolled",1,0,0,1,"marketing@disabilityhousingsolutions.com.au","1300 419 819","www.disabilityhousingsolutions.com.au","","","",""
"DISABILITY HOUSING SOLUTIONS PTY. LTD.","Centenary Heights QLD 4350","Villa / Duplex / Townhouse, 2 residents",34865.25,"High Physical Support","Enrolled",1,0,0,0,"marketing@disabilityhousingsolutions.com.au","1300 419 819","www.disabilityhousingsolutions.com.au","","","",""
"DISABILITY HOUSING SOLUTIONS PTY. LTD.","Deception Bay QLD 4508","Group home, 4 residents",48227.32,"High Physical Support","Enrolled",2,0,0,1,"marketing@disabilityhousingsolutions.com.au","1300 419 819","www.disabilityhousingsolutions.com.au","","","",""
"DISABILITY HOUSING SOLUTIONS PTY. LTD.","Bushland Beach QLD 4818","House, 2 residents",87932.79,"High Physical Support","Enrolled",1,0,0,1,"marketing@disabilityhousingsolutions.com.au","1300 419 819","www.disabilityhousingsolutions.com.au","","","",""
"DISABILITY HOUSING SOLUTIONS PTY. LTD.","Southport QLD 4215","Apartment, 2 bedroom, 1 resident",107594.34,"High Physical Support","Enrolled",1,1,0,1,"marketing@disabilityhousingsolutions.com.au","1300 419 819","www.disabilityhousingsolutions.com.au","","","",""
"DISABILITY HOUSING SOLUTIONS PTY. LTD.","Bundamba QLD 4304","House, 3 residents",51692.76,"High Physical Support","Enrolled",3,0,0,1,"marketing@disabilityhousingsolutions.com.au","1300 419 819","www.disabilityhousingsolutions.com.au","","","",""
"DISABILITY HOUSING SOLUTIONS PTY. LTD.","Ripley QLD 4306","House, 3 residents",51692.76,"High Physical Support","Enrolled",3,0,0,1,"marketing@disabilityhousingsolutions.com.au","1300 419 819","www.disabilityhousingsolutions.com.au","","","",""
"DISABILITY HOUSING SOLUTIONS PTY. LTD.","Flinders View QLD 4305","Villa / Duplex / Townhouse, 1 residents",60263.68,"Robust","Enrolled",1,0,0,1,"marketing@disabilityhousingsolutions.com.au","1300 419 819","www.disabilityhousingsolutions.com.au","","","",""
"DISABILITY HOUSING SOLUTIONS PTY. LTD.","Glenvale QLD 4350","House, 2 residents",79534.56,"High Physical Support","Enrolled",1,0,0,1,"marketing@disabilityhousingsolutions.com.au","1300 419 819","www.disabilityhousingsolutions.com.au","","","",""
"DISABILITY HOUSING SOLUTIONS PTY. LTD.","Drayton QLD 4350","House, 2 residents",70214.76,"Robust","Enrolled",2,0,0,1,"marketing@disabilityhousingsolutions.com.au","1300 419 819","www.disabilityhousingsolutions.com.au","","","",""
"DISABILITY HOUSING SOLUTIONS PTY. LTD.","Cotswold Hills QLD 4350","House, 2 residents",74769.24,"Robust","Enrolled",2,0,0,1,"marketing@disabilityhousingsolutions.com.au","1300 419 819","www.disabilityhousingsolutions.com.au","","","",""
"DISABILITY HOUSING SOLUTIONS PTY. LTD.","Bohle Plains QLD 4817","House, 2 residents",87932.79,"High Physical Support","Enrolled",2,0,0,1,"marketing@disabilityhousingsolutions.com.au","1300 419 819","www.disabilityhousingsolutions.com.au","","","",""
"DISABILITY HOUSING SOLUTIONS PTY. LTD.","Eli Waters QLD 4655","Villa / Duplex / Townhouse, 1 residents",64784.7,"Robust","Enrolled",1,0,0,1,"marketing@disabilityhousingsolutions.com.au","1300 419 819","www.disabilityhousingsolutions.com.au","","","",""
"DISABILITY HOUSING SOLUTIONS PTY. LTD.","Eli Waters QLD 4655","Villa / Duplex / Townhouse, 1 residents",64784.7,"Robust","Enrolled",1,0,0,1,"marketing@disabilityhousingsolutions.com.au","1300 419 819","www.disabilityhousingsolutions.com.au","","","",""
"DISABILITY HOUSING SOLUTIONS PTY. LTD.","Point Vernon QLD 4655","House, 2 residents",74769.24,"Robust","Enrolled",2,0,0,1,"marketing@disabilityhousingsolutions.com.au","1300 419 819","www.disabilityhousingsolutions.com.au","","","",""
"DISABILITY HOUSING SOLUTIONS PTY. LTD.","Fernvale QLD 4306","House, 2 residents",80109.9,"Robust","Enrolled",2,0,0,1,"marketing@disabilityhousingsolutions.com.au","1300 419 819","www.disabilityhousingsolutions.com.au","","","",""
"DISABILITY HOUSING SOLUTIONS PTY. LTD.","Gleneagle QLD 4285","House, 2 residents",73266.33,"Improved Liveability","Enrolled",2,0,0,1,"marketing@disabilityhousingsolutions.com.au","1300 419 819","www.disabilityhousingsolutions.com.au","","","",""
"DISABILITY HOUSING SOLUTIONS PTY. LTD.","Cotswold Hills QLD 4350","Villa / Duplex / Townhouse, 1 residents",64064.87,"Robust","Enrolled",1,0,0,1,"marketing@disabilityhousingsolutions.com.au","1300 419 819","www.disabilityhousingsolutions.com.au","","","",""
"DISABILITY HOUSING SOLUTIONS PTY. LTD.","Plainland QLD 4341","House, 2 residents",62401.92,"Improved Liveability","Enrolled",2,0,0,1,"marketing@disabilityhousingsolutions.com.au","1300 419 819","www.disabilityhousingsolutions.com.au","","","",""
"DISABILITY HOUSING SOLUTIONS PTY. LTD.","Caboolture QLD 4510","Apartment, 2 bedroom, 2 resident",53084.79,"High Physical Support","Enrolled",1,1,0,1,"marketing@disabilityhousingsolutions.com.au","1300 419 819","www.disabilityhousingsolutions.com.au","","","",""
"DISABILITY HOUSING SOLUTIONS PTY. LTD.","Caboolture QLD 4510","Apartment, 2 bedroom, 1 resident",118202.04,"High Physical Support","Enrolled",1,1,0,1,"marketing@disabilityhousingsolutions.com.au","1300 419 819","www.disabilityhousingsolutions.com.au","","","",""
"DISABILITY HOUSING SOLUTIONS PTY. LTD.","Point Vernon QLD 4655","Group home, 4 residents",35211.96,"Improved Liveability","Enrolled",3,0,0,1,"marketing@disabilityhousingsolutions.com.au","1300 419 819","www.disabilityhousingsolutions.com.au","","","",""
"DISABILITY HOUSING SOLUTIONS PTY. LTD.","Banya QLD 4551","House, 2 residents",81428.24,"High Physical Support","Enrolled",1,0,0,1,"marketing@disabilityhousingsolutions.com.au","1300 419 819","www.disabilityhousingsolutions.com.au","","","",""
"DISABILITY HOUSING SOLUTIONS PTY. LTD.","Baldivis WA 6171","House, 2 residents",95630.84,"High Physical Support","Enrolled",2,0,0,1,"marketing@disabilityhousingsolutions.com.au","1300 419 819","www.disabilityhousingsolutions.com.au","","","",""
"DISABILITY SERVICES AUSTRALIA LIMITED","Charlestown NSW 2290","Villa / Duplex / Townhouse, 2 residents",7323.75,"Basic","Enrolled",1,1,0,0,"contact@scopeaust.org.au","0490296363","https://www.housinghub.org.au/property-detail/sda/scope/charlestown-nsw/12010/dn9gy","","","",""
"DISABILITY SERVICES AUSTRALIA LIMITED","Liverpool NSW 2170","Villa / Duplex / Townhouse, 2 residents",7254,"Basic","Enrolled",2,1,0,0,"contact@scopeaust.org.au","0490296363","https://www.housinghub.org.au/property-detail/sda/scope/liverpool-nsw/12010/caz2g","","","",""
"DISABILITY SERVICES AUSTRALIA LIMITED","Eagle Vale NSW 2558","Group home, 4 residents",7604,"Basic","Enrolled",1,1,0,0,"contact@scopeaust.org.au","0490296363","https://www.housinghub.org.au/property-detail/sda/scope/eagle-vale-nsw/12010/hjseg","","","",""
"DISABILITY SERVICES AUSTRALIA LIMITED","Goulburn NSW 2580","Group home, 4 residents",7299.84,"Basic","Enrolled",1,1,0,0,"contact@scopeaust.org.au","0490296363","https://www.housinghub.org.au/property-detail/sda/scope/goulburn-nsw/12010/s8179","","","",""
"DISABILITY SERVICES AUSTRALIA LIMITED","Ryde NSW 2112","Villa / Duplex / Townhouse, 2 residents",8997.75,"Basic","Enrolled",1,1,0,0,"contact@scopeaust.org.au","0490296363","https://www.housinghub.org.au/property-detail/sda/scope/ryde-nsw/12010/xwlqp","","","",""
"DOUBLE BAY DISABILITY CARE PTY LTD","Blakeview SA 5114","House, 3 residents",63961.92,"High Physical Support","Enrolled",2,1,0,1,"contact.sa@doublebaydisabilitycare.com.au","","https://www.housinghub.org.au/property-detail/sda/double-bay-disability-care-pty-ltd/blakeview-sa/kyrgu/h5xn3","","","",""
"DOUBLE BAY DISABILITY CARE PTY LTD","Weir Views VIC 3338","House, 2 residents",91843.48,"High Physical Support","Enrolled",1,0,0,1,"support@clmetro.com.au","","https://www.housinghub.org.au/property-detail/sda/proactive-realtors/weir-views-vic/mg9hz/piazt","","","",""
"Department of Families, Seniors, Disabil","Woongarra QLD 4670","Group home, 4 residents",6566.56,"Basic","Enrolled",1,0,0,0,"clientsupport@endeavour.com.au","07 5348 9547","https://www.housinghub.org.au/property-detail/sda/endeavour-foundation/woongarra-qld/5679/mlq1n","","","",""
"Department of Families, Seniors, Disabil","Urraween QLD 4655","Group home, 4 residents",11968.88,"Fully Accessible","Enrolled",1,0,0,1,"clientsupport@endeavour.com.au","07 5348 9547","https://www.housinghub.org.au/property-detail/sda/endeavour-foundation/urraween-qld/5679/wikyh","","","",""
"Department of Families,Fairness& Housing","Thornbury VIC 3071","Group home, 5 residents",8738.87,"Improved Liveability","Enrolled",1,1,0,1,"hcsenquiries@dffh.vic.gov.au","","https://www.housinghub.org.au/property-detail/sda/department-of-families-fairness-and-housing/thornbury-vic/5651/2533","","","",""
"Department of Families,Fairness& Housing","Pascoe Vale VIC 3044","Group home, 5 residents",6261.71,"Improved Liveability","Enrolled",1,1,0,1,"hcsenquiries@dffh.vic.gov.au","","https://www.housinghub.org.au/property-detail/sda/department-of-families-fairness-and-housing/pascoe-vale-vic/5651/7528","","","",""
"Department of Families,Fairness& Housing","Geelong West VIC 3218","Group home, 5 residents",6330.52,"Improved Liveability","Enrolled",2,1,0,1,"hcsenquiries@dffh.vic.gov.au","","https://www.housinghub.org.au/property-detail/sda/department-of-families-fairness-and-housing/geelong-west-vic/5651/43tkd","","","",""
"Department of Families,Fairness& Housing","Hampton VIC 3188","Group home, 5 residents",7981.96,"Improved Liveability","Enrolled",2,1,0,1,"hcsenquiries@dffh.vic.gov.au","","https://www.housinghub.org.au/property-detail/sda/department-of-families-fairness-and-housing/hampton-vic/5651/4s2k7","","","",""
"Department of Families,Fairness& Housing","Hampton East VIC 3188","Group home, 5 residents",7981.96,"Improved Liveability","Enrolled",2,1,0,1,"hcsenquiries@dffh.vic.gov.au","","https://www.housinghub.org.au/property-detail/sda/department-of-families-fairness-and-housing/hampton-east-vic/5651/gxk2j","","","",""
"Department of Families,Fairness& Housing","Kew VIC 3101","Group home, 4 residents",9605.12,"Improved Liveability","Enrolled",1,1,0,1,"hcsenquiries@dffh.vic.gov.au","","https://www.housinghub.org.au/property-detail/sda/department-of-families-fairness-and-housing/kew-vic/5651/3lz88","","","",""
"Department of Families,Fairness& Housing","Kew VIC 3101","Villa / Duplex / Townhouse, 2 residents",7998.66,"Improved Liveability","Enrolled",1,1,0,0,"hcsenquiries@dffh.vic.gov.au","","https://www.housinghub.org.au/property-detail/sda/department-of-families-fairness-and-housing/kew-vic/5651/zilv5","","","",""
"Department of Families,Fairness& Housing","Woodend VIC 3442","Group home, 5 residents",5558.28,"Basic","Enrolled",1,1,0,0,"hcsenquiries@dffh.vic.gov.au","","https://www.housinghub.org.au/property-detail/sda/department-of-families-fairness-and-housing/woodend-vic/5651/fnzn9","","","",""
"Department of Families,Fairness& Housing","Camberwell VIC 3124","Group home, 4 residents",8516.48,"Basic","Enrolled",3,1,0,0,"hcsenquiries@dffh.vic.gov.au","","https://www.housinghub.org.au/property-detail/sda/department-of-families-fairness-and-housing/camberwell-vic/5651/9a7k3","","","",""
"Department of Families,Fairness& Housing","Macleod VIC 3085","Group home, 5 residents",6468.14,"Improved Liveability","Enrolled",1,1,0,1,"hcsenquiries@dffh.vic.gov.au","","https://www.housinghub.org.au/property-detail/sda/department-of-families-fairness-and-housing/macleod-vic/5651/8721","","","",""
"Department of Families,Fairness& Housing","Springvale South VIC 3172","Group home, 5 residents",7087.43,"Improved Liveability","Enrolled",1,1,0,1,"hcsenquiries@dffh.vic.gov.au","","https://www.housinghub.org.au/property-detail/sda/department-of-families-fairness-and-housing/springvale-south-vic/5651/qwn4k","","","",""
"Department of Families,Fairness& Housing","Doncaster East VIC 3109","Group home, 5 residents",7844.34,"Improved Liveability","Enrolled",1,1,0,1,"hcsenquiries@dffh.vic.gov.au","","https://www.housinghub.org.au/property-detail/sda/department-of-families-fairness-and-housing/doncaster-east-vic/5651/603","","","",""
"Department of Families,Fairness& Housing","Greensborough VIC 3088","Group home, 5 residents",6468.14,"Improved Liveability","Enrolled",1,1,0,1,"hcsenquiries@dffh.vic.gov.au","","https://www.housinghub.org.au/property-detail/sda/department-of-families-fairness-and-housing/greensborough-vic/5651/7569","","","",""
"Department of Families,Fairness& Housing","Parkdale VIC 3195","Group home, 5 residents",13697.28,"Fully Accessible","Enrolled",2,1,0,1,"hcsenquiries@dffh.vic.gov.au","","https://www.housinghub.org.au/property-detail/sda/department-of-families-fairness-and-housing/parkdale-vic/5651/gfvit","","","",""
"Department of Families,Fairness& Housing","Newport VIC 3015","Group home, 4 residents",7889.92,"Improved Liveability","Enrolled",1,1,0,1,"hcsenquiries@dffh.vic.gov.au","","https://www.housinghub.org.au/property-detail/sda/department-of-families-fairness-and-housing/newport-vic/5651/9wfzv","","","",""
"Department of Families,Fairness& Housing","Stawell VIC 3380","Group home, 5 residents",10391.04,"Fully Accessible","Enrolled",1,1,0,1,"hcsenquiries@dffh.vic.gov.au","","https://www.housinghub.org.au/property-detail/sda/department-of-families-fairness-and-housing/stawell-vic/5651/3434","","","",""
"Department of Families,Fairness& Housing","Vermont VIC 3133","Group home, 5 residents",6192.9,"Improved Liveability","Enrolled",1,1,0,1,"hcsenquiries@dffh.vic.gov.au","","https://www.housinghub.org.au/property-detail/sda/department-of-families-fairness-and-housing/vermont-vic/5651/704","","","",""
"Department of Families,Fairness& Housing","Altona North VIC 3025","Group home, 4 residents",7889.92,"Improved Liveability","Enrolled",1,1,0,1,"hcsenquiries@dffh.vic.gov.au","","https://www.housinghub.org.au/property-detail/sda/department-of-families-fairness-and-housing/altona-north-vic/5651/1572","","","",""
"Department of Families,Fairness& Housing","Maryborough VIC 3465","House, 3 residents",5794.16,"Basic","Enrolled",1,1,0,0,"hcsenquiries@dffh.vic.gov.au","","https://www.housinghub.org.au/property-detail/sda/department-of-families-fairness-and-housing/maryborough-vic/5651/zad8w","","","",""
"Department of Families,Fairness& Housing","Glen Huntly VIC 3163","Group home, 5 residents",7981.96,"Improved Liveability","Enrolled",1,1,0,1,"hcsenquiries@dffh.vic.gov.au","","https://www.housinghub.org.au/property-detail/sda/department-of-families-fairness-and-housing/glen-huntly-vic/5651/5589","","","",""
"Department of Families,Fairness& Housing","Wantirna South VIC 3152","Group home, 4 residents",6919.64,"Basic","Enrolled",1,1,0,0,"hcsenquiries@dffh.vic.gov.au","","https://www.housinghub.org.au/property-detail/sda/department-of-families-fairness-and-housing/wantirna-south-vic/5651/2036","","","",""
"Department of Families,Fairness& Housing","Bentleigh East VIC 3165","Group home, 4 residents",9776.64,"Improved Liveability","Enrolled",2,1,0,1,"hcsenquiries@dffh.vic.gov.au","","https://www.housinghub.org.au/property-detail/sda/department-of-families-fairness-and-housing/bentleigh-east-vic/5651/ayxhj","","","",""
"Department of Families,Fairness& Housing","Sunshine North VIC 3020","Group home, 5 residents",6261.71,"Improved Liveability","Enrolled",1,1,0,1,"hcsenquiries@dffh.vic.gov.au","","https://www.housinghub.org.au/property-detail/sda/inhab-australia/sunshine-north-vic/11835/8psmn","","","",""
"Department of Families,Fairness& Housing","Warracknabeal VIC 3393","Group home, 5 residents",6055.28,"Improved Liveability","Enrolled",1,1,0,1,"hcsenquiries@dffh.vic.gov.au","","https://www.housinghub.org.au/property-detail/sda/department-of-families-fairness-and-housing/warracknabeal-vic/5651/3851","","","",""
"Department of Families,Fairness& Housing","Bundoora VIC 3083","Group home, 5 residents",5741.52,"Basic","Enrolled",1,1,0,0,"hcsenquiries@dffh.vic.gov.au","","https://www.housinghub.org.au/property-detail/sda/department-of-families-fairness-and-housing/bundoora-vic/5651/2cmww","","","",""
"Department of Families,Fairness& Housing","Strathdale VIC 3550","Group home, 5 residents",6261.71,"Improved Liveability","Enrolled",1,1,0,1,"hcsenquiries@dffh.vic.gov.au","","https://www.housinghub.org.au/property-detail/sda/department-of-families-fairness-and-housing/strathdale-vic/5651/hww6d","","","",""
"Department of Families,Fairness& Housing","Greensborough VIC 3088","Group home, 5 residents",6468.14,"Improved Liveability","Enrolled",1,1,0,1,"hcsenquiries@dffh.vic.gov.au","","https://www.housinghub.org.au/property-detail/sda/department-of-families-fairness-and-housing/greensborough-vic/5651/mwmwf","","","",""
"Department of Families,Fairness& Housing","North Wonthaggi VIC 3995","Group home, 5 residents",5917.66,"Improved Liveability","Enrolled",2,1,0,1,"hcsenquiries@dffh.vic.gov.au","","https://www.housinghub.org.au/property-detail/sda/department-of-families-fairness-and-housing/wonthaggi-vic/5651/n1eff","","","",""
"Department of Families,Fairness& Housing","Croydon VIC 3136","Group home, 4 residents",6919.64,"Basic","Enrolled",1,1,0,0,"hcsenquiries@dffh.vic.gov.au","","https://www.housinghub.org.au/property-detail/sda/department-of-families-fairness-and-housing/croydon-vic/5651/585","","","",""
"Department of Families,Fairness& Housing","Boronia VIC 3155","Group home, 4 residents",6919.64,"Basic","Enrolled",1,1,0,0,"hcsenquiries@dffh.vic.gov.au","","https://www.housinghub.org.au/property-detail/sda/department-of-families-fairness-and-housing/boronia-vic/5651/685","","","",""
"Department of Families,Fairness& Housing","Carrum Downs VIC 3201","Group home, 5 residents",5436.12,"Basic","Enrolled",2,1,0,0,"hcsenquiries@dffh.vic.gov.au","","https://www.housinghub.org.au/property-detail/sda/department-of-families-fairness-and-housing/carrum-downs-vic/5651/538","","","",""
"Department of Families,Fairness& Housing","Kennington VIC 3550","Group home, 5 residents",20575.1,"High Physical Support","Enrolled",1,1,0,1,"hcsenquiries@dffh.vic.gov.au","","https://www.housinghub.org.au/property-detail/sda/department-of-families-fairness-and-housing/kennington-vic/5651/2860","","","",""
"Department of Families,Fairness& Housing","Taylors Lakes VIC 3038","Group home, 5 residents",6261.71,"Improved Liveability","Enrolled",1,1,0,1,"hcsenquiries@dffh.vic.gov.au","","https://www.housinghub.org.au/property-detail/sda/department-of-families-fairness-and-housing/taylors-lakes-vic/5651/7czqa","","","",""
"Department of Families,Fairness& Housing","Altona Meadows VIC 3028","Group home, 5 residents",10745.28,"Fully Accessible","Enrolled",1,1,0,1,"hcsenquiries@dffh.vic.gov.au","","https://www.housinghub.org.au/property-detail/sda/department-of-families-fairness-and-housing/altona-meadows-vic/5651/tkl1s","","","",""
"Department of Families,Fairness& Housing","Wheelers Hill VIC 3170","House, 3 residents",8559.3,"Improved Liveability","Enrolled",1,1,0,1,"hcsenquiries@dffh.vic.gov.au","","https://www.housinghub.org.au/property-detail/sda/department-of-families-fairness-and-housing/wheelers-hill-vic/5651/vc2ym","","","",""
"Department of Families,Fairness& Housing","Frankston South VIC 3199","Group home, 5 residents",6124.09,"Improved Liveability","Enrolled",1,1,0,1,"hcsenquiries@dffh.vic.gov.au","","https://www.housinghub.org.au/property-detail/sda/department-of-families-fairness-and-housing/frankston-vic/5651/xd8z7","","","",""
"Department of Families,Fairness& Housing","Rosebud VIC 3939","Group home, 5 residents",5436.12,"Basic","Enrolled",2,1,0,0,"hcsenquiries@dffh.vic.gov.au","","https://www.housinghub.org.au/property-detail/sda/department-of-families-fairness-and-housing/rosebud-vic/5651/587","","","",""
"Department of Families,Fairness& Housing","Morwell VIC 3840","Villa / Duplex / Townhouse, 2 residents",6413.34,"Improved Liveability","Enrolled",1,1,0,0,"hcsenquiries@dffh.vic.gov.au","","https://www.housinghub.org.au/property-detail/sda/department-of-families-fairness-and-housing/morwell-vic/5651/j8hn2","","","",""
"Department of Families,Fairness& Housing","Nhill VIC 3418","Group home, 4 residents",7718.4,"Improved Liveability","Enrolled",1,1,0,1,"hcsenquiries@dffh.vic.gov.au","","https://www.housinghub.org.au/property-detail/sda/department-of-families-fairness-and-housing/nhill-vic/5651/3388","","","",""
"Department of Families,Fairness& Housing","Delacombe VIC 3356","Group home, 5 residents",6261.71,"Improved Liveability","Enrolled",2,1,0,1,"hcsenquiries@dffh.vic.gov.au","","https://www.housinghub.org.au/property-detail/sda/department-of-families-fairness-and-housing/delacombe-vic/5651/2071","","","",""
"Department of Families,Fairness& Housing","Croydon VIC 3136","Group home, 5 residents",6192.9,"Improved Liveability","Enrolled",1,1,0,1,"hcsenquiries@dffh.vic.gov.au","","https://www.housinghub.org.au/property-detail/sda/department-of-families-fairness-and-housing/croydon-vic/5651/9415","","","",""
"Department of Families,Fairness& Housing","Doncaster VIC 3108","Group home, 5 residents",7844.34,"Improved Liveability","Enrolled",1,1,0,1,"hcsenquiries@dffh.vic.gov.au","","https://www.housinghub.org.au/property-detail/sda/department-of-families-fairness-and-housing/doncaster-vic/5651/q6u9u","","","",""
"Department of Families,Fairness& Housing","Werribee VIC 3030","Group home, 5 residents",10745.28,"Fully Accessible","Enrolled",1,1,0,1,"hcsenquiries@dffh.vic.gov.au","","https://www.housinghub.org.au/property-detail/sda/department-of-families-fairness-and-housing/werribee-vic/5651/572","","","",""
"Department of Families,Fairness& Housing","Blackburn VIC 3130","Group home, 5 residents",7844.34,"Improved Liveability","Enrolled",2,1,0,1,"hcsenquiries@dffh.vic.gov.au","","https://www.housinghub.org.au/property-detail/sda/department-of-families-fairness-and-housing/blackburn-vic/5651/3053","","","",""
"Department of Families,Fairness& Housing","Brookfield VIC 3338","Group home, 5 residents",13678.21,"Robust","Enrolled",1,1,0,1,"hcsenquiries@dffh.vic.gov.au","","https://www.housinghub.org.au/property-detail/sda/department-of-families-fairness-and-housing/brookfield-vic/5651/4782","","","",""
"Department of Families,Fairness& Housing","Brown Hill VIC 3350","Group home, 4 residents",7071.72,"Basic","Enrolled",1,1,0,0,"hcsenquiries@dffh.vic.gov.au","","https://www.housinghub.org.au/property-detail/sda/department-of-families-fairness-and-housing/brown-hill-vic/5651/ytfff","","","",""
"Department of Families,Fairness& Housing","Melton South VIC 3338","House, 3 residents",13052.55,"Fully Accessible","Enrolled",2,1,0,1,"hcsenquiries@dffh.vic.gov.au","","https://www.housinghub.org.au/property-detail/sda/department-of-families-fairness-and-housing/melton-south-vic/5651/3zial","","","",""
"Department of Families,Fairness& Housing","Melton South VIC 3338","House, 2 residents",13022.76,"Fully Accessible","Enrolled",1,1,0,0,"hcsenquiries@dffh.vic.gov.au","","https://www.housinghub.org.au/property-detail/sda/department-of-families-fairness-and-housing/melton-south-vic/5651/612","","","",""
"Department of Families,Fairness& Housing","Mooroopna VIC 3629","Group home, 5 residents",6124.09,"Improved Liveability","Enrolled",2,1,0,1,"hcsenquiries@dffh.vic.gov.au","","https://www.housinghub.org.au/property-detail/sda/department-of-families-fairness-and-housing/mooroopna-vic/5651/553","","","",""
"Department of Families,Fairness& Housing","Altona Meadows VIC 3028","Group home, 5 residents",6261.71,"Improved Liveability","Enrolled",1,1,0,1,"hcsenquiries@dffh.vic.gov.au","","https://www.housinghub.org.au/property-detail/sda/department-of-families-fairness-and-housing/altona-meadows-vic/5651/na5in","","","",""
"Department of Families,Fairness& Housing","Deer Park VIC 3023","Group home, 5 residents",10745.28,"Fully Accessible","Enrolled",1,1,0,1,"hcsenquiries@dffh.vic.gov.au","","https://www.housinghub.org.au/property-detail/sda/department-of-families-fairness-and-housing/deer-park-vic/5651/2082","","","",""
"Department of Families,Fairness& Housing","Mentone VIC 3194","House, 3 residents",6903.68,"Basic","Enrolled",1,1,0,0,"hcsenquiries@dffh.vic.gov.au","","https://www.housinghub.org.au/property-detail/sda/department-of-families-fairness-and-housing/mentone-vic/5651/2366","","","",""
"Department of Families,Fairness& Housing","Ararat VIC 3377","Group home, 5 residents",6055.28,"Improved Liveability","Enrolled",2,1,0,1,"hcsenquiries@dffh.vic.gov.au","","https://www.housinghub.org.au/property-detail/sda/department-of-families-fairness-and-housing/ararat-vic/5651/5090","","","",""
"Department of Families,Fairness& Housing","Mill Park VIC 3082","Group home, 5 residents",21253.4,"High Physical Support","Enrolled",1,1,0,1,"hcsenquiries@dffh.vic.gov.au","","https://www.housinghub.org.au/property-detail/sda/department-of-families-fairness-and-housing/mill-park-vic/5651/8hf3a","","","",""
"Department of Families,Fairness& Housing","Rosebud VIC 3939","Villa / Duplex / Townhouse, 3 residents",5963.89,"Improved Liveability","Enrolled",1,1,0,1,"hcsenquiries@dffh.vic.gov.au","","https://www.housinghub.org.au/property-detail/sda/department-of-families-fairness-and-housing/rosebud-vic/5651/cr4r9","","","",""
"Department of Families,Fairness& Housing","Berwick VIC 3806","Group home, 4 residents",8833.28,"Improved Liveability","Enrolled",1,1,0,1,"hcsenquiries@dffh.vic.gov.au","","https://www.housinghub.org.au/property-detail/sda/department-of-families-fairness-and-housing/berwick-vic/5651/dfpv8","","","",""
"Department of Families,Fairness& Housing","Norlane VIC 3214","Group home, 5 residents",6330.52,"Improved Liveability","Enrolled",2,1,0,1,"hcsenquiries@dffh.vic.gov.au","","https://www.housinghub.org.au/property-detail/sda/department-of-families-fairness-and-housing/norlane-vic/5651/zc265","","","",""
"Department of Families,Fairness& Housing","Sunbury VIC 3429","Group home, 5 residents",10745.28,"Fully Accessible","Enrolled",1,1,0,1,"hcsenquiries@dffh.vic.gov.au","","https://www.housinghub.org.au/property-detail/sda/department-of-families-fairness-and-housing/sunbury-vic/5651/qvml8","","","",""
"Department of Families,Fairness& Housing","Sunbury VIC 3429","Group home, 5 residents",10745.28,"Fully Accessible","Enrolled",1,1,0,1,"hcsenquiries@dffh.vic.gov.au","","https://www.housinghub.org.au/property-detail/sda/department-of-families-fairness-and-housing/sunbury-vic/5651/712","","","",""
"Department of Families,Fairness& Housing","Sunbury VIC 3429","Group home, 5 residents",10745.28,"Fully Accessible","Enrolled",2,1,0,1,"hcsenquiries@dffh.vic.gov.au","","https://www.housinghub.org.au/property-detail/sda/department-of-families-fairness-and-housing/sunbury-vic/5651/2933","","","",""
"Department of Families,Fairness& Housing","Drouin VIC 3818","Group home, 5 residents",5917.66,"Improved Liveability","Enrolled",1,1,0,1,"hcsenquiries@dffh.vic.gov.au","","https://www.housinghub.org.au/property-detail/sda/department-of-families-fairness-and-housing/drouin-vic/5651/1gh69","","","",""
"Department of Families,Fairness& Housing","Reservoir VIC 3073","Group home, 5 residents",11099.52,"Fully Accessible","Enrolled",1,1,0,1,"hcsenquiries@dffh.vic.gov.au","","https://www.housinghub.org.au/property-detail/sda/department-of-families-fairness-and-housing/reservoir-vic/5651/529","","","",""
"Department of Families,Fairness& Housing","Reservoir VIC 3073","Group home, 5 residents",11099.52,"Fully Accessible","Enrolled",1,1,0,1,"hcsenquiries@dffh.vic.gov.au","","https://www.housinghub.org.au/property-detail/sda/department-of-families-fairness-and-housing/reservoir-vic/5651/2538","","","",""
"Department of Families,Fairness& Housing","Blackburn North VIC 3130","Group home, 5 residents",13461.12,"Fully Accessible","Enrolled",3,1,0,1,"hcsenquiries@dffh.vic.gov.au","","https://www.housinghub.org.au/property-detail/sda/inhab-australia/blackburn-north-vic/11835/mwark","","","",""
"Department of Families,Fairness& Housing","Hughesdale VIC 3166","House, 3 residents",8236.48,"Improved Liveability","Enrolled",1,1,0,0,"hcsenquiries@dffh.vic.gov.au","","https://www.housinghub.org.au/property-detail/sda/department-of-families-fairness-and-housing/hughesdale-vic/5651/p3e5n","","","",""
"Department of Families,Fairness& Housing","Cheltenham VIC 3192","House, 2 residents",8754.88,"Basic","Enrolled",1,1,0,0,"hcsenquiries@dffh.vic.gov.au","","https://www.housinghub.org.au/property-detail/sda/department-of-families-fairness-and-housing/cheltenham-vic/5651/mz51m","","","",""
"Department of Families,Fairness& Housing","Noble Park VIC 3174","Group home, 5 residents",7087.43,"Improved Liveability","Enrolled",2,1,0,1,"hcsenquiries@dffh.vic.gov.au","","https://www.housinghub.org.au/property-detail/sda/department-of-families-fairness-and-housing/noble-park-vic/5651/718","","","",""
"Department of Families,Fairness& Housing","Williamstown VIC 3016","Group home, 5 residents",13678.21,"Robust","Enrolled",1,1,0,1,"hcsenquiries@dffh.vic.gov.au","","https://www.housinghub.org.au/property-detail/sda/department-of-families-fairness-and-housing/williamstown-vic/5651/7240","","","",""
"Department of Families,Fairness& Housing","Ringwood VIC 3134","House, 3 residents",5670.88,"Basic","Enrolled",3,1,0,0,"hcsenquiries@dffh.vic.gov.au","","https://www.housinghub.org.au/property-detail/sda/department-of-families-fairness-and-housing/ringwood-vic/5651/4899","","","",""
"Department of Families,Fairness& Housing","Ringwood VIC 3134","Villa / Duplex / Townhouse, 2 residents",6347.25,"Basic","Enrolled",1,1,0,0,"hcsenquiries@dffh.vic.gov.au","","https://www.housinghub.org.au/property-detail/sda/department-of-families-fairness-and-housing/ringwood-vic/5651/re5gl","","","",""
"Department of Families,Fairness& Housing","Rosebud VIC 3939","Group home, 5 residents",10509.12,"Fully Accessible","Enrolled",1,1,0,1,"hcsenquiries@dffh.vic.gov.au","","https://www.housinghub.org.au/property-detail/sda/department-of-families-fairness-and-housing/rosebud-vic/5651/569","","","",""
"Department of Families,Fairness& Housing","Mill Park VIC 3082","Group home, 5 residents",11099.52,"Fully Accessible","Enrolled",1,1,0,1,"hcsenquiries@dffh.vic.gov.au","","https://www.housinghub.org.au/property-detail/sda/department-of-families-fairness-and-housing/mill-park-vic/5651/xmx8c","","","",""
"Department of Families,Fairness& Housing","Hampton VIC 3188","Group home, 5 residents",13697.28,"Fully Accessible","Enrolled",1,1,0,1,"hcsenquiries@dffh.vic.gov.au","","https://www.housinghub.org.au/property-detail/sda/department-of-families-fairness-and-housing/hampton-east-vic/5651/k6ixg","","","",""
"Department of Families,Fairness& Housing","Deer Park VIC 3023","Villa / Duplex / Townhouse, 3 residents",6097.91,"Improved Liveability","Enrolled",1,1,0,1,"hcsenquiries@dffh.vic.gov.au","","https://www.housinghub.org.au/property-detail/sda/department-of-families-fairness-and-housing/deer-park-vic/5651/9153","","","",""
"Department of Families,Fairness& Housing","Warranwood VIC 3134","Group home, 5 residents",10627.2,"Fully Accessible","Enrolled",1,1,0,1,"hcsenquiries@dffh.vic.gov.au","","https://www.housinghub.org.au/property-detail/sda/department-of-families-fairness-and-housing/warranwood-vic/5651/5975","","","",""
"Department of Families,Fairness& Housing","Aspendale Gardens VIC 3195","Group home, 5 residents",7981.96,"Improved Liveability","Enrolled",1,1,0,1,"hcsenquiries@dffh.vic.gov.au","","https://www.housinghub.org.au/property-detail/sda/department-of-families-fairness-and-housing/aspendale-gardens-vic/5651/8591","","","",""
"Department of Families,Fairness& Housing","Carrum VIC 3197","Group home, 5 residents",13697.28,"Fully Accessible","Enrolled",2,1,0,1,"hcsenquiries@dffh.vic.gov.au","","https://www.housinghub.org.au/property-detail/sda/department-of-families-fairness-and-housing/carrum-vic/5651/5645","","","",""
"Department of Families,Fairness& Housing","Traralgon VIC 3844","Group home, 5 residents",5917.66,"Improved Liveability","Enrolled",1,1,0,1,"hcsenquiries@dffh.vic.gov.au","","https://www.housinghub.org.au/property-detail/sda/department-of-families-fairness-and-housing/traralgon-vic/5651/8ku3c","","","",""
"Department of Families,Fairness& Housing","Colac VIC 3250","Group home, 5 residents",6192.9,"Improved Liveability","Enrolled",1,1,0,1,"hcsenquiries@dffh.vic.gov.au","","https://www.housinghub.org.au/property-detail/sda/department-of-families-fairness-and-housing/colac-vic/5651/l4mc3","","","",""
"Department of Families,Fairness& Housing","Carrum VIC 3197","Group home, 4 residents",15801.54,"Fully Accessible","Enrolled",2,1,0,1,"hcsenquiries@dffh.vic.gov.au","","https://www.housinghub.org.au/property-detail/sda/department-of-families-fairness-and-housing/carrum-vic/5651/legrv","","","",""
"Department of Families,Fairness& Housing","Greensborough VIC 3088","Group home, 5 residents",6468.14,"Improved Liveability","Enrolled",1,1,0,1,"hcsenquiries@dffh.vic.gov.au","","https://www.housinghub.org.au/property-detail/sda/department-of-families-fairness-and-housing/greensborough-vic/5651/z3l1l","","","",""
"Department of Families,Fairness& Housing","Northcote VIC 3070","Villa / Duplex / Townhouse, 1 residents",42464.27,"High Physical Support","Enrolled",1,1,0,0,"hcsenquiries@dffh.vic.gov.au","","https://www.housinghub.org.au/property-detail/sda/department-of-families-fairness-and-housing/northcote-vic/5651/5551","","","",""
"Department of Families,Fairness& Housing","Altona Meadows VIC 3028","Group home, 5 residents",14237.86,"Robust","Enrolled",1,1,1,1,"hcsenquiries@dffh.vic.gov.au","","https://www.housinghub.org.au/property-detail/sda/department-of-families-fairness-and-housing/altona-meadows-vic/5651/rrbx7","","","",""
"Department of Families,Fairness& Housing","Ringwood VIC 3134","Group home, 5 residents",6192.9,"Improved Liveability","Enrolled",1,1,0,1,"hcsenquiries@dffh.vic.gov.au","","https://www.housinghub.org.au/property-detail/sda/department-of-families-fairness-and-housing/ringwood-vic/5651/c8u2u","","","",""
"Department of Families,Fairness& Housing","Ararat VIC 3377","Group home, 5 residents",13227.28,"Robust","Enrolled",1,1,0,1,"hcsenquiries@dffh.vic.gov.au","","https://www.housinghub.org.au/property-detail/sda/department-of-families-fairness-and-housing/ararat-vic/5651/yhc9f","","","",""
"Department of Families,Fairness& Housing","Sydenham VIC 3037","Group home, 5 residents",10745.28,"Fully Accessible","Enrolled",1,1,0,1,"hcsenquiries@dffh.vic.gov.au","","https://www.housinghub.org.au/property-detail/sda/department-of-families-fairness-and-housing/sydenham-vic/5651/2971","","","",""
"Department of Families,Fairness& Housing","Doveton VIC 3177","Group home, 5 residents",16115.38,"Robust","Enrolled",1,1,1,1,"hcsenquiries@dffh.vic.gov.au","","https://www.housinghub.org.au/property-detail/sda/department-of-families-fairness-and-housing/doveton-vic/5651/555","","","",""
"Department of Families,Fairness& Housing","Highett VIC 3190","Group home, 5 residents",26227.6,"High Physical Support","Enrolled",1,1,0,1,"hcsenquiries@dffh.vic.gov.au","","https://www.housinghub.org.au/property-detail/sda/department-of-families-fairness-and-housing/highett-vic/5651/3542","","","",""
"Department of Families,Fairness& Housing","Croydon VIC 3136","Group home, 5 residents",10627.2,"Fully Accessible","Enrolled",1,1,0,1,"hcsenquiries@dffh.vic.gov.au","","https://www.housinghub.org.au/property-detail/sda/department-of-families-fairness-and-housing/croydon-vic/5651/3949","","","",""
"Department of Families,Fairness& Housing","Haven VIC 3401","Group home, 5 residents",10391.04,"Fully Accessible","Enrolled",1,1,0,1,"hcsenquiries@dffh.vic.gov.au","","https://www.housinghub.org.au/property-detail/sda/department-of-families-fairness-and-housing/haven-vic/5651/2666","","","",""
"Department of Families,Fairness& Housing","Dandenong North VIC 3175","Group home, 5 residents",7087.43,"Improved Liveability","Enrolled",1,1,0,1,"hcsenquiries@dffh.vic.gov.au","","https://www.housinghub.org.au/property-detail/sda/department-of-families-fairness-and-housing/dandenong-north-vic/5651/3625","","","",""
"Department of Families,Fairness& Housing","Bacchus Marsh VIC 3340","Group home, 5 residents",10745.28,"Fully Accessible","Enrolled",1,1,0,1,"hcsenquiries@dffh.vic.gov.au","","https://www.housinghub.org.au/property-detail/sda/department-of-families-fairness-and-housing/bacchus-marsh-vic/5651/hcpcb","","","",""
"Department of Families,Fairness& Housing","Werribee VIC 3030","Group home, 5 residents",10745.28,"Fully Accessible","Enrolled",2,1,0,1,"hcsenquiries@dffh.vic.gov.au","","https://www.housinghub.org.au/property-detail/sda/department-of-families-fairness-and-housing/werribee-vic/5651/2927","","","",""
"Department of Families,Fairness& Housing","Dandenong North VIC 3175","Group home, 4 residents",18809.86,"Robust","Enrolled",3,1,1,1,"hcsenquiries@dffh.vic.gov.au","","https://www.housinghub.org.au/property-detail/sda/department-of-families-fairness-and-housing/dandenong-north-vic/5651/2059","","","",""
"Department of Families,Fairness& Housing","Blackburn South VIC 3130","Group home, 4 residents",8789.76,"Improved Liveability","Enrolled",1,1,0,0,"hcsenquiries@dffh.vic.gov.au","","https://www.housinghub.org.au/property-detail/sda/department-of-families-fairness-and-housing/blackburn-south-vic/5651/9jw3v","","","",""
"Department of Families,Fairness& Housing","Preston VIC 3072","House, 3 residents",6986.3,"Improved Liveability","Enrolled",1,1,0,0,"hcsenquiries@dffh.vic.gov.au","","https://www.housinghub.org.au/property-detail/sda/department-of-families-fairness-and-housing/preston-vic/5651/xksjg","","","",""
"Department of Families,Fairness& Housing","Mitcham VIC 3132","Group home, 5 residents",10627.2,"Fully Accessible","Enrolled",1,1,0,1,"hcsenquiries@dffh.vic.gov.au","","https://www.housinghub.org.au/property-detail/sda/department-of-families-fairness-and-housing/mitcham-vic/5651/a2jbp","","","",""
"Department of Families,Fairness& Housing","Carrum VIC 3197","Group home, 5 residents",13697.28,"Fully Accessible","Enrolled",3,1,0,1,"hcsenquiries@dffh.vic.gov.au","","https://www.housinghub.org.au/property-detail/sda/department-of-families-fairness-and-housing/carrum-vic/5651/599","","","",""
"Department of Families,Fairness& Housing","Lilydale VIC 3140","Group home, 5 residents",10627.2,"Fully Accessible","Enrolled",1,1,0,1,"hcsenquiries@dffh.vic.gov.au","","https://www.housinghub.org.au/property-detail/sda/department-of-families-fairness-and-housing/lilydale-vic/5651/dfbj3","","","",""
"Department of Families,Fairness& Housing","Highett VIC 3190","Group home, 5 residents",13697.28,"Fully Accessible","Enrolled",1,1,0,1,"hcsenquiries@dffh.vic.gov.au","","https://www.housinghub.org.au/property-detail/sda/infinity-housing-pty-ltd/moorabbin-vic/13408/5s9mn","","","",""
"Department of Families,Fairness& Housing","Cheltenham VIC 3192","Group home, 5 residents",13697.28,"Fully Accessible","Enrolled",2,1,0,1,"hcsenquiries@dffh.vic.gov.au","","https://www.housinghub.org.au/property-detail/sda/inhab-australia/cheltenham-vic/11835/pkkmf","","","",""
"Department of Families,Fairness& Housing","Burwood East VIC 3151","Legacy Stock, 6+ residents",14938.56,"High Physical Support","Enrolled",3,1,0,1,"hcsenquiries@dffh.vic.gov.au","","https://www.housinghub.org.au/property-detail/sda/department-of-families-fairness-and-housing/burwood-east-vic/5651/2713","","","",""
"Department of Families,Fairness& Housing","Carnegie VIC 3163","Villa / Duplex / Townhouse, 3 residents",13735.56,"Fully Accessible","Enrolled",1,1,0,1,"hcsenquiries@dffh.vic.gov.au","","https://www.housinghub.org.au/property-detail/sda/department-of-families-fairness-and-housing/carnegie-vic/5651/5493","","","",""
"Department of Families,Fairness& Housing","Traralgon VIC 3844","Group home, 5 residents",5917.66,"Improved Liveability","Enrolled",3,1,0,1,"hcsenquiries@dffh.vic.gov.au","","https://www.housinghub.org.au/property-detail/sda/department-of-families-fairness-and-housing/traralgon-vic/5651/7bbb3","","","",""
"Department of Families,Fairness& Housing","Sale VIC 3850","Villa / Duplex / Townhouse, 2 residents",6413.34,"Improved Liveability","Enrolled",1,1,0,0,"hcsenquiries@dffh.vic.gov.au","","https://www.housinghub.org.au/property-detail/sda/department-of-families-fairness-and-housing/sale-vic/5651/erdxt","","","",""
"Department of Families,Fairness& Housing","Upper Ferntree Gully VIC 3156","Group home, 5 residents",6192.9,"Improved Liveability","Enrolled",1,1,0,1,"hcsenquiries@dffh.vic.gov.au","","https://www.housinghub.org.au/property-detail/sda/department-of-families-fairness-and-housing/ferntree-gully-vic/5651/ilzip","","","",""
"Department of Families,Fairness& Housing","West Wodonga VIC 3690","Villa / Duplex / Townhouse, 3 residents",13796.78,"Robust","Enrolled",1,1,0,1,"hcsenquiries@dffh.vic.gov.au","","https://www.housinghub.org.au/property-detail/sda/department-of-families-fairness-and-housing/west-wodonga-vic/5651/wiy6x","","","",""
"Department of Families,Fairness& Housing","West Wodonga VIC 3690","Villa / Duplex / Townhouse, 2 residents",15180.92,"Robust","Enrolled",1,1,0,0,"hcsenquiries@dffh.vic.gov.au","","https://www.housinghub.org.au/property-detail/sda/department-of-families-fairness-and-housing/west-wodonga-vic/5651/687","","","",""
"Department of Families,Fairness& Housing","Sunshine North VIC 3020","Villa / Duplex / Townhouse, 3 residents",10775.31,"Fully Accessible","Enrolled",1,1,0,1,"hcsenquiries@dffh.vic.gov.au","","https://www.housinghub.org.au/property-detail/sda/department-of-families-fairness-and-housing/sunshine-vic/5651/1cnmp","","","",""
"Department of Families,Fairness& Housing","Bellfield VIC 3081","Group home, 5 residents",21253.4,"High Physical Support","Enrolled",1,1,0,1,"hcsenquiries@dffh.vic.gov.au","","https://www.housinghub.org.au/property-detail/sda/department-of-families-fairness-and-housing/bellfield-vic/5651/64b6k","","","",""
"Department of Families,Fairness& Housing","Hawthorn East VIC 3122","Group home, 5 residents",13461.12,"Fully Accessible","Enrolled",1,1,0,1,"hcsenquiries@dffh.vic.gov.au","","https://www.housinghub.org.au/property-detail/sda/department-of-families-fairness-and-housing/hawthorn-vic/5651/ryx7m","","","",""
"Department of Families,Fairness& Housing","Hawthorn East VIC 3122","Group home, 5 residents",13461.12,"Fully Accessible","Enrolled",1,1,0,1,"hcsenquiries@dffh.vic.gov.au","","https://www.housinghub.org.au/property-detail/sda/department-of-families-fairness-and-housing/hawthorn-vic/5651/hvncr","","","",""
"Department of Families,Fairness& Housing","Stawell VIC 3380","Group home, 4 residents",16435.8,"Robust","Enrolled",2,1,1,1,"hcsenquiries@dffh.vic.gov.au","","https://www.housinghub.org.au/property-detail/sda/department-of-families-fairness-and-housing/stawell-vic/5651/1l1f5","","","",""
"Department of Families,Fairness& Housing","Morwell VIC 3840","Group home, 5 residents",12926.66,"Robust","Enrolled",2,1,0,1,"hcsenquiries@dffh.vic.gov.au","","https://www.housinghub.org.au/property-detail/sda/department-of-families-fairness-and-housing/morwell-vic/5651/9hncl","","","",""
"Department of Families,Fairness& Housing","Mitcham VIC 3132","Group home, 5 residents",10627.2,"Fully Accessible","Enrolled",1,1,0,1,"hcsenquiries@dffh.vic.gov.au","","https://www.housinghub.org.au/property-detail/sda/department-of-families-fairness-and-housing/mitcham-vic/5651/wav2e","","","",""
"Department of Families,Fairness& Housing","Stawell VIC 3380","Group home, 5 residents",10391.04,"Fully Accessible","Enrolled",2,1,0,1,"hcsenquiries@dffh.vic.gov.au","","https://www.housinghub.org.au/property-detail/sda/department-of-families-fairness-and-housing/stawell-vic/5651/703","","","",""
"Department of Families,Fairness& Housing","Broadmeadows VIC 3047","Group home, 5 residents",10745.28,"Fully Accessible","Enrolled",2,1,0,1,"hcsenquiries@dffh.vic.gov.au","","https://www.housinghub.org.au/property-detail/sda/department-of-families-fairness-and-housing/broadmeadows-vic/5651/nah3e","","","",""
"Department of Families,Fairness& Housing","St Albans VIC 3021","Group home, 5 residents",20575.1,"High Physical Support","Enrolled",1,1,0,1,"hcsenquiries@dffh.vic.gov.au","","https://www.housinghub.org.au/property-detail/sda/department-of-families-fairness-and-housing/st-albans-vic/5651/6576","","","",""
"Department of Families,Fairness& Housing","Mordialloc VIC 3195","Villa / Duplex / Townhouse, 2 residents",7881.75,"Basic","Enrolled",1,1,0,0,"hcsenquiries@dffh.vic.gov.au","","https://www.housinghub.org.au/property-detail/sda/department-of-families-fairness-and-housing/mordialloc-vic/5651/565","","","",""
"Department of Families,Fairness& Housing","Thornbury VIC 3071","Group home, 5 residents",27649.17,"High Physical Support","Enrolled",1,1,0,0,"hcsenquiries@dffh.vic.gov.au","","https://www.housinghub.org.au/property-detail/sda/department-of-families-fairness-and-housing/thornbury-vic/5651/593","","","",""
"Department of Families,Fairness& Housing","Thornbury VIC 3071","Group home, 5 residents",28714.7,"High Physical Support","Enrolled",3,1,0,1,"hcsenquiries@dffh.vic.gov.au","","https://www.housinghub.org.au/property-detail/sda/department-of-families-fairness-and-housing/thornbury-vic/5651/6713","","","",""
"Department of Families,Fairness& Housing","Thornbury VIC 3071","Group home, 5 residents",27649.17,"High Physical Support","Enrolled",1,1,0,0,"hcsenquiries@dffh.vic.gov.au","","https://www.housinghub.org.au/property-detail/sda/department-of-families-fairness-and-housing/thornbury-vic/5651/l1ida","","","",""
"Department of Families,Fairness& Housing","Bayswater VIC 3153","Group home, 5 residents",10627.2,"Fully Accessible","Enrolled",1,1,0,1,"hcsenquiries@dffh.vic.gov.au","","https://www.housinghub.org.au/property-detail/sda/department-of-families-fairness-and-housing/bayswater-vic/5651/9zux5","","","",""
"Department of Families,Fairness& Housing","Langwarrin VIC 3910","Group home, 5 residents",10509.12,"Fully Accessible","Enrolled",1,1,0,1,"hcsenquiries@dffh.vic.gov.au","","https://www.housinghub.org.au/property-detail/sda/department-of-families-fairness-and-housing/langwarrin-vic/5651/plcrx","","","",""
"Department of Families,Fairness& Housing","Seaford VIC 3198","Group home, 5 residents",10509.12,"Fully Accessible","Enrolled",1,1,0,1,"hcsenquiries@dffh.vic.gov.au","","https://www.housinghub.org.au/property-detail/sda/department-of-families-fairness-and-housing/seaford-vic/5651/1n8bh","","","",""
"Department of Families,Fairness& Housing","Glenroy VIC 3046","Group home, 5 residents",10745.28,"Fully Accessible","Enrolled",1,1,0,1,"hcsenquiries@dffh.vic.gov.au","","https://www.housinghub.org.au/property-detail/sda/department-of-families-fairness-and-housing/glenroy-vic/5651/iwwls","","","",""
"Department of Families,Fairness& Housing","Benalla VIC 3672","Group home, 5 residents",10509.12,"Fully Accessible","Enrolled",1,1,0,1,"hcsenquiries@dffh.vic.gov.au","","https://www.housinghub.org.au/property-detail/sda/department-of-families-fairness-and-housing/benalla-vic/5651/ii6yh","","","",""
"Department of Families,Fairness& Housing","Werribee VIC 3030","Group home, 5 residents",10745.28,"Fully Accessible","Enrolled",1,1,0,1,"hcsenquiries@dffh.vic.gov.au","","https://www.housinghub.org.au/property-detail/sda/department-of-families-fairness-and-housing/werribee-vic/5651/4098","","","",""
"Department of Families,Fairness& Housing","Ringwood VIC 3134","Group home, 5 residents",10627.2,"Fully Accessible","Enrolled",1,1,0,1,"hcsenquiries@dffh.vic.gov.au","","https://www.housinghub.org.au/property-detail/sda/department-of-families-fairness-and-housing/ringwood-vic/5651/3167","","","",""
"Department of Families,Fairness& Housing","Ashburton VIC 3147","Group home, 5 residents",25775.4,"High Physical Support","Enrolled",1,1,0,1,"hcsenquiries@dffh.vic.gov.au","","https://www.housinghub.org.au/property-detail/sda/department-of-families-fairness-and-housing/ashburton-vic/5651/707","","","",""
"Department of Families,Fairness& Housing","Greensborough VIC 3088","Group home, 5 residents",11099.52,"Fully Accessible","Enrolled",1,1,0,1,"hcsenquiries@dffh.vic.gov.au","","https://www.housinghub.org.au/property-detail/sda/department-of-families-fairness-and-housing/greensborough-vic/5651/573","","","",""
"Department of Families,Fairness& Housing","Ashburton VIC 3147","Group home, 5 residents",25775.4,"High Physical Support","Enrolled",1,1,0,1,"hcsenquiries@dffh.vic.gov.au","","https://www.housinghub.org.au/property-detail/sda/department-of-families-fairness-and-housing/ashburton-vic/5651/1vany","","","",""
"Department of Families,Fairness& Housing","Croydon VIC 3136","Villa / Duplex / Townhouse, 3 residents",6030.9,"Improved Liveability","Enrolled",3,1,0,1,"hcsenquiries@dffh.vic.gov.au","","https://www.housinghub.org.au/property-detail/sda/department-of-families-fairness-and-housing/croydon-vic/5651/s5qji","","","",""
"Department of Families,Fairness& Housing","Cheltenham VIC 3192","Group home, 5 residents",13697.28,"Fully Accessible","Enrolled",1,1,0,1,"hcsenquiries@dffh.vic.gov.au","","https://www.housinghub.org.au/property-detail/sda/department-of-families-fairness-and-housing/cheltenham-vic/5651/3993","","","",""
"Department of Families,Fairness& Housing","Sale VIC 3850","Villa / Duplex / Townhouse, 2 residents",11428.49,"Fully Accessible","Enrolled",1,1,0,0,"hcsenquiries@dffh.vic.gov.au","","https://www.housinghub.org.au/property-detail/sda/yooralla/sale-vic/12115/wmy2v","","","",""
"Department of Families,Fairness& Housing","Sale VIC 3850","Villa / Duplex / Townhouse, 3 residents",10183.26,"Fully Accessible","Enrolled",1,1,0,1,"hcsenquiries@dffh.vic.gov.au","","https://www.housinghub.org.au/property-detail/sda/department-of-families-fairness-and-housing/sale-vic/5651/571","","","",""
"Department of Families,Fairness& Housing","Batesford VIC 3221","Group home, 4 residents",23873.1,"High Physical Support","Enrolled",1,1,0,1,"hcsenquiries@dffh.vic.gov.au","","https://www.housinghub.org.au/property-detail/sda/department-of-families-fairness-and-housing/batesford-vic/5651/6293","","","",""
"Department of Families,Fairness& Housing","Traralgon VIC 3844","Group home, 5 residents",12926.66,"Robust","Enrolled",2,1,0,1,"hcsenquiries@dffh.vic.gov.au","","https://www.housinghub.org.au/property-detail/sda/department-of-families-fairness-and-housing/traralgon-vic/5651/8pp2y","","","",""
"Department of Families,Fairness& Housing","Endeavour Hills VIC 3802","Villa / Duplex / Townhouse, 3 residents",6021.38,"Improved Liveability","Enrolled",1,1,0,0,"hcsenquiries@dffh.vic.gov.au","","https://www.housinghub.org.au/property-detail/sda/department-of-families-fairness-and-housing/endeavour-hills-vic/5651/pui9y","","","",""
"Department of Families,Fairness& Housing","Echuca VIC 3564","Villa / Duplex / Townhouse, 1 residents",12793.33,"Basic","Enrolled",1,1,0,0,"hcsenquiries@dffh.vic.gov.au","","https://www.housinghub.org.au/property-detail/sda/department-of-families-fairness-and-housing/echuca-vic/5651/5673","","","",""
"Department of Families,Fairness& Housing","Vermont VIC 3133","Group home, 5 residents",10627.2,"Fully Accessible","Enrolled",1,1,0,1,"hcsenquiries@dffh.vic.gov.au","","https://www.housinghub.org.au/property-detail/sda/department-of-families-fairness-and-housing/vermont-vic/5651/6ghse","","","",""
"Department of Families,Fairness& Housing","Bayswater VIC 3153","Group home, 5 residents",10627.2,"Fully Accessible","Enrolled",1,1,0,1,"hcsenquiries@dffh.vic.gov.au","","https://www.housinghub.org.au/property-detail/sda/department-of-families-fairness-and-housing/bayswater-vic/5651/u5v54","","","",""
"Department of Families,Fairness& Housing","Reservoir VIC 3073","Villa / Duplex / Townhouse, 3 residents",20365.1,"High Physical Support","Enrolled",1,1,0,1,"hcsenquiries@dffh.vic.gov.au","","https://www.housinghub.org.au/property-detail/sda/department-of-families-fairness-and-housing/reservoir-vic/5651/1979","","","",""
"Department of Families,Fairness& Housing","Ararat VIC 3377","Villa / Duplex / Townhouse, 3 residents",13641.76,"Robust","Enrolled",1,1,0,1,"hcsenquiries@dffh.vic.gov.au","","https://www.housinghub.org.au/property-detail/sda/department-of-families-fairness-and-housing/ararat-vic/5651/541","","","",""
"Department of Families,Fairness& Housing","Watsonia VIC 3087","Group home, 5 residents",21253.4,"High Physical Support","Enrolled",1,1,0,1,"hcsenquiries@dffh.vic.gov.au","","https://www.housinghub.org.au/property-detail/sda/department-of-families-fairness-and-housing/watsonia-vic/5651/v5jhj","","","",""
"Department of Families,Fairness& Housing","Hawthorn VIC 3122","Legacy Stock, 6+ residents",8154.42,"Fully Accessible","Enrolled",1,1,0,1,"hcsenquiries@dffh.vic.gov.au","","https://www.housinghub.org.au/property-detail/sda/department-of-families-fairness-and-housing/hawthorn-vic/5651/566","","","",""
"Department of Families,Fairness& Housing","Hawthorn VIC 3122","Group home, 5 residents",13461.12,"Fully Accessible","Enrolled",1,1,0,1,"hcsenquiries@dffh.vic.gov.au","","https://www.housinghub.org.au/property-detail/sda/department-of-families-fairness-and-housing/hawthorn-vic/5651/sawkp","","","",""
"Department of Families,Fairness& Housing","Hawthorn VIC 3122","Legacy Stock, 6+ residents",11307.66,"Fully Accessible","Enrolled",2,1,0,1,"hcsenquiries@dffh.vic.gov.au","","https://www.housinghub.org.au/property-detail/sda/department-of-families-fairness-and-housing/hawthorn-vic/5651/722","","","",""
"Department of Families,Fairness& Housing","Highton VIC 3216","Group home, 5 residents",6330.52,"Improved Liveability","Enrolled",3,1,0,1,"hcsenquiries@dffh.vic.gov.au","","https://www.housinghub.org.au/property-detail/sda/department-of-families-fairness-and-housing/highton-vic/5651/9190","","","",""
"Department of Families,Fairness& Housing","Reservoir VIC 3073","Villa / Duplex / Townhouse, 3 residents",11130.54,"Fully Accessible","Enrolled",1,1,0,1,"hcsenquiries@dffh.vic.gov.au","","https://www.housinghub.org.au/property-detail/sda/department-of-families-fairness-and-housing/reservoir-vic/5651/qai5u","","","",""
"Department of Families,Fairness& Housing","Doncaster East VIC 3109","Group home, 5 residents",13461.12,"Fully Accessible","Enrolled",1,1,0,1,"hcsenquiries@dffh.vic.gov.au","","https://www.housinghub.org.au/property-detail/sda/department-of-families-fairness-and-housing/doncaster-east-vic/5651/6s52j","","","",""
"Department of Families,Fairness& Housing","Chadstone VIC 3148","Group home, 4 residents",14276.83,"Fully Accessible","Enrolled",1,1,0,1,"hcsenquiries@dffh.vic.gov.au","","https://www.housinghub.org.au/property-detail/sda/department-of-families-fairness-and-housing/chadstone-vic/5651/5imui","","","",""
"Department of Families,Fairness& Housing","Avondale Heights VIC 3034","House, 3 residents",13052.55,"Fully Accessible","Enrolled",1,1,0,1,"hcsenquiries@dffh.vic.gov.au","","https://www.housinghub.org.au/property-detail/sda/department-of-families-fairness-and-housing/avondale-heights-vic/5651/2896","","","",""
"Department of Families,Fairness& Housing","Bentleigh VIC 3204","Group home, 5 residents",13697.28,"Fully Accessible","Enrolled",1,1,0,1,"hcsenquiries@dffh.vic.gov.au","","https://www.housinghub.org.au/property-detail/sda/department-of-families-fairness-and-housing/bentleigh-vic/5651/fxxl5","","","",""
"Department of Families,Fairness& Housing","Mitcham VIC 3132","Group home, 5 residents",10627.2,"Fully Accessible","Enrolled",2,1,0,1,"hcsenquiries@dffh.vic.gov.au","","https://www.housinghub.org.au/property-detail/sda/department-of-families-fairness-and-housing/mitcham-vic/5651/683","","","",""
"Department of Families,Fairness& Housing","Clayton South VIC 3169","Group home, 4 residents",14276.83,"Fully Accessible","Enrolled",1,1,0,1,"hcsenquiries@dffh.vic.gov.au","","https://www.housinghub.org.au/property-detail/sda/department-of-families-fairness-and-housing/clayton-south-vic/5651/b74bc","","","",""
"Department of Families,Fairness& Housing","Clayton South VIC 3169","Villa / Duplex / Townhouse, 3 residents",21110.88,"High Physical Support","Enrolled",2,1,0,0,"hcsenquiries@dffh.vic.gov.au","","https://www.housinghub.org.au/property-detail/sda/department-of-families-fairness-and-housing/clayton-south-vic/5651/605","","","",""
"Department of Families,Fairness& Housing","Chadstone VIC 3148","Group home, 5 residents",12162.24,"Fully Accessible","Enrolled",1,1,0,1,"hcsenquiries@dffh.vic.gov.au","","https://www.housinghub.org.au/property-detail/sda/department-of-families-fairness-and-housing/chadstone-vic/5651/msz5s","","","",""
"Department of Families,Fairness& Housing","Clayton VIC 3168","Group home, 4 residents",26440.1,"High Physical Support","Enrolled",3,1,0,1,"hcsenquiries@dffh.vic.gov.au","","https://www.housinghub.org.au/property-detail/sda/department-of-families-fairness-and-housing/clayton-vic/5651/2328","","","",""
"Department of Families,Fairness& Housing","Lakes Entrance VIC 3909","Villa / Duplex / Townhouse, 1 residents",12722.9,"Improved Liveability","Enrolled",1,1,0,0,"hcsenquiries@dffh.vic.gov.au","","https://www.housinghub.org.au/property-detail/sda/department-of-families-fairness-and-housing/lakes-entrance-vic/5651/nv6y8","","","",""
"Department of Families,Fairness& Housing","Preston VIC 3072","Group home, 5 residents",11099.52,"Fully Accessible","Enrolled",1,1,0,1,"hcsenquiries@dffh.vic.gov.au","","https://www.housinghub.org.au/property-detail/sda/department-of-families-fairness-and-housing/preston-vic/5651/pvgca","","","",""
"Department of Families,Fairness& Housing","Cheltenham VIC 3192","Villa / Duplex / Townhouse, 3 residents",12692.72,"Fully Accessible","Enrolled",1,1,0,0,"hcsenquiries@dffh.vic.gov.au","","https://www.housinghub.org.au/property-detail/sda/department-of-families-fairness-and-housing/cheltenham-vic/5651/3997","","","",""
"Department of Families,Fairness& Housing","Frankston VIC 3199","Villa / Duplex / Townhouse, 1 residents",23628.51,"Fully Accessible","Enrolled",1,1,0,1,"hcsenquiries@dffh.vic.gov.au","","https://www.housinghub.org.au/property-detail/sda/sda-strategy/frankston-vic/z8v72/cb4vh","","","",""
"Department of Families,Fairness& Housing","Mitcham VIC 3132","House, 3 residents",11985.76,"Fully Accessible","Enrolled",1,1,0,0,"hcsenquiries@dffh.vic.gov.au","","https://www.housinghub.org.au/property-detail/sda/department-of-families-fairness-and-housing/mitcham-vic/5651/n1ivh","","","",""
"Department of Families,Fairness& Housing","Eumemmerring VIC 3177","Villa / Duplex / Townhouse, 1 residents",29523.9,"Robust","Enrolled",1,1,0,0,"hcsenquiries@dffh.vic.gov.au","","https://www.housinghub.org.au/property-detail/sda/department-of-families-fairness-and-housing/eumemmerring-vic/5651/l7qh5","","","",""
"Department of Families,Fairness& Housing","Notting Hill VIC 3168","Group home, 4 residents",26440.1,"High Physical Support","Enrolled",1,1,0,1,"hcsenquiries@dffh.vic.gov.au","","https://www.housinghub.org.au/property-detail/sda/department-of-families-fairness-and-housing/notting-hill-vic/5651/dkiyi","","","",""
"Department of Families,Fairness& Housing","Bundoora VIC 3083","Group home, 5 residents",11099.52,"Fully Accessible","Enrolled",1,1,0,1,"hcsenquiries@dffh.vic.gov.au","","https://www.housinghub.org.au/property-detail/sda/department-of-families-fairness-and-housing/bundoora-vic/5651/584","","","",""
"Department of Families,Fairness& Housing","Vermont VIC 3133","Group home, 5 residents",10627.2,"Fully Accessible","Enrolled",1,1,0,1,"hcsenquiries@dffh.vic.gov.au","","https://www.housinghub.org.au/property-detail/sda/department-of-families-fairness-and-housing/vermont-vic/5651/4984","","","",""
"Department of Families,Fairness& Housing","Blackburn North VIC 3130","Group home, 5 residents",13461.12,"Fully Accessible","Enrolled",2,1,0,1,"hcsenquiries@dffh.vic.gov.au","","https://www.housinghub.org.au/property-detail/sda/department-of-families-fairness-and-housing/blackburn-north-vic/5651/u2fzw","","","",""
"Department of Families,Fairness& Housing","Mooroolbark VIC 3138","Villa / Duplex / Townhouse, 3 residents",13951.8,"Robust","Enrolled",1,1,0,1,"hcsenquiries@dffh.vic.gov.au","","https://www.housinghub.org.au/property-detail/sda/department-of-families-fairness-and-housing/mooroolbark-vic/5651/690","","","",""
"Department of Families,Fairness& Housing","Clayton VIC 3168","Group home, 5 residents",23288.3,"High Physical Support","Enrolled",1,1,0,1,"hcsenquiries@dffh.vic.gov.au","","https://www.housinghub.org.au/property-detail/sda/department-of-families-fairness-and-housing/clayton-vic/5651/5587","","","",""
"Department of Families,Fairness& Housing","Noble Park VIC 3174","Group home, 5 residents",12162.24,"Fully Accessible","Enrolled",3,1,0,1,"hcsenquiries@dffh.vic.gov.au","","https://www.housinghub.org.au/property-detail/sda/department-of-families-fairness-and-housing/noble-park-vic/5651/2ih77","","","",""
"Department of Families,Fairness& Housing","Mulgrave VIC 3170","Group home, 5 residents",23288.3,"High Physical Support","Enrolled",1,1,0,1,"hcsenquiries@dffh.vic.gov.au","","https://www.housinghub.org.au/property-detail/sda/department-of-families-fairness-and-housing/mulgrave-vic/5651/babee","","","",""
"Department of Families,Fairness& Housing","Tullamarine VIC 3043","Group home, 4 residents",12752.12,"Fully Accessible","Enrolled",1,1,0,1,"hcsenquiries@dffh.vic.gov.au","","https://www.housinghub.org.au/property-detail/sda/department-of-families-fairness-and-housing/tullamarine-vic/5651/ebw1l","","","",""
"Department of Families,Fairness& Housing","Preston VIC 3072","Group home, 5 residents",11099.52,"Fully Accessible","Enrolled",1,1,0,1,"hcsenquiries@dffh.vic.gov.au","","https://www.housinghub.org.au/property-detail/sda/department-of-families-fairness-and-housing/preston-vic/5651/emlti","","","",""
"Department of Families,Fairness& Housing","Cranbourne VIC 3977","Group home, 5 residents",12162.24,"Fully Accessible","Enrolled",2,1,0,1,"hcsenquiries@dffh.vic.gov.au","","https://www.housinghub.org.au/property-detail/sda/department-of-families-fairness-and-housing/cranbourne-vic/5651/8g2ch","","","",""
"Department of Families,Fairness& Housing","Bellfield VIC 3081","Group home, 5 residents",11099.52,"Fully Accessible","Enrolled",1,1,0,1,"hcsenquiries@dffh.vic.gov.au","","https://www.housinghub.org.au/property-detail/sda/department-of-families-fairness-and-housing/bellfield-vic/5651/7570","","","",""
"Department of Families,Fairness& Housing","Mitcham VIC 3132","Group home, 5 residents",10627.2,"Fully Accessible","Enrolled",1,1,0,1,"hcsenquiries@dffh.vic.gov.au","","https://www.housinghub.org.au/property-detail/sda/department-of-families-fairness-and-housing/mitcham-vic/5651/2839","","","",""
"Department of Families,Fairness& Housing","Wendouree VIC 3355","Group home, 5 residents",14237.86,"Robust","Enrolled",1,1,1,1,"hcsenquiries@dffh.vic.gov.au","","https://www.housinghub.org.au/property-detail/sda/department-of-families-fairness-and-housing/wendouree-vic/5651/ig9xe","","","",""
"Department of Families,Fairness& Housing","Mount Waverley VIC 3149","Group home, 4 residents",14276.83,"Fully Accessible","Enrolled",1,1,0,1,"hcsenquiries@dffh.vic.gov.au","","https://www.housinghub.org.au/property-detail/sda/department-of-families-fairness-and-housing/mount-waverley-vic/5651/8p9hp","","","",""
"Department of Families,Fairness& Housing","Ringwood East VIC 3135","Group home, 5 residents",10627.2,"Fully Accessible","Enrolled",1,1,0,1,"hcsenquiries@dffh.vic.gov.au","","https://www.housinghub.org.au/property-detail/sda/department-of-families-fairness-and-housing/ringwood-east-vic/5651/a5r2q","","","",""
"Department of Families,Fairness& Housing","Airport West VIC 3042","Group home, 5 residents",20575.1,"High Physical Support","Enrolled",1,1,0,1,"hcsenquiries@dffh.vic.gov.au","","https://www.housinghub.org.au/property-detail/sda/department-of-families-fairness-and-housing/airport-west-vic/5651/723ml","","","",""
"Department of Families,Fairness& Housing","Bentleigh East VIC 3165","Group home, 5 residents",26227.6,"High Physical Support","Enrolled",1,1,0,1,"hcsenquiries@dffh.vic.gov.au","","https://www.housinghub.org.au/property-detail/sda/department-of-families-fairness-and-housing/bentleigh-east-vic/5651/nselr","","","",""
"Department of Families,Fairness& Housing","Warragul VIC 3820","House, 2 residents",8720.68,"Improved Liveability","Enrolled",2,1,0,1,"hcsenquiries@dffh.vic.gov.au","","https://www.housinghub.org.au/property-detail/sda/department-of-families-fairness-and-housing/warragul-vic/5651/t578p","","","",""
"Department of Families,Fairness& Housing","Berwick VIC 3806","Group home, 5 residents",12162.24,"Fully Accessible","Enrolled",2,1,0,1,"hcsenquiries@dffh.vic.gov.au","","https://www.housinghub.org.au/property-detail/sda/department-of-families-fairness-and-housing/berwick-vic/5651/7072","","","",""
"Department of Families,Fairness& Housing","Clayton VIC 3168","Group home, 5 residents",23288.3,"High Physical Support","Enrolled",1,1,0,1,"hcsenquiries@dffh.vic.gov.au","","https://www.housinghub.org.au/property-detail/sda/department-of-families-fairness-and-housing/clayton-vic/5651/2yzxs","","","",""
"Department of Families,Fairness& Housing","Preston VIC 3072","Group home, 5 residents",11099.52,"Fully Accessible","Enrolled",1,1,0,1,"hcsenquiries@dffh.vic.gov.au","","https://www.housinghub.org.au/property-detail/sda/department-of-families-fairness-and-housing/preston-vic/5651/y3mzi","","","",""
"Department of Families,Fairness& Housing","Airport West VIC 3042","Group home, 5 residents",20575.1,"High Physical Support","Enrolled",1,1,0,1,"hcsenquiries@dffh.vic.gov.au","","https://www.housinghub.org.au/property-detail/sda/department-of-families-fairness-and-housing/airport-west-vic/5651/4822","","","",""
"Department of Families,Fairness& Housing","Sunshine West VIC 3020","Group home, 5 residents",10745.28,"Fully Accessible","Enrolled",1,1,0,1,"hcsenquiries@dffh.vic.gov.au","","https://www.housinghub.org.au/property-detail/sda/department-of-families-fairness-and-housing/sunshine-vic/5651/hpj5g","","","",""
"Department of Families,Fairness& Housing","Chelsea VIC 3196","Group home, 4 residents",29263.8,"High Physical Support","Enrolled",2,1,0,1,"hcsenquiries@dffh.vic.gov.au","","https://www.housinghub.org.au/property-detail/sda/department-of-families-fairness-and-housing/chelsea-vic/5651/663","","","",""
"Department of Families,Fairness& Housing","Brookfield VIC 3338","Group home, 5 residents",20575.1,"High Physical Support","Enrolled",1,1,0,1,"hcsenquiries@dffh.vic.gov.au","","https://www.housinghub.org.au/property-detail/sda/department-of-families-fairness-and-housing/brookfield-vic/5651/9191","","","",""
"Department of Families,Fairness& Housing","Clayton South VIC 3169","Group home, 5 residents",23288.3,"High Physical Support","Enrolled",1,1,0,1,"hcsenquiries@dffh.vic.gov.au","","https://www.housinghub.org.au/property-detail/sda/department-of-families-fairness-and-housing/clayton-south-vic/5651/dv9nc","","","",""
"Department of Families,Fairness& Housing","Springvale VIC 3171","Group home, 4 residents",18006.46,"Robust","Enrolled",2,1,0,1,"hcsenquiries@dffh.vic.gov.au","","https://www.housinghub.org.au/property-detail/sda/department-of-families-fairness-and-housing/springvale-vic/5651/655","","","",""
"Department of Families,Fairness& Housing","Greensborough VIC 3088","Group home, 5 residents",21253.4,"High Physical Support","Enrolled",2,1,0,1,"hcsenquiries@dffh.vic.gov.au","","https://www.housinghub.org.au/property-detail/sda/department-of-families-fairness-and-housing/greensborough-vic/5651/580","","","",""
"Department of Families,Fairness& Housing","Narre Warren North VIC 3804","Group home, 5 residents",15481.93,"Robust","Enrolled",1,1,0,1,"hcsenquiries@dffh.vic.gov.au","","https://www.housinghub.org.au/property-detail/sda/department-of-families-fairness-and-housing/narre-warren-north-vic/5651/abeb6","","","",""
"Department of Families,Fairness& Housing","Hamlyn Heights VIC 3215","Group home, 5 residents",20801.2,"High Physical Support","Enrolled",1,1,0,1,"hcsenquiries@dffh.vic.gov.au","","https://www.housinghub.org.au/property-detail/sda/department-of-families-fairness-and-housing/hamlyn-heights-vic/5651/dlghj","","","",""
"Department of Families,Fairness& Housing","Croydon VIC 3136","Group home, 5 residents",13527.9,"Robust","Enrolled",2,1,0,1,"hcsenquiries@dffh.vic.gov.au","","https://www.housinghub.org.au/property-detail/sda/department-of-families-fairness-and-housing/croydon-vic/5651/cwkq4","","","",""
"Department of Families,Fairness& Housing","Moe VIC 3825","Group home, 5 residents",12926.66,"Robust","Enrolled",1,1,0,1,"hcsenquiries@dffh.vic.gov.au","","https://www.housinghub.org.au/property-detail/sda/department-of-families-fairness-and-housing/moe-vic/5651/sxuij","","","",""
"Department of Families,Fairness& Housing","Glenroy VIC 3046","Group home, 5 residents",13678.21,"Robust","Enrolled",1,1,0,1,"hcsenquiries@dffh.vic.gov.au","","https://www.housinghub.org.au/property-detail/sda/department-of-families-fairness-and-housing/glenroy-vic/5651/yq798","","","",""
"Department of Families,Fairness& Housing","Carrum Downs VIC 3201","Group home, 4 residents",12474.9,"Fully Accessible","Enrolled",1,1,0,1,"hcsenquiries@dffh.vic.gov.au","","https://www.housinghub.org.au/property-detail/sda/department-of-families-fairness-and-housing/carrum-downs-vic/5651/6386","","","",""
"Department of Families,Fairness& Housing","Stawell VIC 3380","Group home, 5 residents",6055.28,"Improved Liveability","Enrolled",2,1,0,1,"hcsenquiries@dffh.vic.gov.au","","https://www.housinghub.org.au/property-detail/sda/department-of-families-fairness-and-housing/stawell-vic/5651/8126","","","",""
"Department of Families,Fairness& Housing","Kew VIC 3101","Group home, 5 residents",25775.4,"High Physical Support","Enrolled",1,1,0,1,"hcsenquiries@dffh.vic.gov.au","","https://www.housinghub.org.au/property-detail/sda/department-of-families-fairness-and-housing/kew-vic/5651/ludb3","","","",""
"Department of Families,Fairness& Housing","Kew VIC 3101","Group home, 5 residents",25775.4,"High Physical Support","Enrolled",2,1,0,1,"hcsenquiries@dffh.vic.gov.au","","https://www.housinghub.org.au/property-detail/sda/department-of-families-fairness-and-housing/kew-vic/5651/5910","","","",""
"Department of Families,Fairness& Housing","Kew VIC 3101","Group home, 5 residents",13461.12,"Fully Accessible","Enrolled",1,1,0,1,"hcsenquiries@dffh.vic.gov.au","","https://www.dffh.vic.gov.au","","","",""
"Department of Families,Fairness& Housing","Kew VIC 3101","Group home, 5 residents",25775.4,"High Physical Support","Enrolled",2,1,0,1,"hcsenquiries@dffh.vic.gov.au","","https://www.housinghub.org.au/property-detail/sda/department-of-families-fairness-and-housing/kew-vic/5651/jbg8s","","","",""
"Department of Families,Fairness& Housing","Kew VIC 3101","Group home, 5 residents",17135.34,"Robust","Enrolled",2,1,0,1,"hcsenquiries@dffh.vic.gov.au","","https://www.housinghub.org.au/property-detail/sda/department-of-families-fairness-and-housing/kew-vic/5651/gkcg5","","","",""
"Department of Families,Fairness& Housing","Kew VIC 3101","Group home, 5 residents",17135.34,"Robust","Enrolled",2,1,0,1,"hcsenquiries@dffh.vic.gov.au","","https://www.housinghub.org.au/property-detail/sda/department-of-families-fairness-and-housing/kew-vic/5651/c3fwk","","","",""
"Department of Families,Fairness& Housing","Kew VIC 3101","Group home, 4 residents",15524.32,"Fully Accessible","Enrolled",1,1,0,1,"hcsenquiries@dffh.vic.gov.au","","https://www.housinghub.org.au/property-detail/sda/department-of-families-fairness-and-housing/kew-vic/5651/2923","","","",""
"Department of Families,Fairness& Housing","Kew VIC 3101","Group home, 5 residents",13461.12,"Fully Accessible","Enrolled",1,1,0,1,"hcsenquiries@dffh.vic.gov.au","","https://www.housinghub.org.au/property-detail/sda/department-of-families-fairness-and-housing/kew-vic/5651/2024","","","",""
"Department of Families,Fairness& Housing","Kew VIC 3101","Group home, 5 residents",17135.34,"Robust","Enrolled",1,1,0,1,"hcsenquiries@dffh.vic.gov.au","","https://www.housinghub.org.au/property-detail/sda/department-of-families-fairness-and-housing/kew-vic/5651/guai1","","","",""
"Department of Families,Fairness& Housing","Mont Albert North VIC 3129","House, 3 residents",9141,"Improved Liveability","Enrolled",1,1,0,1,"hcsenquiries@dffh.vic.gov.au","","https://www.housinghub.org.au/property-detail/sda/department-of-families-fairness-and-housing/mont-albert-north-vic/5651/6001","","","",""
"Department of Families,Fairness& Housing","Melton VIC 3337","Group home, 5 residents",10745.28,"Fully Accessible","Enrolled",2,1,0,1,"hcsenquiries@dffh.vic.gov.au","","https://www.housinghub.org.au/property-detail/sda/department-of-families-fairness-and-housing/melton-vic/5651/flmel","","","",""
"Department of Families,Fairness& Housing","Reservoir VIC 3073","Group home, 5 residents",21253.4,"High Physical Support","Enrolled",1,1,0,1,"hcsenquiries@dffh.vic.gov.au","","https://www.housinghub.org.au/property-detail/sda/department-of-families-fairness-and-housing/reservoir-vic/5651/702","","","",""
"Department of Families,Fairness& Housing","Traralgon VIC 3844","Group home, 5 residents",12926.66,"Robust","Enrolled",1,1,0,1,"hcsenquiries@dffh.vic.gov.au","","https://www.housinghub.org.au/property-detail/sda/department-of-families-fairness-and-housing/traralgon-vic/5651/h31du","","","",""
"Department of Families,Fairness& Housing","Grovedale VIC 3216","Group home, 5 residents",20801.2,"High Physical Support","Enrolled",2,1,0,1,"hcsenquiries@dffh.vic.gov.au","","https://www.housinghub.org.au/property-detail/sda/department-of-families-fairness-and-housing/grovedale-vic/5651/p53qu","","","",""
"Department of Families,Fairness& Housing","Echuca VIC 3564","Group home, 5 residents",20122.9,"High Physical Support","Enrolled",1,1,0,1,"hcsenquiries@dffh.vic.gov.au","","https://www.housinghub.org.au/property-detail/sda/department-of-families-fairness-and-housing/echuca-vic/5651/4433","","","",""
"Department of Families,Fairness& Housing","Hastings VIC 3915","Group home, 5 residents",13377.59,"Robust","Enrolled",1,1,0,1,"hcsenquiries@dffh.vic.gov.au","","https://www.housinghub.org.au/property-detail/sda/department-of-families-fairness-and-housing/hastings-vic/5651/6355","","","",""
"Department of Families,Fairness& Housing","Ararat VIC 3377","Legacy Stock, 6+ residents",17473.28,"High Physical Support","Enrolled",1,1,0,1,"hcsenquiries@dffh.vic.gov.au","","https://www.housinghub.org.au/property-detail/sda/department-of-families-fairness-and-housing/ararat-vic/5651/2724","","","",""
"Department of Families,Fairness& Housing","Craigieburn VIC 3064","Group home, 4 residents",16083.44,"Robust","Enrolled",2,1,0,1,"hcsenquiries@dffh.vic.gov.au","","https://www.housinghub.org.au/property-detail/sda/department-of-families-fairness-and-housing/craigieburn-vic/5651/zj1jj","","","",""
"Department of Families,Fairness& Housing","Bendigo VIC 3550","Group home, 5 residents",20575.1,"High Physical Support","Enrolled",2,1,0,1,"hcsenquiries@dffh.vic.gov.au","","https://www.housinghub.org.au/property-detail/sda/department-of-families-fairness-and-housing/north-bendigo-vic/5651/ys72p","","","",""
"Department of Families,Fairness& Housing","Horsham VIC 3400","Group home, 5 residents",19896.8,"High Physical Support","Enrolled",1,1,0,1,"hcsenquiries@dffh.vic.gov.au","","https://www.housinghub.org.au/property-detail/sda/department-of-families-fairness-and-housing/horsham-vic/5651/2184","","","",""
"Department of Families,Fairness& Housing","Cranbourne VIC 3977","Group home, 5 residents",12162.24,"Fully Accessible","Enrolled",1,1,0,1,"hcsenquiries@dffh.vic.gov.au","","https://www.housinghub.org.au/property-detail/sda/department-of-families-fairness-and-housing/cranbourne-vic/5651/ue4yr","","","",""
"Department of Families,Fairness& Housing","Sunbury VIC 3429","Group home, 5 residents",13678.21,"Robust","Enrolled",2,1,0,1,"hcsenquiries@dffh.vic.gov.au","","https://www.housinghub.org.au/property-detail/sda/department-of-families-fairness-and-housing/sunbury-vic/5651/rhmdn","","","",""
"Department of Families,Fairness& Housing","Rochester VIC 3561","Group home, 5 residents",20122.9,"High Physical Support","Enrolled",1,1,0,1,"hcsenquiries@dffh.vic.gov.au","","https://www.housinghub.org.au/property-detail/sda/department-of-families-fairness-and-housing/rochester-vic/5651/hyq6j","","","",""
"Department of Families,Fairness& Housing","Hadfield VIC 3046","Group home, 5 residents",13678.21,"Robust","Enrolled",1,1,0,1,"hcsenquiries@dffh.vic.gov.au","","https://www.housinghub.org.au/property-detail/sda/department-of-families-fairness-and-housing/hadfield-vic/5651/xchsa","","","",""
"Department of Families,Fairness& Housing","Delacombe VIC 3356","Group home, 5 residents",6261.71,"Improved Liveability","Enrolled",1,1,0,1,"hcsenquiries@dffh.vic.gov.au","","https://www.housinghub.org.au/property-detail/sda/department-of-families-fairness-and-housing/delacombe-vic/5651/5345","","","",""
"Department of Families,Fairness& Housing","Werribee VIC 3030","Group home, 5 residents",20575.1,"High Physical Support","Enrolled",1,1,0,1,"hcsenquiries@dffh.vic.gov.au","","https://www.housinghub.org.au/property-detail/sda/department-of-families-fairness-and-housing/werribee-vic/5651/tj6df","","","",""
"Department of Families,Fairness& Housing","Croydon VIC 3136","Villa / Duplex / Townhouse, 3 residents",13951.8,"Robust","Enrolled",1,1,0,1,"hcsenquiries@dffh.vic.gov.au","","https://www.housinghub.org.au/property-detail/sda/department-of-families-fairness-and-housing/croydon-vic/5651/bhke1","","","",""
"Department of Families,Fairness& Housing","Burwood VIC 3151","Group home, 4 residents",20453.44,"Robust","Enrolled",2,1,1,1,"hcsenquiries@dffh.vic.gov.au","","https://www.housinghub.org.au/property-detail/sda/department-of-families-fairness-and-housing/burwood-vic/5651/6bycm","","","",""
"Department of Families,Fairness& Housing","Grovedale VIC 3216","Group home, 5 residents",10863.36,"Fully Accessible","Enrolled",1,1,0,1,"hcsenquiries@dffh.vic.gov.au","","https://www.housinghub.org.au/property-detail/sda/department-of-families-fairness-and-housing/grovedale-vic/5651/umexn","","","",""
"Department of Families,Fairness& Housing","Sunshine North VIC 3020","Villa / Duplex / Townhouse, 3 residents",9957.22,"Fully Accessible","Enrolled",1,1,0,0,"hcsenquiries@dffh.vic.gov.au","","https://www.housinghub.org.au/property-detail/sda/department-of-families-fairness-and-housing/sunshine-vic/5651/5152","","","",""
"Department of Families,Fairness& Housing","Strathdale VIC 3350","Group home, 5 residents",37091.04,"High Physical Support","Enrolled",2,1,0,1,"hcsenquiries@dffh.vic.gov.au","","https://www.housinghub.org.au/property-detail/sda/department-of-families-fairness-and-housing/strathdale-vic/5651/5301","","","",""
"Department of Families,Fairness& Housing","North Bendigo VIC 3550","Group home, 4 residents",44524.2,"High Physical Support","Enrolled",1,1,0,1,"hcsenquiries@dffh.vic.gov.au","","https://www.housinghub.org.au/property-detail/sda/department-of-families-fairness-and-housing/north-bendigo-vic/5651/8738","","","",""
"Department of Families,Fairness& Housing","Bundoora VIC 3083","Group home, 5 residents",11099.52,"Fully Accessible","Enrolled",1,1,0,1,"hcsenquiries@dffh.vic.gov.au","","https://www.housinghub.org.au/property-detail/sda/department-of-families-fairness-and-housing/bundoora-vic/5651/715","","","",""
"Department of Families,Fairness& Housing","Endeavour Hills VIC 3802","Villa / Duplex / Townhouse, 2 residents",8738.52,"Improved Liveability","Enrolled",1,1,0,1,"hcsenquiries@dffh.vic.gov.au","","https://www.housinghub.org.au/property-detail/sda/department-of-families-fairness-and-housing/endeavour-hills-vic/5651/yr9kj","","","",""
"Department of Families,Fairness& Housing","Norlane VIC 3214","Group home, 5 residents",40623.52,"High Physical Support","Enrolled",2,1,0,1,"hcsenquiries@dffh.vic.gov.au","","https://www.housinghub.org.au/property-detail/sda/department-of-families-fairness-and-housing/norlane-vic/5651/559","","","",""
"Department of Families,Fairness& Housing","Leopold VIC 3224","Group home, 5 residents",40623.52,"High Physical Support","Enrolled",2,1,0,1,"hcsenquiries@dffh.vic.gov.au","","https://www.housinghub.org.au/property-detail/sda/department-of-families-fairness-and-housing/leopold-vic/5651/7623","","","",""
"Department of Families,Fairness& Housing","Colac VIC 3250","Group home, 5 residents",37091.04,"High Physical Support","Enrolled",1,1,0,1,"hcsenquiries@dffh.vic.gov.au","","https://www.housinghub.org.au/property-detail/sda/department-of-families-fairness-and-housing/colac-vic/5651/jzxrb","","","",""
"Department of Families,Fairness& Housing","Colac VIC 3250","Group home, 4 residents",44248.68,"Robust","Enrolled",1,1,1,1,"hcsenquiries@dffh.vic.gov.au","","https://www.housinghub.org.au/property-detail/sda/department-of-families-fairness-and-housing/colac-vic/5651/uivfd","","","",""
"Department of Families,Fairness& Housing","Moorabbin VIC 3189","Villa / Duplex / Townhouse, 1 residents",74291.13,"Robust","Enrolled",1,1,0,0,"hcsenquiries@dffh.vic.gov.au","","https://www.housinghub.org.au/property-detail/sda/department-of-families-fairness-and-housing/moorabbin-vic/5651/8543","","","",""
"Department of Families,Fairness& Housing","Mornington VIC 3931","Villa / Duplex / Townhouse, 1 residents",69131.55,"High Physical Support","Enrolled",1,1,0,0,"hcsenquiries@dffh.vic.gov.au","","https://www.housinghub.org.au/property-detail/sda/department-of-families-fairness-and-housing/mornington-vic/5651/wi787","","","",""
"Department of Families,Fairness& Housing","Colac VIC 3250","Villa / Duplex / Townhouse, 3 residents",32557.88,"Robust","Enrolled",1,1,0,1,"hcsenquiries@dffh.vic.gov.au","","https://www.housinghub.org.au/property-detail/sda/department-of-families-fairness-and-housing/colac-vic/5651/4122","","","",""
"Department of Families,Fairness& Housing","Mentone VIC 3194","Villa / Duplex / Townhouse, 3 residents",12692.72,"Fully Accessible","Enrolled",1,1,0,0,"hcsenquiries@dffh.vic.gov.au","","https://www.housinghub.org.au/property-detail/sda/department-of-families-fairness-and-housing/mentone-vic/5651/693","","","",""
"Department of Families,Fairness& Housing","Lara VIC 3212","House, 3 residents",16846.68,"Robust","Enrolled",1,1,0,1,"hcsenquiries@dffh.vic.gov.au","","https://www.housinghub.org.au/property-detail/sda/department-of-families-fairness-and-housing/lara-vic/5651/dctii","","","",""
"Department of Families,Fairness& Housing","Heidelberg Heights VIC 3081","Villa / Duplex / Townhouse, 3 residents",26995.5,"Improved Liveability","Enrolled",2,1,0,0,"hcsenquiries@dffh.vic.gov.au","","https://www.housinghub.org.au/property-detail/sda/department-of-families-fairness-and-housing/heidelberg-heights-vic/5651/7132","","","",""
"Department of Families,Fairness& Housing","Wangaratta VIC 3677","Villa / Duplex / Townhouse, 3 residents",19281.85,"High Physical Support","Enrolled",2,1,0,1,"hcsenquiries@dffh.vic.gov.au","","https://www.housinghub.org.au/property-detail/sda/department-of-families-fairness-and-housing/wangaratta-vic/5651/5uh5p","","","",""
"Department of Families,Fairness& Housing","Reservoir VIC 3073","House, 3 residents",18002.5,"Robust","Enrolled",1,1,1,1,"hcsenquiries@dffh.vic.gov.au","","https://www.housinghub.org.au/property-detail/sda/department-of-families-fairness-and-housing/reservoir-vic/5651/nerr8","","","",""
"Department of Families,Fairness& Housing","Thomson VIC 3219","Villa / Duplex / Townhouse, 1 residents",63419.15,"Fully Accessible","Enrolled",1,1,0,0,"hcsenquiries@dffh.vic.gov.au","","https://www.housinghub.org.au/property-detail/sda/department-of-families-fairness-and-housing/thomson-vic/5651/1586","","","",""
"Department of Families,Fairness& Housing","Reservoir VIC 3073","Villa / Duplex / Townhouse, 2 residents",39540.68,"High Physical Support","Enrolled",2,1,0,0,"hcsenquiries@dffh.vic.gov.au","","https://www.housinghub.org.au/property-detail/sda/department-of-families-fairness-and-housing/reservoir-vic/5651/hfdbk","","","",""
"Department of Families,Fairness& Housing","Thomastown VIC 3074","Villa / Duplex / Townhouse, 2 residents",41716.48,"Robust","Enrolled",2,1,0,1,"hcsenquiries@dffh.vic.gov.au","","https://www.housinghub.org.au/property-detail/sda/department-of-families-fairness-and-housing/thomastown-vic/5651/qzbl5","","","",""
"Disability Housing Limited","Greensborough VIC 3088","Group home, 5 residents",6468.14,"Improved Liveability","Enrolled",1,1,0,1,"sdainfo@hcau.org.au","1300 312 447","https://www.housinghub.org.au/property-detail/sda/housing-choices-australia/greensborough-vic/5711/p42af","","","",""
"Disability Housing Limited","Ferntree Gully VIC 3156","Group home, 5 residents",5497.2,"Basic","Enrolled",1,1,0,0,"sdainfo@hcau.org.au","1300 312 447","https://www.housinghub.org.au/property-detail/sda/housing-choices-australia/ferntree-gully-vic/5711/d41eu","","","",""
"Disability Housing Limited","Mooroolbark VIC 3138","Group home, 5 residents",5497.2,"Basic","Enrolled",2,1,0,0,"sdainfo@hcau.org.au","1300 312 447","https://www.housinghub.org.au/property-detail/sda/housing-choices-australia/mooroolbark-vic/5711/q4kez","","","",""
"Disability Housing Limited","Seaholme VIC 3018","Group home, 5 residents",6261.71,"Improved Liveability","Enrolled",1,1,0,1,"sdainfo@hcau.org.au","1300 312 447","https://www.housinghub.org.au/property-detail/sda/housing-choices-australia/seaholme-vic/5711/6966","","","",""
"Disability Housing Limited","Brunswick West VIC 3056","Group home, 5 residents",8738.87,"Improved Liveability","Enrolled",1,1,0,1,"sdainfo@hcau.org.au","1300 312 447","https://www.housinghub.org.au/property-detail/sda/housing-choices-australia/brunswick-west-vic/5711/e69h2","","","",""
"Disability Housing Limited","Bundoora VIC 3083","Group home, 5 residents",5741.52,"Basic","Enrolled",1,1,0,0,"sdainfo@hcau.org.au","1300 312 447","https://www.housinghub.org.au/property-detail/sda/housing-choices-australia/bundoora-vic/5711/vk6eh","","","",""
"Disability Housing Limited","Mount Martha VIC 3934","Group home, 4 residents",6843.6,"Basic","Enrolled",1,1,0,0,"sdainfo@hcau.org.au","1300 312 447","https://www.housinghub.org.au/property-detail/sda/housing-choices-australia/mount-martha-vic/5711/fwmaq","","","",""
"Disability Housing Limited","Miners Rest VIC 3352","Group home, 5 residents",6261.71,"Improved Liveability","Enrolled",1,1,0,1,"sdainfo@hcau.org.au","1300 312 447","https://www.housinghub.org.au/property-detail/sda/housing-choices-australia/miners-rest-vic/5711/sa4ht","","","",""
"Disability Housing Limited","Brown Hill VIC 3350","Villa / Duplex / Townhouse, 1 residents",13264.3,"Improved Liveability","Enrolled",1,1,0,0,"sdainfo@hcau.org.au","1300 312 447","https://www.housinghub.org.au/property-detail/sda/housing-choices-australia/brown-hill-vic/5711/x8whc","","","",""
"Disability Housing Limited","Mont Albert North VIC 3129","Group home, 5 residents",7844.34,"Improved Liveability","Enrolled",1,1,0,1,"sdainfo@hcau.org.au","1300 312 447","https://www.housinghub.org.au/property-detail/sda/housing-choices-australia/mont-albert-north-vic/5711/ccqth","","","",""
"Disability Housing Limited","Chelsea VIC 3196","Group home, 5 residents",7981.96,"Improved Liveability","Enrolled",1,1,0,1,"sdainfo@hcau.org.au","1300 312 447","https://www.housinghub.org.au/property-detail/sda/housing-choices-australia/chelsea-vic/5711/6828","","","",""
"Disability Housing Limited","Bellfield VIC 3081","Group home, 5 residents",5741.52,"Basic","Enrolled",1,1,0,0,"sdainfo@hcau.org.au","1300 312 447","https://www.housinghub.org.au/property-detail/sda/housing-choices-australia/bellfield-vic/5711/e5d8s","","","",""
"Disability Housing Limited","Sunbury VIC 3429","Group home, 4 residents",7889.92,"Improved Liveability","Enrolled",1,1,0,1,"sdainfo@hcau.org.au","1300 312 447","https://www.housinghub.org.au/property-detail/sda/housing-choices-australia/sunbury-vic/5711/7062","","","",""
"Disability Housing Limited","Mount Waverley VIC 3149","Group home, 5 residents",7087.43,"Improved Liveability","Enrolled",1,1,0,1,"sdainfo@hcau.org.au","1300 312 447","https://www.housinghub.org.au/property-detail/sda/housing-choices-australia/mount-waverley-vic/5711/cduzk","","","",""
"Disability Housing Limited","Wangaratta VIC 3676","Group home, 5 residents",5436.12,"Basic","Enrolled",2,1,0,0,"sdainfo@hcau.org.au","1300 312 447","https://www.housinghub.org.au/property-detail/sda/housing-choices-australia/wangaratta-vic/5711/8809","","","",""
"Disability Housing Limited","Brunswick VIC 3052","Apartment, 1 bedroom, 1 resident",108905.4,"High Physical Support","Enrolled",1,1,0,1,"sdainfo@hcau.org.au","1300 312 447","https://www.housinghub.org.au/property-detail/sda/housing-choices-australia/brunswick-vic/5711/5u8cc","","","",""
"Disability Housing Limited","Reservoir VIC 3073","Group home, 4 residents",47174.45,"High Physical Support","Enrolled",1,1,0,1,"sdainfo@hcau.org.au","1300 312 447","https://www.housinghub.org.au/property-detail/sda/housing-choices-australia/reservoir-vic/5711/bgk36","","","",""
"Disability Housing Limited","Reservoir VIC 3073","House, 3 residents",55590.3,"High Physical Support","Enrolled",1,1,0,1,"sdainfo@hcau.org.au","1300 312 447","https://www.housinghub.org.au/property-detail/sda/housing-choices-australia/reservoir-vic/5711/rlzlu","","","",""
"Disability Housing Limited","Reservoir VIC 3073","Villa / Duplex / Townhouse, 1 residents",69131.55,"High Physical Support","Enrolled",1,1,0,0,"sdainfo@hcau.org.au","1300 312 447","https://www.housinghub.org.au/property-detail/sda/housing-choices-australia/reservoir-vic/5711/5ykvl","","","",""
"Disability forever homes","Melton South VIC 3338","House, 2 residents",90275.96,"High Physical Support","Enrolled",2,1,0,1,"contact@dfhomes.com.au","1300 425 486","https://www.housinghub.org.au/property-detail/sda/disability-forever-homes/melton-south-vic/2rmp2/8fsyk","","","",""
"Disability forever homes","Risdon Vale TAS 7016","House, 2 residents",79938.9,"High Physical Support","Enrolled",2,0,0,1,"shine@brighterliving.com.au","1300 732 252","https://www.housinghub.org.au/property-detail/sda/brighter-living-australia/risdon-vale-tas/sa21p/yzram","","","",""
"Disability forever homes","Clyde VIC 3978","House, 2 residents",68344.96,"Improved Liveability","Enrolled",1,0,0,1,"contact@dfhomes.com.au","1300 425 486","https://www.housinghub.org.au/property-detail/sda/disability-forever-homes/clyde-vic/2rmp2/qvcsm","","","",""
"Disability forever homes","Morphett Vale SA 5162","House, 2 residents",87932.79,"High Physical Support","Enrolled",2,0,0,1,"contact@dfhomes.com.au","1300 425 486","https://www.housinghub.org.au/property-detail/sda/disability-forever-homes/morphett-vale-sa/2rmp2/w7szl","","","",""
"Disability forever homes","Tarneit VIC 3029","House, 2 residents",90275.96,"High Physical Support","Enrolled",2,1,0,1,"Roster@rubiesnursingcare.com.au","1300651649","https://www.housinghub.org.au/property-detail/sda/rubies-nursing-pvt/tarneit-vic/21019/dkp97","","","",""
"Disability forever homes","Tarneit VIC 3029","House, 2 residents",90275.96,"High Physical Support","Enrolled",2,1,0,1,"contact@dfhomes.com.au","1300 425 486","https://www.housinghub.org.au/property-detail/sda/disability-forever-homes/tarneit-vic/2rmp2/krhra","","","",""
"Disability forever homes","Clyde North VIC 3978","House, 2 residents",85622.56,"High Physical Support","Enrolled",2,1,0,1,"info@opscare.com.au","0402560540","https://www.housinghub.org.au/property-detail/sda/ops-care-pty-ltd/clyde-north-vic/tnieh/5e9tm","","","",""
"Disability forever homes","Tarneit VIC 3029","House, 2 residents",90275.96,"High Physical Support","Enrolled",2,1,0,1,"contact@dfhomes.com.au","1300 425 486","https://www.housinghub.org.au/property-detail/sda/disability-forever-homes/tarneit-vic/2rmp2/yw9i4","","","",""
"Disability forever homes","Beveridge VIC 3753","House, 2 residents",80163.9,"Robust","Enrolled",1,0,1,1,"contact@dfhomes.com.au","1300 425 486","https://www.housinghub.org.au/property-detail/sda/disability-forever-homes/beveridge-vic/2rmp2/hc7f1","","","",""
"Disability forever homes","Manor Lakes VIC 3024","House, 2 residents",86398.87,"Robust","Enrolled",2,0,1,1,"contact@dfhomes.com.au","1300 425 486","https://www.housinghub.org.au/property-detail/sda/disability-forever-homes/manor-lakes-vic/2rmp2/mqimn","","","",""
"Disability forever homes","Bonshaw VIC 3352","House, 2 residents",74819.64,"Robust","Enrolled",1,0,1,1,"contact@dfhomes.com.au","1300 425 486","https://www.housinghub.org.au/property-detail/sda/disability-forever-homes/bonshaw-vic/2rmp2/8wp3w","","","",""
"Disability forever homes","Wendouree VIC 3355","House, 2 residents",74819.64,"Robust","Enrolled",2,0,1,1,"contact@dfhomes.com.au","1300 425 486","https://www.housinghub.org.au/property-detail/sda/disability-forever-homes/wendouree-vic/2rmp2/mjrwg","","","",""
"Disability forever homes","Alfredton VIC 3350","House, 2 residents",78177.12,"High Physical Support","Enrolled",2,1,0,1,"contact@dfhomes.com.au","1300 425 486","https://www.housinghub.org.au/property-detail/sda/disability-forever-homes/alfredton-vic/2rmp2/5pjbd","","","",""
"Disability forever homes","Bonshaw VIC 3352","House, 2 residents",70214.76,"Robust","Enrolled",1,0,0,1,"contact@dfhomes.com.au","1300 425 486","https://www.housinghub.org.au/property-detail/sda/disability-forever-homes/bonshaw-vic/2rmp2/9z17m","","","",""
"Disability forever homes","Gracemere QLD 4702","House, 2 residents",90852.42,"Robust","Enrolled",2,0,1,1,"contact@dfhomes.com.au","1300 425 486","https://www.housinghub.org.au/property-detail/sda/disability-forever-homes/gracemere-qld/2rmp2/kjjh1","","","",""
"Doable Australia Limited","Frankston VIC 3199","Group home, 5 residents",20122.9,"High Physical Support","Enrolled",1,1,0,1,"enquiries@doable.org.au","","https://www.housinghub.org.au/property-detail/sda/doable-australia/frankston-vic/12703/7774","","","",""
"Doable Australia Limited","Frankston VIC 3199","Group home, 4 residents",47174.45,"High Physical Support","Enrolled",1,1,0,1,"enquiries@doable.org.au","","https://www.housinghub.org.au/property-detail/sda/doable-australia/frankston-vic/12703/2390","","","",""
"EACH","Ringwood VIC 3134","Apartment, 1 bedroom, 1 resident",103566.9,"High Physical Support","Enrolled",1,1,0,1,"housing@each.com.au","0429 362 021","https://www.housinghub.org.au/property-detail/sda/each-housing-ltd/ringwood-vic/b7jhq/uzbfd","","","",""
"ELJET Property Group","Ballarat VIC 3350","Villa / Duplex / Townhouse, 1 residents",54686.05,"Improved Liveability","Enrolled",1,0,0,1,"info@eljetproperty.com.au","","https://www.housinghub.org.au/property-detail/sda/eljet-property-group/ballarat-central-vic/13024/v8bc5","","","",""
"ELJET Property Group","Lucas VIC 3350","House, 3 residents",43012.2,"Improved Liveability","Enrolled",1,0,0,1,"info@eljetproperty.com.au","","https://www.housinghub.org.au/property-detail/sda/eljet-property-group/lucas-(ballarat)-vic/13024/me44r","","","",""
"ELJET Property Group","Alfredton VIC 3350","House, 2 residents",66176.04,"Improved Liveability","Enrolled",2,0,0,1,"admin@paramounthomes.com.au","","https://www.housinghub.org.au/property-detail/sda/paramount-disability-homes/alfredton-vic/7kzhn/6sfde","","","",""
"ENLIVEN HOUSING PTY LTD","Sans Souci NSW 2219","Apartment, 2 bedroom, 1 resident",110907.66,"High Physical Support","Enrolled",1,0,0,1,"hello@enlivenhousing.com.au","1300365483","https://www.housinghub.org.au/property-detail/sda/enliven-housing/sans-souci-nsw/5664/989","","","",""
"ENLIVEN HOUSING PTY LTD","Rockdale NSW 2216","Apartment, 2 bedroom, 1 resident",113140.44,"High Physical Support","Enrolled",1,1,0,1,"hello@enlivenhousing.com.au","1300365483","https://www.housinghub.org.au/property-detail/sda/enliven-housing/rockdale-nsw/5664/1624","","","",""
"ENLIVEN HOUSING PTY LTD","Rockdale NSW 2216","Apartment, 1 bedroom, 1 resident",97870.01,"Improved Liveability","Enrolled",1,1,0,1,"hello@enlivenhousing.com.au","0296351034","https://enlivenhousing.com.au/sda-location/nsw/rockdale/","","","",""
"ENLIVEN HOUSING PTY LTD","Strathfield South NSW 2136","Apartment, 2 bedroom, 1 resident",110907.66,"High Physical Support","Enrolled",1,0,0,1,"hello@enlivenhousing.com.au","0296351034","https://enlivenhousing.com.au/individual/strathfield-south/","","","",""
"ENLIVEN HOUSING PTY LTD","Bowden SA 5007","Apartment, 2 bedroom, 1 resident",120904.98,"High Physical Support","Enrolled",1,1,0,1,"hello@enlivenhousing.com.au","1300365483","https://www.housinghub.org.au/property-detail/sda/enliven-housing/bowden-sa/5664/b4yen","","","",""
"ENLIVEN HOUSING PTY LTD","Bowden SA 5007","Apartment, 2 bedroom, 1 resident",120904.98,"High Physical Support","Enrolled",1,1,0,1,"hello@enlivenhousing.com.au","1300365483","https://www.housinghub.org.au/property-detail/sda/enliven-housing/bowden-sa/5664/ivp11","","","",""
"ENLIVEN HOUSING PTY LTD","Bowden SA 5007","Apartment, 2 bedroom, 1 resident",120904.98,"High Physical Support","Enrolled",1,1,0,1,"hello@enlivenhousing.com.au","1300365483","https://www.housinghub.org.au/property-detail/sda/enliven-housing/bowden-sa/5664/anatk","","","",""
"ENLIVEN HOUSING PTY LTD","Braddon ACT 2612","Apartment, 2 bedroom, 1 resident",109812.78,"High Physical Support","Enrolled",1,1,0,1,"hello@enlivenhousing.com.au","0296351034","https://enlivenhousing.com.au/individual/braddon/","","","",""
"ENLIVEN HOUSING PTY LTD","Braddon ACT 2612","Apartment, 2 bedroom, 1 resident",109812.78,"High Physical Support","Enrolled",1,1,0,1,"hello@enlivenhousing.com.au","0296351034","https://enlivenhousing.com.au/individual/braddon/","","","",""
"ENLIVEN HOUSING PTY LTD","Windsor VIC 3181","Apartment, 2 bedroom, 1 resident",114249.66,"High Physical Support","Enrolled",1,1,0,1,"hello@enlivenhousing.com.au","1300365483","https://www.housinghub.org.au/property-detail/sda/enliven-housing/windsor-vic/5664/926","","","",""
"ENLIVEN HOUSING PTY LTD","Thornleigh NSW 2120","Apartment, 2 bedroom, 1 resident",115358.88,"High Physical Support","Enrolled",1,1,0,1,"hello@enlivenhousing.com.au","1300365483","https://www.housinghub.org.au/property-detail/sda/enliven-housing/thornleigh-nsw/5664/913","","","",""
"ENLIVEN HOUSING PTY LTD","Blacktown NSW 2148","Apartment, 2 bedroom, 1 resident",110922,"High Physical Support","Enrolled",1,1,0,1,"hello@enlivenhousing.com.au","0296351034","https://enlivenhousing.com.au/sda-location/nsw/blacktown/","","","",""
"ENLIVEN HOUSING PTY LTD","Blacktown NSW 2148","Apartment, 2 bedroom, 1 resident",110922,"High Physical Support","Enrolled",3,1,0,1,"hello@enlivenhousing.com.au","1300365483","https://www.housinghub.org.au/property-detail/sda/enliven-housing/blacktown-nsw/5664/917","","","",""
"ENLIVEN HOUSING PTY LTD","Moonee Ponds VIC 3039","Apartment, 2 bedroom, 1 resident",114249.66,"High Physical Support","Enrolled",1,1,0,1,"hello@enlivenhousing.com.au","0296351034","https://enlivenhousing.com.au/sda-location/vic/moonee-ponds/","","","",""
"ENLIVEN HOUSING PTY LTD","Moonee Ponds VIC 3039","Apartment, 2 bedroom, 1 resident",114249.66,"High Physical Support","Enrolled",1,1,0,1,"hello@enlivenhousing.com.au","0296351034","https://enlivenhousing.com.au/sda-location/vic/moonee-ponds/","","","",""
"ENLIVEN HOUSING PTY LTD","Moonee Ponds VIC 3039","Apartment, 2 bedroom, 1 resident",114249.66,"High Physical Support","Enrolled",1,1,0,1,"hello@enlivenhousing.com.au","0296351034","https://enlivenhousing.com.au/sda-location/vic/moonee-ponds/","","","",""
"ENLIVEN HOUSING PTY LTD","Moonee Ponds VIC 3039","Apartment, 1 bedroom, 1 resident",108905.4,"High Physical Support","Enrolled",1,1,0,1,"hello@enlivenhousing.com.au","1300365483","https://www.housinghub.org.au/property-detail/sda/enliven-housing/moonee-ponds-vic/5664/7521","","","",""
"ENLIVEN HOUSING PTY LTD","Moonee Ponds VIC 3039","Apartment, 2 bedroom, 1 resident",114249.66,"High Physical Support","Enrolled",1,1,0,1,"hello@enlivenhousing.com.au","0296351034","https://enlivenhousing.com.au/sda-location/vic/moonee-ponds/","","","",""
"ENLIVEN HOUSING PTY LTD","Moonee Ponds VIC 3039","Apartment, 2 bedroom, 1 resident",114249.66,"High Physical Support","Enrolled",1,1,0,1,"hello@enlivenhousing.com.au","0296351034","https://enlivenhousing.com.au/sda-location/vic/moonee-ponds/","","","",""
"ENLIVEN HOUSING PTY LTD","Kogarah NSW 2217","Apartment, 2 bedroom, 1 resident",103457.58,"Improved Liveability","Enrolled",1,1,0,1,"hello@enlivenhousing.com.au","1300365483","https://www.housinghub.org.au/property-detail/sda/enliven-housing/kogarah-nsw/5664/icrhl","","","",""
"ENLIVEN HOUSING PTY LTD","Kogarah NSW 2217","Apartment, 2 bedroom, 1 resident",113140.44,"High Physical Support","Enrolled",1,1,0,1,"hello@enlivenhousing.com.au","1300365483","https://www.housinghub.org.au/property-detail/sda/enliven-housing/kogarah-nsw/5664/mw3yh","","","",""
"ENLIVEN HOUSING PTY LTD","Preston VIC 3072","Apartment, 2 bedroom, 1 resident",100253.38,"Fully Accessible","Enrolled",1,1,0,1,"hello@enlivenhousing.com.au","0296351034","https://enlivenhousing.com.au/individual/preston/","","","",""
"ENLIVEN HOUSING PTY LTD","Mount Pleasant WA 6153","Apartment, 2 bedroom, 1 resident",122014.2,"High Physical Support","Enrolled",1,1,0,1,"hello@enlivenhousing.com.au","0296351034","https://enlivenhousing.com.au/individual/mount-pleasant/","","","",""
"ENLIVEN HOUSING PTY LTD","Mount Pleasant WA 6153","Apartment, 2 bedroom, 1 resident",122014.2,"High Physical Support","Enrolled",1,1,0,1,"hello@enlivenhousing.com.au","1300365483","https://www.housinghub.org.au/property-detail/sda/enliven-housing/mount-pleasant-wa/5664/8831","","","",""
"ENLIVEN HOUSING PTY LTD","Mount Pleasant WA 6153","Apartment, 2 bedroom, 1 resident",122014.2,"High Physical Support","Enrolled",1,1,0,1,"hello@enlivenhousing.com.au","0296351034","https://enlivenhousing.com.au/individual/mount-pleasant/","","","",""
"ENLIVEN HOUSING PTY LTD","Castle Hill NSW 2154","Apartment, 2 bedroom, 1 resident",115358.88,"High Physical Support","Enrolled",1,1,0,1,"hello@enlivenhousing.com.au","1300365483","https://www.housinghub.org.au/property-detail/sda/enliven-housing/castle-hill-nsw/5664/4mjxy","","","",""
"ENLIVEN HOUSING PTY LTD","Castle Hill NSW 2154","Apartment, 2 bedroom, 1 resident",115358.88,"High Physical Support","Enrolled",1,1,0,1,"hello@enlivenhousing.com.au","0296351034","https://enlivenhousing.com.au/individual/castle-hill/","","","",""
"ENLIVEN HOUSING PTY LTD","Subiaco WA 6008","Apartment, 2 bedroom, 1 resident",119795.76,"High Physical Support","Enrolled",1,1,0,1,"hello@enlivenhousing.com.au","0296351034","https://enlivenhousing.com.au/individual/subiaco/","","","",""
"ENLIVEN HOUSING PTY LTD","Subiaco WA 6008","Apartment, 2 bedroom, 1 resident",119795.76,"High Physical Support","Enrolled",1,1,0,1,"hello@enlivenhousing.com.au","0296351034","https://enlivenhousing.com.au/individual/subiaco/","","","",""
"ENLIVEN HOUSING PTY LTD","Subiaco WA 6008","Apartment, 2 bedroom, 1 resident",119795.76,"High Physical Support","Enrolled",1,1,0,1,"hello@enlivenhousing.com.au","0296351034","https://enlivenhousing.com.au/individual/subiaco/","","","",""
"ENLIVEN HOUSING PTY LTD","Subiaco WA 6008","Apartment, 2 bedroom, 1 resident",119795.76,"High Physical Support","Enrolled",1,1,0,1,"hello@enlivenhousing.com.au","0296351034","https://enlivenhousing.com.au/individual/subiaco/","","","",""
"ENLIVEN HOUSING PTY LTD","Subiaco WA 6008","Apartment, 2 bedroom, 1 resident",119795.76,"High Physical Support","Enrolled",1,1,0,1,"hello@enlivenhousing.com.au","0296351034","https://enlivenhousing.com.au/individual/subiaco/","","","",""
"ENLIVEN HOUSING PTY LTD","Subiaco WA 6008","Apartment, 2 bedroom, 1 resident",119795.76,"High Physical Support","Enrolled",1,1,0,1,"hello@enlivenhousing.com.au","0296351034","https://enlivenhousing.com.au/individual/subiaco/","","","",""
"ENLIVEN HOUSING PTY LTD","Box Hill VIC 3128","Apartment, 2 bedroom, 1 resident",112031.22,"High Physical Support","Enrolled",1,1,0,1,"hello@enlivenhousing.com.au","0296351034","https://enlivenhousing.com.au/individual/box-hill/","","","",""
"ENLIVEN HOUSING PTY LTD","Box Hill VIC 3128","Apartment, 2 bedroom, 1 resident",112031.22,"High Physical Support","Enrolled",1,1,0,1,"hello@enlivenhousing.com.au","0296351034","https://enlivenhousing.com.au/individual/box-hill/","","","",""
"ENLIVEN HOUSING PTY LTD","Box Hill VIC 3128","Apartment, 2 bedroom, 1 resident",112031.22,"High Physical Support","Enrolled",1,1,0,1,"hello@enlivenhousing.com.au","0296351034","https://enlivenhousing.com.au/individual/box-hill/","","","",""
"ENLIVEN HOUSING PTY LTD","Box Hill VIC 3128","Apartment, 2 bedroom, 1 resident",112031.22,"High Physical Support","Enrolled",1,1,0,1,"hello@enlivenhousing.com.au","0296351034","https://enlivenhousing.com.au/individual/box-hill/","","","",""
"ENLIVEN HOUSING PTY LTD","Box Hill VIC 3128","Apartment, 2 bedroom, 1 resident",112031.22,"High Physical Support","Enrolled",1,1,0,1,"hello@enlivenhousing.com.au","0296351034","https://enlivenhousing.com.au/individual/box-hill/","","","",""
"ENLIVEN HOUSING PTY LTD","Box Hill VIC 3128","Apartment, 2 bedroom, 1 resident",112031.22,"High Physical Support","Enrolled",1,1,0,1,"hello@enlivenhousing.com.au","0296351034","https://enlivenhousing.com.au/individual/box-hill/","","","",""
"ENLIVEN HOUSING PTY LTD","Box Hill VIC 3128","Apartment, 2 bedroom, 1 resident",112031.22,"High Physical Support","Enrolled",1,1,0,1,"hello@enlivenhousing.com.au","0296351034","https://enlivenhousing.com.au/individual/box-hill/","","","",""
"ENLIVEN HOUSING PTY LTD","Box Hill VIC 3128","Apartment, 2 bedroom, 1 resident",112031.22,"High Physical Support","Enrolled",1,1,0,1,"hello@enlivenhousing.com.au","0296351034","https://enlivenhousing.com.au/individual/box-hill/","","","",""
"ENLIVEN HOUSING PTY LTD","Box Hill VIC 3128","Apartment, 2 bedroom, 1 resident",112031.22,"High Physical Support","Enrolled",1,1,0,1,"hello@enlivenhousing.com.au","0296351034","https://enlivenhousing.com.au/individual/box-hill/","","","",""
"ENLIVEN HOUSING PTY LTD","Morayfield QLD 4506","House, 2 residents",78224.77,"Robust","Enrolled",3,1,0,1,"info@guardianliving.com.au","1300452732","https://www.housinghub.org.au/property-detail/sda/guardian-living/morayfield-qld/5659/w8kjs","","","",""
"ENLIVEN HOUSING PTY LTD","New Auckland QLD 4680","Villa / Duplex / Townhouse, 1 residents",83284.52,"High Physical Support","Enrolled",1,1,0,1,"info@guardianliving.com.au","1300452732","https://www.housinghub.org.au/property-detail/sda/guardian-living/new-auckland-qld/5659/h37yb","","","",""
"ENLIVEN HOUSING PTY LTD","Moonee Ponds VIC 3039","Apartment, 2 bedroom, 1 resident",99990.34,"High Physical Support","Enrolled",1,1,0,0,"hello@enlivenhousing.com.au","0296351034","https://enlivenhousing.com.au/individual/moonee-ponds-trackside/","","","",""
"ENLIVEN HOUSING PTY LTD","Moonee Ponds VIC 3039","Apartment, 2 bedroom, 1 resident",99990.34,"High Physical Support","Enrolled",1,1,0,0,"hello@enlivenhousing.com.au","0296351034","https://enlivenhousing.com.au/individual/moonee-ponds-trackside/","","","",""
"ENLIVEN HOUSING PTY LTD","Moonee Ponds VIC 3039","Apartment, 2 bedroom, 1 resident",114249.66,"High Physical Support","Enrolled",1,1,0,1,"hello@enlivenhousing.com.au","0296351034","https://enlivenhousing.com.au/individual/moonee-ponds-trackside/","","","",""
"ENLIVEN HOUSING PTY LTD","Moonee Ponds VIC 3039","Apartment, 2 bedroom, 1 resident",95593.27,"High Physical Support","Enrolled",1,1,0,0,"hello@enlivenhousing.com.au","0296351034","https://enlivenhousing.com.au/individual/moonee-ponds-trackside/","","","",""
"ENLIVEN HOUSING PTY LTD","Moonee Ponds VIC 3039","Apartment, 2 bedroom, 1 resident",114249.66,"High Physical Support","Enrolled",1,1,0,1,"hello@enlivenhousing.com.au","0296351034","https://enlivenhousing.com.au/individual/moonee-ponds-trackside/","","","",""
"ENLIVEN HOUSING PTY LTD","Moonee Ponds VIC 3039","Apartment, 2 bedroom, 1 resident",114249.66,"High Physical Support","Enrolled",1,1,0,1,"hello@enlivenhousing.com.au","0296351034","https://enlivenhousing.com.au/individual/moonee-ponds-trackside/","","","",""
"ENLIVEN HOUSING PTY LTD","Blacktown NSW 2148","Apartment, 1 bedroom, 1 resident",104817,"High Physical Support","Enrolled",1,0,0,1,"hello@enlivenhousing.com.au","0296351034","https://enlivenhousing.com.au/sda-location/nsw/blacktown/","","","",""
"ENLIVEN HOUSING PTY LTD","Blacktown NSW 2148","Apartment, 1 bedroom, 1 resident",104817,"High Physical Support","Enrolled",1,0,0,1,"info@dannymetsally.com.au","0466386228","https://www.housinghub.org.au/property-detail/sda/danny-met-sally/blacktown-nsw/21062/8xvc6","","","",""
"ENLIVEN HOUSING PTY LTD","Gosford NSW 2250","Apartment, 2 bedroom, 1 resident",116468.1,"High Physical Support","Enrolled",1,1,0,1,"hello@enlivenhousing.com.au","0296351034","https://enlivenhousing.com.au/individual/gosford/","","","",""
"ENLIVEN HOUSING PTY LTD","Gosford NSW 2250","Apartment, 2 bedroom, 1 resident",116468.1,"High Physical Support","Enrolled",1,1,0,1,"hello@enlivenhousing.com.au","0296351034","https://enlivenhousing.com.au/individual/gosford/","","","",""
"ENLIVEN HOUSING PTY LTD","Gosford NSW 2250","Apartment, 2 bedroom, 1 resident",116468.1,"High Physical Support","Enrolled",1,1,0,1,"hello@enlivenhousing.com.au","0296351034","https://enlivenhousing.com.au/individual/gosford/","","","",""
"ENLIVEN HOUSING PTY LTD","Gosford NSW 2250","Apartment, 2 bedroom, 1 resident",116468.1,"High Physical Support","Enrolled",1,1,0,1,"hello@enlivenhousing.com.au","0296351034","https://enlivenhousing.com.au/individual/gosford/","","","",""
"ENLIVEN HOUSING PTY LTD","Gosford NSW 2250","Apartment, 2 bedroom, 1 resident",116468.1,"High Physical Support","Enrolled",1,1,0,1,"hello@enlivenhousing.com.au","0296351034","https://enlivenhousing.com.au/individual/gosford/","","","",""
"ENLIVEN HOUSING PTY LTD","Gosford NSW 2250","Apartment, 2 bedroom, 1 resident",116468.1,"High Physical Support","Enrolled",1,1,0,1,"hello@enlivenhousing.com.au","0296351034","https://enlivenhousing.com.au/individual/gosford/","","","",""
"ENLIVEN HOUSING PTY LTD","Gosford NSW 2250","Apartment, 2 bedroom, 1 resident",116468.1,"High Physical Support","Enrolled",1,1,0,1,"hello@enlivenhousing.com.au","0296351034","https://enlivenhousing.com.au/individual/gosford/","","","",""
"ENLIVEN HOUSING PTY LTD","Gosford NSW 2250","Apartment, 2 bedroom, 1 resident",116468.1,"High Physical Support","Enrolled",1,1,0,1,"hello@enlivenhousing.com.au","0296351034","https://enlivenhousing.com.au/individual/gosford/","","","",""
"ENLIVEN HOUSING PTY LTD","Gosford NSW 2250","Apartment, 2 bedroom, 1 resident",116468.1,"High Physical Support","Enrolled",1,1,0,1,"hello@enlivenhousing.com.au","0296351034","https://enlivenhousing.com.au/individual/gosford/","","","",""
"ENLIVEN HOUSING PTY LTD","Gosford NSW 2250","Apartment, 2 bedroom, 1 resident",116468.1,"High Physical Support","Enrolled",1,1,0,1,"hello@enlivenhousing.com.au","0296351034","https://enlivenhousing.com.au/individual/gosford/","","","",""
"ENLIVEN HOUSING PTY LTD","Gosford NSW 2250","Apartment, 2 bedroom, 1 resident",116468.1,"High Physical Support","Enrolled",1,1,0,1,"hello@enlivenhousing.com.au","0296351034","https://enlivenhousing.com.au/individual/gosford/","","","",""
"ENLIVEN HOUSING PTY LTD","Gosford NSW 2250","Apartment, 2 bedroom, 1 resident",116468.1,"High Physical Support","Enrolled",1,1,0,1,"hello@enlivenhousing.com.au","0296351034","https://enlivenhousing.com.au/individual/gosford/","","","",""
"ENLIVEN HOUSING PTY LTD","Maroochydore QLD 4558","Apartment, 2 bedroom, 1 resident",107594.34,"High Physical Support","Enrolled",1,1,0,1,"info@guardianliving.com.au","1300452732","https://www.housinghub.org.au/property-detail/sda/guardian-living/maroochydore-qld/5659/18s12","","","",""
"ENLIVEN HOUSING PTY LTD","Frenchville QLD 4701","Villa / Duplex / Townhouse, 1 residents",83284.52,"High Physical Support","Enrolled",2,1,0,1,"info@guardianliving.com.au","1300452732","https://www.housinghub.org.au/property-detail/sda/guardian-living/frenchville-qld/5659/z1er7","","","",""
"ENLIVEN HOUSING PTY LTD","Frenchville QLD 4701","House, 3 residents",66546.24,"High Physical Support","Enrolled",1,1,0,1,"info@guardianliving.com.au","1300452732","https://www.housinghub.org.au/property-detail/sda/guardian-living/frenchville-qld/5659/amdfb","","","",""
"ENLIVEN HOUSING PTY LTD","Andergrove QLD 4740","House, 3 residents",65900.16,"High Physical Support","Enrolled",1,1,0,1,"info@guardianliving.com.au","1300452732","https://www.housinghub.org.au/property-detail/sda/guardian-living/andergrove-qld/5659/775r5","","","",""
"ESG INCLUSIVE HOMES PTY LTD","Taylor ACT 2913","House, 2 residents",83726.74,"Robust","Enrolled",1,0,1,1,"sarah.thompson@experiencesocialgrowth.com","","https://www.housinghub.org.au/property-detail/sda/esg-inclusive-homes/taylor-act/stkkt/39hsr","","","",""
"ESG INCLUSIVE HOMES PTY LTD","Armidale NSW 2350","House, 2 residents",76386.06,"High Physical Support","Enrolled",2,0,0,1,"sarah.thompson@experiencesocialgrowth.com","","https://www.housinghub.org.au/property-detail/sda/esg-inclusive-homes/armidale-nsw/stkkt/hsh79","","","",""
"ESG INCLUSIVE HOMES PTY LTD","Thurgoona NSW 2640","House, 3 residents",54916.8,"High Physical Support","Enrolled",1,1,0,1,"sarah.thompson@experiencesocialgrowth.com","","https://www.housinghub.org.au/property-detail/sda/esg-inclusive-homes/thurgoona-nsw/stkkt/8mj6t","","","",""
"ESG INCLUSIVE HOMES PTY LTD","Armidale NSW 2350","Villa / Duplex / Townhouse, 2 residents",42142.5,"High Physical Support","Enrolled",2,1,0,1,"sarah.thompson@experiencesocialgrowth.com","","https://www.housinghub.org.au/property-detail/sda/esg-inclusive-homes/armidale-nsw/stkkt/99snb","","","",""
"ESG INCLUSIVE HOMES PTY LTD","Rokeby TAS 7019","House, 2 residents",89262,"High Physical Support","Enrolled",2,1,0,1,"sarah.thompson@experiencesocialgrowth.com","","https://www.housinghub.org.au/property-detail/sda/esg-inclusive-homes/rokeby-nsw/stkkt/mtuuc","","","",""
"ESG INCLUSIVE HOMES PTY LTD","Higgins ACT 2615","House, 2 residents",89272.74,"Robust","Enrolled",1,0,1,1,"sarah.thompson@experiencesocialgrowth.com","","https://www.housinghub.org.au/property-detail/sda/esg-inclusive-homes/higgins-act/stkkt/shisv","","","",""
"ESG INCLUSIVE HOMES PTY LTD","Midway Point TAS 7171","House, 2 residents",89262,"High Physical Support","Enrolled",2,1,0,1,"sarah.thompson@experiencesocialgrowth.com","","https://www.housinghub.org.au/property-detail/sda/esg-inclusive-homes/midway-point-tas/stkkt/gy5kx","","","",""
"ESG INCLUSIVE HOMES PTY LTD","Old Beach TAS 7017","House, 2 residents",89262,"High Physical Support","Enrolled",2,1,0,1,"hello@careassure.com.au","08 7071 9276","https://www.housinghub.org.au/property-detail/sda/care-assure/old-beach-tas/16380/g71a3","","","",""
"ESG INCLUSIVE HOMES PTY LTD","Gawler South SA 5118","House, 2 residents",92790.32,"High Physical Support","Enrolled",1,0,0,1,"intake@ldssa.org.au","08 8212 7766","https://www.housinghub.org.au/property-detail/sda/lutheran-disability-services/gawler-sa/13197/kz2lz","","","",""
"ESG INCLUSIVE HOMES PTY LTD","Ashmont NSW 2650","House, 2 residents",73558.32,"Robust","Enrolled",1,0,0,1,"sarah.thompson@experiencesocialgrowth.com","0416172724","www.experiencesocialgrowth.com","","","",""
"EVERHOMES PTY LTD","Burpengary QLD 4505","House, 2 residents",79050.69,"High Physical Support","Enrolled",1,0,0,1,"info@adapthousing.com.au","1300 223 278","https://www.housinghub.org.au/property-detail/sda/adapt-housing/burpengary-qld/5790/1630","","","",""
"EVERHOMES PTY LTD","Greenbank QLD 4124","House, 3 residents",57231.27,"High Physical Support","Enrolled",3,0,0,1,"wecare@everhomes.com.au","1300 383 746","https://www.housinghub.org.au/property-detail/sda/everhomes-pty-ltd/greenbank-qld/13742/5655","","","",""
"EVERHOMES PTY LTD","Flinders View QLD 4305","House, 3 residents",43012.2,"Improved Liveability","Enrolled",1,0,0,1,"emeka@netacare.com.au","1300 389 562","https://www.housinghub.org.au/property-detail/sda/neta-care-pty-ltd/flinders-view-qld/20949/283kb","","","",""
"EVERHOMES PTY LTD","Mount Low QLD 4818","House, 3 residents",65759,"High Physical Support","Enrolled",3,0,0,1,"property@sdaconsulting.com.au","1300 832 373","https://www.housinghub.org.au/property-detail/sda/sda-consulting/mount-low-qld/16847/l66bf","","","",""
"EVERHOMES PTY LTD","Mount Low QLD 4818","House, 3 residents",65759,"High Physical Support","Enrolled",2,0,0,1,"wecare@everhomes.com.au","1300 383 746","https://www.housinghub.org.au/property-detail/sda/everhomes-pty-ltd/mount-low-qld/13742/i6hey","","","",""
"EVERHOMES PTY LTD","Deception Bay QLD 4508","House, 2 residents",84268.76,"High Physical Support","Enrolled",2,0,0,1,"min@ndis-sda.com","","https://www.housinghub.org.au/property-detail/sda/ndis-sda-lifestyle-homes-pty-ltd/deception-bay-qld/rp3rk/c3ivb","","","",""
"Edenbridge Living","Maroubra NSW 2035","House, 3 residents",0,"Multi Design Category","Enrolled",1,1,0,1,"welcomehome@edenbridgeliving.com.au","0280656111","https://www.housinghub.org.au/property-detail/sda/edenbridge-living/maroubra-nsw/5nk8y/zshrh","","","",""
"Edenbridge Living","Concord West NSW 2138","Villa / Duplex / Townhouse, 1 residents",89285.67,"Robust","Enrolled",1,1,0,0,"enquiries@sunnyfield.org.au","1300588688","https://www.housinghub.org.au/property-detail/sda/sunnyfield/concord-west-nsw/5727/c732w","","","",""
"Edenbridge Living","Concord West NSW 2138","Villa / Duplex / Townhouse, 1 residents",89285.67,"Robust","Enrolled",1,1,0,0,"welcomehome@edenbridgeliving.com.au","0280656111","https://www.housinghub.org.au/property-detail/sda/edenbridge-living/concord-west-nsw/5nk8y/nyafv","","","",""
"Edenbridge Living","Concord West NSW 2138","Villa / Duplex / Townhouse, 3 residents",55788.48,"High Physical Support","Enrolled",1,1,0,1,"welcomehome@edenbridgeliving.com.au","0280656111","https://www.housinghub.org.au/property-detail/sda/edenbridge-living/concord-nsw/5nk8y/q4szt","","","",""
"Edenbridge Living","Pagewood NSW 2035","Villa / Duplex / Townhouse, 1 residents",119679.35,"High Physical Support","Enrolled",1,1,0,0,"welcomehome@edenbridgeliving.com.au","0280656111","https://www.housinghub.org.au/property-detail/sda/edenbridge-living/pagewood-nsw/5nk8y/2sske","","","",""
"Edenbridge Living","Pagewood NSW 2035","House, 3 residents",124047.36,"High Physical Support","Enrolled",1,1,0,1,"welcomehome@edenbridgeliving.com.au","0280656111","https://www.housinghub.org.au/property-detail/sda/edenbridge-living/pagewood-nsw/5nk8y/uuq9g","","","",""
"Edenbridge Living","Sutherland NSW 2232","Villa / Duplex / Townhouse, 1 residents",81025.15,"High Physical Support","Enrolled",1,1,0,0,"welcomehome@edenbridgeliving.com.au","0280656111","https://www.housinghub.org.au/property-detail/sda/edenbridge-living/sutherland-nsw/5nk8y/6qy98","","","",""
"Edenbridge Living","Narraweena NSW 2099","Villa / Duplex / Townhouse, 3 residents",49977.18,"High Physical Support","Enrolled",1,1,0,1,"welcomehome@edenbridgeliving.com.au","0280656111","https://www.housinghub.org.au/property-detail/sda/edenbridge-living/narraweena-nsw/5nk8y/rz4gx","","","",""
"Edenbridge Living","Pendle Hill NSW 2145","Villa / Duplex / Townhouse, 3 residents",42616.2,"High Physical Support","Enrolled",1,1,0,1,"welcomehome@edenbridgeliving.com.au","0280656111","https://www.housinghub.org.au/property-detail/sda/edenbridge-living/pendle-hill-nsw/5nk8y/q7nzh","","","",""
"Edenbridge Living","Pendle Hill NSW 2145","Villa / Duplex / Townhouse, 1 residents",68417.94,"Improved Liveability","Enrolled",1,1,0,0,"enquiries@sunnyfield.org.au","1300588688","https://www.housinghub.org.au/property-detail/sda/sunnyfield/pendle-hill-nsw/5727/jkwem","","","",""
"Edenbridge Living","Pendle Hill NSW 2145","Villa / Duplex / Townhouse, 1 residents",79538.45,"High Physical Support","Enrolled",1,1,0,0,"welcomehome@edenbridgeliving.com.au","0280656111","https://www.housinghub.org.au/property-detail/sda/edenbridge-living/pendle-hill-nsw/5nk8y/p6wxw","","","",""
"Edenbridge Living","Pendle Hill NSW 2145","Villa / Duplex / Townhouse, 1 residents",79538.45,"High Physical Support","Enrolled",1,1,0,0,"welcomehome@edenbridgeliving.com.au","0280656111","https://www.housinghub.org.au/property-detail/sda/edenbridge-living/pendle-hill-nsw/5nk8y/6rye1","","","",""
"Empowered Liveability Pty Ltd","Tarneit VIC 3029","House, 3 residents",62669.76,"High Physical Support","Enrolled",3,1,0,1,"vacancies@empoweredliveability.com.au","13 00974912","https://empoweredliveability.com.au/el-property/stanhope-hps-tarneit-vic/","","","",""
"Empowered Liveability Pty Ltd","Clyde North VIC 3978","House, 3 residents",59439.36,"High Physical Support","Enrolled",2,1,0,1,"vacancies@empoweredliveability.com.au","13 00974912","https://empoweredliveability.com.au/el-property/heather-grove-hps-clyde-north/","","","",""
"Empowered Liveability Pty Ltd","Cranbourne East VIC 3977","House, 3 residents",59439.36,"High Physical Support","Enrolled",1,1,0,1,"hello@aretecare.com.au","0383531837","https://www.housinghub.org.au/property-detail/sda/arete-care/cranbourne-east-vic/12470/6507","","","",""
"Empowered Liveability Pty Ltd","Doreen VIC 3754","House, 3 residents",58147.2,"High Physical Support","Enrolled",1,1,0,1,"admin@empoweredliveability.com.au","1300 974 912","https://www.housinghub.org.au/property-detail/sda/empowered-liveability/doreen-vic/5703/b8y6k","","","",""
"Empowered Liveability Pty Ltd","Doreen VIC 3754","House, 3 residents",58147.2,"High Physical Support","Enrolled",2,1,0,1,"admin@empoweredliveability.com.au","1300 974 912","https://www.housinghub.org.au/property-detail/sda/empowered-liveability/doreen-vic/5703/4121","","","",""
"Empowered Liveability Pty Ltd","Cragieburn VIC 3064","House, 3 residents",54270.72,"High Physical Support","Enrolled",1,1,0,1,"admin@empoweredliveability.com.au","1300 974 912","https://www.housinghub.org.au/property-detail/sda/empowered-liveability/craigieburn-vic/5703/vz5vc","","","",""
"Empowered Liveability Pty Ltd","Wollert VIC 3750","House, 3 residents",58147.2,"High Physical Support","Enrolled",1,1,0,1,"admin@empoweredliveability.com.au","1300 974 912","https://www.housinghub.org.au/property-detail/sda/empowered-liveability/wollert-vic/5703/2660","","","",""
"Empowered Liveability Pty Ltd","Wyndham Vale VIC 3024","House, 3 residents",62669.76,"High Physical Support","Enrolled",2,1,0,1,"admin@empoweredliveability.com.au","1300 974 912","https://www.housinghub.org.au/property-detail/sda/empowered-liveability/wyndham-vale-vic/5703/2rekq","","","",""
"Empowered Liveability Pty Ltd","Craigieburn VIC 3064","House, 3 residents",54270.72,"High Physical Support","Enrolled",3,1,0,1,"vacancies@empoweredliveability.com.au","13 00974912","https://empoweredliveability.com.au/el-property/debonair-hps-male-craigieburn-victoria/","","","",""
"Empowered Liveability Pty Ltd","Tarneit VIC 3029","House, 3 residents",62669.76,"High Physical Support","Enrolled",2,1,0,1,"vacancies@empoweredliveability.com.au","13 00974912","https://empoweredliveability.com.au/el-property/4-bedroom-home-hps-sda-available-now/","","","",""
"Empowered Liveability Pty Ltd","Roxburgh Park VIC 3064","House, 3 residents",54270.72,"High Physical Support","Enrolled",1,1,0,1,"admin@empoweredliveability.com.au","1300 974 912","https://www.housinghub.org.au/property-detail/sda/empowered-liveability/roxburgh-park-vic/5703/5478","","","",""
"Empowered Liveability Pty Ltd","Melton West VIC 3337","House, 3 residents",62669.76,"High Physical Support","Enrolled",2,1,0,1,"vacancies@empoweredliveability.com.au","13 00974912","https://empoweredliveability.com.au/el-property/high-physical-support-sda-melton-vic/","","","",""
"Empowered Liveability Pty Ltd","Melton West VIC 3337","House, 3 residents",62669.76,"High Physical Support","Enrolled",3,1,0,1,"vacancies@empoweredliveability.com.au","13 00974912","https://empoweredliveability.com.au/el-property/high-physical-support-3-resident-sda-home-in-melton/","","","",""
"Empowered Liveability Pty Ltd","Clyde North VIC 3978","House, 3 residents",47108.6,"Improved Liveability","Enrolled",1,0,0,1,"vacancies@empoweredliveability.com.au","13 00974912","https://empoweredliveability.com.au/el-property/landrace-clyde-north-il/","","","",""
"Empowered Liveability Pty Ltd","Tarneit VIC 3029","House, 3 residents",49668.85,"Improved Liveability","Enrolled",1,0,0,1,"services@gellibrand.org.au","0393005491","https://www.housinghub.org.au/property-detail/sda/gellibrand-support-services/tarneit-vic/5798/k4mca","","","",""
"Empowered Liveability Pty Ltd","Meadow Springs WA 6210","House, 3 residents",58147.2,"High Physical Support","Enrolled",2,1,0,1,"vacancies@empoweredliveability.com.au","13 00974912","https://empoweredliveability.com.au/el-property/eldorado-hps-meadow-springs-wa/","","","",""
"Empowered Liveability Pty Ltd","Lilydale VIC 3140","House, 3 residents",56855.04,"High Physical Support","Enrolled",1,1,0,1,"vacancies@empoweredliveability.com.au","13 00974912","https://empoweredliveability.com.au/el-property/earlswood-hps-lilydale-victoria/","","","",""
"Empowered Liveability Pty Ltd","Mount Duneed VIC 3217","House, 3 residents",56615.88,"High Physical Support","Enrolled",2,0,0,1,"admin@empoweredliveability.com.au","1300 974 912","https://www.housinghub.org.au/property-detail/sda/empowered-liveability/mount-duneed-vic/5703/my12k","","","",""
"Empowered Liveability Pty Ltd","Thornhill Park VIC 3335","House, 2 residents",86398.87,"Robust","Enrolled",2,0,1,1,"nicole@empoweredliveability.com.au","1300974912","www.empoweredliveability.com.au","","","",""
"Empowered Liveability Pty Ltd","Truganina VIC 3029","House, 3 residents",59692.83,"High Physical Support","Enrolled",2,0,0,1,"vacancies@empoweredliveability.com.au","13 00974912","https://empoweredliveability.com.au/el-property/bramford-hps-truganina-victoria/","","","",""
"Empowered Liveability Pty Ltd","Wyndham Vale VIC 3024","House, 3 residents",66943.58,"High Physical Support","Enrolled",2,1,0,1,"vacancies@empoweredliveability.com.au","13 00974912","https://empoweredliveability.com.au/el-property/langdon-hps-wyndham/","","","",""
"Empowered Liveability Pty Ltd","Mount Duneed VIC 3217","House, 3 residents",60498.28,"High Physical Support","Enrolled",2,0,0,1,"vacancies@empoweredliveability.com.au","13 00974912","https://empoweredliveability.com.au/el-property/monavale-hps-female-mt-duneed-victoria/","","","",""
"Empowered Liveability Pty Ltd","Clyde VIC 3978","House, 3 residents",63492.88,"High Physical Support","Enrolled",3,1,0,1,"info@careau.com.au","1300227308","https://www.housinghub.org.au/property-detail/sda/care-au/clyde-vic/20979/gr7qa","","","",""
"Empowered Liveability Pty Ltd","Fraser Rise VIC 3336","House, 3 residents",66943.58,"High Physical Support","Enrolled",2,1,0,1,"info@careau.com.au","1300227308","https://www.housinghub.org.au/property-detail/sda/care-au/fraser-rise-vic/20979/r37sn","","","",""
"Empowered Liveability Pty Ltd","Officer VIC 3809","House, 2 residents",85622.56,"High Physical Support","Enrolled",1,1,0,1,"hello@aretecare.com.au","0383531837","https://www.housinghub.org.au/property-detail/sda/arete-care/officer-vic/12470/dly3e","","","",""
"Empowered Liveability Pty Ltd","Cranbourne East VIC 3977","House, 2 residents",85622.56,"High Physical Support","Enrolled",1,1,0,1,"vacancies@empoweredliveability.com.au","13 00974912","https://empoweredliveability.com.au/el-property/strathfield-hps-fa-cranbourne-victoria/","","","",""
"Empowered Liveability Pty Ltd","Clyde North VIC 3978","House, 2 residents",85622.56,"High Physical Support","Enrolled",2,1,0,1,"info@magicalcare.com.au","03 85123068","https://www.housinghub.org.au/property-detail/sda/magical-care-pty-ltd/clyde-north-vic/20490/3mm6e","","","",""
"Empowered Liveability Pty Ltd","Darley VIC 3340","House, 2 residents",96204.6,"High Physical Support","Enrolled",2,1,0,1,"nicole@empoweredliveability.com.au","1300974912","www.empoweredliveability.com.au","","","",""
"Empowered Liveability Pty Ltd","Tarneit VIC 3029","House, 3 residents",63786.23,"High Physical Support","Enrolled",1,0,0,1,"vacancies@empoweredliveability.com.au","13 00974912","https://empoweredliveability.com.au/el-property/everbloom-hps-tarneit-vic/","","","",""
"Empowered Liveability Pty Ltd","Clyde VIC 3978","House, 2 residents",81715.32,"High Physical Support","Enrolled",2,0,0,1,"info@opscare.com.au","0402560540","https://www.housinghub.org.au/property-detail/sda/ops-care-pty-ltd/clyde-vic/tnieh/7he18","","","",""
"Empowered Liveability Pty Ltd","Alfredton VIC 3350","House, 2 residents",74609.64,"High Physical Support","Enrolled",2,0,0,1,"vacancies@empoweredliveability.com.au","13 00974912","https://empoweredliveability.com.au/el-property/willoby-alfredton-hps-w-bariatric-features/","","","",""
"Empowered Liveability Pty Ltd","Armstrong Creek VIC 3217","House, 2 residents",92237.4,"High Physical Support","Enrolled",1,1,0,1,"vacancies@empoweredliveability.com.au","13 00974912","https://empoweredliveability.com.au/el-property/robwood-armstrong-creek-vic-hps-w-bariatric-features/","","","",""
"Empowered Liveability Pty Ltd","Clyde VIC 3978","House, 2 residents",85622.56,"High Physical Support","Enrolled",2,1,0,1,"shine@brighterliving.com.au","1300 732 252","https://www.housinghub.org.au/property-detail/sda/brighter-living-australia/clyde-vic/sa21p/clmcl","","","",""
"Empowered Liveability Pty Ltd","Weir Views VIC 3338","House, 3 residents",59692.83,"High Physical Support","Enrolled",2,0,0,1,"vacancies@empoweredliveability.com.au","13 00974912","https://empoweredliveability.com.au/el-property/embleton-weir-views-vic-hps/","","","",""
"Empowered Liveability Pty Ltd","Doreen VIC 3794","Villa / Duplex / Townhouse, 1 residents",69131.55,"High Physical Support","Enrolled",1,1,0,0,"hello@aretecare.com.au","0383531837","https://www.housinghub.org.au/property-detail/sda/arete-care/doreen-vic/12470/38vml","","","",""
"Empowered Liveability Pty Ltd","Doreen VIC 3794","House, 2 residents",83761.2,"High Physical Support","Enrolled",1,1,0,1,"vacancies@empoweredliveability.com.au","13 00974912","https://empoweredliveability.com.au/el-property/landridge-doreen-vic-hps/","","","",""
"Empowered Liveability Pty Ltd","Charlemont VIC 3217","House, 3 residents",59439.36,"High Physical Support","Enrolled",2,1,0,1,"vacancies@empoweredliveability.com.au","13 00974912","https://empoweredliveability.com.au/el-property/codrington-charlemont-hps/","","","",""
"Empowered Liveability Pty Ltd","Armstrong Creek VIC 3217","House, 2 residents",92237.4,"High Physical Support","Enrolled",1,1,0,1,"vacancies@empoweredliveability.com.au","13 00974912","https://empoweredliveability.com.au/el-property/raam-hps-armstrong-creek-vic/","","","",""
"Empowered Liveability Pty Ltd","Belmont VIC 3216","House, 3 residents",63492.88,"High Physical Support","Enrolled",1,1,0,1,"admin@empoweredliveability.com.au","1300 974 912","https://www.housinghub.org.au/property-detail/sda/empowered-liveability/belmont-vic/5703/gb1z2","","","",""
"Empowered Liveability Pty Ltd","Colac VIC 3250","House, 3 residents",58661.9,"High Physical Support","Enrolled",3,1,0,1,"admin@empoweredliveability.com.au","1300 974 912","https://www.housinghub.org.au/property-detail/sda/empowered-liveability/colac-vic/5703/9urn9","","","",""
"Empowered Liveability Pty Ltd","Charlemont VIC 3217","House, 2 residents",86553.24,"High Physical Support","Enrolled",2,1,0,1,"vacancies@empoweredliveability.com.au","13 00974912","https://empoweredliveability.com.au/el-property/giovanni-charlemont-victoria-bariatric/","","","",""
"Empowered Liveability Pty Ltd","Charlemont VIC 3217","Villa / Duplex / Townhouse, 1 residents",73944.2,"High Physical Support","Enrolled",2,1,0,1,"vacancies@empoweredliveability.com.au","13 00974912","https://empoweredliveability.com.au/el-property/giovanni-charlemont-victoria-bariatric/","","","",""
"Empowered Liveability Pty Ltd","Charlemont VIC 3217","House, 2 residents",92237.4,"High Physical Support","Enrolled",1,1,0,1,"vacancies@empoweredliveability.com.au","13 00974912","https://empoweredliveability.com.au/el-property/horomidis-charlemont-bariatric-villa/","","","",""
"Empowered Liveability Pty Ltd","Beveridge VIC 3753","House, 2 residents",80163.9,"Robust","Enrolled",2,0,1,1,"vacancies@empoweredliveability.com.au","13 00974912","https://empoweredliveability.com.au/el-property/mallaig-robust-beveridge-vic/","","","",""
"Empowered Liveability Pty Ltd","Doreen VIC 3754","House, 2 residents",83761.2,"High Physical Support","Enrolled",1,1,0,1,"vacancies@empoweredliveability.com.au","13 00974912","https://empoweredliveability.com.au/el-property/landridge-doreen-vic-hps/","","","",""
"Empowered Liveability Pty Ltd","Mernda VIC 3754","House, 2 residents",68247,"Fully Accessible","Enrolled",2,0,0,1,"vacancies@empoweredliveability.com.au","13 00974912","https://empoweredliveability.com.au/el-property/marsala-fa-mernda-victoria/","","","",""
"Empowered Liveability Pty Ltd","Lucas VIC 3350","House, 2 residents",63697.2,"Fully Accessible","Enrolled",2,0,0,1,"vacancies@empoweredliveability.com.au","13 00974912","https://empoweredliveability.com.au/el-property/mcgeachin-fa-lucas-victoria/","","","",""
"Empowered Liveability Pty Ltd","Shepparton VIC 3630","House, 3 residents",57281.62,"High Physical Support","Enrolled",2,1,0,1,"admin@paramounthomes.com.au","","https://www.housinghub.org.au/property-detail/sda/paramount-disability-homes/shepparton-vic/7kzhn/2py9l","","","",""
"Empowered Liveability Pty Ltd","Wyndham Vale VIC 3024","House, 2 residents",86340.67,"Robust","Enrolled",2,0,0,1,"vacancies@empoweredliveability.com.au","13 00974912","https://empoweredliveability.com.au/el-property/ervine-wyndham-vale-vic-robust/","","","",""
"Empowered Liveability Pty Ltd","Diggers Rest VIC 3427","House, 2 residents",78177.12,"High Physical Support","Enrolled",1,1,0,1,"vacancies@empoweredliveability.com.au","13 00974912","https://empoweredliveability.com.au/el-property/shoring-diggers-rest-vic-hps/","","","",""
"Empowered Liveability Pty Ltd","Sunbury VIC 3429","House, 3 residents",57971.76,"High Physical Support","Enrolled",3,1,0,1,"vacancies@empoweredliveability.com.au","13 00974912","https://empoweredliveability.com.au/el-property/mullins-hps-sunbury-victoria/","","","",""
"Empowered Liveability Pty Ltd","Winter Valley VIC 3358","House, 2 residents",62401.92,"Improved Liveability","Enrolled",2,0,0,1,"vacancies@empoweredliveability.com.au","13 00974912","https://empoweredliveability.com.au/el-property/willoby-alfredton-hps-w-bariatric-features/","","","",""
"Empowered Liveability Pty Ltd","Lara VIC 3212","House, 2 residents",86553.24,"High Physical Support","Enrolled",1,1,0,1,"vacancies@empoweredliveability.com.au","13 00974912","https://empoweredliveability.com.au/el-property/watercourse-hps-lara-vic/","","","",""
"Endeavour Foundation","Coopers Plains QLD 4108","Legacy Stock, 6+ residents",4097.38,"Improved Liveability","Enrolled",2,1,0,1,"clientsupport@endeavour.com.au","07 5348 9547","https://www.housinghub.org.au/property-detail/sda/endeavour-foundation/coopers-plains-qld/5679/tc45b","","","",""
"Endeavour Foundation","Kirwan QLD 4817","Group home, 5 residents",6291.24,"Basic","Enrolled",1,1,0,0,"clientsupport@endeavour.com.au","07 5348 9547","https://www.housinghub.org.au/property-detail/sda/endeavour-foundation/kirwan-qld/5679/xst95","","","",""
"Endeavour Foundation","Tinana QLD 4650","House, 3 residents",12491.15,"Fully Accessible","Enrolled",1,1,0,1,"clientsupport@endeavour.com.au","07 5348 9547","https://www.housinghub.org.au/property-detail/sda/endeavour-foundation/tinana-qld/5679/9djuc","","","",""
"Endeavour Foundation","Tinana QLD 4650","House, 3 residents",12491.15,"Fully Accessible","Enrolled",1,1,0,1,"clientsupport@endeavour.com.au","07 5348 9547","https://www.housinghub.org.au/property-detail/sda/endeavour-foundation/tinana-qld/5679/9k5fp","","","",""
"Endeavour Foundation","White Rock QLD 4868","Group home, 4 residents",14276.83,"Fully Accessible","Enrolled",1,1,0,1,"clientsupport@endeavour.com.au","07 5348 9547","https://www.housinghub.org.au/property-detail/sda/endeavour-foundation/white-rock-qld/5679/3111","","","",""
"Endeavour Foundation","White Rock QLD 4868","Group home, 4 residents",14276.83,"Fully Accessible","Enrolled",1,1,0,1,"clientsupport@endeavour.com.au","07 5348 9547","https://www.housinghub.org.au/property-detail/sda/endeavour-foundation/white-rock-qld/5679/8429","","","",""
"Endeavour Foundation","Gladstone QLD 4680","Group home, 4 residents",14276.83,"Fully Accessible","Enrolled",2,1,0,1,"clientsupport@endeavour.com.au","07 5348 9547","https://www.housinghub.org.au/property-detail/sda/endeavour-foundation/telina-qld/5679/wt78l","","","",""
"Endeavour Foundation","Redbank Plains QLD 4301","Group home, 4 residents",6749.28,"Improved Liveability","Enrolled",1,1,0,0,"clientsupport@endeavour.com.au","07 5348 9547","https://www.housinghub.org.au/property-detail/sda/endeavour-foundation/redbank-plains-qld/5679/hslua","","","",""
"Endeavour Foundation","Redbank QLD 4301","House, 3 residents",7229.7,"Improved Liveability","Enrolled",1,1,0,1,"clientsupport@endeavour.com.au","07 5348 9547","https://www.housinghub.org.au/property-detail/sda/endeavour-foundation/redbank-plains-qld/5679/fb613","","","",""
"Endeavour Foundation","Buderim QLD 4556","Legacy Stock, 6+ residents",1524.57,"Improved Liveability","Enrolled",1,1,0,1,"clientsupport@endeavour.com.au","07 5348 9547","https://www.housinghub.org.au/property-detail/sda/endeavour-foundation/buderim-qld/5679/7n9q4","","","",""
"Endeavour Foundation","Northgate QLD 4013","Group home, 5 residents",6468.14,"Improved Liveability","Enrolled",1,1,0,1,"clientsupport@endeavour.com.au","07 5348 9547","https://www.housinghub.org.au/property-detail/sda/endeavour-foundation/northgate-qld/5679/fktzd","","","",""
"Endeavour Foundation","Kirwan QLD 4817","Legacy Stock, 6+ residents",4306.43,"Improved Liveability","Enrolled",1,1,0,1,"clientsupport@endeavour.com.au","07 5348 9547","https://www.housinghub.org.au/property-detail/sda/endeavour-foundation/kirwan-qld/5679/sipuu","","","",""
"Endeavour Foundation","White Rock QLD 4868","Group home, 4 residents",44105.9,"Fully Accessible","Enrolled",1,1,0,1,"clientsupport@endeavour.com.au","07 5348 9547","https://www.housinghub.org.au/property-detail/sda/endeavour-foundation/white-rock-qld/5679/8741","","","",""
"Endeavour Foundation","Allingham QLD 4850","Group home, 4 residents",8919.04,"Improved Liveability","Enrolled",1,1,0,1,"clientsupport@endeavour.com.au","07 5348 9547","https://www.housinghub.org.au/property-detail/sda/endeavour-foundation/forrest-beach-qld/5679/4463","","","",""
"Endeavour Foundation","Kawana QLD 4701","Legacy Stock, 6+ residents",4264.62,"Improved Liveability","Enrolled",1,1,0,1,"clientsupport@endeavour.com.au","07 5348 9547","https://www.housinghub.org.au/property-detail/sda/endeavour-foundation/kawana-qld/5679/a83r6","","","",""
"Endeavour Foundation","Southport QLD 4215","Legacy Stock, 6+ residents",2941.24,"Improved Liveability","Enrolled",1,1,0,1,"clientsupport@endeavour.com.au","07 5348 9547","https://www.housinghub.org.au/property-detail/sda/endeavour-foundation/southport-qld/5679/ki3qh","","","",""
"Endeavour Foundation","Corinda QLD 4075","Legacy Stock, 6+ residents",4139.19,"Improved Liveability","Enrolled",1,1,0,1,"clientsupport@endeavour.com.au","07 5348 9547","https://www.housinghub.org.au/property-detail/sda/endeavour-foundation/corinda-qld/5679/w349d","","","",""
"Endeavour Foundation","Wilsonton Heights QLD 4350","House, 3 residents",5670.88,"Basic","Enrolled",1,1,0,0,"clientsupport@endeavour.com.au","07 5348 9547","https://www.housinghub.org.au/property-detail/sda/endeavour-foundation/wilsonton-heights-qld/5679/6gr6y","","","",""
"Endeavour Foundation","Wilsonton Heights QLD 4350","Group home, 4 residents",6919.64,"Basic","Enrolled",1,1,0,0,"clientsupport@endeavour.com.au","07 5348 9547","https://www.housinghub.org.au/property-detail/sda/endeavour-foundation/wilsonton-heights-qld/5679/dr2pu","","","",""
"Endeavour Foundation","Norville QLD 4670","House, 3 residents",11594.92,"Fully Accessible","Enrolled",1,1,0,0,"clientsupport@endeavour.com.au","07 5348 9547","https://www.housinghub.org.au/property-detail/sda/endeavour-foundation/bundaberg-qld/5679/j16k7","","","",""
"Endeavour Foundation","Stanthorpe QLD 4380","Group home, 4 residents",6615.48,"Basic","Enrolled",2,1,0,0,"clientsupport@endeavour.com.au","07 5348 9547","https://www.housinghub.org.au/property-detail/sda/endeavour-foundation/stanthorpe-qld/5679/6557","","","",""
"Endeavour Foundation","Burleigh Heads QLD 4220","House, 3 residents",5794.16,"Basic","Enrolled",1,1,0,0,"clientsupport@endeavour.com.au","07 5348 9547","https://www.housinghub.org.au/property-detail/sda/endeavour-foundation/burleigh-heads-qld/5679/ffw1c","","","",""
"Endeavour Foundation","East Mackay QLD 4740","Group home, 5 residents",7087.43,"Improved Liveability","Enrolled",1,1,0,1,"clientsupport@endeavour.com.au","07 5348 9547","https://www.housinghub.org.au/property-detail/sda/endeavour-foundation/east-mackay-qld/5679/mr2v2","","","",""
"Endeavour Foundation","Norman Gardens QLD 4701","Group home, 4 residents",8833.28,"Improved Liveability","Enrolled",1,1,0,1,"clientsupport@endeavour.com.au","07 5348 9547","https://www.housinghub.org.au/property-detail/sda/endeavour-foundation/norman-gardens-qld/5679/swi78","","","",""
"Endeavour Foundation","Maryborough QLD 4650","House, 3 residents",45516.24,"Improved Liveability","Enrolled",3,1,0,1,"clientsupport@endeavour.com.au","07 5348 9547","https://www.housinghub.org.au/property-detail/sda/endeavour-foundation/maryborough-qld/5679/11nvv","","","",""
"Endeavour Foundation","Norman Gardens QLD 4701","Group home, 4 residents",14276.83,"Fully Accessible","Enrolled",1,1,0,1,"clientsupport@endeavour.com.au","07 5348 9547","https://www.housinghub.org.au/property-detail/sda/endeavour-foundation/norman-gardens-qld/5679/7avek","","","",""
"Endeavour Foundation","Kawana QLD 4701","Legacy Stock, 6+ residents",5493.72,"Improved Liveability","Enrolled",1,1,0,1,"clientsupport@endeavour.com.au","07 5348 9547","https://www.housinghub.org.au/property-detail/sda/endeavour-foundation/kawana-qld/5679/glm6l","","","",""
"Endeavour Foundation","Bentley Park QLD 4869","House, 3 residents",14456.05,"Fully Accessible","Enrolled",1,1,0,1,"clientsupport@endeavour.com.au","07 5348 9547","https://www.housinghub.org.au/property-detail/sda/endeavour-foundation/bentley-park-qld/5679/wusqg","","","",""
"Endeavour Foundation","Tinana QLD 4650","House, 3 residents",12491.15,"Fully Accessible","Enrolled",1,1,0,1,"clientsupport@endeavour.com.au","07 5348 9547","https://www.housinghub.org.au/property-detail/sda/endeavour-foundation/tinana-qld/5679/qd6nt","","","",""
"Endeavour Foundation","Kawana QLD 4701","Group home, 5 residents",40678.05,"Fully Accessible","Enrolled",1,1,0,1,"clientsupport@endeavour.com.au","07 5348 9547","https://www.housinghub.org.au/property-detail/sda/endeavour-foundation/kawana-qld/5679/uny2e","","","",""
"Endeavour Foundation","Lawnton QLD 4501","Group home, 5 residents",10509.12,"Fully Accessible","Enrolled",1,1,0,1,"clientsupport@endeavour.com.au","07 5348 9547","https://www.housinghub.org.au/property-detail/sda/endeavour-foundation/lawnton-qld/5679/iavcn","","","",""
"Endeavour Foundation","Yamanto QLD 4305","Group home, 4 residents",37740.1,"Fully Accessible","Enrolled",1,1,0,1,"clientsupport@endeavour.com.au","07 5348 9547","https://www.housinghub.org.au/property-detail/sda/endeavour-foundation/yamanto-qld/5679/7678","","","",""
"Endeavour Foundation","Tewantin QLD 4565","House, 3 residents",47680.98,"Fully Accessible","Enrolled",1,1,0,1,"clientsupport@endeavour.com.au","07 5348 9547","https://www.housinghub.org.au/property-detail/sda/endeavour-foundation/tewantin-qld/5679/qbb91","","","",""
"Endeavour Foundation","Middle Ridge QLD 4350","Group home, 4 residents",37740.1,"Fully Accessible","Enrolled",1,1,0,1,"clientsupport@endeavour.com.au","07 5348 9547","https://www.housinghub.org.au/property-detail/sda/endeavour-foundation/middle-ridge-qld/5679/rez1i","","","",""
"Endeavour Foundation","Yamanto QLD 4305","Group home, 4 residents",37740.1,"Fully Accessible","Enrolled",1,1,0,1,"clientsupport@endeavour.com.au","07 5348 9547","https://www.housinghub.org.au/property-detail/sda/endeavour-foundation/yamanto-qld/5679/g53ih","","","",""
"Endeavour Foundation","Centenary Heights QLD 4350","Group home, 4 residents",37740.1,"Fully Accessible","Enrolled",1,1,0,1,"clientsupport@endeavour.com.au","07 5348 9547","https://www.housinghub.org.au/property-detail/sda/endeavour-foundation/centenary-heights-qld/5679/5yv8c","","","",""
"Endeavour Foundation","Svensson Heights QLD 4670","House, 3 residents",46572.12,"Fully Accessible","Enrolled",2,1,0,1,"clientsupport@endeavour.com.au","07 5348 9547","https://www.housinghub.org.au/property-detail/sda/endeavour-foundation/svensson-heights-qld/5679/v1snw","","","",""
"Endeavour Foundation","Manoora QLD 4870","House, 3 residents",53779.71,"Fully Accessible","Enrolled",1,1,0,1,"clientsupport@endeavour.com.au","07 5348 9547","https://www.housinghub.org.au/property-detail/sda/endeavour-foundation/manoora-qld/5679/6594a","","","",""
"Endeavour Foundation","Petrie QLD 4502","Group home, 4 residents",40013.6,"Fully Accessible","Enrolled",2,1,0,1,"clientsupport@endeavour.com.au","07 5348 9547","https://www.housinghub.org.au/property-detail/sda/endeavour-foundation/petrie-qld/5679/yfnxt","","","",""
"Endeavour Foundation","Norman Gardens QLD 4701","Group home, 4 residents",46834.1,"Fully Accessible","Enrolled",1,1,0,1,"clientsupport@endeavour.com.au","07 5348 9547","https://www.housinghub.org.au/property-detail/sda/endeavour-foundation/norman-gardens-qld/5679/9dr4a","","","",""
"Enlarge Living","Mayfield NSW 2304","Villa / Duplex / Townhouse, 2 residents",38278,"Fully Accessible","Enrolled",2,0,0,0,"engagement@veraliving.com.au","0432839032","https://www.housinghub.org.au/property-detail/sda/vera-living/mayfield-nsw/12449/iekgj","","","",""
"Enlarge Living","Huntley NSW 2530","House, 3 residents",68389.36,"High Physical Support","Enrolled",3,0,0,1,"jinu.mathew@avemaria.au","1800 121 123","https://www.housinghub.org.au/property-detail/sda/ave-maria-disability-and-mental-health-services/huntlee-nsw/19245/lq8z2","","","",""
"Enlarge Living","Huntley NSW 2530","House, 3 residents",68389.36,"High Physical Support","Enrolled",1,0,0,1,"sda@enlargeliving.com.au","04 66075730","www.enlargeliving.com.au","","","",""
"Equal Access SDA Consulting Australia, E","Officer VIC 3809","House, 3 residents",51007.56,"Fully Accessible","Enrolled",3,1,0,1,"property@sdaconsulting.com.au","1300 832 373","https://www.housinghub.org.au/property-detail/sda/sda-consulting/officer-vic/16847/ccbbu","","","",""
"Equal Access SDA Consulting Australia, E","Lara VIC 3212","House, 3 residents",59439.36,"High Physical Support","Enrolled",2,1,0,1,"property@sdaconsulting.com.au","1300 832 373","https://www.housinghub.org.au/property-detail/sda/sda-consulting/lara-vic/16847/9284","","","",""
"Equal Access SDA Consulting Australia, E","Mambourin VIC 3024","House, 2 residents",81081.33,"Robust","Enrolled",2,0,0,1,"property@sdaconsulting.com.au","1300 832 373","https://www.housinghub.org.au/property-detail/sda/sda-consulting/mambourin-vic/16847/iay6h","","","",""
"Equal Access SDA Consulting Australia, E","Wyndham Vale VIC 3024","House, 2 residents",81081.33,"Robust","Enrolled",2,0,0,1,"operations@selecthomeliving.com.au","0473074815","https://www.housinghub.org.au/property-detail/sda/select-home-living-pty-ltd/wyndham-vale-vic/20413/tqfmr","","","",""
"Equal Access SDA Consulting Australia, E","Gosnells WA 6110","House, 2 residents",105130.8,"High Physical Support","Enrolled",1,1,0,1,"property@sdaconsulting.com.au","1300 832 373","https://www.housinghub.org.au/property-detail/sda/sda-consulting/gosnells-wa/16847/5sje5","","","",""
"Equal Access SDA Consulting Australia, E","Cranbourne East VIC 3977","House, 2 residents",76901.88,"Robust","Enrolled",2,0,0,1,"property@sdaconsulting.com.au","1300 832 373","https://www.housinghub.org.au/property-detail/sda/sda-consulting/cranbourne-east-vic/16847/pzt3c","","","",""
"Equal Access SDA Consulting Australia, E","Point Cook VIC 3030","House, 2 residents",81081.33,"Robust","Enrolled",1,0,0,1,"property@sdaconsulting.com.au","1300 832 373","https://www.housinghub.org.au/property-detail/sda/sda-consulting/point-cook-vic/16847/kkjl1","","","",""
"Equal Access SDA Consulting Australia, E","Truganina VIC 3029","House, 3 residents",66943.58,"High Physical Support","Enrolled",2,1,0,1,"property@sdaconsulting.com.au","1300 832 373","https://www.housinghub.org.au/property-detail/sda/sda-consulting/truganina-vic/16847/zb8gl","","","",""
"Equal Access SDA Consulting Australia, E","Mambourin VIC 3024","House, 2 residents",92121.87,"Robust","Enrolled",1,0,1,1,"karina@equalaccessgroup.com.au","0390015805","www.disabilityaccessconsultants.com.au","","","",""
"Equal Access SDA Consulting Australia, E","Ashwood VIC 3147","Villa / Duplex / Townhouse, 2 residents",44015.5,"High Physical Support","Enrolled",1,1,0,1,"property@sdaconsulting.com.au","1300 832 373","https://www.housinghub.org.au/property-detail/sda/sda-consulting/ashwood-vic/16847/351x3","","","",""
"Equal Access SDA Consulting Australia, E","Mambourin VIC 3024","House, 2 residents",96204.6,"High Physical Support","Enrolled",3,1,0,1,"admin@activate.care","1300725045","https://www.housinghub.org.au/property-detail/sda/activate-community-services/mambourin-vic/20751/9299","","","",""
"Equal Access SDA Consulting Australia, E","Wyndham Vale VIC 3024","House, 2 residents",86340.67,"Robust","Enrolled",2,0,0,1,"property@sdaconsulting.com.au","1300 832 373","https://www.housinghub.org.au/property-detail/sda/sda-consulting/wyndham-vale-vic/16847/tmubf","","","",""
"Equal Access SDA Consulting Australia, E","Cranbourne East VIC 3977","House, 2 residents",85622.56,"High Physical Support","Enrolled",1,1,0,1,"property@sdaconsulting.com.au","1300 832 373","https://www.housinghub.org.au/property-detail/sda/sda-consulting/cranbourne-east-vic/16847/4lwws","","","",""
"Equal Access SDA Consulting Australia, E","Cranbourne East VIC 3977","House, 2 residents",81890.12,"Robust","Enrolled",2,0,0,1,"property@sdaconsulting.com.au","1300 832 373","https://www.housinghub.org.au/property-detail/sda/sda-consulting/cranbourne-east-vic/16847/um3pr","","","",""
"Equal Access SDA Consulting Australia, E","Rasmussen QLD 4815","Villa / Duplex / Townhouse, 1 residents",70420.48,"Robust","Enrolled",1,0,0,1,"property@sdaconsulting.com.au","1300 832 373","https://www.housinghub.org.au/property-detail/sda/sda-consulting/rasmussen-qld/16847/vkbde","","","",""
"Equal Access SDA Consulting Australia, E","Darley VIC 3340","House, 2 residents",86340.67,"Robust","Enrolled",2,0,0,1,"property@sdaconsulting.com.au","1300 832 373","https://www.housinghub.org.au/property-detail/sda/sda-consulting/darley-vic/16847/pj653","","","",""
"Equal Access SDA Consulting Australia, E","Truganina VIC 3029","House, 2 residents",96204.6,"High Physical Support","Enrolled",2,1,0,1,"property@sdaconsulting.com.au","1300 832 373","https://www.housinghub.org.au/property-detail/sda/sda-consulting/truganina-vic/16847/svbby","","","",""
"Equal Access SDA Consulting Australia, E","Glenella QLD 4740","House, 2 residents",93998.68,"High Physical Support","Enrolled",2,1,0,1,"property@sdaconsulting.com.au","1300 832 373","https://www.housinghub.org.au/property-detail/sda/sda-consulting/glenella-qld/16847/gsyaa","","","",""
"Equal Access SDA Consulting Australia, E","Manor Lakes VIC 3024","House, 2 residents",90275.96,"High Physical Support","Enrolled",1,1,0,1,"property@sdaconsulting.com.au","1300 832 373","https://www.housinghub.org.au/property-detail/sda/sda-consulting/manor-lakes-vic/16847/771kx","","","",""
"Equal Access SDA Consulting Australia, E","Seymour VIC 3660","House, 3 residents",54270.72,"High Physical Support","Enrolled",3,1,0,1,"property@sdaconsulting.com.au","1300 832 373","https://www.housinghub.org.au/property-detail/sda/sda-consulting/seymour-vic/16847/zk3lb","","","",""
"Equal Access SDA Consulting Australia, E","Clyde North VIC 3978","House, 2 residents",72478.52,"Improved Liveability","Enrolled",2,0,0,1,"property@sdaconsulting.com.au","1300 832 373","https://www.housinghub.org.au/property-detail/sda/sda-consulting/clyde-north-vic/16847/525fc","","","",""
"Equal Access SDA Consulting Australia, E","Truganina VIC 3029","House, 2 residents",76417.57,"Improved Liveability","Enrolled",2,0,0,1,"property@sdaconsulting.com.au","1300 832 373","https://www.housinghub.org.au/property-detail/sda/sda-consulting/truganina-vic/16847/vcswi","","","",""
"Equal Access SDA Consulting Australia, E","Weir Views VIC 3338","House, 3 residents",59652.09,"Robust","Enrolled",2,0,0,1,"property@sdaconsulting.com.au","1300 832 373","https://www.housinghub.org.au/property-detail/sda/sda-consulting/weir-views-vic/16847/etgs6","","","",""
"Equal Access SDA Consulting Australia, E","New Norfolk TAS 7140","House, 2 residents",89262,"High Physical Support","Enrolled",2,1,0,1,"property@sdaconsulting.com.au","1300 832 373","https://www.housinghub.org.au/property-detail/sda/sda-consulting/new-norfolk-tas/16847/bvgqu","","","",""
"Equal Access SDA Consulting Australia, E","Mambourin VIC 3024","House, 3 residents",52802.92,"Improved Liveability","Enrolled",3,0,0,1,"property@sdaconsulting.com.au","1300 832 373","https://www.housinghub.org.au/property-detail/sda/sda-consulting/mambourin-vic/16847/edbvm","","","",""
"Equal Access SDA Consulting Australia, E","Clyde VIC 3978","House, 2 residents",72478.52,"Improved Liveability","Enrolled",2,0,0,1,"property@sdaconsulting.com.au","1300 832 373","https://www.housinghub.org.au/property-detail/sda/sda-consulting/clyde-vic/16847/aqjui","","","",""
"Equal Access SDA Consulting Australia, E","Tarneit VIC 3029","House, 2 residents",90275.96,"High Physical Support","Enrolled",2,1,0,1,"info@sdacareaus.com.au","","https://www.housinghub.org.au/property-detail/sda/sda-care-australia/tarneit-vic/6e1rm/isj9t","","","",""
"Equal Access SDA Consulting Australia, E","Midway Point TAS 7171","House, 2 residents",89262,"High Physical Support","Enrolled",2,1,0,1,"property@sdaconsulting.com.au","1300 832 373","https://www.housinghub.org.au/property-detail/sda/sda-consulting/midway-point-tas/16847/izg3m","","","",""
"Equal Access SDA Consulting Australia, E","Tarneit VIC 3029","House, 3 residents",66943.58,"High Physical Support","Enrolled",2,1,0,1,"property@sdaconsulting.com.au","1300 832 373","https://www.housinghub.org.au/property-detail/sda/sda-consulting/tarneit-vic/16847/4h78a","","","",""
"Equal Access SDA Consulting Australia, E","Clyde North VIC 3978","House, 2 residents",91245.6,"High Physical Support","Enrolled",2,1,0,1,"property@sdaconsulting.com.au","1300 832 373","https://www.housinghub.org.au/property-detail/sda/sda-consulting/clyde-north-vic/16847/ztytg","","","",""
"Equal Access SDA Consulting Australia, E","Clyde VIC 3978","House, 2 residents",85622.56,"High Physical Support","Enrolled",2,1,0,1,"property@sdaconsulting.com.au","1300 832 373","https://www.housinghub.org.au/property-detail/sda/sda-consulting/clyde-vic/16847/m2e84","","","",""
"Equal Access SDA Consulting Australia, E","Woodgate QLD 4660","House, 2 residents",60243.96,"Improved Liveability","Enrolled",2,0,0,0,"property@sdaconsulting.com.au","1300 832 373","https://www.housinghub.org.au/property-detail/sda/sda-consulting/woodgate-qld/16847/4i17t","","","",""
"Equal Access SDA Consulting Australia, E","Tarneit VIC 3029","House, 2 residents",96204.6,"High Physical Support","Enrolled",2,1,0,1,"property@sdaconsulting.com.au","1300 832 373","https://www.housinghub.org.au/property-detail/sda/sda-consulting/tarneit-vic/16847/ip8jy","","","",""
"Equal Access SDA Consulting Australia, E","Drouin VIC 3818","House, 2 residents",82319.4,"High Physical Support","Enrolled",2,1,0,1,"property@sdaconsulting.com.au","1300 832 373","https://www.housinghub.org.au/property-detail/sda/sda-consulting/drouin-vic/16847/fjmix","","","",""
"Equal Access SDA Consulting Australia, E","Wollert VIC 3750","House, 2 residents",89262,"High Physical Support","Enrolled",2,1,0,1,"property@sdaconsulting.com.au","1300 832 373","https://www.housinghub.org.au/property-detail/sda/sda-consulting/wollert-vic/16847/fsksn","","","",""
"Equal Access SDA Consulting Australia, E","Tarneit VIC 3029","House, 2 residents",96204.6,"High Physical Support","Enrolled",2,1,0,1,"property@sdaconsulting.com.au","1300 832 373","https://www.housinghub.org.au/property-detail/sda/sda-consulting/tarneit-vic/16847/kax7h","","","",""
"Equal Access SDA Consulting Australia, E","Tarneit VIC 3029","House, 3 residents",66943.58,"High Physical Support","Enrolled",2,1,0,1,"property@sdaconsulting.com.au","1300 832 373","https://www.housinghub.org.au/property-detail/sda/sda-consulting/tarneit-vic/16847/fyte4","","","",""
"Equal Access SDA Consulting Australia, E","Officer VIC 3809","House, 3 residents",63492.88,"High Physical Support","Enrolled",1,1,0,1,"property@sdaconsulting.com.au","1300 832 373","https://www.housinghub.org.au/property-detail/sda/sda-consulting/officer-vic/16847/7bgwn","","","",""
"Equal Access SDA Consulting Australia, E","Thrumster NSW 2444","House, 2 residents",89262,"High Physical Support","Enrolled",1,1,0,1,"property@sdaconsulting.com.au","1300 832 373","https://www.housinghub.org.au/property-detail/sda/sda-consulting/port-macquarie-nsw/16847/fe6aq","","","",""
"Equal Access SDA Consulting Australia, E","Inverloch VIC 3996","House, 2 residents",59526.77,"Improved Liveability","Enrolled",2,0,0,0,"property@sdaconsulting.com.au","1300 832 373","https://www.housinghub.org.au/property-detail/sda/sda-consulting/inverloch-vic/16847/yxreq","","","",""
"Equal Access SDA Consulting Australia, E","Baldivis WA 6171","Villa / Duplex / Townhouse, 1 residents",74142.49,"Robust","Enrolled",1,0,0,1,"property@sdaconsulting.com.au","1300 832 373","https://www.housinghub.org.au/property-detail/sda/sda-consulting/baldivis-wa/16847/t3rud","","","",""
"Equal Access SDA Consulting Australia, E","Altona Meadows VIC 3028","House, 2 residents",96204.6,"High Physical Support","Enrolled",1,1,0,1,"property@sdaconsulting.com.au","1300 832 373","https://www.housinghub.org.au/property-detail/sda/sda-consulting/altona-meadows-vic/16847/p86da","","","",""
"Equal Access SDA Consulting Australia, E","Beaconsfield VIC 3807","House, 2 residents",91245.6,"High Physical Support","Enrolled",1,1,0,1,"property@sdaconsulting.com.au","1300 832 373","https://www.housinghub.org.au/property-detail/sda/sda-consulting/beaconsfield-vic/16847/5etjl","","","",""
"Equal Access SDA Consulting Australia, E","Stawell VIC 3380","House, 2 residents",74819.64,"Robust","Enrolled",2,0,1,1,"property@sdaconsulting.com.au","1300 832 373","https://www.housinghub.org.au/property-detail/sda/sda-consulting/stawell-vic/16847/yzsih","","","",""
"Equal Access SDA Consulting Australia, E","Seaford VIC 3198","House, 2 residents",89262,"High Physical Support","Enrolled",2,1,0,1,"property@sdaconsulting.com.au","1300 832 373","https://www.housinghub.org.au/property-detail/sda/sda-consulting/seaford-vic/16847/nknvf","","","",""
"Equal Access SDA Consulting Australia, E","Armstrong Creek VIC 3217","House, 2 residents",73266.33,"Improved Liveability","Enrolled",2,0,0,1,"property@sdaconsulting.com.au","1300 832 373","https://www.housinghub.org.au/property-detail/sda/sda-consulting/armstrong-creek-vic/16847/jlrdt","","","",""
"Equal Access SDA Consulting Australia, E","Whyalla Norrie SA 5608","House, 2 residents",112073.4,"High Physical Support","Enrolled",2,1,0,1,"property@sdaconsulting.com.au","1300 832 373","https://www.housinghub.org.au/property-detail/sda/sda-consulting/whyalla-norrie-sa/16847/mj5c6","","","",""
"Ethical SDA","Narellan NSW 2567","Group home, 4 residents",47044.05,"High Physical Support","Enrolled",2,0,0,1,"tim@ethicalsda.com.au","0452656265","https://www.housinghub.org.au/property-detail/sda/ethical-sda/narellan-nsw/16659/bvz4b","","","",""
"FINQUOTE PTY. LTD.","Meadow Springs WA 6210","House, 2 residents",72361.8,"Fully Accessible","Enrolled",1,0,0,1,"enquiries.sil@adelphiliving.com.au","0863316888","https://www.housinghub.org.au/property-detail/sda/adelphi-living/meadow-springs-wa/5719/rmhgt","","","",""
"FIRST SUPPORT AUSTRALIA","Deanside VIC 3336","House, 2 residents",90275.96,"High Physical Support","Enrolled",3,1,0,1,"info@firstsupport.com.au","1800 008 989","https://www.housinghub.org.au/property-detail/sda/first-support-australia/deanside-vic/vvfw4/4zbs4","","","",""
"Find My SDA","O'sullivan Beach SA 5166","Group home, 5 residents",45286,"High Physical Support","Enrolled",4,0,0,1,"hello@findmysda.com","0400 839 046","https://www.housinghub.org.au/property-detail/sda/find-my-sda/o'sullivan-beach-sa/6dkb8/6zah8","","","",""
"Find My SDA","Elizabeth North SA 5113","House, 3 residents",50692.95,"Improved Liveability","Enrolled",3,0,0,1,"robert@synergyhousing.com.au","","https://www.housinghub.org.au/property-detail/sda/synergy-housing-pty-ltd-on-behalf-of-my-care-assist/elizabeth-north-sa/17827/8177","","","",""
"Find My SDA","Elizabeth Downs SA 5113","House, 2 residents",87230.78,"Robust","Enrolled",2,0,0,1,"hello@findmysda.com","0400 839 046","https://www.housinghub.org.au/property-detail/sda/find-my-sda/elizabeth-downs-sa/6dkb8/jwjgi","","","",""
"Find My SDA","Elizabeth North SA 5113","House, 2 residents",92790.32,"High Physical Support","Enrolled",3,0,0,1,"info@resicaresa.com.au","08 7085 063","https://www.housinghub.org.au/property-detail/sda/resicaresa/elizabeth-north-sa/16169/xkk3r","","","",""
"Find My SDA","Smithfield Plains SA 5114","House, 2 residents",87230.78,"Robust","Enrolled",2,0,0,1,"info@resicaresa.com.au","08 7085 063","https://www.housinghub.org.au/property-detail/sda/resicaresa/smithfield-sa/16169/1vph6","","","",""
"Find My SDA","Ingle Farm SA 5098","House, 3 residents",60923.61,"High Physical Support","Enrolled",2,0,0,1,"info@resicaresa.com.au","08 7085 063","https://www.housinghub.org.au/property-detail/sda/resicaresa/ingle-farm-sa/16169/12xms","","","",""
"Find My SDA","Hope Valley SA 5090","Villa / Duplex / Townhouse, 2 residents",47079.13,"High Physical Support","Enrolled",1,0,0,1,"hello@findmysda.com","0400 839 046","https://www.housinghub.org.au/property-detail/sda/find-my-sda/hope-valley-sa/6dkb8/wuwlj","","","",""
"Find My SDA","Ingle Farm SA 5098","House, 3 residents",60923.61,"High Physical Support","Enrolled",3,0,0,1,"info@resicaresa.com.au","08 7085 063","https://www.housinghub.org.au/property-detail/sda/resicaresa/ingle-farm-sa/16169/wmw68","","","",""
"Find My SDA","Elizabeth East SA 5112","House, 3 residents",65101.41,"High Physical Support","Enrolled",3,0,0,1,"hello@findmysda.com","0400 839 046","https://www.housinghub.org.au/property-detail/sda/find-my-sda/elizabeth-east-sa/6dkb8/gnw9w","","","",""
"Find My SDA","Smithfield Plains SA 5114","House, 3 residents",65101.41,"High Physical Support","Enrolled",2,0,0,1,"hello@findmysda.com","0400 839 046","https://www.housinghub.org.au/property-detail/sda/find-my-sda/smithfield-plains-sa/6dkb8/tjpsd","","","",""
"Find My SDA","Smithfield Plains SA 5114","House, 3 residents",60923.61,"High Physical Support","Enrolled",2,0,0,1,"hello@findmysda.com","0400 839 046","https://www.housinghub.org.au/property-detail/sda/find-my-sda/smithfield-plains-sa/6dkb8/5eh8a","","","",""
"Find My SDA","Salisbury Park SA 5109","House, 2 residents",87044.58,"High Physical Support","Enrolled",2,0,0,1,"hello@findmysda.com","0400 839 046","https://www.housinghub.org.au/property-detail/sda/find-my-sda/salisbury-park-sa/6dkb8/9fike","","","",""
"Find My SDA","Morphett Vale SA 5162","House, 3 residents",65101.41,"High Physical Support","Enrolled",1,0,0,1,"hello@findmysda.com","0400 839 046","https://www.housinghub.org.au/property-detail/sda/find-my-sda/morphett-vale-sa/6dkb8/sj4yl","","","",""
"Find My SDA","Hope Valley SA 5090","Villa / Duplex / Townhouse, 2 residents",47079.13,"High Physical Support","Enrolled",3,0,0,1,"hello@findmysda.com","0400 839 046","https://www.housinghub.org.au/property-detail/sda/find-my-sda/hope-valley-sa/6dkb8/jb8qf","","","",""
"Find My SDA","Hackham West SA 5163","House, 3 residents",65101.41,"High Physical Support","Enrolled",3,0,0,1,"hello@findmysda.com","0400 839 046","https://www.housinghub.org.au/property-detail/sda/find-my-sda/hackham-west-sa/6dkb8/mq4zz","","","",""
"Find My SDA","Ingle Farm SA 5098","House, 2 residents",87044.58,"High Physical Support","Enrolled",2,0,0,1,"hello@findmysda.com","0400 839 046","https://www.housinghub.org.au/property-detail/sda/find-my-sda/ingleÂ farm-sa/6dkb8/xfbyn","","","",""
"Find My SDA","Morphett Vale SA 5162","House, 2 residents",93737.16,"High Physical Support","Enrolled",2,0,0,1,"info@resicaresa.com.au","08 7085 063","https://www.housinghub.org.au/property-detail/sda/resicaresa/morphett-vale-sa/16169/byrez","","","",""
"Find My SDA","Old Noarlunga SA 5168","House, 2 residents",87932.79,"High Physical Support","Enrolled",1,0,0,1,"hello@findmysda.com","0400 839 046","https://www.housinghub.org.au/property-detail/sda/find-my-sda/old-noarlunga-sa/6dkb8/ydc4m","","","",""
"Find My SDA","Elizabeth Downs SA 5113","House, 3 residents",53891.64,"Improved Liveability","Enrolled",2,0,0,1,"hello@findmysda.com","0400 839 046","https://www.housinghub.org.au/property-detail/sda/find-my-sda/elizabeth-downs-sa/6dkb8/nbcrt","","","",""
"Find My SDA","Mount Barker SA 5251","House, 3 residents",65759,"High Physical Support","Enrolled",3,0,0,1,"hello@findmysda.com","0400 839 046","https://www.housinghub.org.au/property-detail/sda/find-my-sda/mount-barker-sa/6dkb8/gsgge","","","",""
"Find My SDA","Morphett Vale SA 5162","House, 2 residents",93737.16,"High Physical Support","Enrolled",1,0,0,1,"hello@findmysda.com","0400 839 046","https://www.housinghub.org.au/property-detail/sda/find-my-sda/morphett-vale-sa/6dkb8/1wcwa","","","",""
"Find My SDA","Ingle Farm SA 5098","House, 2 residents",92790.32,"High Physical Support","Enrolled",1,0,0,1,"hello@findmysda.com","0400 839 046","https://www.housinghub.org.au/property-detail/sda/find-my-sda/ingle-farm-sa/6dkb8/6f1a2","","","",""
"Find My SDA","Ingle Farm SA 5098","House, 2 residents",92790.32,"High Physical Support","Enrolled",2,0,0,1,"hello@findmysda.com","0400 839 046","https://www.housinghub.org.au/property-detail/sda/find-my-sda/ingle-farm-sa/6dkb8/6trzz","","","",""
"Find My SDA","Largs North SA 5016","House, 3 residents",69704.54,"High Physical Support","Enrolled",1,0,0,1,"hello@findmysda.com","0400 839 046","https://www.housinghub.org.au/property-detail/sda/find-my-sda/largs-bay-sa/6dkb8/2j2sd","","","",""
"Find My SDA","Salisbury Downs SA 5108","House, 2 residents",92790.32,"High Physical Support","Enrolled",2,0,0,1,"info@kayasupport.com.au","0411893477","https://www.housinghub.org.au/property-detail/sda/collaborative-support-australia-pty-ltd-trading-as-kaya-disability-support/salisbury-downs-sa/esmmf/emmps","","","",""
"Find My SDA","Morphett Vale SA 5162","House, 2 residents",93737.16,"High Physical Support","Enrolled",3,0,0,1,"hello@findmysda.com","0400 839 046","https://www.housinghub.org.au/property-detail/sda/find-my-sda/morphett-vale-sa/6dkb8/gri7n","","","",""
"Find My SDA","Elizabeth Downs SA 5113","House, 2 residents",92790.32,"High Physical Support","Enrolled",2,0,0,1,"hello@findmysda.com","0400 839 046","https://www.housinghub.org.au/property-detail/sda/find-my-sda/elizabeth-downs-sa/6dkb8/d4eb3","","","",""
"Find My SDA","Munno Para SA 5115","House, 2 residents",92790.32,"High Physical Support","Enrolled",1,0,0,1,"hello@findmysda.com","0400 839 046","https://www.housinghub.org.au/property-detail/sda/find-my-sda/munno-para-sa/6dkb8/abuwp","","","",""
"Find My SDA","Tea Tree Gully SA 5091","House, 3 residents",65101.41,"High Physical Support","Enrolled",3,0,0,1,"info@resicaresa.com.au","08 7085 063","https://www.housinghub.org.au/property-detail/sda/resicaresa/tea-tree-gully-sa/16169/27v5h","","","",""
"Find My SDA","Ingle Farm SA 5098","House, 2 residents",92790.32,"High Physical Support","Enrolled",1,0,0,1,"hello@findmysda.com","0400 839 046","https://www.housinghub.org.au/property-detail/sda/find-my-sda/ingle-farm-sa/6dkb8/6c237","","","",""
"Find My SDA","Ridgehaven SA 5097","House, 2 residents",92790.32,"High Physical Support","Enrolled",1,0,0,1,"info@resicaresa.com.au","08 7085 063","https://www.housinghub.org.au/property-detail/sda/resicaresa/ridgehaven-sa/16169/9h4hk","","","",""
"Find My SDA","Munno Para West SA 5115","House, 2 residents",92790.32,"High Physical Support","Enrolled",2,0,0,1,"shine@brighterliving.com.au","1300 732 252","https://www.housinghub.org.au/property-detail/sda/brighter-living-australia/munno-para-sa/sa21p/iejhb","","","",""
"Find My SDA","Davoren Park SA 5113","House, 2 residents",92790.32,"High Physical Support","Enrolled",2,0,0,1,"hello@findmysda.com","0400 839 046","https://www.housinghub.org.au/property-detail/sda/find-my-sda/davoren-park-sa/6dkb8/jg5es","","","",""
"Find My SDA","Marion SA 5043","House, 2 residents",93737.16,"High Physical Support","Enrolled",1,0,0,1,"hello@findmysda.com","0400 839 046","https://www.housinghub.org.au/property-detail/sda/find-my-sda/marion-sa/6dkb8/8waik","","","",""
"Find My SDA","Davoren Park SA 5113","House, 2 residents",92790.32,"High Physical Support","Enrolled",2,0,0,1,"hello@findmysda.com","0400 839 046","https://www.housinghub.org.au/property-detail/sda/find-my-sda/davoren-park-sa/6dkb8/g9yw7","","","",""
"Find My SDA","Davoren Park SA 5113","House, 2 residents",92790.32,"High Physical Support","Enrolled",2,0,0,1,"hello@findmysda.com","0400 839 046","https://www.housinghub.org.au/property-detail/sda/find-my-sda/davoren-park-sa/6dkb8/4pyqn","","","",""
"Find My SDA","Modbury SA 5092","House, 2 residents",78793.96,"Fully Accessible","Enrolled",2,0,0,1,"hello@findmysda.com","0400 839 046","https://www.housinghub.org.au/property-detail/sda/find-my-sda/modbury-sa/6dkb8/7slbi","","","",""
"Find My SDA","Taperoo SA 5017","House, 2 residents",100669.26,"Robust","Enrolled",2,0,1,1,"hello@findmysda.com","0400 839 046","https://www.housinghub.org.au/property-detail/sda/find-my-sda/taperoo-sa/6dkb8/562kl","","","",""
"FutureCare Now","Ballina NSW 2478","Villa / Duplex / Townhouse, 1 residents",61708,"Fully Accessible","Enrolled",1,0,0,0,"ceo@futurecarenow.com.au","02 6686 3947","https://www.housinghub.org.au/property-detail/sda/futurecare-now/ballina-nsw/21200/bb7kh","","","",""
"GIFTED HANDS HOME & DISABILITY CARE PTY","Plumpton NSW 2761","Villa / Duplex / Townhouse, 2 residents",43091.94,"Robust","Enrolled",1,0,0,1,"sda@ausnewhomecare.com","02 9159 6183","https://www.housinghub.org.au/property-detail/sda/ausnew-home-care/plumpton-nsw/vstx2/6mmgh","","","",""
"GOOD HOUSING PTY LTD","Hornsby NSW 2077","Villa / Duplex / Townhouse, 1 residents",79743.69,"Robust","Enrolled",1,1,0,0,"info@goodhousing.com.au","02 8077 1110","https://www.housinghub.org.au/property-detail/sda/good-housing/hornsby-nsw/5666/4705","","","",""
"GOOD HOUSING PTY LTD","Blacktown NSW 2148","Villa / Duplex / Townhouse, 1 residents",73934.02,"Robust","Enrolled",1,1,0,1,"info@goodhousing.com.au","02 8077 1110","https://www.housinghub.org.au/property-detail/sda/good-housing/blacktown-nsw/5666/i189d","","","",""
"GOOD HOUSING PTY LTD","South Morang VIC 3752","Villa / Duplex / Townhouse, 1 residents",72240.54,"Robust","Enrolled",1,1,0,1,"info@goodhousing.com.au","02 8077 1110","https://www.housinghub.org.au/property-detail/sda/good-housing/south-morang-vic/5666/r3ygm","","","",""
"GOOD HOUSING PTY LTD","St Albans VIC 3021","Villa / Duplex / Townhouse, 1 residents",80945.06,"High Physical Support","Enrolled",1,1,0,1,"info@goodhousing.com.au","02 8077 1110","https://www.housinghub.org.au/property-detail/sda/good-housing/st-albans-vic/5666/8251","","","",""
"GOOD HOUSING PTY LTD","Bayswater VIC 3153","House, 2 residents",87278.4,"High Physical Support","Enrolled",1,1,0,1,"info@goodhousing.com.au","02 8077 1110","https://www.housinghub.org.au/property-detail/sda/good-housing/bayswater-vic/5666/qtjz7","","","",""
"GOOD HOUSING PTY LTD","Fairfield East NSW 2165","House, 2 residents",103305.48,"High Physical Support","Enrolled",1,1,0,1,"info@goodhousing.com.au","02 8077 1110","https://www.housinghub.org.au/property-detail/sda/good-housing/fairfield-east-nsw/5666/dkrju","","","",""
"GOOD HOUSING PTY LTD","Cambridge Park NSW 2747","House, 2 residents",93229.2,"High Physical Support","Enrolled",2,1,0,1,"info@goodhousing.com.au","02 8077 1110","https://www.housinghub.org.au/property-detail/sda/good-housing/cambridge-park-nsw/5666/xr157","","","",""
"GR8 DISABILITY HOUSING","Ellenbrook WA 6069","House, 2 residents",88056.12,"High Physical Support","Enrolled",2,0,0,1,"rentals@gr8corp.com.au","0893583400","https://www.housinghub.org.au/property-detail/sda/gr8-disability-housing/ellenbrook-wa/14865/7i7tu","","","",""
"GR8 DISABILITY HOUSING","Armadale WA 6112","House, 2 residents",100365.04,"High Physical Support","Enrolled",4,0,0,1,"","","https://www.housinghub.org.au/property-detail/sda/weston-sda/armadale-wa/5688/ny9mn","","","",""
"GR8 DISABILITY HOUSING","Brabham WA 6055","House, 2 residents",88056.12,"High Physical Support","Enrolled",2,0,0,1,"sarah.thompson@experiencesocialgrowth.com","","https://www.housinghub.org.au/property-detail/sda/esg-inclusive-homes/brabham-wa/stkkt/lwpuv","","","",""
"GR8 DISABILITY HOUSING","Hilbert WA 6112","House, 2 residents",100365.04,"High Physical Support","Enrolled",2,0,0,1,"support@sdaresidential.com","03 9002 0300","https://www.housinghub.org.au/property-detail/sda/sda-residential/hilbert-wa/nc5s3/72lrl","","","",""
"GR8 DISABILITY HOUSING","Byford WA 6122","House, 2 residents",100365.04,"High Physical Support","Enrolled",2,0,0,1,"rentals@gr8corp.com.au","0893583400","https://www.housinghub.org.au/property-detail/sda/gr8-disability-housing/byford-wa/14865/2htin","","","",""
"GR8 DISABILITY HOUSING","Brabham WA 6055","House, 2 residents",88056.12,"High Physical Support","Enrolled",2,0,0,1,"rentals@gr8corp.com.au","0893583400","https://www.housinghub.org.au/property-detail/sda/gr8-disability-housing/brabham-wa/14865/3kgfu","","","",""
"GR8 DISABILITY HOUSING","Mandurah WA 6210","House, 3 residents",59183.1,"High Physical Support","Enrolled",3,0,0,1,"rentals@gr8corp.com.au","0893583400","https://www.housinghub.org.au/property-detail/sda/gr8-disability-housing/mandurah-wa/14865/ii2xk","","","",""
"GR8 DISABILITY HOUSING","Dalyellup WA 6230","House, 2 residents",98471.36,"High Physical Support","Enrolled",3,0,0,1,"hello@nesti.org.au","08 6325 7700","https://www.housinghub.org.au/property-detail/sda/nesti-housing/dalyellup-wa/1f29y/fn4ty","","","",""
"GR8 DISABILITY HOUSING","Yangebup WA 6164","House, 2 residents",95630.84,"High Physical Support","Enrolled",1,0,0,1,"rentals@gr8corp.com.au","0893583400","https://www.housinghub.org.au/property-detail/sda/gr8-disability-housing/yangebup-wa/14865/z4mqx","","","",""
"GR8 DISABILITY HOUSING","Australind WA 6233","House, 2 residents",98471.36,"High Physical Support","Enrolled",2,0,0,1,"rentals@gr8corp.com.au","0893583400","https://www.housinghub.org.au/property-detail/sda/gr8-disability-housing/australind-wa/14865/l2bi2","","","",""
"GR8 DISABILITY HOUSING","Byford WA 6122","House, 2 residents",85226.12,"Fully Accessible","Enrolled",2,0,0,1,"rentals@gr8corp.com.au","0893583400","https://www.housinghub.org.au/property-detail/sda/gr8-disability-housing/byford-wa/14865/9bcd9","","","",""
"GR8 DISABILITY HOUSING","Ashby WA 6065","House, 2 residents",93737.16,"High Physical Support","Enrolled",1,0,0,1,"rentals@gr8corp.com.au","0893583400","https://www.housinghub.org.au/property-detail/sda/gr8-disability-housing/ashby-wa/14865/qhqk1","","","",""
"GR8 DISABILITY HOUSING","Port Kennedy WA 6172","House, 3 residents",70394.28,"High Physical Support","Enrolled",3,1,0,1,"rentals@gr8corp.com.au","0893583400","https://www.housinghub.org.au/property-detail/sda/gr8-disability-housing/port-kennedy-wa/14865/du8k8","","","",""
"GR8 DISABILITY HOUSING","Kelmscott WA 6111","House, 3 residents",70362.13,"High Physical Support","Enrolled",3,0,0,1,"rentals@gr8corp.com.au","0893583400","https://www.housinghub.org.au/property-detail/sda/gr8-disability-housing/kelmscott-wa/14865/xkpw6","","","",""
"GR8 DISABILITY HOUSING","Dalyellup WA 6230","House, 2 residents",98471.36,"High Physical Support","Enrolled",2,0,0,1,"rentals@gr8corp.com.au","0893583400","https://www.housinghub.org.au/property-detail/sda/gr8-disability-housing/dalyellup-wa/14865/tudhh","","","",""
"GR8 DISABILITY HOUSING","Brabham WA 6055","House, 2 residents",88056.12,"High Physical Support","Enrolled",1,0,0,1,"rentals@gr8corp.com.au","0893583400","https://www.housinghub.org.au/property-detail/sda/gr8-disability-housing/brabham-wa/14865/2zlls","","","",""
"GR8 DISABILITY HOUSING","Hilbert WA 6112","House, 3 residents",70362.13,"High Physical Support","Enrolled",3,0,0,1,"rentals@gr8corp.com.au","0893583400","https://www.housinghub.org.au/property-detail/sda/gr8-disability-housing/hilbert-wa/14865/4vyz8","","","",""
"GR8 DISABILITY HOUSING","Withers WA 6230","House, 2 residents",98471.36,"High Physical Support","Enrolled",2,0,0,1,"rentals@gr8corp.com.au","0893583400","https://www.housinghub.org.au/property-detail/sda/gr8-disability-housing/withers-wa/14865/f5qx4","","","",""
"GR8 DISABILITY HOUSING","Millbridge WA 6232","House, 3 residents",66010.35,"High Physical Support","Enrolled",3,0,0,1,"sarah.thompson@experiencesocialgrowth.com","","https://www.housinghub.org.au/property-detail/sda/esg-inclusive-homes/millbridge-wa/stkkt/f42k3","","","",""
"GR8 DISABILITY HOUSING","Maddington WA 6109","House, 2 residents",105130.8,"High Physical Support","Enrolled",3,1,0,1,"ldholariya@accessfoundation.com.au","08 6243 9569","https://www.housinghub.org.au/property-detail/sda/access-foundation/maddington-wa/19691/cvarf","","","",""
"GR8 DISABILITY HOUSING","Port Kennedy WA 6172","House, 2 residents",89709.21,"High Physical Support","Enrolled",2,0,0,1,"rentals@gr8corp.com.au","0893583400","https://www.housinghub.org.au/property-detail/sda/gr8-disability-housing/port-kennedy-wa/14865/5mnud","","","",""
"GR8 DISABILITY HOUSING","Mindarie WA 6030","House, 2 residents",98188.2,"High Physical Support","Enrolled",2,1,0,1,"rentals@gr8corp.com.au","0893583400","https://www.housinghub.org.au/property-detail/sda/gr8-disability-housing/mindarie-wa/14865/5ic6e","","","",""
"GR8 DISABILITY HOUSING","Karnup WA 6176","House, 3 residents",67074.18,"High Physical Support","Enrolled",3,0,0,1,"rentals@gr8corp.com.au","0893583400","https://www.housinghub.org.au/property-detail/sda/gr8-disability-housing/karnup-wa/14865/eyyfw","","","",""
"GR8 DISABILITY HOUSING","Eglinton WA 6034","House, 3 residents",65759,"High Physical Support","Enrolled",3,0,0,1,"rentals@gr8corp.com.au","0893583400","https://www.housinghub.org.au/property-detail/sda/gr8-disability-housing/eglinton-wa/14865/t6npz","","","",""
"GR8 DISABILITY HOUSING","Eglinton WA 6034","House, 2 residents",93737.16,"High Physical Support","Enrolled",3,0,0,1,"rentals@gr8corp.com.au","0893583400","https://www.housinghub.org.au/property-detail/sda/gr8-disability-housing/eglinton-wa/14865/xs7p6","","","",""
"GR8 DISABILITY HOUSING","Jindalee WA 6036","House, 2 residents",98188.2,"High Physical Support","Enrolled",2,1,0,1,"shine@brighterliving.com.au","1300 732 252","https://www.housinghub.org.au/property-detail/sda/brighter-living-australia/jindalee-wa/sa21p/mjtcp","","","",""
"GUARDIAN LIVING AUSTRALIA PTY LTD","Rosebud VIC 3939","Villa / Duplex / Townhouse, 2 residents",35875.4,"Fully Accessible","Enrolled",2,1,0,0,"info@guardianliving.com.au","1300452732","https://www.housinghub.org.au/property-detail/sda/guardian-living/rosebud-vic/5659/1wpqy","","","",""
"GUARDIAN LIVING AUSTRALIA PTY LTD","Nowra NSW 2541","House, 2 residents",90573.21,"Robust","Enrolled",2,1,1,1,"info@guardianliving.com.au","1300452732","https://www.housinghub.org.au/property-detail/sda/guardian-living/nowra-nsw/5659/v4aud","","","",""
"GUARDIAN LIVING AUSTRALIA PTY LTD","Winter Valley VIC 3358","House, 2 residents",78177.12,"High Physical Support","Enrolled",2,1,0,1,"info@guardianliving.com.au","1300452732","https://www.housinghub.org.au/property-detail/sda/guardian-living/winter-valley-vic/5659/jgd15","","","",""
"GUARDIAN LIVING AUSTRALIA PTY LTD","Essendon VIC 3040","Apartment, 2 bedroom, 1 resident",122977.88,"High Physical Support","Enrolled",1,1,0,1,"info@guardianliving.com.au","1300452732","https://www.housinghub.org.au/property-detail/sda/guardian-living/essendon-vic/5659/8761","","","",""
"GUARDIAN LIVING AUSTRALIA PTY LTD","Clyde North VIC 3978","House, 3 residents",59439.36,"High Physical Support","Enrolled",3,1,0,1,"info@guardianliving.com.au","1300452732","https://www.housinghub.org.au/property-detail/sda/guardian-living/clyde-north-vic/5659/7fstc","","","",""
"GUARDIAN LIVING AUSTRALIA PTY LTD","Dandenong North VIC 3175","Villa / Duplex / Townhouse, 1 residents",69541.9,"Robust","Enrolled",2,1,0,1,"info@guardianliving.com.au","1300452732","https://www.housinghub.org.au/property-detail/sda/guardian-living/dandenong-vic/5659/1kusz","","","",""
"GUARDIAN LIVING AUSTRALIA PTY LTD","Cranbourne East VIC 3977","House, 2 residents",85905,"Robust","Enrolled",1,1,1,1,"info@guardianliving.com.au","1300452732","https://www.housinghub.org.au/property-detail/sda/guardian-living/cranbourne-east-vic/5659/jq38b","","","",""
"GUARDIAN LIVING AUSTRALIA PTY LTD","Shepparton VIC 3630","Villa / Duplex / Townhouse, 1 residents",72685.36,"High Physical Support","Enrolled",2,1,0,1,"info@guardianliving.com.au","1300452732","https://www.housinghub.org.au/property-detail/sda/guardian-living/shepparton-vic/5659/41l55","","","",""
"GUARDIAN LIVING AUSTRALIA PTY LTD","Diggers Rest VIC 3427","House, 2 residents",78435,"Robust","Enrolled",2,1,1,1,"info@guardianliving.com.au","1300452732","https://www.housinghub.org.au/property-detail/sda/guardian-living/diggers-rest-vic/5659/5ymlp","","","",""
"GUARDIAN LIVING AUSTRALIA PTY LTD","Cranbourne VIC 3977","Villa / Duplex / Townhouse, 1 residents",78467.15,"High Physical Support","Enrolled",1,1,0,1,"info@guardianliving.com.au","1300452732","https://www.housinghub.org.au/property-detail/sda/guardian-living/cranbourne-vic/5659/qcnzv","","","",""
"GUARDIAN LIVING AUSTRALIA PTY LTD","Pearcedale VIC 3912","Villa / Duplex / Townhouse, 1 residents",73794.1,"Robust","Enrolled",1,1,0,1,"info@guardianliving.com.au","1300452732","https://www.housinghub.org.au/property-detail/sda/guardian-living/pearcedale-vic/5659/tq1d2","","","",""
"GUARDIAN LIVING AUSTRALIA PTY LTD","Moe VIC 3825","Villa / Duplex / Townhouse, 1 residents",65414.8,"High Physical Support","Enrolled",1,1,0,0,"info@guardianliving.com.au","1300452732","https://www.housinghub.org.au/property-detail/sda/guardian-living/moe-vic/5659/du9ia","","","",""
"GUARDIAN LIVING AUSTRALIA PTY LTD","Noble Park VIC 3174","Villa / Duplex / Townhouse, 1 residents",73794.1,"Robust","Enrolled",1,1,0,1,"info@guardianliving.com.au","1300452732","https://www.housinghub.org.au/property-detail/sda/guardian-living/noble-park-vic/5659/pmixs","","","",""
"GUARDIAN LIVING AUSTRALIA PTY LTD","Cranbourne VIC 3977","Villa / Duplex / Townhouse, 1 residents",73794.1,"Robust","Enrolled",1,1,0,1,"info@guardianliving.com.au","1300452732","https://www.housinghub.org.au/property-detail/sda/guardian-living/cranbourne-vic/5659/yyitc","","","",""
"GUARDIAN LIVING AUSTRALIA PTY LTD","Dandenong VIC 3175","Villa / Duplex / Townhouse, 1 residents",73794.1,"Robust","Enrolled",1,1,0,1,"info@guardianliving.com.au","1300452732","https://www.housinghub.org.au/property-detail/sda/guardian-living/dandenong-vic/5659/2xilx","","","",""
"GUARDIAN LIVING AUSTRALIA PTY LTD","Wendouree VIC 3355","House, 2 residents",78177.12,"High Physical Support","Enrolled",2,1,0,1,"info@guardianliving.com.au","1300452732","https://www.housinghub.org.au/property-detail/sda/guardian-living/wendouree-vic/5659/hvllb","","","",""
"GUARDIAN LIVING AUSTRALIA PTY LTD","Doveton VIC 3177","House, 3 residents",63492.88,"High Physical Support","Enrolled",3,1,0,1,"info@guardianliving.com.au","1300452732","https://www.housinghub.org.au/property-detail/sda/guardian-living/doveton-vic/5659/4ps89","","","",""
"GUARDIAN LIVING AUSTRALIA PTY LTD","Cranbourne VIC 3977","House, 3 residents",63492.88,"High Physical Support","Enrolled",3,1,0,1,"info@guardianliving.com.au","1300452732","https://www.housinghub.org.au/property-detail/sda/guardian-living/cranbourne-vic/5659/tq1rh","","","",""
"GUARDIAN LIVING AUSTRALIA PTY LTD","Cranbourne VIC 3977","House, 3 residents",63492.88,"High Physical Support","Enrolled",1,1,0,1,"carechoicehomes@carechoice.com.au","1300737942","https://www.housinghub.org.au/property-detail/sda/carechoice/cranbourne-vic/5653/m8c8z","","","",""
"GUARDIAN LIVING AUSTRALIA PTY LTD","Sebastapol VIC 3356","House, 3 residents",57971.76,"High Physical Support","Enrolled",3,1,0,1,"info@guardianliving.com.au","1300452732","https://www.housinghub.org.au/property-detail/sda/guardian-living/sebastopol-vic/5659/64vp5","","","",""
"GUARDIAN LIVING AUSTRALIA PTY LTD","Sebastopol VIC 3356","House, 3 residents",57971.76,"High Physical Support","Enrolled",3,1,0,1,"info@guardianliving.com.au","1300452732","https://www.housinghub.org.au/property-detail/sda/guardian-living/sebastopol-vic/5659/ebnrd","","","",""
"GUARDIAN LIVING AUSTRALIA PTY LTD","Belmont VIC 3216","House, 3 residents",63492.88,"High Physical Support","Enrolled",3,1,0,1,"info@guardianliving.com.au","1300452732","https://www.housinghub.org.au/property-detail/sda/guardian-living/belmont-vic/5659/czudl","","","",""
"GUARDIAN LIVING AUSTRALIA PTY LTD","Mildura VIC 3500","House, 3 residents",54270.72,"High Physical Support","Enrolled",3,1,0,1,"info@guardianliving.com.au","1300452732","https://www.housinghub.org.au/property-detail/sda/guardian-living/mildura-vic/5659/1eyc6","","","",""
"GUARDIAN LIVING AUSTRALIA PTY LTD","Malvern East VIC 3145","House, 3 residents",78675.96,"High Physical Support","Enrolled",2,1,0,1,"info@guardianliving.com.au","1300452732","https://www.housinghub.org.au/property-detail/sda/guardian-living/malvern-east-vic/5659/vx9ck","","","",""
"GUARDIAN LIVING AUSTRALIA PTY LTD","Yarram VIC 3971","House, 3 residents",53624.64,"High Physical Support","Enrolled",3,1,0,1,"info@guardianliving.com.au","1300452732","https://www.housinghub.org.au/property-detail/sda/guardian-living/yarram-vic/5659/2suj4","","","",""
"GUARDIAN LIVING AUSTRALIA PTY LTD","Mildura VIC 3500","House, 3 residents",54270.72,"High Physical Support","Enrolled",3,1,0,1,"info@guardianliving.com.au","1300452732","https://www.housinghub.org.au/property-detail/sda/guardian-living/mildura-vic/5659/ey6bn","","","",""
"GUARDIAN LIVING AUSTRALIA PTY LTD","Merbein VIC 3505","House, 3 residents",54270.72,"High Physical Support","Enrolled",3,1,0,1,"info@guardianliving.com.au","1300452732","https://www.housinghub.org.au/property-detail/sda/guardian-living/merbein-vic/5659/q1u8z","","","",""
"Ganesh Properties Pty Ltd","Ballajura WA 6066","House, 3 residents",50625.48,"Improved Liveability","Enrolled",2,0,0,1,"enquiries.sil@adelphiliving.com.au","0863316888","https://www.housinghub.org.au/property-detail/sda/adelphi-living/ballajura-wa/5719/i9a2b","","","",""
"Gateway Properties","Killarney Heights NSW 2087","Group home, 5 residents",8150.48,"Basic","Enrolled",1,0,0,0,"enquiries@sunnyfield.org.au","1300588688","https://www.housinghub.org.au/property-detail/sda/sunnyfield/killarney-heights-nsw/5727/wm87u","","","",""
"Gateway Properties","Mona Vale NSW 2103","Group home, 5 residents",48455.89,"Improved Liveability","Enrolled",1,1,0,1,"enquiries@sunnyfield.org.au","1300588688","https://www.housinghub.org.au/property-detail/sda/sunnyfield/mona-vale-nsw/5727/4751","","","",""
"Gateway Properties","Wadalba NSW 2259","Group home, 5 residents",6046.92,"Basic","Enrolled",1,1,0,0,"enquiries@sunnyfield.org.au","1300588688","https://www.housinghub.org.au/property-detail/sda/sunnyfield/wadalba-nsw/5727/4g5am","","","",""
"Gellibrand Support Services","Williamstown VIC 3016","Legacy Stock, 6+ residents",18068.96,"High Physical Support","Enrolled",1,1,0,1,"services@gellibrand.org.au","0393005491","https://www.housinghub.org.au/property-detail/sda/gellibrand-support-services/williamstown-vic/5798/69evg","","","",""
"Gellibrand Support Services","Melton South VIC 3338","House, 2 residents",81081.33,"Robust","Enrolled",2,0,0,1,"services@gellibrand.org.au","0393005491","https://www.housinghub.org.au/property-detail/sda/gellibrand-support-services/melton-south-vic/5798/czr37","","","",""
"Genesis Health Services Pty Ltd","Narre Warren South VIC 3805","House, 2 residents",8198.32,"Basic","Enrolled",1,0,0,0,"info@genesishealthservices.com.au","0422251596","https://www.housinghub.org.au/property-detail/sda/genesis-health-services/narre-warren-south-vic/5721/861","","","",""
"HARBORSTEAD PROPERTIES PTY LTD","Kallangur QLD 4503","House, 2 residents",82830.52,"High Physical Support","Enrolled",2,1,0,1,"admin@vitalicare.com.au","1300983903","https://www.housinghub.org.au/property-detail/sda/vitali-care/kallangur-qld/625tt/7lqdf","","","",""
"HEARTVALE LIVING","Officer VIC 3809","House, 3 residents",60498.28,"High Physical Support","Enrolled",1,0,0,1,"Support@connectedlivingsolutions.com.au","039863 6823","https://www.housinghub.org.au/property-detail/sda/connected-living-solutions/officer-vic/18741/z724w","","","",""
"HUME COMMUNITY HOUSING ASSOCIATION CO LT","North Gosford NSW 2250","Villa / Duplex / Townhouse, 1 residents",13320.89,"Basic","Enrolled",1,1,0,0,"hpwdallocations@humehousing.com.au","1800004300","https://www.housinghub.org.au/property-detail/sda/hume-community-housing/north-gosford-nsw/12249/b9ia6","","","",""
"HUME COMMUNITY HOUSING ASSOCIATION CO LT","Norah Head NSW 2263","Group home, 5 residents",6046.92,"Basic","Enrolled",1,1,0,0,"hpwdallocations@humehousing.com.au","1800004300","https://www.housinghub.org.au/property-detail/sda/hume-community-housing/norah-head-nsw/12249/5663","","","",""
"HUME COMMUNITY HOUSING ASSOCIATION CO LT","Warnervale NSW 2259","Group home, 5 residents",6046.92,"Basic","Enrolled",2,1,0,0,"hpwdallocations@humehousing.com.au","1800004300","https://www.housinghub.org.au/property-detail/sda/hume-community-housing/warnervale-nsw/12249/5657","","","",""
"HUME COMMUNITY HOUSING ASSOCIATION CO LT","Lavington NSW 2641","Group home, 4 residents",7071.72,"Basic","Enrolled",2,1,0,0,"hpwdallocations@humehousing.com.au","1800004300","https://www.housinghub.org.au/property-detail/sda/hume-community-housing/lavington-nsw/12249/3069","","","",""
"HUME COMMUNITY HOUSING ASSOCIATION CO LT","Thurgoona NSW 2640","Legacy Stock, 6+ residents",4250.61,"Basic","Enrolled",1,1,0,0,"hpwdallocations@humehousing.com.au","1800004300","https://www.housinghub.org.au/property-detail/sda/hume-community-housing/thurgoona-nsw/12249/y961q","","","",""
"HUME COMMUNITY HOUSING ASSOCIATION CO LT","Griffith NSW 2680","Group home, 5 residents",5619.36,"Basic","Enrolled",1,1,0,0,"hpwdallocations@humehousing.com.au","1800004300","https://www.housinghub.org.au/property-detail/sda/hume-community-housing/griffith-nsw/12249/2188","","","",""
"HUME COMMUNITY HOUSING ASSOCIATION CO LT","Lavington NSW 2641","Group home, 5 residents",5558.28,"Basic","Enrolled",2,1,0,0,"hpwdallocations@humehousing.com.au","1800004300","https://www.housinghub.org.au/property-detail/sda/hume-community-housing/lavington-nsw/12249/5747","","","",""
"HUME COMMUNITY HOUSING ASSOCIATION CO LT","St Clair NSW 2330","Group home, 4 residents",7527.96,"Basic","Enrolled",2,1,0,0,"hpwdallocations@humehousing.com.au","1800004300","https://www.housinghub.org.au/property-detail/sda/hume-community-housing/saint-clair-nsw/12249/8aebl","","","",""
"HUME COMMUNITY HOUSING ASSOCIATION CO LT","St Marys NSW 2760","Villa / Duplex / Townhouse, 2 residents",6905.25,"Basic","Enrolled",1,1,0,0,"hpwdallocations@humehousing.com.au","1800004300","https://www.housinghub.org.au/property-detail/sda/hume-community-housing/st-marys-nsw/12249/2356","","","",""
"HUME COMMUNITY HOUSING ASSOCIATION CO LT","St Marys NSW 2760","Group home, 5 residents",6046.92,"Basic","Enrolled",1,1,0,0,"hpwdallocations@humehousing.com.au","1800004300","https://www.housinghub.org.au/property-detail/sda/hume-community-housing/st-marys-nsw/12249/2357","","","",""
"HUME COMMUNITY HOUSING ASSOCIATION CO LT","Emu Plains NSW 2750","Group home, 5 residents",6046.92,"Basic","Enrolled",1,1,0,0,"hpwdallocations@humehousing.com.au","1800004300","https://www.housinghub.org.au/property-detail/sda/hume-community-housing/emu-plains-nsw/12249/4943","","","",""
"HUME COMMUNITY HOUSING ASSOCIATION CO LT","Mortdale NSW 2223","Group home, 5 residents",7879.32,"Basic","Enrolled",2,1,0,0,"hpwdallocations@humehousing.com.au","1800004300","https://www.housinghub.org.au/property-detail/sda/hume-community-housing/mortdale-nsw/12249/cq3uh","","","",""
"HUME COMMUNITY HOUSING ASSOCIATION CO LT","Bass Hill NSW 2197","Group home, 4 residents",9505,"Basic","Enrolled",2,1,0,0,"hpwdallocations@humehousing.com.au","1800004300","https://www.housinghub.org.au/property-detail/sda/hume-community-housing/bass-hill-nsw/12249/rduy3","","","",""
"HUME COMMUNITY HOUSING ASSOCIATION CO LT","Condell Park NSW 2200","Group home, 4 residents",9505,"Basic","Enrolled",2,1,0,0,"hpwdallocations@humehousing.com.au","1800004300","https://www.housinghub.org.au/property-detail/sda/hume-community-housing/condell-park-nsw/12249/2yaaa","","","",""
"HUME COMMUNITY HOUSING ASSOCIATION CO LT","Grasmere NSW 2570","Group home, 5 residents",6046.92,"Basic","Enrolled",1,1,0,0,"hpwdallocations@humehousing.com.au","1800004300","https://www.housinghub.org.au/property-detail/sda/hume-community-housing/grasmere-nsw/12249/27my5","","","",""
"HUME COMMUNITY HOUSING ASSOCIATION CO LT","Minto NSW 2566","Group home, 4 residents",7604,"Basic","Enrolled",2,1,0,0,"hpwdallocations@humehousing.com.au","1800004300","https://www.housinghub.org.au/property-detail/sda/hume-community-housing/minto-nsw/12249/2199","","","",""
"HUME COMMUNITY HOUSING ASSOCIATION CO LT","Casula NSW 2170","Group home, 5 residents",6413.4,"Basic","Enrolled",1,1,0,0,"hpwdallocations@humehousing.com.au","1800004300","https://www.housinghub.org.au/property-detail/sda/hume-community-housing/casula-nsw/12249/1975","","","",""
"HUME COMMUNITY HOUSING ASSOCIATION CO LT","Condell Park NSW 2200","Group home, 5 residents",7879.32,"Basic","Enrolled",2,1,0,0,"hpwdallocations@humehousing.com.au","1800004300","https://www.housinghub.org.au/property-detail/sda/hume-community-housing/condell-park-nsw/12249/3534","","","",""
"HUME COMMUNITY HOUSING ASSOCIATION CO LT","Liverpool NSW 2170","Group home, 5 residents",6413.4,"Basic","Enrolled",1,1,0,0,"hpwdallocations@humehousing.com.au","1800004300","https://www.housinghub.org.au/property-detail/sda/hume-community-housing/liverpool-nsw/12249/i2l8k","","","",""
"HUME COMMUNITY HOUSING ASSOCIATION CO LT","Liverpool NSW 2170","Group home, 5 residents",6413.4,"Basic","Enrolled",1,1,0,0,"hpwdallocations@humehousing.com.au","1800004300","https://www.housinghub.org.au/property-detail/sda/hume-community-housing/liverpool-nsw/12249/2077","","","",""
"HUME COMMUNITY HOUSING ASSOCIATION CO LT","Mount Druitt NSW 2770","Group home, 5 residents",6291.24,"Basic","Enrolled",1,1,0,0,"hpwdallocations@humehousing.com.au","1800004300","https://www.housinghub.org.au/property-detail/sda/hume-community-housing/mount-druitt-nsw/12249/1825","","","",""
"HUME COMMUNITY HOUSING ASSOCIATION CO LT","Blacktown NSW 2148","Group home, 5 residents",6291.24,"Basic","Enrolled",1,1,0,0,"hpwdallocations@humehousing.com.au","1800004300","https://www.housinghub.org.au/property-detail/sda/hume-community-housing/blacktown-nsw/12249/6156","","","",""
"HUME COMMUNITY HOUSING ASSOCIATION CO LT","Girraween NSW 2145","Apartment, 2 bedroom, 2 resident",11133.23,"Basic","Enrolled",1,1,0,0,"hpwdallocations@humehousing.com.au","1800004300","https://www.housinghub.org.au/property-detail/sda/hume-community-housing/girraween-nsw/12249/zbdjw","","","",""
"HUME COMMUNITY HOUSING ASSOCIATION CO LT","Guildford NSW 2161","Group home, 4 residents",8668.56,"Basic","Enrolled",3,1,0,0,"hpwdallocations@humehousing.com.au","1800004300","https://www.housinghub.org.au/property-detail/sda/hume-community-housing/guildford-west-nsw/12249/wl5zb","","","",""
"HUME COMMUNITY HOUSING ASSOCIATION CO LT","The Ponds NSW 2769","Group home, 5 residents",6291.24,"Basic","Enrolled",1,1,0,0,"hpwdallocations@humehousing.com.au","1800004300","https://www.housinghub.org.au/property-detail/sda/hume-community-housing/the-ponds-nsw/12249/bt3lw","","","",""
"HUME COMMUNITY HOUSING ASSOCIATION CO LT","Pendle Hill NSW 2145","Group home, 5 residents",7085.28,"Basic","Enrolled",1,1,0,0,"hpwdallocations@humehousing.com.au","1800004300","https://www.housinghub.org.au/property-detail/sda/hume-community-housing/pendle-hill-nsw/12249/2058","","","",""
"HUME COMMUNITY HOUSING ASSOCIATION CO LT","Blacktown NSW 2148","Group home, 5 residents",6291.24,"Basic","Enrolled",1,1,0,0,"hpwdallocations@humehousing.com.au","1800004300","https://www.housinghub.org.au/property-detail/sda/hume-community-housing/blacktown-nsw/12249/n8t7u","","","",""
"HUME COMMUNITY HOUSING ASSOCIATION CO LT","Rooty Hill NSW 2766","Group home, 5 residents",6291.24,"Basic","Enrolled",1,1,0,0,"hpwdallocations@humehousing.com.au","1800004300","https://www.housinghub.org.au/property-detail/sda/hume-community-housing/rooty-hill-nsw/12249/2177","","","",""
"HUME COMMUNITY HOUSING ASSOCIATION CO LT","The Ponds NSW 2769","Group home, 5 residents",6291.24,"Basic","Enrolled",1,1,0,0,"hpwdallocations@humehousing.com.au","1800004300","https://www.housinghub.org.au/property-detail/sda/hume-community-housing/the-ponds-nsw/12249/lz1jd","","","",""
"HUME COMMUNITY HOUSING ASSOCIATION CO LT","The Ponds NSW 2769","Group home, 5 residents",6291.24,"Basic","Enrolled",1,1,0,0,"hpwdallocations@humehousing.com.au","1800004300","https://www.housinghub.org.au/property-detail/sda/hume-community-housing/the-ponds-nsw/12249/5118","","","",""
"HUME COMMUNITY HOUSING ASSOCIATION CO LT","Toongabbie NSW 2146","Group home, 5 residents",7085.28,"Basic","Enrolled",1,1,0,0,"hpwdallocations@humehousing.com.au","1800004300","https://www.housinghub.org.au/property-detail/sda/hume-community-housing/toongabbie-nsw/12249/1836","","","",""
"HUME COMMUNITY HOUSING ASSOCIATION CO LT","West Pennant Hills NSW 2125","Group home, 4 residents",8516.48,"Basic","Enrolled",1,1,0,0,"hpwdallocations@humehousing.com.au","1800004300","https://www.housinghub.org.au/property-detail/sda/hume-community-housing/west-pennant-hills-nsw/12249/2498","","","",""
"HUME COMMUNITY HOUSING ASSOCIATION CO LT","Kellyville NSW 2155","Group home, 4 residents",8516.48,"Basic","Enrolled",1,1,0,0,"hpwdallocations@humehousing.com.au","1800004300","https://www.housinghub.org.au/property-detail/sda/hume-community-housing/kellyville-nsw/12249/z1i34","","","",""
"HUME COMMUNITY HOUSING ASSOCIATION CO LT","Greystanes NSW 2145","Group home, 5 residents",6951.88,"Basic","Enrolled",1,0,0,0,"hpwdallocations@humehousing.com.au","1800004300","https://www.housinghub.org.au/property-detail/sda/hume-community-housing/greystanes-nsw/12249/bhgty","","","",""
"HUME COMMUNITY HOUSING ASSOCIATION CO LT","Kellyville NSW 2155","Group home, 5 residents",36393,"Improved Liveability","Enrolled",1,1,0,0,"hpwdallocations@humehousing.com.au","1800004300","https://www.housinghub.org.au/property-detail/sda/hume-community-housing/kellyville-nsw/12249/tbv1p","","","",""
"HUME COMMUNITY HOUSING ASSOCIATION CO LT","Lavington NSW 2641","Group home, 5 residents",5558.28,"Basic","Enrolled",1,1,0,0,"info@goodhousing.com.au","0280771110","https://www.housinghub.org.au/property-detail/sda/good-housing/lavington-nsw/5666/6132","","","",""
"HUME COMMUNITY HOUSING ASSOCIATION CO LT","Liverpool NSW 2170","Villa / Duplex / Townhouse, 1 residents",77836,"High Physical Support","Enrolled",1,1,0,1,"hpwdallocations@humehousing.com.au","1800004300","https://www.housinghub.org.au/property-detail/sda/hume-community-housing/liverpool-nsw/12249/ytspy","","","",""
"HUME SUPPORT SERVICES OUTREACH PTY LTD","Beveridge VIC 3753","House, 2 residents",75230.1,"Robust","Enrolled",2,0,0,1,"info@humesupportservices.com.au","61401 499 843","https://www.housinghub.org.au/property-detail/sda/hume-support-services-outreach-pty-ltd/beveridge-vic/13803/clalv","","","",""
"HUME SUPPORT SERVICES OUTREACH PTY LTD","Beveridge VIC 3753","House, 3 residents",46084.5,"Improved Liveability","Enrolled",2,0,0,1,"info@humesupportservices.com.au","61401 499 843","https://www.housinghub.org.au/property-detail/sda/hume-support-services-outreach-pty-ltd/beveridge-vic/13803/nlkgg","","","",""
"Hash Home Care","Mt Druitt NSW 2770","House, 3 residents",62769.78,"High Physical Support","Enrolled",2,0,0,1,"info@lifetimecomfort.com.au","","https://www.housinghub.org.au/property-detail/sda/life-time-comfort-care-pty-ltd/mt-druitt-nsw/t8r99/9fbnl","","","",""
"Hash Home Care","Mount Druitt NSW 2770","House, 3 residents",62769.78,"High Physical Support","Enrolled",2,0,0,1,"info@lifetimecomfort.com.au","","https://www.housinghub.org.au/property-detail/sda/life-time-comfort-care-pty-ltd/mt-druitt-nsw/t8r99/znysh","","","",""
"Haven; Home, Safe","California Gully VIC 3556","Villa / Duplex / Townhouse, 2 residents",21449.52,"High Physical Support","Enrolled",1,1,0,0,"activesda@hhs.org.au","1300 428 364","https://www.housinghub.org.au/property-detail/sda/haven;-home-safe/california-gully-vic/11629/23ebu","","","",""
"Haven; Home, Safe","Frankston VIC 3199","Apartment, 1 bedroom, 1 resident",104634.6,"High Physical Support","Enrolled",1,1,0,1,"activesda@hhs.org.au","1300 428 364","https://www.housinghub.org.au/property-detail/sda/haven;-home-safe/frankston-vic/11629/aaeli","","","",""
"Haven; Home, Safe","Frankston VIC 3199","Apartment, 2 bedroom, 2 resident",47891.81,"High Physical Support","Enrolled",2,1,0,1,"activesda@hhs.org.au","1300 428 364","https://www.housinghub.org.au/property-detail/sda/haven;-home-safe/frankston-vic/11629/qc9aq","","","",""
"Home in Place","Bellmere QLD 4510","House, 2 residents",79273.19,"Robust","Enrolled",1,0,1,1,"sdavacancy@homeinplace.org","1300 333 733","https://www.housinghub.org.au/property-detail/sda/home-in-place/bellmere-qld/5730/3961","","","",""
"Home in Place","Landsborough QLD 4550","Villa / Duplex / Townhouse, 1 residents",60940.8,"Robust","Enrolled",1,0,0,1,"sdavacancy@homeinplace.org","1300 333 733","https://www.housinghub.org.au/property-detail/sda/home-in-place/landsborough-qld/5730/qc77m","","","",""
"Home in Place","Marsden QLD 4132","Villa / Duplex / Townhouse, 3 residents",36417.48,"High Physical Support","Enrolled",1,1,0,1,"info@livabilitycare.com.au","1300522786","https://www.housinghub.org.au/property-detail/sda/livabilitycare/marsden-qld/13808/sb3is","","","",""
"Home in Place","Cessnock NSW 2325","House, 3 residents",54769.71,"High Physical Support","Enrolled",2,0,0,1,"sdavacancy@homeinplace.org","1300 333 733","https://www.housinghub.org.au/property-detail/sda/home-in-place/cessnock-nsw/5730/6588","","","",""
"Home in Place","Flinders View QLD 4305","House, 2 residents",70214.76,"Robust","Enrolled",2,0,0,1,"sdavacancy@homeinplace.org","1300 333 733","https://www.housinghub.org.au/property-detail/sda/home-in-place/flinders-view-qld/5730/6115","","","",""
"Home in Place","Alfredton VIC 3350","House, 2 residents",74609.64,"High Physical Support","Enrolled",1,0,0,1,"sdavacancy@homeinplace.org","1300 333 733","https://www.housinghub.org.au/property-detail/sda/home-in-place/delacombe-vic/5730/wn91s","","","",""
"Home in Place","Alfredton VIC 3350","House, 2 residents",74609.64,"High Physical Support","Enrolled",2,0,0,1,"sdavacancy@homeinplace.org","1300 333 733","https://www.housinghub.org.au/property-detail/sda/home-in-place/delacombe-vic/5730/qe6w6","","","",""
"Home in Place","Winter Valley VIC 3358","House, 2 residents",79647.12,"High Physical Support","Enrolled",2,1,0,1,"sdavacancy@homeinplace.org","1300 333 733","https://www.housinghub.org.au/property-detail/sda/home-in-place/delacombe-vic/5730/dulpd","","","",""
"Home in Place","North Albury NSW 2640","House, 2 residents",75628.75,"High Physical Support","Enrolled",2,1,0,1,"sarah.thompson@experiencesocialgrowth.com","","https://www.housinghub.org.au/property-detail/sda/esg-inclusive-homes/north-albury-nsw/stkkt/ihrlr","","","",""
"Home4Life","Blacksmith NSW 2281","Group home, 5 residents",43714.44,"High Physical Support","Enrolled",1,1,0,1,"sdavacancy@homeinplace.org","1300 333 733","https://www.housinghub.org.au/property-detail/sda/home-in-place/blacksmiths-nsw/5730/ty967","","","",""
"Home4Life","Bolwarra Heights NSW 2320","Group home, 5 residents",38857.28,"High Physical Support","Enrolled",2,1,0,1,"sdavacancy@homeinplace.org","1300 333 733","https://www.housinghub.org.au/property-detail/sda/home-in-place/bolwarra-heights-nsw/5730/2hxrq","","","",""
"Home4Life","Kotara NSW 2289","Group home, 5 residents",43714.44,"High Physical Support","Enrolled",1,1,0,1,"sdavacancy@homeinplace.org","1300 333 733","https://www.housinghub.org.au/property-detail/sda/home-in-place/kotara-nsw/5730/1rks1","","","",""
"Home4Life","Lake Albert NSW 2650","Group home, 5 residents",38415.72,"High Physical Support","Enrolled",5,1,0,1,"sdavacancy@homeinplace.org","1300 333 733","https://www.housinghub.org.au/property-detail/sda/home-in-place/lake-albert-nsw/5730/1037","","","",""
"Home4Life","Morisset NSW 2264","House, 3 residents",63961.92,"High Physical Support","Enrolled",3,1,0,1,"sdavacancy@homeinplace.org","1300 333 733","https://www.housinghub.org.au/property-detail/sda/home-in-place/morisset-nsw/5730/yhv4v","","","",""
"Home4Life","North Lambton NSW 2299","Group home, 5 residents",43714.44,"High Physical Support","Enrolled",1,1,0,1,"sdavacancy@homeinplace.org","1300 333 733","https://www.housinghub.org.au/property-detail/sda/home-in-place/north-lambton-nsw/5730/mwrd2","","","",""
"Home4Life","Stockton NSW 2295","Villa / Duplex / Townhouse, 1 residents",77836,"High Physical Support","Enrolled",5,1,0,1,"accommodation@abilityoptions.org.au","1300422454","https://www.housinghub.org.au/property-detail/sda/ability-options/stockton-nsw/el84u/kwjla","","","",""
"Home4Life","Stockton NSW 2295","Group home, 5 residents",43714.44,"High Physical Support","Enrolled",1,1,0,1,"sdavacancy@homeinplace.org","1300 333 733","https://www.housinghub.org.au/property-detail/sda/home-in-place/stockton-nsw/5730/fvfjk","","","",""
"Home4Life","Peakhurst NSW 2210","Villa / Duplex / Townhouse, 2 residents",47276.9,"High Physical Support","Enrolled",1,1,0,0,"sdavacancy@homeinplace.org","1300 333 733","https://www.housinghub.org.au/property-detail/sda/home-in-place/peakhurst-nsw/5730/ctfbu","","","",""
"Home4Life","Gymea NSW 2227","House, 3 residents",73653.12,"High Physical Support","Enrolled",2,1,0,1,"sdavacancy@homeinplace.org","1300 333 733","https://www.housinghub.org.au/property-detail/sda/home-in-place/gymea-nsw/5730/pt7cs","","","",""
"Home4Life","Belmont NSW 2280","Group home, 5 residents",43714.44,"High Physical Support","Enrolled",1,1,0,1,"sdavacancy@homeinplace.org","1300 333 733","https://www.housinghub.org.au/property-detail/sda/home-in-place/belmont-nsw/5730/1046","","","",""
"Home4Life","Bonnells Bay NSW 2264","House, 3 residents",63961.92,"High Physical Support","Enrolled",2,1,0,1,"contact@scopeaust.org.au","0490296363","https://www.housinghub.org.au/property-detail/sda/scope/bonnells-bay-nsw/12010/hb5fg","","","",""
"Home4Life","Bonnells Bay NSW 2264","House, 3 residents",63961.92,"High Physical Support","Enrolled",1,1,0,1,"sdavacancy@homeinplace.org","1300 333 733","https://www.housinghub.org.au/property-detail/sda/home-in-place/bonnells-bay-nsw/5730/l6aqe","","","",""
"Home4Life","East Maitland NSW 2323","Group home, 5 residents",38857.28,"High Physical Support","Enrolled",1,1,0,1,"sdavacancy@homeinplace.org","1300 333 733","https://www.housinghub.org.au/property-detail/sda/home-in-place/east-maitland-nsw/5730/aygrb","","","",""
"Home4Life","Wallsend NSW 2287","Group home, 4 residents",52474.95,"High Physical Support","Enrolled",1,1,0,1,"sdavacancy@homeinplace.org","1300 333 733","https://www.housinghub.org.au/property-detail/sda/home-in-place/wallsend-nsw/5730/wpubq","","","",""
"Home4Life","Wallsend NSW 2287","Villa / Duplex / Townhouse, 1 residents",77836,"High Physical Support","Enrolled",1,1,0,1,"sdavacancy@homeinplace.org","1300 333 733","https://www.housinghub.org.au/property-detail/sda/home-in-place/wallsend-nsw/5730/2424","","","",""
"Home4Life","Wallsend NSW 2287","Villa / Duplex / Townhouse, 2 residents",46825,"High Physical Support","Enrolled",1,1,0,1,"ask@cerebralpalsy.org.au","1300 888 378","https://www.housinghub.org.au/property-detail/sda/cerebral-palsy-alliance/wallsend-nsw/11706/r7py8","","","",""
"Home4Life","Bilambil Heights NSW 2486","Group home, 5 residents",42831.32,"High Physical Support","Enrolled",1,1,0,1,"sdavacancy@homeinplace.org","1300 333 733","https://www.housinghub.org.au/property-detail/sda/home-in-place/bilambil-heights-nsw/5730/rbcj9","","","",""
"Home4Life","Anna Bay NSW 2316","Group home, 4 residents",46644.4,"High Physical Support","Enrolled",1,1,0,1,"sdavacancy@homeinplace.org","1300 333 733","https://www.housinghub.org.au/property-detail/sda/home-in-place/anna-bay-nsw/5730/zab52","","","",""
"Home4Life","Corlette NSW 2315","Group home, 5 residents",38857.28,"High Physical Support","Enrolled",1,1,0,1,"mohamadghamraoui@newhorizons.org.au","1300 726 372","https://www.housinghub.org.au/property-detail/sda/new-horizons-enterprises/corlette-nsw/18784/7454","","","",""
"Home4Life","Fern Bay NSW 2295","House, 3 residents",63961.92,"High Physical Support","Enrolled",2,1,0,1,"mohamadghamraoui@newhorizons.org.au","1300 726 372","https://www.housinghub.org.au/property-detail/sda/new-horizons-enterprises/port-stephens-nsw/18784/sqjz4","","","",""
"Home4Life","Raymon Terrace NSW 2324","House, 3 residents",57501.12,"High Physical Support","Enrolled",1,1,0,1,"mohamadghamraoui@newhorizons.org.au","1300 726 372","https://www.housinghub.org.au/property-detail/sda/new-horizons-enterprises/raymond-terrace-nsw/18784/n9xw2","","","",""
"Home4Life","Condell Park NSW 2200","House, 3 residents",73007.04,"High Physical Support","Enrolled",1,1,0,1,"sdavacancy@homeinplace.org","1300 333 733","https://www.housinghub.org.au/property-detail/sda/home-in-place/condell-park-nsw/5730/brcc9","","","",""
"Home4Life","Ballina NSW 2478","Group home, 5 residents",42831.32,"High Physical Support","Enrolled",1,1,0,1,"sdavacancy@homeinplace.org","1300 333 733","https://www.housinghub.org.au/property-detail/sda/home-in-place/ballina-nsw/5730/1074","","","",""
"Home4Life","Shellharbour NSW 2529","Group home, 5 residents",46363.8,"High Physical Support","Enrolled",1,1,0,1,"sdavacancy@homeinplace.org","1300 333 733","https://www.housinghub.org.au/property-detail/sda/home-in-place/shellharbour-nsw/5730/h481u","","","",""
"Homes of Comfort","Logan Village QLD 4207","House, 2 residents",78970.95,"High Physical Support","Enrolled",2,0,0,1,"jalil2712@gmail.com","","https://www.housinghub.org.au/property-detail/sda/homes-of-comfort/logan-village-qld/xl3wt/ayinm","","","",""
"Housing Choices Australia Limited","Beechworth VIC 3747","Villa / Duplex / Townhouse, 2 residents",6417,"Basic","Enrolled",1,1,0,0,"sdainfo@hcau.org.au","1300 312 447","https://www.housinghub.org.au/property-detail/sda/housing-choices-australia/beechworth-vic/5711/7360","","","",""
"Housing Choices Australia Limited","Ballarat Central VIC 3350","Apartment, 2 bedroom, 1 resident",107594.34,"High Physical Support","Enrolled",2,1,0,1,"sdainfo@hcau.org.au","1300 312 447","https://www.housinghub.org.au/property-detail/sda/housing-choices-australia/ballarat-vic/5711/m5lmp","","","",""
"Housing Choices NSW","Menai NSW 2234","Group home, 5 residents",7696.08,"Basic","Enrolled",1,1,0,0,"sdainfo@hcau.org.au","1300 312 447","https://www.housinghub.org.au/property-detail/sda/housing-choices-australia/menai-nsw/5711/5tg2t","","","",""
"Housing Choices NSW","Oatley NSW 2223","Group home, 5 residents",41533.62,"Improved Liveability","Enrolled",1,1,0,1,"sdainfo@hcau.org.au","1300 312 447","https://www.housinghub.org.au/property-detail/sda/housing-choices-australia/oatley-nsw/5711/6in4c","","","",""
"Housing Choices NSW","Shoal Bay NSW 2315","Group home, 5 residents",5802.6,"Basic","Enrolled",1,1,0,0,"sdainfo@hcau.org.au","1300 312 447","https://www.housinghub.org.au/property-detail/sda/housing-choices-australia/shoal-bay-nsw/5711/2413","","","",""
"Housing Choices NSW","Kogarah Bay NSW 2217","Group home, 4 residents",9505,"Basic","Enrolled",1,1,0,0,"sdainfo@hcau.org.au","1300 312 447","https://www.housinghub.org.au/property-detail/sda/housing-choices-australia/kogarah-bay-nsw/5711/1898","","","",""
"Housing Choices NSW","Mascot NSW 2020","Group home, 5 residents",15453.24,"Basic","Enrolled",2,1,0,0,"ndiscontact@hcau.org.au","0386369400","www.housingchoices.org.au","","","",""
"Housing Choices NSW","Matraville NSW 2036","Group home, 5 residents",13865.16,"Basic","Enrolled",2,1,0,0,"sdainfo@hcau.org.au","1300 312 447","https://www.housinghub.org.au/property-detail/sda/housing-choices-australia/matraville-nsw/5711/3274","","","",""
"Housing Choices NSW","Miranda NSW 2228","Group home, 5 residents",7696.08,"Basic","Enrolled",2,1,0,0,"sdainfo@hcau.org.au","1300 312 447","https://www.housinghub.org.au/property-detail/sda/housing-choices-australia/miranda-nsw/5711/3073","","","",""
"Housing Choices NSW","Caringbah NSW 2229","Group home, 5 residents",7696.08,"Basic","Enrolled",2,1,0,0,"sdainfo@hcau.org.au","1300 312 447","https://www.housinghub.org.au/property-detail/sda/housing-choices-australia/caringbah-nsw/5711/2280","","","",""
"Housing Choices NSW","Bexley NSW 2207","Group home, 5 residents",7879.32,"Basic","Enrolled",1,1,0,0,"sdainfo@hcau.org.au","1300 312 447","https://www.housinghub.org.au/property-detail/sda/housing-choices-australia/bexley-nsw/5711/75x45","","","",""
"Housing Choices NSW","Chifley NSW 2036","Group home, 5 residents",13865.16,"Basic","Enrolled",1,1,0,0,"sdainfo@hcau.org.au","1300 312 447","https://www.housinghub.org.au/property-detail/sda/housing-choices-australia/chifley-nsw/5711/wjqe4","","","",""
"Housing Choices NSW","Hurstville NSW 2220","Group home, 4 residents",9505,"Basic","Enrolled",1,1,0,0,"sdainfo@hcau.org.au","1300 312 447","https://www.housinghub.org.au/property-detail/sda/housing-choices-australia/hurstville-nsw/5711/pszd5","","","",""
"Housing Choices NSW","Kirrawee NSW 2232","Group home, 5 residents",7696.08,"Basic","Enrolled",1,1,0,0,"sdainfo@hcau.org.au","1300 312 447","https://www.housinghub.org.au/property-detail/sda/housing-choices-australia/kirrawee-nsw/5711/99d97","","","",""
"Housing Choices NSW","Rosebery NSW 2018","Group home, 5 residents",15453.24,"Basic","Enrolled",1,1,0,0,"sdainfo@hcau.org.au","1300 312 447","https://www.housinghub.org.au/property-detail/sda/housing-choices-australia/rosebery-nsw/5711/lrhrn","","","",""
"Housing Choices NSW","Bondi Junction NSW 2022","Group home, 4 residents",15892.36,"Basic","Enrolled",1,1,0,0,"sdainfo@hcau.org.au","1300 312 447","https://www.housinghub.org.au/property-detail/sda/housing-choices-australia/bondi-junction-nsw/5711/mshgq","","","",""
"Housing Choices South Australia Limited","Bowden SA 5007","Apartment, 1 bedroom, 1 resident",116379.3,"High Physical Support","Enrolled",1,1,0,1,"sdainfo@hcau.org.au","1300 312 447","https://www.housinghub.org.au/property-detail/sda/housing-choices-australia/bowden-sa/5711/7zvxh","","","",""
"Housing Choices Tasmania Limited","East Devonport TAS 7310","Villa / Duplex / Townhouse, 2 residents",42882.84,"High Physical Support","Enrolled",1,0,0,1,"sdainfo@hcau.org.au","1300 312 447","https://www.housinghub.org.au/property-detail/sda/housing-choices-australia/east-devonport-tas/5711/8243w","","","",""
"Housing Plus","Dubbo NSW 2830","Villa / Duplex / Townhouse, 2 residents",14060.21,"Fully Accessible","Enrolled",1,0,0,1,"engagement@veraliving.com.au","0432839032","https://www.housinghub.org.au/property-detail/sda/vera-living/dubbo-nsw/12449/te2h2","","","",""
"ILV MURRI STREET LTD","Blackheath NSW 2785","Apartment, 2 bedroom, 2 resident",46225.92,"Fully Accessible","Enrolled",1,0,0,1,"info@ilv.org.au","1300 951 587","https://www.housinghub.org.au/property-detail/sda/independent-living-villages/blackheath-nsw/5677/zmu9f","","","",""
"INDEPENDENT LIVING VILLAGES LTD","Jordan Springs NSW 2747","Apartment, 2 bedroom, 2 resident",46225.92,"Fully Accessible","Enrolled",1,0,0,1,"info@ilv.org.au","1300 951 587","https://www.housinghub.org.au/property-detail/sda/independent-living-villages/jordan-springs-nsw/5677/c1jd6","","","",""
"INDEPENDENT LIVING VILLAGES LTD","Jordan Springs NSW 2747","Apartment, 2 bedroom, 2 resident",45294.08,"Improved Liveability","Enrolled",1,0,0,1,"info@ilv.org.au","1300 951 587","https://www.housinghub.org.au/property-detail/sda/independent-living-villages/jordan-springs-nsw/5677/8096","","","",""
"INDEPENDENT LIVING VILLAGES LTD","Miranda NSW 2228","Group home, 5 residents",0,"Multi Design Category","Enrolled",1,0,0,1,"info@ilv.org.au","1300 951 587","https://www.housinghub.org.au/property-detail/sda/independent-living-villages/miranda-nsw/5677/8737","","","",""
"INDEPENDENT LIVING VILLAGES LTD","West Pennant Hills NSW 2125","Apartment, 1 bedroom, 1 resident",108905.4,"High Physical Support","Enrolled",1,1,0,1,"info@ilv.org.au","1300 951 587","https://www.housinghub.org.au/property-detail/sda/independent-living-villages/west-pennant-hills-nsw/5677/6varf","","","",""
"INDEPENDENT LIVING VILLAGES LTD","St Marys NSW 2760","Villa / Duplex / Townhouse, 1 residents",67131.76,"High Physical Support","Enrolled",1,0,0,0,"info@ilv.org.au","1300 951 587","https://www.housinghub.org.au/property-detail/sda/independent-living-villages/st-marys-nsw/5677/68kiq","","","",""
"INDEPENDENT LIVING VILLAGES LTD","Greystanes NSW 2145","Apartment, 1 bedroom, 1 resident",105865.17,"High Physical Support","Enrolled",1,0,0,1,"cielle.mills@ilv.org.au","13 00951587","www.ilv.org.au","","","",""
"INDEPENDENT LIVING VILLAGES LTD","Blacktown NSW 2148","Villa / Duplex / Townhouse, 1 residents",75078.35,"High Physical Support","Enrolled",1,1,0,0,"info@brightsidehealthcare.com.au","","https://www.housinghub.org.au/property-detail/sda/brightside-healthcare-pty-ltd/blacktown-nsw/ia1vx/y4w5p","","","",""
"INDEPENDENT LIVING VILLAGES LTD","South Granville NSW 2142","Villa / Duplex / Townhouse, 1 residents",78326.14,"Robust","Enrolled",1,1,0,1,"info@ilv.org.au","1300 951 587","https://www.housinghub.org.au/property-detail/sda/independent-living-villages/south-granville-nsw/5677/ncrti","","","",""
"INDIE LIFESTYLE PTY LTD","Deanside VIC 3336","House, 3 residents",66943.58,"High Physical Support","Enrolled",2,1,0,1,"raj@indielifestyle.com.au","0434632460","https://www.housinghub.org.au/property-detail/sda/indie-lifestyle/deanside-vic/ehm5b/x12ua","","","",""
"INFINITE DISABILITY SUPPORTS","Wyndham Vale VIC 3024","House, 2 residents",81081.33,"Robust","Enrolled",3,0,0,1,"operations@selecthomeliving.com.au","0473074815","https://www.housinghub.org.au/property-detail/sda/select-home-living-pty-ltd/wyndham-vale-vic/20413/xv7cs","","","",""
"INFINITY HOUSING PTY. LTD.","Brunswick West VIC 3055","Apartment, 1 bedroom, 1 resident",101450.22,"Fully Accessible","Enrolled",1,1,0,1,"info@infinityhousing.com.au","03 9686 2588","https://www.housinghub.org.au/property-detail/sda/infinity-housing-pty-ltd/brunswick-west-vic/13408/e7zly","","","",""
"INFINITY HOUSING PTY. LTD.","Kilmore VIC 3764","Villa / Duplex / Townhouse, 1 residents",64428.88,"High Physical Support","Enrolled",1,0,0,1,"info@toscahomes.com.au","","https://www.housinghub.org.au/property-detail/sda/tosca-homes-australia/kilmore-vic/cf6tt/xashu","","","",""
"INFINITY HOUSING PTY. LTD.","Frankston VIC 3199","Villa / Duplex / Townhouse, 1 residents",54771.42,"Improved Liveability","Enrolled",1,0,0,0,"info@infinityhousing.com.au","03 9686 2588","https://www.housinghub.org.au/property-detail/sda/infinity-housing-pty-ltd/frankston-vic/13408/ej5lp","","","",""
"INNOGREEN HOMES","Leederville WA 6007","Apartment, 2 bedroom, 1 resident",102776.04,"High Physical Support","Enrolled",1,0,0,0,"info@innogreen.net.au","1800 123 000","https://www.housinghub.org.au/property-detail/sda/innogreen/leederville-wa/13505/i4bxg","","","",""
"INNOGREEN HOMES","Leederville WA 6007","Apartment, 2 bedroom, 1 resident",117431.64,"High Physical Support","Enrolled",1,0,0,1,"info@innogreen.net.au","1800 123 000","https://www.housinghub.org.au/property-detail/sda/innogreen/leederville-wa/13505/bnb8t","","","",""
"INNOGREEN HOMES","Leederville WA 6007","Apartment, 2 bedroom, 1 resident",117431.64,"High Physical Support","Enrolled",1,0,0,1,"info@innogreen.net.au","1800 123 000","https://www.housinghub.org.au/property-detail/sda/innogreen/leederville-wa/13505/jj49k","","","",""
"INNOGREEN HOMES","Leederville WA 6007","Apartment, 2 bedroom, 1 resident",117431.64,"High Physical Support","Enrolled",1,0,0,1,"info@innogreen.net.au","1800 123 000","https://www.housinghub.org.au/property-detail/sda/innogreen/leederville-wa/13505/zwtqx","","","",""
"INNOGREEN HOMES","Baldivis WA 6171","House, 3 residents",67074.18,"High Physical Support","Enrolled",2,0,0,1,"info@innogreen.net.au","1800 123 000","https://www.housinghub.org.au/property-detail/sda/innogreen/baldivis-wa/13505/i87gc","","","",""
"INNOGREEN HOMES","Armadale WA 6112","House, 3 residents",65846.73,"High Physical Support","Enrolled",3,0,0,1,"info@innogreen.net.au","1800 123 000","https://www.housinghub.org.au/property-detail/sda/innogreen/armadale-wa/13505/gyedi","","","",""
"INTERCARE SDA","Officer VIC 3809","House, 3 residents",59439.36,"High Physical Support","Enrolled",1,1,0,1,"info@intercaresda.com.au","","https://www.housinghub.org.au/property-detail/sda/intercare-sda/officer-vic/y9fvs/2iqbx","","","",""
"INTERCARE SDA","Strathtulloh VIC 3338","House, 2 residents",76417.57,"Improved Liveability","Enrolled",3,0,0,1,"info@activesupportaustralia.com.au","","https://www.housinghub.org.au/property-detail/sda/active-support-australia/strathtulloh-vic/imkfr/xtdwu","","","",""
"INTERCARE SDA","Noble Park VIC 3174","House, 3 residents",63492.88,"High Physical Support","Enrolled",3,1,0,1,"admin@attainablecare.com.au","1300936588","https://www.housinghub.org.au/property-detail/sda/attainable-care/noble-park-vic/p86rm/8yabw","","","",""
"INTERCARE SDA","Clyde North VIC 3978","House, 3 residents",56615.88,"High Physical Support","Enrolled",2,0,0,1,"ivy.lu@intercaresda.com.au","0433554342","","","","",""
"INTERCARE SDA","Clyde North VIC 3978","House, 3 residents",63492.88,"High Physical Support","Enrolled",1,1,0,1,"ivy.lu@intercaresda.com.au","0433554342","","","","",""
"INTERCARE SDA","Wantirna VIC 3152","House, 3 residents",60732.32,"High Physical Support","Enrolled",3,1,0,1,"admin@paramounthomes.com.au","","https://www.housinghub.org.au/property-detail/sda/paramount-disability-homes/wantirna-vic/7kzhn/1x24g","","","",""
"Illowra Living Pty Ltd","Cranbourne VIC 3977","House, 2 residents",86087.16,"Robust","Enrolled",1,1,0,1,"info@illowra.au","1300 455 697","https://www.housinghub.org.au/property-detail/sda/illowra/cranbourne-vic/5726/mlei9","","","",""
"Illowra Living Pty Ltd","Cranbourne VIC 3977","Villa / Duplex / Townhouse, 1 residents",68563.4,"Robust","Enrolled",1,1,0,0,"info@illowra.au","1300 455 697","https://www.housinghub.org.au/property-detail/sda/illowra/cranbourne-vic/5726/fba5d","","","",""
"Illowra Living Pty Ltd","Armstrong Creek VIC 3217","House, 2 residents",81740.49,"Robust","Enrolled",1,1,0,1,"info@illowra.au","1300 455 697","https://www.housinghub.org.au/property-detail/sda/illowra/armstrong-creek-vic/5726/q1uv4","","","",""
"Illowra Living Pty Ltd","Newcomb VIC 3219","House, 2 residents",92237.4,"High Physical Support","Enrolled",1,1,0,1,"info@illowra.au","1300 455 697","https://www.housinghub.org.au/property-detail/sda/illowra/newcomb-vic/5726/8355","","","",""
"Illowra Living Pty Ltd","Doreen VIC 3754","House, 2 residents",89577.9,"Robust","Enrolled",1,1,1,1,"info@illowra.au","1300 455 697","https://www.housinghub.org.au/property-detail/sda/illowra/doreen-vic/5726/4npsn","","","",""
"Illowra Living Pty Ltd","Doreen VIC 3754","Villa / Duplex / Townhouse, 1 residents",72240.54,"Robust","Enrolled",1,1,0,1,"info@illowra.au","1300 455 697","https://www.housinghub.org.au/property-detail/sda/illowra/doreen-vic/5726/ckkbg","","","",""
"Illowra Living Pty Ltd","Mooroolbark VIC 3138","House, 2 residents",87587.28,"Robust","Enrolled",1,1,1,1,"info@illowra.au","1300 455 697","https://www.housinghub.org.au/property-detail/sda/illowra/mooroolbark-vic/5726/1071","","","",""
"Illowra Living Pty Ltd","Melton West VIC 3337","House, 2 residents",96545.07,"Robust","Enrolled",1,1,1,1,"info@illowra.au","1300 455 697","https://www.housinghub.org.au/property-detail/sda/illowra/melton-west-vic/5726/2987","","","",""
"Illowra Living Pty Ltd","Melton West VIC 3337","Villa / Duplex / Townhouse, 1 residents",76124.44,"Robust","Enrolled",1,1,0,1,"info@illowra.au","1300 455 697","https://www.housinghub.org.au/property-detail/sda/illowra/melton-west-vic/5726/ii9d6","","","",""
"Illowra Living Pty Ltd","Melton West VIC 3337","Villa / Duplex / Townhouse, 1 residents",76124.44,"Robust","Enrolled",1,1,0,1,"info@illowra.au","1300 455 697","https://www.housinghub.org.au/property-detail/sda/illowra/melton-west-vic/5726/5znkv","","","",""
"Illowra Living Pty Ltd","Sebastopol VIC 3356","House, 2 residents",83606.04,"Robust","Enrolled",1,1,1,1,"info@illowra.au","1300 455 697","https://www.housinghub.org.au/property-detail/sda/illowra/sebastopol-vic/5726/ku7u5","","","",""
"Illowra Living Pty Ltd","Koo Wee Rup VIC 3981","House, 2 residents",91568.52,"Robust","Enrolled",1,1,1,1,"info@illowra.au","1300 455 697","https://www.housinghub.org.au/property-detail/sda/illowra/koo-wee-rup-vic/5726/7mgv2","","","",""
"Illowra Living Pty Ltd","Koo Wee Rup VIC 3981","Villa / Duplex / Townhouse, 1 residents",73794.1,"Robust","Enrolled",1,1,0,1,"info@illowra.au","1300 455 697","https://www.housinghub.org.au/property-detail/sda/illowra/koo-wee-rup-vic/5726/renyt","","","",""
"Illowra Living Pty Ltd","Kilmore VIC 3764","House, 2 residents",83606.04,"Robust","Enrolled",1,1,1,1,"info@illowra.au","1300 455 697","https://www.housinghub.org.au/property-detail/sda/illowra/kilmore-vic/5726/btwfx","","","",""
"Illowra Living Pty Ltd","Kilmore VIC 3764","Villa / Duplex / Townhouse, 1 residents",69133.42,"Robust","Enrolled",1,1,0,1,"info@illowra.au","1300 455 697","https://www.housinghub.org.au/property-detail/sda/illowra/kilmore-vic/5726/g1tcc","","","",""
"Inclusive Housing Australia Pty Ltd","Ryde NSW 2112","Apartment, 2 bedroom, 2 resident",38792.89,"Fully Accessible","Enrolled",1,0,0,0,"serviceenquiries@achieveaustralia.org.au","1300224438","https://www.housinghub.org.au/property-detail/sda/achieve-australia/ryde-nsw/5682/cp81r","","","",""
"Inclusive Housing Australia Pty Ltd","Ryde NSW 2112","Apartment, 2 bedroom, 1 resident",89370.36,"Fully Accessible","Enrolled",2,0,0,0,"info@inclusivehousing.com.au","1800 442 732","https://www.housinghub.org.au/property-detail/sda/inclusive-housing-australia/ryde-nsw/12665/9552","","","",""
"Inclusive Housing Australia Pty Ltd","Cloverdale WA 6105","Villa / Duplex / Townhouse, 2 residents",51039.25,"High Physical Support","Enrolled",1,1,0,1,"info@inclusivehousing.com.au","1800 442 732","https://www.housinghub.org.au/property-detail/sda/inclusive-housing-australia/cloverdale-wa/12665/ej3wj","","","",""
"Inclusive Housing Australia Pty Ltd","Bayswater WA 6053","House, 3 residents",60085.44,"High Physical Support","Enrolled",1,1,0,1,"info@inclusivehousing.com.au","1800 442 732","https://www.housinghub.org.au/property-detail/sda/inclusive-housing-australia/bayswater-wa/12665/e2feq","","","",""
"Inclusive Housing Australia Pty Ltd","Warwick WA 6024","House, 2 residents",92137.32,"High Physical Support","Enrolled",1,1,0,1,"info@inclusivehousing.com.au","1800 442 732","https://www.housinghub.org.au/property-detail/sda/inclusive-housing-australia/warwick-wa/12665/9bum1","","","",""
"Inclusive Housing Australia Pty Ltd","Murarrie QLD 4172","Apartment, 2 bedroom, 1 resident",107594.34,"High Physical Support","Enrolled",1,1,0,1,"ServiceNavigator@wmq.org.au","1300 865 306","https://www.housinghub.org.au/property-detail/sda/wesley-mission-queensland/murarrie-qld/j7j9v/7zgw9","","","",""
"Inclusive Housing Australia Pty Ltd","Arundel QLD 4214","Apartment, 1 bedroom, 1 resident",103566.9,"High Physical Support","Enrolled",1,1,0,1,"info@inclusivehousing.com.au","1800 442 732","https://www.housinghub.org.au/property-detail/sda/inclusive-housing-australia/arundel-qld/12665/1xj3l","","","",""
"Inclusive Housing Australia Pty Ltd","Bentley WA 6102","Villa / Duplex / Townhouse, 2 residents",51039.25,"High Physical Support","Enrolled",1,1,0,1,"info@inclusivehousing.com.au","1800 442 732","https://www.housinghub.org.au/property-detail/sda/inclusive-housing-australia/bentley-wa/12665/bzrwh","","","",""
"Inclusive Housing Australia Pty Ltd","Everton Park QLD 4053","House, 3 residents",63315.84,"High Physical Support","Enrolled",1,1,0,1,"vacancymanagement@cpl.org.au","0434947692","https://www.housinghub.org.au/property-detail/sda/cpl-choice-passion-life/everton-park-qld/5699/lxbe7","","","",""
"Inclusive Housing Australia Pty Ltd","Cannington WA 6107","House, 3 residents",69130.56,"High Physical Support","Enrolled",1,1,0,1,"info@inclusivehousing.com.au","1800 442 732","https://www.housinghub.org.au/property-detail/sda/inclusive-housing-australia/cannington-wa/12665/q4qt3","","","",""
"Inclusive Housing Australia Pty Ltd","Belmont WA 6104","House, 2 residents",98652.08,"High Physical Support","Enrolled",2,1,0,1,"info@inclusivehousing.com.au","1800 442 732","https://www.housinghub.org.au/property-detail/sda/inclusive-housing-australia/belmont-wa/12665/exi8a","","","",""
"Inclusive Housing Australia Pty Ltd","Boondall QLD 4034","House, 2 residents",91206.64,"High Physical Support","Enrolled",5,1,0,1,"serviceenquiries@achieveaustralia.org.au","1300224438","https://www.housinghub.org.au/property-detail/sda/achieve-australia/boondall-qld/5682/quzis","","","",""
"Inclusive Housing Australia Pty Ltd","Blacktown NSW 2148","House, 3 residents",65900.16,"High Physical Support","Enrolled",1,1,0,1,"serviceenquiries@achieveaustralia.org.au","1300224438","https://www.housinghub.org.au/property-detail/sda/achieve-australia/blacktown-nsw/5682/ld7tt","","","",""
"Indesign Access","Woodypoint QLD 4019","House, 3 residents",54769.71,"High Physical Support","Enrolled",1,0,0,1,"vacancymanagement@cpl.org.au","0434947692","https://www.housinghub.org.au/property-detail/sda/cpl-choice-passion-life/woody-point-qld/5699/4990","","","",""
"Inhab Australia","Cheltenham VIC 3192","House, 3 residents",78675.96,"High Physical Support","Enrolled",1,1,0,1,"info@inhab.com.au","1800 464 222","https://www.housinghub.org.au/property-detail/sda/inhab-australia/cheltenham-vic/11835/fgzjf","","","",""
"Inhab Australia","White Hills VIC 3550","House, 3 residents",43524.25,"Improved Liveability","Enrolled",1,0,0,1,"info@inhab.com.au","1800 464 222","https://www.housinghub.org.au/property-detail/sda/inhab-australia/white-hills-vic/11835/4dran","","","",""
"Inhab Australia","Hope Island QLD 4212","Apartment, 1 bedroom, 1 resident",103566.9,"High Physical Support","Enrolled",1,1,0,1,"info@inhab.com.au","1800 464 222","https://www.housinghub.org.au/property-detail/sda/inhab-australia/hope-island-qld/11835/38lgz","","","",""
"Inhab Australia","Bowen QLD 4805","Apartment, 2 bedroom, 1 resident",133106.4,"High Physical Support","Enrolled",2,1,0,1,"info@inhab.com.au","1800 464 222","https://www.housinghub.org.au/property-detail/sda/inhab-australia/bowen-qld/11835/5wfb8","","","",""
"Inhab Australia","Officer VIC 3809","House, 2 residents",86087.16,"Robust","Enrolled",1,1,0,1,"info@inhab.com.au","1800 464 222","https://www.housinghub.org.au/property-detail/sda/inhab-australia/officer-vic/11835/x4m56","","","",""
"Inhab Australia","Clyde North VIC 3978","House, 2 residents",86087.16,"Robust","Enrolled",1,1,0,1,"info@inhab.com.au","1800 464 222","https://www.housinghub.org.au/property-detail/sda/inhab-australia/melbourne-vic/11835/d17ra","","","",""
"Inhab Australia","Seaford VIC 3198","House, 3 residents",58147.2,"High Physical Support","Enrolled",1,1,0,1,"info@inhab.com.au","1800 464 222","https://www.housinghub.org.au/property-detail/sda/inhab-australia/seaford-vic/11835/vv9ni","","","",""
"Inhab Australia","Seaford VIC 3198","Villa / Duplex / Townhouse, 1 residents",72387.48,"High Physical Support","Enrolled",2,1,0,1,"info@inhab.com.au","18 00464222","inhab.com.au","","","",""
"Inhab Australia","Waurn Ponds VIC 3216","House, 2 residents",86553.24,"High Physical Support","Enrolled",1,1,0,1,"info@inhab.com.au","1800 464 222","https://www.housinghub.org.au/property-detail/sda/inhab-australia/waurn-ponds-vic/11835/cinus","","","",""
"Inhab Australia","Traralgon VIC 3844","House, 2 residents",82319.4,"High Physical Support","Enrolled",1,1,0,1,"info@inhab.com.au","1800 464 222","https://www.housinghub.org.au/property-detail/sda/inhab-australia/traralgon-vic/11835/ci52g","","","",""
"Inhab Australia","Thornbury VIC 3071","House, 2 residents",135876.6,"High Physical Support","Enrolled",1,1,0,1,"info@inhab.com.au","1800 464 222","https://www.housinghub.org.au/property-detail/sda/inhab-australia/thornbury-vic/11835/1g9r6","","","",""
"Inhab Australia","Frankston VIC 3199","House, 3 residents",62112.6,"High Physical Support","Enrolled",1,1,0,1,"info@inhab.com.au","1800 464 222","https://www.housinghub.org.au/property-detail/sda/inhab-australia/frankston-vic/11835/m1x16","","","",""
"Inhab Australia","Hamlyn Heights VIC 3215","House, 3 residents",59439.36,"High Physical Support","Enrolled",2,1,0,1,"info@inhab.com.au","1800 464 222","https://www.housinghub.org.au/property-detail/sda/inhab-australia/hamlyn-heights-vic/11835/gc8ml","","","",""
"Inhab Australia","Frankston VIC 3199","House, 3 residents",62112.6,"High Physical Support","Enrolled",2,1,0,1,"info@inplaceliving.com.au","03 8639 0131","https://www.housinghub.org.au/property-detail/sda/inplace-living/frankston-vic/13486/4dmdd","","","",""
"Inhab Australia","Pascoe Vale VIC 3044","House, 3 residents",57971.76,"High Physical Support","Enrolled",1,1,0,1,"info@inhab.com.au","1800 464 222","https://www.housinghub.org.au/property-detail/sda/inhab-australia/pascoe-vale-vic/11835/cyfwp","","","",""
"Inhab Australia","Delacombe VIC 3356","House, 3 residents",57971.76,"High Physical Support","Enrolled",1,1,0,1,"info@inhab.com.au","1800 464 222","https://www.housinghub.org.au/property-detail/sda/inhab-australia/delacombe-vic/11835/5318c","","","",""
"Inhab Australia","Mentone VIC 3194","House, 3 residents",78675.96,"High Physical Support","Enrolled",1,1,0,1,"info@inhab.com.au","1800 464 222","https://www.housinghub.org.au/property-detail/sda/inhab-australia/mentone-vic/11835/bii2h","","","",""
"Inhab Australia","Seaford VIC 3198","House, 3 residents",62112.6,"High Physical Support","Enrolled",1,1,0,1,"info@inhab.com.au","1800 464 222","https://www.housinghub.org.au/property-detail/sda/inhab-australia/seaford-vic/11835/th7xk","","","",""
"Inhab Australia","Tullamarine VIC 3043","House, 2 residents",83311.2,"High Physical Support","Enrolled",2,1,0,1,"info@inhab.com.au","1800 464 222","https://www.housinghub.org.au/property-detail/sda/inhab-australia/tullamarine-vic/11835/14ce7","","","",""
"Inhab Australia","Coburg VIC 3058","House, 3 residents",94549.18,"High Physical Support","Enrolled",1,1,0,1,"info@inhab.com.au","1800 464 222","https://www.housinghub.org.au/property-detail/sda/inhab-australia/coburg-vic/11835/hltqk","","","",""
"Inhab Australia","Wangaratta VIC 3677","House, 3 residents",57971.76,"High Physical Support","Enrolled",1,1,0,1,"info@inhab.com.au","1800 464 222","https://www.housinghub.org.au/property-detail/sda/inhab-australia/wangaratta-vic/11835/sigtz","","","",""
"Inhab Australia","Rosebud VIC 3939","House, 3 residents",58147.2,"High Physical Support","Enrolled",1,1,0,1,"info@inhab.com.au","1800 464 222","https://www.housinghub.org.au/property-detail/sda/inhab-australia/rosebud-vic/11835/rwdv2","","","",""
"Inhab Australia","Portland VIC 3305","Villa / Duplex / Townhouse, 1 residents",74337.3,"High Physical Support","Enrolled",1,1,0,1,"info@inhab.com.au","1800 464 222","https://www.housinghub.org.au/property-detail/sda/inhab-australia/portland-vic/11835/m4z3g","","","",""
"Inhab Australia","Bonbeach VIC 3196","House, 2 residents",101431.5,"High Physical Support","Enrolled",1,1,0,1,"info@inhab.com.au","1800 464 222","https://www.housinghub.org.au/property-detail/sda/inhab-australia/bonbeach-vic/11835/5dj6i","","","",""
"Inhab Australia","Grovedale VIC 3216","House, 3 residents",59439.36,"High Physical Support","Enrolled",1,1,0,1,"info@inhab.com.au","1800 464 222","https://www.housinghub.org.au/property-detail/sda/inhab-australia/grovedale-vic/11835/cf1nk","","","",""
"Inplace Living","Cranbourne East VIC 3977","House, 3 residents",59439.36,"High Physical Support","Enrolled",3,1,0,1,"info@inplaceliving.com.au","03 8639 0131","https://www.housinghub.org.au/property-detail/sda/inplace-living/cranbourne-east-vic/13486/4939","","","",""
"Inplace Living","St Albans VIC 3021","Villa / Duplex / Townhouse, 1 residents",71737.96,"Robust","Enrolled",1,1,0,1,"info@inplaceliving.com.au","03 8639 0131","https://www.housinghub.org.au/property-detail/sda/inplace-living/st-albans-vic/13486/4218","","","",""
"Inplace Living","Winter Valley VIC 3358","House, 3 residents",54270.72,"High Physical Support","Enrolled",3,1,0,1,"info@inplaceliving.com.au","03 8639 0131","https://www.housinghub.org.au/property-detail/sda/inplace-living/winter-valley-vic/13486/4mh3d","","","",""
"Inplace Living","Winter Valley VIC 3358","House, 3 residents",54270.72,"High Physical Support","Enrolled",3,1,0,1,"info@inplaceliving.com.au","03 8639 0131","https://www.housinghub.org.au/property-detail/sda/inplace-living/winter-valley-vic/13486/c4qnc","","","",""
"Inplace Living","Norlane VIC 3214","House, 3 residents",49851.12,"Improved Liveability","Enrolled",1,1,0,1,"info@inplaceliving.com.au","03 8639 0131","https://www.housinghub.org.au/property-detail/sda/inplace-living/norlane-vic/13486/grjd3","","","",""
"Inplace Living","Whittington VIC 3219","House, 3 residents",49851.12,"Improved Liveability","Enrolled",3,1,0,1,"info@inplaceliving.com.au","03 8639 0131","https://www.housinghub.org.au/property-detail/sda/inplace-living/whittington-vic/13486/kkp66","","","",""
"Inplace Living","Sebastopol VIC 3356","House, 3 residents",57971.76,"High Physical Support","Enrolled",3,1,0,1,"info@inplaceliving.com.au","03 8639 0131","https://www.housinghub.org.au/property-detail/sda/inplace-living/sebastopol-vic/13486/68g9l","","","",""
"Inplace Living","Wendouree VIC 3355","House, 3 residents",57971.76,"High Physical Support","Enrolled",3,1,0,1,"info@inplaceliving.com.au","03 8639 0131","https://www.housinghub.org.au/property-detail/sda/inplace-living/wendouree-vic/13486/7301","","","",""
"Inplace Living","Shepparton VIC 3630","House, 3 residents",53624.64,"High Physical Support","Enrolled",1,1,0,1,"info@inplaceliving.com.au","03 8639 0131","https://www.housinghub.org.au/property-detail/sda/inplace-living/shepparton-vic/13486/nq4gc","","","",""
"Inplace Living","Sunbury VIC 3429","House, 3 residents",57971.76,"High Physical Support","Enrolled",1,1,0,1,"admin@activate.care","1300725045","https://www.housinghub.org.au/property-detail/sda/activate-community-services/sunbury-vic/20751/cdiu2","","","",""
"Inplace Living","Knoxfield VIC 3180","House, 3 residents",56855.04,"High Physical Support","Enrolled",1,1,0,1,"info@inplaceliving.com.au","03 8639 0131","https://www.housinghub.org.au/property-detail/sda/inplace-living/knoxfield-vic/13486/csk58","","","",""
"Inplace Living","Sunbury VIC 3429","House, 3 residents",57971.76,"High Physical Support","Enrolled",1,1,0,1,"info@inplaceliving.com.au","03 8639 0131","https://www.housinghub.org.au/property-detail/sda/inplace-living/sunbury-vic/13486/v7bzl","","","",""
"Inplace Living","Cranbourne VIC 3977","House, 3 residents",63492.88,"High Physical Support","Enrolled",2,1,0,1,"kalpesh@blueheart.com.au","61 59957709","https://www.housinghub.org.au/property-detail/sda/blue-heart-community-care/cranbourne-vic/16968/ap4c7","","","",""
"Inplace Living","Melton VIC 3337","Villa / Duplex / Townhouse, 1 residents",76124.44,"Robust","Enrolled",1,1,0,1,"info@inplaceliving.com.au","03 8639 0131","https://www.housinghub.org.au/property-detail/sda/inplace-living/melton-vic/13486/db2p6","","","",""
"Inplace Living","Cranbourne VIC 3977","House, 3 residents",63492.88,"High Physical Support","Enrolled",3,1,0,1,"info@inplaceliving.com.au","03 8639 0131","https://www.housinghub.org.au/property-detail/sda/inplace-living/cranbourne-vic/13486/sl1eq","","","",""
"Inplace Living","Hampton Park VIC 3976","House, 2 residents",91245.6,"High Physical Support","Enrolled",2,1,0,1,"info@inplaceliving.com.au","03 8639 0131","https://www.housinghub.org.au/property-detail/sda/inplace-living/hampton-park-vic/13486/55tsp","","","",""
"Inplace Living","Pakenham VIC 3810","Villa / Duplex / Townhouse, 1 residents",73794.1,"Robust","Enrolled",1,1,0,1,"info@inplaceliving.com.au","03 8639 0131","https://www.housinghub.org.au/property-detail/sda/inplace-living/pakenham-vic/13486/yqr5v","","","",""
"Inplace Living","Morwell VIC 3840","Villa / Duplex / Townhouse, 1 residents",72685.36,"High Physical Support","Enrolled",1,1,0,1,"info@inplaceliving.com.au","03 8639 0131","https://www.housinghub.org.au/property-detail/sda/inplace-living/morwell-vic/13486/nz8h7","","","",""
"Inplace Living","Morwell VIC 3840","House, 2 residents",82319.4,"High Physical Support","Enrolled",1,1,0,1,"info@inplaceliving.com.au","03 8639 0131","https://www.housinghub.org.au/property-detail/sda/inplace-living/morwell-vic/13486/cgepy","","","",""
"Inplace Living","Sebastopol VIC 3356","Villa / Duplex / Townhouse, 1 residents",69133.42,"Robust","Enrolled",1,1,0,1,"info@inplaceliving.com.au","03 8639 0131","https://www.housinghub.org.au/property-detail/sda/inplace-living/sebastopol-vic/13486/s2xxp","","","",""
"Inplace Living","Carrum VIC 3197","House, 3 residents",48767.4,"Improved Liveability","Enrolled",2,1,0,1,"info@inplaceliving.com.au","03 8639 0131","https://www.housinghub.org.au/property-detail/sda/inplace-living/carrum-vic/13486/4232","","","",""
"Inplace Living","Meadow Heights VIC 3048","House, 3 residents",57971.76,"High Physical Support","Enrolled",2,1,0,1,"info@inplaceliving.com.au","03 8639 0131","https://www.housinghub.org.au/property-detail/sda/inplace-living/meadow-heights-vic/13486/nx4zk","","","",""
"Inplace Living","Melton South VIC 3338","House, 3 residents",66943.58,"High Physical Support","Enrolled",3,1,0,1,"info@inplaceliving.com.au","03 8639 0131","https://www.housinghub.org.au/property-detail/sda/inplace-living/melton-south-vic/13486/u2gwh","","","",""
"Inplace Living","Chelsea VIC 3196","House, 2 residents",113065.2,"High Physical Support","Enrolled",2,1,0,1,"info@inplaceliving.com.au","03 8639 0131","https://www.housinghub.org.au/property-detail/sda/inplace-living/chelsea-vic/13486/bsd5a","","","",""
"Inplace Living","White Hills VIC 3550","House, 3 residents",58661.9,"High Physical Support","Enrolled",3,1,0,1,"info@inplaceliving.com.au","03 8639 0131","https://www.housinghub.org.au/property-detail/sda/inplace-living/white-hills-vic/13486/q54ww","","","",""
"Inplace Living","Botanic Ridge VIC 3977","House, 3 residents",63492.88,"High Physical Support","Enrolled",2,1,0,1,"info@inplaceliving.com.au","03 8639 0131","https://www.housinghub.org.au/property-detail/sda/inplace-living/botanic-ridge-vic/13486/u2ly1","","","",""
"Inplace Living","Langwarrin VIC 3910","House, 3 residents",48767.4,"Improved Liveability","Enrolled",1,1,0,1,"info@inplaceliving.com.au","03 8639 0131","https://www.housinghub.org.au/property-detail/sda/inplace-living/langwarrin-vic/13486/5983","","","",""
"Inplace Living","Shepparton VIC 3630","Villa / Duplex / Townhouse, 1 residents",68356.64,"Robust","Enrolled",1,1,0,1,"trisha@livingwellsolutions.com.au","","https://www.housinghub.org.au/property-detail/sda/living-well-solutions/shepparton-vic/16032/6g4es","","","",""
"Inplace Living","Mentone VIC 3194","House, 2 residents",94792.14,"Improved Liveability","Enrolled",1,1,0,1,"info@lifecareassist.com.au","0392504070","https://www.housinghub.org.au/property-detail/sda/appc-developments-ta-life-care-assist/mentone-vic/iimv3/u3jc3","","","",""
"Inplace Living","Broadmeadows VIC 3047","House, 2 residents",78177.12,"High Physical Support","Enrolled",1,1,0,1,"info@inplaceliving.com.au","03 8639 0131","https://www.housinghub.org.au/property-detail/sda/inplace-living/broadmeadows-vic/13486/dmw3m","","","",""
"Inplace Living","Donnybrook VIC 3064","House, 3 residents",62112.6,"High Physical Support","Enrolled",3,1,0,1,"info@inplaceliving.com.au","03 8639 0131","https://www.housinghub.org.au/property-detail/sda/inplace-living/donnybrook-vic/13486/6w3xi","","","",""
"Inplace Living","Moorabbin VIC 3189","House, 2 residents",113065.2,"High Physical Support","Enrolled",2,1,0,1,"info@inplaceliving.com.au","03 8639 0131","https://www.housinghub.org.au/property-detail/sda/inplace-living/moorabbin-vic/13486/s28vm","","","",""
"Inplace Living","Thornbury VIC 3071","House, 2 residents",113916.87,"Improved Liveability","Enrolled",2,1,0,1,"info@inplaceliving.com.au","03 8639 0131","https://www.housinghub.org.au/property-detail/sda/inplace-living/thornbury-vic/13486/th3nm","","","",""
"Inplace Living","Thornbury VIC 3071","House, 2 residents",135876.6,"High Physical Support","Enrolled",2,1,0,1,"info@inplaceliving.com.au","03 8639 0131","https://www.housinghub.org.au/property-detail/sda/inplace-living/thornbury-vic/13486/werhe","","","",""
"Inplace Living","Thornbury VIC 3071","House, 2 residents",135876.6,"High Physical Support","Enrolled",2,1,0,1,"info@inplaceliving.com.au","03 8639 0131","https://www.housinghub.org.au/property-detail/sda/inplace-living/thornbury-vic/13486/8whb5","","","",""
"Inplace Living","Bonbeach VIC 3196","House, 2 residents",113065.2,"High Physical Support","Enrolled",2,1,0,1,"info@inplaceliving.com.au","03 8639 0131","https://www.housinghub.org.au/property-detail/sda/inplace-living/bonbeach-vic/13486/bpfda","","","",""
"Inplace Living","Chelsea VIC 3196","House, 2 residents",113065.2,"High Physical Support","Enrolled",2,1,0,1,"info@inplaceliving.com.au","03 8639 0131","https://www.housinghub.org.au/property-detail/sda/inplace-living/chelsea-vic/13486/igh3q","","","",""
"Inplace Living","Seaford VIC 3198","House, 2 residents",70678.35,"Improved Liveability","Enrolled",2,1,0,1,"info@inplaceliving.com.au","03 8639 0131","https://www.housinghub.org.au/property-detail/sda/inplace-living/seaford-vic/13486/xtw3s","","","",""
"Inplace Living","Jacana VIC 3047","House, 3 residents",54270.72,"High Physical Support","Enrolled",1,1,0,1,"info@inplaceliving.com.au","03 8639 0131","https://www.housinghub.org.au/property-detail/sda/inplace-living/jacana-vic/13486/eg6tq","","","",""
"Inplace Living","Fairfield VIC 3078","House, 2 residents",135876.6,"High Physical Support","Enrolled",2,1,0,1,"info@inplaceliving.com.au","03 8639 0131","https://www.housinghub.org.au/property-detail/sda/inplace-living/fairfield-vic/13486/wdxsm","","","",""
"Inplace Living","Moorabbin VIC 3189","House, 2 residents",113065.2,"High Physical Support","Enrolled",1,1,0,1,"info@inplaceliving.com.au","03 8639 0131","https://www.housinghub.org.au/property-detail/sda/inplace-living/moorabbin-vic/13486/e23bu","","","",""
"Inplace Living","Moorabbin VIC 3142","House, 2 residents",113065.2,"High Physical Support","Enrolled",2,1,0,1,"info@inplaceliving.com.au","03 8639 0131","https://www.housinghub.org.au/property-detail/sda/inplace-living/moorabbin-vic/13486/sq8ch","","","",""
"Inplace Living","Pascoe Vale South VIC 3044","Villa / Duplex / Townhouse, 1 residents",103246.25,"High Physical Support","Enrolled",2,1,0,1,"info@inplaceliving.com.au","03 8639 0131","https://www.housinghub.org.au/property-detail/sda/inplace-living/pascoe-vale-south-vic/13486/flwrc","","","",""
"Inplace Living","Pascoe Vale South VIC 3044","Villa / Duplex / Townhouse, 1 residents",103246.25,"High Physical Support","Enrolled",2,1,0,1,"info@inplaceliving.com.au","03 8639 0131","https://www.housinghub.org.au/property-detail/sda/inplace-living/pascoe-vale-south-vic/13486/lw7ft","","","",""
"Inplace Living","Thornbury VIC 3071","House, 2 residents",135876.6,"High Physical Support","Enrolled",2,1,0,1,"info@inplaceliving.com.au","03 8639 0131","https://www.housinghub.org.au/property-detail/sda/inplace-living/thornbury-melbourne-vic/13486/zlh53","","","",""
"Inplace Living","Carrum VIC 3197","House, 2 residents",113065.2,"High Physical Support","Enrolled",1,1,0,1,"info@inplaceliving.com.au","03 8639 0131","https://www.housinghub.org.au/property-detail/sda/inplace-living/carrum-melbourne-vic/13486/qvcgl","","","",""
"Inplace Living","Sunshine West VIC 3020","House, 2 residents",96204.6,"High Physical Support","Enrolled",2,1,0,1,"info@inplaceliving.com.au","03 8639 0131","https://www.housinghub.org.au/property-detail/sda/inplace-living/sunshine-west-vic/13486/2129g","","","",""
"Inplace Living","Reservoir VIC 3073","House, 2 residents",89262,"High Physical Support","Enrolled",2,1,0,1,"info@inplaceliving.com.au","03 8639 0131","https://www.housinghub.org.au/property-detail/sda/inplace-living/reservoir-vic/13486/cg9lf","","","",""
"Inplace Living","Coburg VIC 3058","House, 2 residents",135876.6,"High Physical Support","Enrolled",2,1,0,1,"info@inplaceliving.com.au","03 8639 0131","https://www.housinghub.org.au/property-detail/sda/inplace-living/coburg-vic/13486/dd6q7","","","",""
"Inplace Living","Fairfield VIC 3078","House, 2 residents",135876.6,"High Physical Support","Enrolled",1,1,0,1,"info@inplaceliving.com.au","03 8639 0131","https://www.housinghub.org.au/property-detail/sda/inplace-living/fairfield-vic/13486/zajzg","","","",""
"Inplace Living","Pascoe Vale South VIC 3044","House, 2 residents",135876.6,"High Physical Support","Enrolled",2,1,0,1,"info@inplaceliving.com.au","03 8639 0131","https://www.housinghub.org.au/property-detail/sda/inplace-living/pascoe-vale-south-vic/13486/z4n97","","","",""
"Inplace Living","Moorabbin VIC 3189","House, 2 residents",113065.2,"High Physical Support","Enrolled",2,1,0,1,"info@inplaceliving.com.au","03 8639 0131","https://www.housinghub.org.au/property-detail/sda/inplace-living/moorabbin-vic/13486/qmjpw","","","",""
"Inplace Living","Moorabbin VIC 3189","Villa / Duplex / Townhouse, 1 residents",90030.73,"High Physical Support","Enrolled",1,1,0,1,"info@inplaceliving.com.au","03 8639 0131","https://www.housinghub.org.au/property-detail/sda/inplace-living/moorabbin-vic/13486/78ti7","","","",""
"Inplace Living","Essendon North VIC 3041","House, 2 residents",135876.6,"High Physical Support","Enrolled",2,1,0,1,"info@inplaceliving.com.au","03 8639 0131","https://www.housinghub.org.au/property-detail/sda/inplace-living/essendon-north-vic/13486/mbedv","","","",""
"Insitu Housing","West Wallsend NSW 2286","House, 3 residents",63961.92,"High Physical Support","Enrolled",3,1,0,1,"info@insituhousing.com.au","0294097277","https://www.housinghub.org.au/property-detail/sda/insitu-housing/west-wallsend-nsw/5771/67ct1","","","",""
"JEWISH CARE (VICTORIA) INC","Elsternwick VIC 3185","Legacy Stock, 6+ residents",5418.36,"Basic","Enrolled",2,1,0,0,"info@jewishcare.org.au","0385175952","https://www.housinghub.org.au/property-detail/sda/jewish-care-(victoria)-inc/elsternwick-vic/ry8tm/v7ke8","","","",""
"JOY OF LIVING CARE SERVICES PTY LTD","Cranbourne East VIC 3977","House, 2 residents",76901.88,"Robust","Enrolled",2,0,0,1,"operations@selecthomeliving.com.au","0473074815","https://www.housinghub.org.au/property-detail/sda/select-home-living-pty-ltd/cranbourne-east-vic/20413/9b23b","","","",""
"JSAL Holdings Pty Ltd as trustee for JSA","Hastings VIC 3915","Group home, 4 residents",47174.45,"High Physical Support","Enrolled",1,1,0,1,"intake@claro.com.au","1300 303 770","https://www.housinghub.org.au/property-detail/sda/claro-disability-services/hastings-vic/5755/6837","","","",""
"JSAL Holdings Pty Ltd as trustee for JSA","Skye VIC 3977","Villa / Duplex / Townhouse, 1 residents",72387.48,"High Physical Support","Enrolled",1,1,0,1,"info@speckSDA.com.au","0402821020","https://www.housinghub.org.au/property-detail/sda/speck/skye-vic/13741/6181","","","",""
"JUST SDA MANAGEMENT PTY LTD","Walloon QLD 4306","House, 3 residents",51692.76,"High Physical Support","Enrolled",1,0,0,1,"enquiries@accordcare.com.au","0427074952","https://www.housinghub.org.au/property-detail/sda/accord-care/walloon-qld/19586/8047","","","",""
"JUST SDA MANAGEMENT PTY LTD","Logan Reserve QLD 4133","House, 2 residents",82603.53,"High Physical Support","Enrolled",2,0,0,1,"askus@justsda.com.au","0402527251","https://www.housinghub.org.au/property-detail/sda/just-sda-management-pty-ltd/logan-reserve-qld/20768/4iq59","","","",""
"JUST SDA MANAGEMENT PTY LTD","Brassall QLD 4305","House, 3 residents",51692.76,"High Physical Support","Enrolled",3,0,0,1,"askus@justsda.com.au","0402527251","https://www.housinghub.org.au/property-detail/sda/just-sda-management-pty-ltd/brassall-qld/20768/tks7h","","","",""
"JUST SDA MANAGEMENT PTY LTD","Burpengary East QLD 4505","House, 3 residents",54769.71,"High Physical Support","Enrolled",2,0,0,1,"askus@justsda.com.au","0402527251","https://www.housinghub.org.au/property-detail/sda/just-sda-management-pty-ltd/burpengary-east-qld/20768/hvcka","","","",""
"JUST SDA MANAGEMENT PTY LTD","Cleveland QLD 4163","Apartment, 1 bedroom, 1 resident",103566.9,"High Physical Support","Enrolled",4,1,0,1,"askus@justsda.com.au","0402527251","https://www.housinghub.org.au/property-detail/sda/just-sda-management-pty-ltd/cleveland-qld/20768/8h1bv","","","",""
"JUST SDA MANAGEMENT PTY LTD","Redbank QLD 4301","House, 2 residents",79534.56,"High Physical Support","Enrolled",1,0,0,1,"askus@justsda.com.au","0402527251","https://www.housinghub.org.au/property-detail/sda/just-sda-management-pty-ltd/redbank-qld/20768/qszaz","","","",""
"JUST SDA MANAGEMENT PTY LTD","Flinders View QLD 4305","House, 2 residents",79534.56,"High Physical Support","Enrolled",2,0,0,1,"askus@justsda.com.au","0402527251","https://www.housinghub.org.au/property-detail/sda/just-sda-management-pty-ltd/flinders-view-qld/20768/3gisx","","","",""
"JUST SDA MANAGEMENT PTY LTD","Flinders View QLD 4305","House, 3 residents",51692.76,"High Physical Support","Enrolled",3,0,0,1,"askus@justsda.com.au","0402527251","https://www.housinghub.org.au/property-detail/sda/just-sda-management-pty-ltd/flinders-view-qld/20768/c5gwx","","","",""
"JUST SDA MANAGEMENT PTY LTD","Flinders View QLD 4305","House, 2 residents",74609.64,"High Physical Support","Enrolled",2,0,0,1,"askus@justsda.com.au","0402527251","https://www.housinghub.org.au/property-detail/sda/just-sda-management-pty-ltd/flinders-view-qld/20768/8cpa1","","","",""
"JUST SDA MANAGEMENT PTY LTD","Flinders View QLD 4305","House, 3 residents",51692.76,"High Physical Support","Enrolled",1,0,0,1,"askus@justsda.com.au","0402527251","https://www.housinghub.org.au/property-detail/sda/just-sda-management-pty-ltd/flinders-view-qld/20768/pgne4","","","",""
"JUST SDA MANAGEMENT PTY LTD","Flinders View QLD 4305","House, 2 residents",74609.64,"High Physical Support","Enrolled",1,0,0,1,"askus@justsda.com.au","0402527251","https://www.housinghub.org.au/property-detail/sda/just-sda-management-pty-ltd/flinders-view-qld/20768/ubv6b","","","",""
"JUST SDA MANAGEMENT PTY LTD","Boondall QLD 4034","House, 3 residents",60308.22,"High Physical Support","Enrolled",2,0,0,1,"askus@justsda.com.au","0402527251","https://www.housinghub.org.au/property-detail/sda/just-sda-management-pty-ltd/boondall-qld/20768/2dv26","","","",""
"JUST SDA MANAGEMENT PTY LTD","Flinders View QLD 4305","House, 3 residents",51692.76,"High Physical Support","Enrolled",3,0,0,1,"askus@justsda.com.au","0402527251","https://www.housinghub.org.au/property-detail/sda/just-sda-management-pty-ltd/flinders-view-qld/20768/g9nii","","","",""
"JUST SDA MANAGEMENT PTY LTD","Redcliffe QLD 4020","Apartment, 2 bedroom, 2 resident",47779.38,"High Physical Support","Enrolled",6,0,0,1,"mitchell.spoel@thrive365.com.au","1300 555 365","https://www.housinghub.org.au/property-detail/sda/thrive365/redcliffe-qld/13547/peazi","","","",""
"JUST SDA MANAGEMENT PTY LTD","Flinders View QLD 4305","House, 2 residents",79534.56,"High Physical Support","Enrolled",2,0,0,1,"askus@justsda.com.au","0402527251","https://www.housinghub.org.au/property-detail/sda/just-sda-management-pty-ltd/flinders-view-qld/20768/pxa1h","","","",""
"JUST SDA MANAGEMENT PTY LTD","Balmoral QLD 4171","Apartment, 2 bedroom, 1 resident",108733,"High Physical Support","Enrolled",2,0,0,1,"askus@justsda.com.au","0402527251","https://www.housinghub.org.au/property-detail/sda/just-sda-management-pty-ltd/balmoral-qld/20768/suzvy","","","",""
"JUST SDA MANAGEMENT PTY LTD","Pialba QLD 4655","House, 2 residents",79534.56,"High Physical Support","Enrolled",1,0,0,1,"marketing@kandacare.com.au","1300 727 701","https://www.housinghub.org.au/property-detail/sda/kanda/hervey-bay-qld/12101/l7hjg","","","",""
"JUST SDA MANAGEMENT PTY LTD","Banya QLD 4551","House, 2 residents",67751.66,"Improved Liveability","Enrolled",2,0,0,1,"askus@justsda.com.au","0402527251","https://www.housinghub.org.au/property-detail/sda/just-sda-management-pty-ltd/banya-qld/20768/v975e","","","",""
"JUST SDA MANAGEMENT PTY LTD","Redland Bay QLD 4165","House, 2 residents",87109.28,"High Physical Support","Enrolled",1,0,0,1,"askus@justsda.com.au","0402527251","https://www.housinghub.org.au/property-detail/sda/just-sda-management-pty-ltd/redland-bay-qld/20768/jugyr","","","",""
"JUST SDA MANAGEMENT PTY LTD","Margate QLD 4019","Apartment, 2 bedroom, 1 resident",115931.97,"High Physical Support","Enrolled",1,0,0,1,"justin@justsda.com.au","0402527251","www.justsda.com.au","","","",""
"JUST SDA MANAGEMENT PTY LTD","Redland Bay QLD 4165","House, 2 residents",87109.28,"High Physical Support","Enrolled",1,0,0,1,"askus@justsda.com.au","0402527251","https://www.housinghub.org.au/property-detail/sda/just-sda-management-pty-ltd/redland-bay-qld/20768/gf5yz","","","",""
"JUST SDA MANAGEMENT PTY LTD","Cleveland QLD 4163","House, 2 residents",87109.28,"High Physical Support","Enrolled",1,0,0,1,"marketing@kandacare.com.au","1300 727 701","https://www.housinghub.org.au/property-detail/sda/kanda/cleveland-qld/12101/6fmrb","","","",""
"JUST SDA MANAGEMENT PTY LTD","Fullarton SA 5063","Villa / Duplex / Townhouse, 2 residents",49812,"High Physical Support","Enrolled",1,1,0,1,"marketing@kandacare.com.au","1300 727 701","https://www.housinghub.org.au/property-detail/sda/kanda/fullarton-sa/12101/7kmuy","","","",""
"JUST SDA MANAGEMENT PTY LTD","Redland Bay QLD 4165","House, 2 residents",87109.28,"High Physical Support","Enrolled",2,0,0,1,"josh@necessityhousing.com","0434078272","https://www.housinghub.org.au/property-detail/sda/necessity-housing/redland-bay-qld/20437/c8hj4","","","",""
"JUST SDA MANAGEMENT PTY LTD","Zillmere QLD 4034","House, 2 residents",92790.32,"High Physical Support","Enrolled",2,0,0,1,"askus@justsda.com.au","0402527251","https://www.housinghub.org.au/property-detail/sda/just-sda-management-pty-ltd/zillmere-qld/20768/w818t","","","",""
"JUST SDA MANAGEMENT PTY LTD","Forest Lake QLD 4078","House, 2 residents",79534.56,"High Physical Support","Enrolled",2,0,0,1,"askus@justsda.com.au","0402527251","https://www.housinghub.org.au/property-detail/sda/just-sda-management-pty-ltd/forest-lake-qld/20768/flfxl","","","",""
"JUST SDA MANAGEMENT PTY LTD","Banya QLD 4551","House, 3 residents",56552.74,"High Physical Support","Enrolled",3,0,0,1,"askus@justsda.com.au","0402527251","https://www.housinghub.org.au/property-detail/sda/just-sda-management-pty-ltd/banya-qld/20768/yv3th","","","",""
"JUST SDA MANAGEMENT PTY LTD","Cranbourne VIC 3977","House, 2 residents",85622.56,"High Physical Support","Enrolled",2,1,0,1,"askus@justsda.com.au","0402527251","https://www.housinghub.org.au/property-detail/sda/just-sda-management-pty-ltd/cranbourne-vic/20768/49hf7","","","",""
"JUST SDA MANAGEMENT PTY LTD","Kalkie QLD 4670","House, 2 residents",79534.56,"High Physical Support","Enrolled",2,0,0,1,"askus@justsda.com.au","0402527251","https://www.housinghub.org.au/property-detail/sda/just-sda-management-pty-ltd/kalkie-qld/20768/b2ri1","","","",""
"JUST SDA MANAGEMENT PTY LTD","Bracken Ridge QLD 4017","House, 3 residents",60308.22,"High Physical Support","Enrolled",1,0,0,1,"askus@justsda.com.au","0402527251","https://www.housinghub.org.au/property-detail/sda/just-sda-management-pty-ltd/bracken-ridge-qld/20768/nmsvh","","","",""
"KANYINI INDEPENDENT CARE","Elizabeth North SA 5113","Group home, 4 residents",50079.15,"High Physical Support","Enrolled",3,0,0,1,"info@resicaresa.com.au","08 7085 063","https://www.housinghub.org.au/property-detail/sda/resicaresa/elizabeth-north-sa/16169/3hmm4","","","",""
"KinKera Community","Liverpool NSW 2170","Villa / Duplex / Townhouse, 1 residents",67712,"Robust","Enrolled",2,0,0,1,"hello@kinkera.com.au","1300 082 353","https://www.housinghub.org.au/property-detail/sda/kinkera-community/liverpool-nsw/16183/5467","","","",""
"KinKera Community","Liverpool NSW 2170","Villa / Duplex / Townhouse, 2 residents",42247,"Robust","Enrolled",1,0,0,1,"hello@kinkera.com.au","13 00082353","https://www.housinghub.org.au/property-detail/16183/5467","","","",""
"KinKera Community","Auburn NSW 2144","Apartment, 2 bedroom, 1 resident",112031.22,"High Physical Support","Enrolled",6,1,0,1,"hello@kinkera.com.au","13 00082353","https://www.housinghub.org.au/property-detail/16183/RYQE8","","","",""
"KinKera Community","Kirwan QLD 4817","House, 2 residents",92637.27,"Robust","Enrolled",2,1,0,1,"hello@kinkera.com.au","1300 082 353","https://www.housinghub.org.au/property-detail/sda/kinkera-community/kirwan-qld/16183/iz42k","","","",""
"KinKera Community","Rokeby TAS 7019","House, 2 residents",89262,"High Physical Support","Enrolled",1,1,0,1,"hello@kinkera.com.au","13 00082353","https://www.housinghub.org.au/property-detail/16183/W9J33","","","",""
"KinKera Community","Broken Hill NSW 2880","House, 3 residents",58171.96,"Improved Liveability","Enrolled",1,1,0,1,"hello@kinkera.com.au","1300 082 353","https://www.housinghub.org.au/property-detail/sda/kinkera-community/broken-hill-nsw/16183/vrd3e","","","",""
"KinKera Community","Gagebrook TAS 7030","Villa / Duplex / Townhouse, 1 residents",68809.88,"Robust","Enrolled",2,1,0,1,"hello@kinkera.com.au","1300 082 353","https://www.housinghub.org.au/property-detail/sda/kinkera-community/gagebrook-tas/16183/t21am","","","",""
"KinKera Community","Kingscote SA 5223","House, 2 residents",91245.6,"High Physical Support","Enrolled",2,1,0,1,"hello@kinkera.com.au","13 00082353","https://www.housinghub.org.au/property-detail/sda/kinkera-community/kingscote-sa/16183/76B2G","","","",""
"KinKera Community","Ob Flat SA 5291","House, 3 residents",53564.28,"Improved Liveability","Enrolled",3,1,0,1,"hello@kinkera.com.au","1300 082 353","https://www.housinghub.org.au/property-detail/sda/kinkera-community/ob-flat-sa/16183/d5xwp","","","",""
"KinKera Community","Port Lincoln SA 5606","Villa / Duplex / Townhouse, 1 residents",92436.82,"Robust","Enrolled",2,1,0,1,"hello@kinkera.com.au","1300 082 353","https://www.housinghub.org.au/property-detail/sda/kinkera-community/port-lincoln-sa/16183/anahe","","","",""
"KinKera Community","Port Lincoln SA 5606","House, 2 residents",93960.63,"Improved Liveability","Enrolled",2,1,0,1,"hello@kinkera.com.au","1300 082 353","https://www.housinghub.org.au/property-detail/sda/kinkera-community/port-lincoln-sa/16183/dyik4","","","",""
"LARDNER SDA","Richmond SA 5033","House, 2 residents",78745.28,"Improved Liveability","Enrolled",1,0,0,1,"jonathan@lardnersda.com.au","","https://www.housinghub.org.au/property-detail/sda/lardner-sda/richmond-sa/p5ssy/a7ydh","","","",""
"LIVEABILITY WA","Hamilton Hill WA 6163","House, 2 residents",76588.3,"Fully Accessible","Enrolled",2,0,0,1,"liveability@gmail.com","08 6244 1481","https://www.housinghub.org.au/property-detail/sda/liveability-wa/hamilton-hill-wa/2lhv2/bqwgl","","","",""
"LIVEABLE HOMES AUSTRALIA PTY LTD","Avenell Heights QLD 4670","House, 2 residents",78177.12,"High Physical Support","Enrolled",1,1,0,1,"dan@liveablehomesaustralia.com.au","04 77710731","","","","",""
"LIVEABLE HOMES AUSTRALIA PTY LTD","Maryborough QLD 4650","Group home, 4 residents",44524.2,"High Physical Support","Enrolled",1,1,0,1,"dan@liveablehomesaustralia.com.au","04 77710731","","","","",""
"LIVEABLE HOMES AUSTRALIA PTY LTD","Norman Gardens QLD 4701","Group home, 4 residents",54595.15,"High Physical Support","Enrolled",2,1,0,1,"dan@liveablehomesaustralia.com.au","04 77710731","","","","",""
"LIVEABLE HOMES AUSTRALIA PTY LTD","Norman Gardens QLD 4701","House, 3 residents",66546.24,"High Physical Support","Enrolled",2,1,0,1,"dan@liveablehomesaustralia.com.au","04 77710731","","","","",""
"LIVEABLE HOMES AUSTRALIA PTY LTD","Avenell Heights QLD 4670","House, 3 residents",54270.72,"High Physical Support","Enrolled",1,1,0,1,"dan@liveablehomesaustralia.com.au","04 77710731","","","","",""
"LIVING CARE AUSTRALIA PTY LTD","Rosemeadow NSW 2560","House, 2 residents",69087.84,"Improved Liveability","Enrolled",1,0,0,1,"rm@homecaring.com.au","1300 694 182","https://www.housinghub.org.au/property-detail/sda/homecaring/rosemeadow-nsw/vgq2p/1ns2f","","","",""
"LIVING CARE AUSTRALIA PTY LTD","Melonba NSW 2765","House, 2 residents",90597.42,"High Physical Support","Enrolled",3,0,0,1,"shirley.nguyen@vastplancare.com.au","0298276032","https://www.housinghub.org.au/property-detail/sda/vastplan-care/melonba-nsw/awn59/cne15","","","",""
"LIVING CARE AUSTRALIA PTY LTD","North Richmond NSW 2754","House, 2 residents",87483.92,"High Physical Support","Enrolled",3,1,0,1,"info@newhavenfarm.org.au","45796131","https://www.housinghub.org.au/property-detail/sda/new-haven-farm-home/north-richmond-nsw/4xnmf/asmvf","","","",""
"LIVING WELL PROPERTY MANAGEMENT PTY LTD","Springwood QLD 4127","Apartment, 2 bedroom, 1 resident",125300.21,"High Physical Support","Enrolled",1,0,0,1,"support@livingwellpropertymanagement.com","","https://www.housinghub.org.au/property-detail/sda/living-well-property-management-pty-ltd/springwood-qld/uvhhv/7mmlx","","","",""
"LIVING WELL PROPERTY MANAGEMENT PTY LTD","Bracken Ridge QLD 4017","House, 2 residents",77205.38,"Improved Liveability","Enrolled",2,0,0,1,"support@livingwellpropertymanagement.com","","https://www.housinghub.org.au/property-detail/sda/living-well-property-management-pty-ltd/bracken-ridge-qld/uvhhv/z1jrs","","","",""
"LIVING WELL PROPERTY MANAGEMENT PTY LTD","Coopers Plains QLD 4108","Villa / Duplex / Townhouse, 1 residents",76953,"High Physical Support","Enrolled",1,0,0,1,"support@livingwellpropertymanagement.com","","https://www.housinghub.org.au/property-detail/sda/living-well-property-management-pty-ltd/coopers-plains-qld/uvhhv/rh4fi","","","",""
"LIVING WELL SOLUTIONS PTY LTD","Charlemont VIC 3217","House, 2 residents",86553.24,"High Physical Support","Enrolled",1,1,0,1,"trisha@livingwellsolutions.com.au","","https://www.housinghub.org.au/property-detail/sda/living-well-solutions/charlemont-vic/16032/988bq","","","",""
"Life Care Assist Australia","Pascoe Vale South VIC 3044","House, 2 residents",83311.2,"High Physical Support","Enrolled",1,1,0,1,"info@lifecareassist.com.au","0392504070","https://www.housinghub.org.au/property-detail/sda/appc-developments-ta-life-care-assist/pascoe-vale-south-vic/iimv3/dvalf","","","",""
"Life Care Assist Australia","Wollert VIC 3750","House, 2 residents",89262,"High Physical Support","Enrolled",1,1,0,1,"info@lifecareassist.com.au","0392504070","https://www.housinghub.org.au/property-detail/sda/appc-developments-ta-life-care-assist/wollert-vic/iimv3/vlhjx","","","",""
"Life Care Assist Australia","Mernda VIC 3754","House, 2 residents",89262,"High Physical Support","Enrolled",1,1,0,1,"info@lifecareassist.com.au","0392504070","https://www.housinghub.org.au/property-detail/sda/appc-developments-ta-life-care-assist/mernda-vic/iimv3/71m6w","","","",""
"Life Care Assist Australia","Epping VIC 3076","House, 3 residents",58147.2,"High Physical Support","Enrolled",2,1,0,1,"info@lifecareassist.com.au","0392504070","https://www.housinghub.org.au/property-detail/sda/appc-developments-ta-life-care-assist/epping-vic/iimv3/411i4","","","",""
"Life Care Assist Australia","Clyde North VIC 3978","House, 3 residents",63492.88,"High Physical Support","Enrolled",2,1,0,1,"operations@selecthomeliving.com.au","0473074815","https://www.housinghub.org.au/property-detail/sda/select-home-living-pty-ltd/clyde-north-vic/20413/hf1ag","","","",""
"Life Care Assist Australia","East Bendigo VIC 3550","House, 2 residents",79107.8,"High Physical Support","Enrolled",1,1,0,1,"info@lifecareassist.com.au","0392504070","https://www.housinghub.org.au/property-detail/sda/appc-developments-ta-life-care-assist/east-bendigo-vic/iimv3/7xb3l","","","",""
"Life Care Assist Australia","East Bendigo VIC 3550","House, 2 residents",79107.8,"High Physical Support","Enrolled",1,1,0,1,"info@lifecareassist.com.au","0392504070","https://www.housinghub.org.au/property-detail/sda/appc-developments-ta-life-care-assist/east-bendigo-vic/iimv3/n786a","","","",""
"Life Care Assist Australia","Mornington VIC 3931","House, 2 residents",89262,"High Physical Support","Enrolled",2,1,0,1,"info@lifecareassist.com.au","0392504070","https://www.housinghub.org.au/property-detail/sda/appc-developments-ta-life-care-assist/mornington-vic/iimv3/ezi6s","","","",""
"Life Health Services Pty Ltd","Caroline Springs VIC 3023","Group home, 4 residents",6865.04,"Basic","Enrolled",2,0,0,0,"info@genesishealthservices.com.au","0422251596","https://www.housinghub.org.au/property-detail/sda/genesis-health-services/caroline-springs-vic/5721/7415","","","",""
"Life Health Services Pty Ltd","Noble Park VIC 3174","Villa / Duplex / Townhouse, 1 residents",64749.15,"Robust","Enrolled",2,1,0,0,"info@genesishealthservices.com.au","0422251596","https://www.housinghub.org.au/property-detail/sda/genesis-health-services/noble-park-vic/5721/7438","","","",""
"Life Without Barriers","Glenvale QLD 4350","Villa / Duplex / Townhouse, 2 residents",29666.13,"Improved Liveability","Enrolled",1,0,0,0,"disability.enquiries@lwb.org.au","1800610699","https://www.housinghub.org.au/property-detail/sda/life-without-barriers-ndhu/glenvale-qld/16401/fkkqd","","","",""
"Link Wentworth Housing Ltd","Pennant Hills NSW 2120","Group home, 4 residents",9700.6,"Basic","Enrolled",1,0,0,0,"arnel.landicho@linkwentworth.org.au","131421","https://www.housinghub.org.au/property-detail/sda/link-wentworth/pennant-hills-nsw/13162/4307","","","",""
"Link Wentworth Housing Ltd","West Pennant Hills NSW 2125","Group home, 5 residents",8245.8,"Basic","Enrolled",1,1,0,0,"ask@cerebralpalsy.org.au","1300 888 378","https://www.housinghub.org.au/property-detail/sda/cerebral-palsy-alliance/west-pennant-hills-nsw/11706/x6rxw","","","",""
"Link Wentworth Housing Ltd","Asquith NSW 2077","Group home, 5 residents",8978.76,"Basic","Enrolled",1,1,0,0,"ask@cerebralpalsy.org.au","1300 888 378","https://www.housinghub.org.au/property-detail/sda/cerebral-palsy-alliance/asquith-nsw/11706/nbppi","","","",""
"Link Wentworth Housing Ltd","Eastwood NSW 2122","Group home, 5 residents",8090.55,"Basic","Enrolled",1,0,0,0,"arnel.landicho@linkwentworth.org.au","131421","https://www.housinghub.org.au/property-detail/sda/link-wentworth/eastwood-nsw/13162/xw1bg","","","",""
"Link Wentworth Housing Ltd","Hornsby Heights NSW 2077","Group home, 5 residents",8978.76,"Basic","Enrolled",1,1,0,0,"ask@cerebralpalsy.org.au","1300 888 378","https://www.housinghub.org.au/property-detail/sda/cerebral-palsy-alliance/hornsby-heights-nsw/11706/6btk1","","","",""
"Link Wentworth Housing Ltd","West Ryde NSW 2114","Group home, 5 residents",8245.8,"Basic","Enrolled",1,1,0,0,"arnel.landicho@linkwentworth.org.au","131421","https://www.housinghub.org.au/property-detail/sda/link-wentworth/west-ryde-nsw/13162/5422","","","",""
"Link Wentworth Housing Ltd","Marsfield NSW 2122","Group home, 5 residents",8090.55,"Basic","Enrolled",2,0,0,0,"arnel.landicho@linkwentworth.org.au","131421","https://www.housinghub.org.au/property-detail/sda/link-wentworth/marsfield-nsw/13162/dvwbs","","","",""
"Link Wentworth Housing Ltd","Terrey Hills NSW 2084","Group home, 5 residents",8306.88,"Basic","Enrolled",1,1,0,0,"arnel.landicho@linkwentworth.org.au","131421","https://www.housinghub.org.au/property-detail/sda/link-wentworth/terrey-hills-nsw/13162/8mkci","","","",""
"Link Wentworth Housing Ltd","Pennant Hills NSW 2120","Group home, 5 residents",8245.8,"Basic","Enrolled",1,1,0,0,"arnel.landicho@linkwentworth.org.au","131421","https://www.housinghub.org.au/property-detail/sda/link-wentworth/pennant-hills-nsw/13162/s9v9k","","","",""
"Link Wentworth Housing Ltd","Frenchs Forest NSW 2086","Group home, 5 residents",8306.88,"Basic","Enrolled",1,1,0,0,"ask@cerebralpalsy.org.au","1300 888 378","https://www.housinghub.org.au/property-detail/sda/cerebral-palsy-alliance/frenchs-forest-nsw/11706/ivx8v","","","",""
"Link Wentworth Housing Ltd","Galston NSW 2159","Group home, 4 residents",8516.48,"Basic","Enrolled",1,1,0,0,"ask@cerebralpalsy.org.au","1300 888 378","https://www.housinghub.org.au/property-detail/sda/cerebral-palsy-alliance/galston-nsw/11706/j3kyr","","","",""
"Link Wentworth Housing Ltd","Mount Colah NSW 2079","Group home, 4 residents",10721.64,"Basic","Enrolled",2,1,0,0,"info@goodhousing.com.au","02 8077 1110","https://www.housinghub.org.au/property-detail/sda/good-housing/mount-colah-nsw/5666/4873","","","",""
"Link Wentworth Housing Ltd","Wahroonga NSW 2076","Group home, 5 residents",8978.76,"Basic","Enrolled",2,1,0,0,"ask@cerebralpalsy.org.au","1300 888 378","https://www.housinghub.org.au/property-detail/sda/cerebral-palsy-alliance/wahroonga-nsw/11706/x67mb","","","",""
"Link Wentworth Housing Ltd","Mona Vale NSW 2103","Group home, 4 residents",9961.24,"Basic","Enrolled",1,1,0,0,"arnel.landicho@linkwentworth.org.au","131421","https://www.housinghub.org.au/property-detail/sda/link-wentworth/mona-vale-nsw/13162/w6m1b","","","",""
"Link Wentworth Housing Ltd","Allambie Heights NSW 2100","Group home, 5 residents",8306.88,"Basic","Enrolled",1,1,0,0,"ask@cerebralpalsy.org.au","1300 888 378","https://www.housinghub.org.au/property-detail/sda/cerebral-palsy-alliance/allambie-heights-nsw/11706/4a9jr","","","",""
"Link Wentworth Housing Ltd","Beacon Hill NSW 2100","Group home, 5 residents",8306.88,"Basic","Enrolled",1,1,0,0,"ask@cerebralpalsy.org.au","1300 888 378","https://www.housinghub.org.au/property-detail/sda/cerebral-palsy-alliance/beacon-hill-nsw/11706/pxzlx","","","",""
"Link Wentworth Housing Ltd","Denistone West NSW 2114","Group home, 4 residents",9885.2,"Basic","Enrolled",1,1,0,0,"arnel.landicho@linkwentworth.org.au","131421","https://www.housinghub.org.au/property-detail/sda/link-wentworth/denistone-west-nsw/13162/aha9n","","","",""
"Link Wentworth Housing Ltd","Elanora Heights NSW 2101","Group home, 5 residents",8306.88,"Basic","Enrolled",2,1,0,0,"arnel.landicho@linkwentworth.org.au","131421","https://www.housinghub.org.au/property-detail/sda/link-wentworth/elanora-heights-nsw/13162/2662","","","",""
"Link Wentworth Housing Ltd","Hornsby NSW 2077","Group home, 5 residents",8978.76,"Basic","Enrolled",1,1,0,0,"arnel.landicho@linkwentworth.org.au","131421","https://www.housinghub.org.au/property-detail/sda/link-wentworth/hornsby-nsw/13162/kj427","","","",""
"Link Wentworth Housing Ltd","Hornsby Heights NSW 2077","Group home, 5 residents",8978.76,"Basic","Enrolled",1,1,0,0,"ask@cerebralpalsy.org.au","1300 888 378","https://www.housinghub.org.au/property-detail/sda/cerebral-palsy-alliance/hornsby-heights-nsw/11706/d695f","","","",""
"Link Wentworth Housing Ltd","Hornsby Heights NSW 2077","Group home, 4 residents",10721.64,"Basic","Enrolled",3,1,0,0,"arnel.landicho@linkwentworth.org.au","131421","https://www.housinghub.org.au/property-detail/sda/link-wentworth/hornsby-heights-nsw/13162/5420","","","",""
"Link Wentworth Housing Ltd","Marsfield NSW 2122","Group home, 4 residents",9885.2,"Basic","Enrolled",1,1,0,0,"arnel.landicho@linkwentworth.org.au","131421","https://www.housinghub.org.au/property-detail/sda/link-wentworth/marsfield-nsw/13162/3713","","","",""
"Link Wentworth Housing Ltd","North Ryde NSW 2113","Group home, 4 residents",9885.2,"Basic","Enrolled",1,1,0,0,"arnel.landicho@linkwentworth.org.au","131421","https://www.housinghub.org.au/property-detail/sda/link-wentworth/north-ryde-nsw/13162/3708","","","",""
"Link Wentworth Housing Ltd","Terrey Hills NSW 2084","Group home, 5 residents",8306.88,"Basic","Enrolled",1,1,0,0,"arnel.landicho@linkwentworth.org.au","131421","https://www.housinghub.org.au/property-detail/sda/link-wentworth/terrey-hills-nsw/13162/mvvsx","","","",""
"Link Wentworth Housing Ltd","Springwood NSW 2777","Group home, 5 residents",15199.47,"Robust","Enrolled",1,0,1,1,"reception@daredisability.org.au","02 47515266","https://www.housinghub.org.au/property-detail/sda/dare-disability-support/springwood-nsw/s93zs/r99pa","","","",""
"Link Wentworth Housing Ltd","Pennant Hills NSW 2120","Apartment, 1 bedroom, 1 resident",83042.28,"Improved Liveability","Enrolled",1,0,0,0,"arnel.landicho@linkwentworth.org.au","131421","https://www.housinghub.org.au/property-detail/sda/link-wentworth/pennant-hills-nsw/13162/3783","","","",""
"Link Wentworth Housing Ltd","Pennant Hills NSW 2120","Apartment, 2 bedroom, 2 resident",37871.04,"Improved Liveability","Enrolled",1,0,0,0,"arnel.landicho@linkwentworth.org.au","131421","https://www.housinghub.org.au/property-detail/sda/link-wentworth/pennant-hills-nsw/13162/3780","","","",""
"Liverty Housing Ltd","Abbotsford VIC 3067","Apartment, 1 bedroom, 1 resident",25904,"Basic","Enrolled",1,1,0,0,"info@liverty.org.au","03 9916 7939","https://www.housinghub.org.au/property-detail/sda/liverty-housing/abbotsford-vic/5662/qkrmx","","","",""
"LizCorp Services Pty Ltd","Midvale WA 6056","House, 3 residents",57231.27,"High Physical Support","Enrolled",2,0,0,1,"enquiries.sil@adelphiliving.com.au","0863316888","https://www.housinghub.org.au/property-detail/sda/adelphi-living/midvale-wa/5719/zt4hw","","","",""
"Luxe Home Living","Schofields NSW 2762","Apartment, 2 bedroom, 1 resident",95163,"High Physical Support","Enrolled",2,0,0,0,"support@sdaresidential.com","61390020300","https://www.housinghub.org.au/property-detail/sda/sda-residential/schofields-nsw/nc5s3/xw6ky","","","",""
"Luxe Home Living","Schofields NSW 2762","Apartment, 2 bedroom, 1 resident",95163,"High Physical Support","Enrolled",1,0,0,0,"support@sdaresidential.com","61390020300","https://www.housinghub.org.au/property-detail/sda/sda-residential/schofields-nsw/nc5s3/dgzxd","","","",""
"Luxe Home Living","St Marys NSW 2760","Apartment, 2 bedroom, 1 resident",107668.99,"High Physical Support","Enrolled",1,1,0,0,"info@ausvijcare.com.au","0422580533","https://www.housinghub.org.au/property-detail/sda/ausvij-care-pty-ltd/saint-marys-nsw/5iakh/m3k9a","","","",""
"MAXIBILITY PTY LTD","Kelso NSW 2795","House, 2 residents",89002.96,"High Physical Support","Enrolled",1,0,0,1,"services@maxibility.net","","https://www.housinghub.org.au/property-detail/sda/maxibility-pty-ltd/kelso-nsw/byhbe/i814f","","","",""
"MAXIBILITY PTY LTD","Collingwood Park QLD 4301","House, 2 residents",74609.64,"High Physical Support","Enrolled",3,0,0,1,"services@maxibility.net","","https://www.housinghub.org.au/property-detail/sda/maxibility-pty-ltd/collingwood-park-qld/byhbe/uncz3","","","",""
"MAXIBILITY PTY LTD","Caerleon NSW 2850","House, 2 residents",,"High Physical Support","Enrolled",3,0,0,1,"services@maxibility.net","","https://www.housinghub.org.au/property-detail/sda/maxibility-pty-ltd/caerleon-nsw/byhbe/cuf2x","","","",""
"MCCALLUM DISABILITY SERVICES","Sebastopol VIC 3350","Villa / Duplex / Townhouse, 2 residents",15059.49,"Robust","Enrolled",1,0,0,0,"intake@mccallum.org.au","5334 1921","https://www.housinghub.org.au/property-detail/sda/mccallum-disability-services/alfredton-vic/11909/k5dr6","","","",""
"MCCALLUM DISABILITY SERVICES","Sebastopol VIC 3350","Villa / Duplex / Townhouse, 2 residents",15059.49,"Robust","Enrolled",1,0,0,0,"intake@mccallum.org.au","5334 1921","https://www.housinghub.org.au/property-detail/sda/mccallum-disability-services/alfredton-vic/11909/6941","","","",""
"MELIORA SDA","Bendigo VIC 3550","House, 3 residents",54916.8,"High Physical Support","Enrolled",3,1,0,1,"george@meliorapropertygroup.com.au","1300367590","https://www.housinghub.org.au/property-detail/sda/meliora-sda/bendigo-vic/ny2i1/rc255","","","",""
"MULTICAP TASMANIA","Downlands TAS 7320","Group home, 4 residents",7239.88,"Improved Liveability","Enrolled",2,0,0,0,"property@multicap.com.au","0364335000","https://www.housinghub.org.au/property-detail/sda/multicap-tasmania/downlands-tas/12490/jih72","","","",""
"MULTICAP TASMANIA","East Cam TAS 7320","House, 2 residents",14320.32,"Fully Accessible","Enrolled",1,0,0,1,"property@multicap.com.au","03 64335000","multicap.com.au","","","",""
"MULTICAP TASMANIA","Newstead TAS 7250","Group home, 4 residents",40013.6,"Fully Accessible","Enrolled",2,1,0,1,"property@multicap.com.au","0364335000","https://www.housinghub.org.au/property-detail/sda/multicap-tasmania/newstead-tas/12490/wy96r","","","",""
"MULTICAP TASMANIA","Claremont TAS 7011","House, 2 residents",83761.2,"High Physical Support","Enrolled",3,1,0,1,"hello@careassure.com.au","08 7071 9276","https://www.housinghub.org.au/property-detail/sda/care-assure/claremont-tas/16380/ah9wy","","","",""
"MULTICAP TASMANIA","St Leonards TAS 7250","House, 3 residents",57501.12,"High Physical Support","Enrolled",2,1,0,1,"property@multicap.com.au","0364335000","https://www.housinghub.org.au/property-detail/sda/multicap-tasmania/saint-leonards-tas/12490/xqktr","","","",""
"MYLIFE HOUSING PTY LTD","Penrith NSW 2750","Apartment, 1 bedroom, 1 resident",109009.68,"High Physical Support","Enrolled",2,0,0,1,"info@mylifehousing.com.au","1300969562","https://www.housinghub.org.au/property-detail/sda/mylife-housing-p-l/penrith-nsw/14879/czruu","","","",""
"MYLIFE HOUSING PTY LTD","Penrith NSW 2750","Apartment, 1 bedroom, 1 resident",86381.36,"Improved Liveability","Enrolled",2,1,0,0,"info@mylifehousing.com.au","1300969562","https://www.housinghub.org.au/property-detail/sda/mylife-housing-p-l/penrith-nsw/14879/8577","","","",""
"MYLIFE HOUSING PTY LTD","Wollongong NSW 2500","Apartment, 1 bedroom, 1 resident",86381.36,"Improved Liveability","Enrolled",1,1,0,0,"info@mylifehousing.com.au","1300969562","https://www.housinghub.org.au/property-detail/sda/mylife-housing-p-l/wollongong-nsw/14879/q4g28","","","",""
"MYLIFE HOUSING PTY LTD","Lidcombe NSW 2141","Apartment, 1 bedroom, 1 resident",107837.7,"High Physical Support","Enrolled",5,1,0,1,"info@mylifehousing.com.au","1300969562","https://www.housinghub.org.au/property-detail/sda/mylife-housing-p-l/lidcombe-nsw/14879/8569","","","",""
"MYLIFE HOUSING PTY LTD","Liverpool NSW 2170","Apartment, 1 bedroom, 1 resident",106770,"High Physical Support","Enrolled",1,1,0,1,"info@mylifehousing.com.au","1300969562","https://www.housinghub.org.au/property-detail/sda/mylife-housing-p-l/liverpool-nsw/14879/7qbz9","","","",""
"MYLIFE HOUSING PTY LTD","Schofields NSW 2762","Apartment, 1 bedroom, 1 resident",96901,"Improved Liveability","Enrolled",1,1,0,1,"info@allarasupportservices.com.au","1300644029","https://www.housinghub.org.au/property-detail/sda/allara-support-services/schofields-nsw/13300/uvwl6","","","",""
"MYLIFE HOUSING PTY LTD","North Strathfield NSW 2137","Apartment, 1 bedroom, 1 resident",109240.95,"Improved Liveability","Enrolled",1,1,0,1,"info@mylifehousing.com.au","1300969562","https://www.housinghub.org.au/property-detail/sda/mylife-housing-p-l/north-strathfield-nsw/14879/iwyar","","","",""
"MYLIFE HOUSING PTY LTD","North Strathfield NSW 2137","Apartment, 1 bedroom, 1 resident",93635.85,"Improved Liveability","Enrolled",1,1,0,0,"marketing@myguardian.com.au","0293367555","https://www.housinghub.org.au/property-detail/sda/my-guardian-group/north-strathfield-nsw/h5nmj/2s2lq","","","",""
"MYLIFE HOUSING PTY LTD","Gosford NSW 2250","Apartment, 1 bedroom, 1 resident",109240.95,"Improved Liveability","Enrolled",1,1,0,1,"info@mylifehousing.com.au","1300969562","https://www.housinghub.org.au/property-detail/sda/mylife-housing-p-l/gosford-nsw/14879/k284d","","","",""
"MYLIFE HOUSING VILLAS","West Bathurst NSW 2795","House, 2 residents",83670.34,"Robust","Enrolled",1,0,0,1,"info@mylifehousing.com.au","1300969562","https://www.housinghub.org.au/property-detail/sda/mylife-housing-p-l/west-bathurst-nsw/14879/15mff","","","",""
"MYXA CARE","Frankston VIC 3199","House, 2 residents",0,"Multi Design Category","Enrolled",2,0,0,1,"info@myxa.com.au","1300 006 992","https://www.housinghub.org.au/property-detail/sda/myxa/frankston-vic/18758/ru4c5","","","",""
"Manly House Group","North Balgowlah NSW 2093","Group home, 5 residents",56078.12,"High Physical Support","Enrolled",1,0,0,1,"tom@manlyhouse.com","","https://www.housinghub.org.au/property-detail/sda/manly-house/north-balgowlah-nsw/5801/2861","","","",""
"Mercy Connect Limited","Lavington NSW 2641","House, 3 residents",7666.64,"Improved Liveability","Enrolled",1,0,0,1,"enquiries@mercyconnect.org.au","02 60433500","https://www.housinghub.org.au/property-detail/sda/mercy-connect/lavington-nsw/11919/blahl","","","",""
"Mercy Connect Limited","Lavington NSW 2641","Group home, 5 residents",6144.32,"Improved Liveability","Enrolled",1,0,0,1,"enquiries@mercyconnect.org.au","02 60433500","https://www.housinghub.org.au/property-detail/sda/mercy-connect/lavington-nsw/11919/yyzbt","","","",""
"Mercy Connect Limited","Lavington NSW 2641","Villa / Duplex / Townhouse, 3 residents",10574.2,"Fully Accessible","Enrolled",1,0,0,1,"enquiries@mercyconnect.org.au","02 60433500","https://www.housinghub.org.au/property-detail/sda/mercy-connect/lavington-nsw/11919/ezsju","","","",""
"MiHaven Care","Parramatta Park QLD 4870","House, 3 residents",62669.76,"High Physical Support","Enrolled",1,1,0,1,"carebdo@mihaven.com.au","04 97308238","https://mihavencare.com.au/index.php/property/inner-city-living/","","","",""
"MiHaven Care","Manunda QLD 4870","Villa / Duplex / Townhouse, 1 residents",73934.02,"Robust","Enrolled",1,1,0,1,"carebdo@mihaven.com.au","04 97308238","https://mihavencare.com.au/index.php/property/robust-villas-in-manunda/","","","",""
"MiHaven Care","Manunda QLD 4870","Villa / Duplex / Townhouse, 1 residents",73934.02,"Robust","Enrolled",1,1,0,1,"carebdo@mihaven.com.au","04 97308238","https://mihavencare.com.au/index.php/property/robust-villas-in-manunda/","","","",""
"MiHaven Care","Manunda QLD 4870","Villa / Duplex / Townhouse, 1 residents",73934.02,"Robust","Enrolled",1,1,0,1,"carebdo@mihaven.com.au","04 97308238","https://mihavencare.com.au/index.php/property/robust-villas-in-manunda/","","","",""
"MiHaven Care","Gordonvale QLD 4865","House, 3 residents",62669.76,"High Physical Support","Enrolled",2,1,0,1,"carebdo@mihaven.com.au","04 97308238","https://mihavencare.com.au/index.php/property/gordonvale-sda/","","","",""
"MiHaven Care","Innisfail QLD 4860","House, 3 residents",62669.76,"High Physical Support","Enrolled",1,1,0,1,"carebdo@mihaven.com.au","04 97308238","https://mihavencare.com.au/index.php/property/live-in-innisfail/","","","",""
"MiHaven Care","Manoora QLD 4870","Villa / Duplex / Townhouse, 1 residents",73934.02,"Robust","Enrolled",1,1,0,1,"carebdo@mihaven.com.au","04 97308238","https://mihavencare.com.au/index.php/search/?location%5B%5D=manoora&bedrooms=","","","",""
"MiHaven Care","Yorkeys Knob QLD 4878","House, 3 residents",62669.76,"High Physical Support","Enrolled",2,1,0,1,"carebdo@mihaven.com.au","04 97308238","https://mihavencare.com.au/index.php/property/live-on-the-cairns-northern-beaches/","","","",""
"MiHaven Care","Yorkeys Knob QLD 4878","House, 3 residents",62669.76,"High Physical Support","Enrolled",1,1,0,1,"carebdo@mihaven.com.au","04 97308238","https://mihavencare.com.au/index.php/property/live-on-the-cairns-northern-beaches/","","","",""
"MiHaven Care","Mareeba QLD 4880","House, 2 residents",95212.8,"High Physical Support","Enrolled",1,1,0,1,"carebdo@mihaven.com.au","04 97308238","https://mihavencare.com.au/index.php/property/mareeba/","","","",""
"MiHaven Care","Mareeba QLD 4880","House, 3 residents",66943.58,"High Physical Support","Enrolled",2,1,0,1,"carebdo@mihaven.com.au","04 97308238","https://mihavencare.com.au/index.php/property/mareeba/","","","",""
"MiHaven Care","Mareeba QLD 4880","House, 3 residents",66943.58,"High Physical Support","Enrolled",2,1,0,1,"carebdo@mihaven.com.au","04 97308238","https://mihavencare.com.au/index.php/property/live-near-the-heart-of-mareeba/","","","",""
"MiHaven Care","Mareeba QLD 4880","House, 3 residents",66943.58,"High Physical Support","Enrolled",3,1,0,1,"carebdo@mihaven.com.au","04 97308238","https://mihavencare.com.au/index.php/property/live-near-the-heart-of-mareeba/","","","",""
"MiHaven Care","Mooroobool QLD 4870","Apartment, 1 bedroom, 1 resident",130975.74,"High Physical Support","Enrolled",1,1,0,1,"carebdo@mihaven.com.au","04 97308238","https://mihavencare.com.au/index.php/property/1-and-2-bedroom-sda-apartments/","","","",""
"MiHaven Care","Mooroobool QLD 4870","Apartment, 2 bedroom, 2 resident",62200.36,"High Physical Support","Enrolled",1,1,0,1,"carebdo@mihaven.com.au","04 97308238","https://mihavencare.com.au/index.php/property/1-and-2-bedroom-sda-apartments/","","","",""
"MiHaven Care","Mooroobool QLD 4870","Apartment, 2 bedroom, 2 resident",62200.36,"High Physical Support","Enrolled",1,1,0,1,"carebdo@mihaven.com.au","04 97308238","https://mihavencare.com.au/index.php/property/1-and-2-bedroom-sda-apartments/","","","",""
"MiHaven Care","Atherton QLD 4883","House, 3 residents",66943.58,"High Physical Support","Enrolled",2,1,0,1,"carebdo@mihaven.com.au","04 97308238","https://mihavencare.com.au/index.php/property/unique-vistas-in-atherton/","","","",""
"MiHaven Care","Mossman QLD 4873","House, 3 residents",66943.58,"High Physical Support","Enrolled",2,1,0,1,"carebdo@mihaven.com.au","04 97308238","https://mihavencare.com.au/index.php/property/mossman-sda-close-to-everything/","","","",""
"MiHaven Care","Mossman QLD 4873","House, 3 residents",66943.58,"High Physical Support","Enrolled",2,1,0,1,"carebdo@mihaven.com.au","04 97308238","https://mihavencare.com.au/index.php/property/mossman-sda-close-to-everything/","","","",""
"MiHaven Care","Yorkeys Knob QLD 4878","House, 3 residents",66943.58,"High Physical Support","Enrolled",2,1,0,1,"carebdo@mihaven.com.au","04 97308238","https://mihavencare.com.au/index.php/property/house-and-villa-close-to-shops-at-yorkeys/","","","",""
"MiHaven Care","Whitfield QLD 4870","House, 3 residents",66943.58,"High Physical Support","Enrolled",1,1,0,1,"carebdo@mihaven.com.au","04 97308238","https://mihavencare.com.au/index.php/property/house-and-villa-in-whitfield/","","","",""
"MiHaven Care","Edmonton QLD 4869","Villa / Duplex / Townhouse, 1 residents",78454.78,"Robust","Enrolled",1,1,0,1,"carebdo@mihaven.com.au","04 97308238","https://mihavencare.com.au/index.php/property/1-bedroom-robust-villas-in-edmonton/","","","",""
"MiHaven Care","Edmonton QLD 4869","Villa / Duplex / Townhouse, 1 residents",78454.78,"Robust","Enrolled",1,1,0,1,"carebdo@mihaven.com.au","04 97308238","https://mihavencare.com.au/index.php/property/1-bedroom-robust-villas-in-edmonton/","","","",""
"MiHaven Care","Mooroobool QLD 4870","House, 3 residents",66943.58,"High Physical Support","Enrolled",1,1,0,1,"carebdo@mihaven.com.au","04 97308238","https://mihavencare.com.au/index.php/property/21-serissa-street-mooroobool/","","","",""
"MiHaven Care","Gordonvale QLD 4865","House, 2 residents",89345.28,"High Physical Support","Enrolled",2,1,0,1,"carebdo@mihaven.com.au","04 97308238","https://mihavencare.com.au/index.php/property/1-greenwood-street-gordonvale/","","","",""
"Minda Housing Limited","St Marys SA 5042","Group home, 4 residents",7014.28,"Basic","Enrolled",1,0,0,0,"info@minda.asn.au","1800164632","https://www.housinghub.org.au/property-detail/sda/minda-housing-ltd/st-marys-sa/5657/8728","","","",""
"Minda Housing Limited","Reynella SA 5161","Group home, 5 residents",10221.63,"Fully Accessible","Enrolled",1,0,0,0,"info@minda.asn.au","1800 164 632","https://mindainc.com.au/","https://www.mindahousing.com.au/","","",""
"Minda Housing Limited","Reynella SA 5161","Group home, 5 residents",10221.63,"Fully Accessible","Enrolled",1,0,0,0,"info@minda.asn.au","1800 164 632","https://mindainc.com.au/housing/reynella/","https://www.mindahousing.com.au/","","",""
"Minda Housing Limited","Mitchell Park SA 5043","Group home, 5 residents",5573.49,"Basic","Enrolled",1,0,0,0,"info@minda.asn.au","1800 164 632","https://mindainc.com.au/housing/mitchell-park-4/","https://www.mindahousing.com.au/","","",""
"Minda Housing Limited","Somerton Park SA 5044","Group home, 5 residents",44156,"High Physical Support","Enrolled",1,1,0,1,"info@minda.asn.au","1800 164 632","https://mindainc.com.au/housing/somerton-park/","https://www.mindahousing.com.au/","","",""
"Minda Housing Limited","Warradale SA 5046","Group home, 4 residents",52474.95,"High Physical Support","Enrolled",1,1,0,1,"info@minda.asn.au","18 00164632","https://mindainc.com.au/","","","",""
"Minda Housing Limited","Plympton Park SA 5038","Group home, 5 residents",10221.63,"Fully Accessible","Enrolled",2,0,0,0,"info@minda.asn.au","1800 164 632","https://mindainc.com.au/housing/plympton-park/","https://www.mindahousing.com.au/","","",""
"Minda Housing Limited","Glenelg North SA 5045","Group home, 4 residents",7014.28,"Basic","Enrolled",1,0,0,0,"ashley.thompson@minda.asn.au","1800164632","www.mindahousing.com.au","","","",""
"Minda Housing Limited","Pasadena SA 5042","Group home, 4 residents",7014.28,"Basic","Enrolled",3,0,0,0,"info@minda.asn.au","1800 164 632","https://mindainc.com.au/","https://www.mindahousing.com.au/","","",""
"Minda Housing Limited","Old Reynella SA 5161","Group home, 5 residents",5573.49,"Basic","Enrolled",1,0,0,0,"info@minda.asn.au","1800 164 632","https://mindainc.com.au/","https://www.mindahousing.com.au/","","",""
"Minda Housing Limited","Morphettville SA 5043","Group home, 5 residents",5573.49,"Basic","Enrolled",1,0,0,0,"info@minda.asn.au","1800 164 632","https://minda.com.au/housing/morphettville/","https://www.mindahousing.com.au/","","",""
"Minda Housing Limited","Seacombe Gardens SA 5047","House, 2 residents",7488.85,"Basic","Enrolled",1,0,0,0,"info@minda.asn.au","1800 164 632","https://mindainc.com.au/","https://www.mindahousing.com.au/","","",""
"Minda Housing Limited","Craigburn Farm SA 5051","Group home, 4 residents",12784.94,"Fully Accessible","Enrolled",2,0,0,1,"info@minda.asn.au","1800 164 632","https://mindainc.com.au/housing/craigburn-farm-7/","https://www.mindahousing.com.au/","","",""
"Minda Housing Limited","Craigburn Farm SA 5051","Group home, 5 residents",10777.77,"Fully Accessible","Enrolled",5,0,0,1,"info@minda.asn.au","1800164632","https://www.housinghub.org.au/property-detail/sda/minda-housing-ltd/craigburn-farm-sa/5657/9246","","","",""
"Minda Housing Limited","Craigburn Farm SA 5051","Group home, 5 residents",10221.63,"Fully Accessible","Enrolled",1,0,0,0,"info@minda.asn.au","1800 164 632","https://mindainc.com.au/","https://www.mindahousing.com.au/","","",""
"Minda Housing Limited","Old Reynella SA 5161","Group home, 4 residents",12784.94,"Fully Accessible","Enrolled",1,0,0,1,"info@minda.asn.au","1800 164 632","https://mindainc.com.au/housing/old-reynella-1/","https://www.mindahousing.com.au/","","",""
"Minda Housing Limited","Park Holme SA 5046","Villa / Duplex / Townhouse, 3 residents",10806.6,"Fully Accessible","Enrolled",1,0,0,1,"info@minda.asn.au","1800164632","https://www.housinghub.org.au/property-detail/sda/minda-housing-ltd/park-holme-sa/5657/yxqd9","","","",""
"Minda Housing Limited","Seacombe Gardens SA 5049","House, 2 residents",7488.85,"Basic","Enrolled",1,0,0,0,"info@minda.asn.au","1800 164 632","https://mindainc.com.au/","https://www.mindahousing.com.au/","","",""
"Minda Housing Limited","Seacombe Gardens SA 5049","House, 3 residents",5686.06,"Basic","Enrolled",1,0,0,0,"info@minda.asn.au","1800 164 632","https://mindainc.com.au/","https://www.mindahousing.com.au/","","",""
"Minda Housing Limited","Unley SA 5061","Group home, 4 residents",8669.51,"Improved Liveability","Enrolled",4,0,0,1,"info@minda.asn.au","1800 164 632","https://mindainc.com.au/housing/unley/","https://www.mindahousing.com.au/","","",""
"NAJM DESIGN AND BUILD","Dandenong VIC 3175","House, 3 residents",60498.28,"High Physical Support","Enrolled",2,0,0,1,"info@supportedsteps.com.au","03 9000 0023","https://www.housinghub.org.au/property-detail/sda/supported-steps/dandenong-vic/15641/5016","","","",""
"NATIONWIDE CARE PLUS PTY LTD","Camperdown NSW 2050","Apartment, 2 bedroom, 1 resident",124232.64,"High Physical Support","Enrolled",2,1,0,1,"admin@paramounthomes.com.au","","https://www.housinghub.org.au/property-detail/sda/paramount-disability-homes/camperdown-nsw/7kzhn/tru25","","","",""
"NATIONWIDE CARE PLUS PTY LTD","Camperdown NSW 2050","Apartment, 1 bedroom, 1 resident",105622.09,"Improved Liveability","Enrolled",1,1,0,1,"info@essentialsdahousing.com.au","","https://www.housinghub.org.au/property-detail/sda/essential-sda-housing/camperdown-nsw/i3g98/5bm7u","","","",""
"NDIS/SDA LIFESTYLE HOMES","Collingwood Park QLD 4301","House, 3 residents",51692.76,"High Physical Support","Enrolled",2,0,0,1,"min@ndis-sda.com","","https://www.housinghub.org.au/property-detail/sda/ndis-sda-lifestyle-homes-pty-ltd/collingwood-park-qld/rp3rk/42ptl","","","",""
"NDIS/SDA LIFESTYLE HOMES","Brassall QLD 4305","House, 2 residents",74609.64,"High Physical Support","Enrolled",2,0,0,1,"min@ndis-sda.com","","https://www.housinghub.org.au/property-detail/sda/ndis-sda-lifestyle-homes-pty-ltd/brassall-qld/rp3rk/eab9p","","","",""
"NDIS/SDA LIFESTYLE HOMES","Gympie QLD 4570","Apartment, 1 bedroom, 1 resident",81414,"Improved Liveability","Enrolled",1,0,0,0,"min@ndis-sda.com","","https://www.housinghub.org.au/property-detail/sda/ndis-sda-lifestyle-homes-pty-ltd/gympie-qld/rp3rk/slrxw","","","",""
"NDIS/SDA LIFESTYLE HOMES","Torquay QLD 4655","House, 2 residents",62401.92,"Improved Liveability","Enrolled",2,0,0,1,"min@ndis-sda.com","","https://www.housinghub.org.au/property-detail/sda/ndis-sda-lifestyle-homes-pty-ltd/torquay-qld/rp3rk/9g5nc","","","",""
"NDIS/SDA LIFESTYLE HOMES","Redbank QLD 4301","House, 2 residents",74609.64,"High Physical Support","Enrolled",2,0,0,1,"min@ndis-sda.com","","https://www.housinghub.org.au/property-detail/sda/ndis-sda-lifestyle-homes-pty-ltd/redbank-qld/rp3rk/lbui1","","","",""
"NDIS/SDA LIFESTYLE HOMES","Hemmant QLD 4174","House, 2 residents",81715.32,"High Physical Support","Enrolled",2,0,0,1,"min@ndis-sda.com","","https://www.housinghub.org.au/property-detail/sda/ndis-sda-lifestyle-homes-pty-ltd/hemmant-qld/rp3rk/px2tk","","","",""
"NDIS/SDA LIFESTYLE HOMES","Bracken Ridge QLD 4017","Villa / Duplex / Townhouse, 1 residents",70944.16,"High Physical Support","Enrolled",2,0,0,1,"min@ndis-sda.com","","https://www.housinghub.org.au/property-detail/sda/ndis-sda-lifestyle-homes-pty-ltd/bracken-ridge-qld/rp3rk/zt5pk","","","",""
"NDIS/SDA LIFESTYLE HOMES","Kalkie QLD 4670","House, 2 residents",74609.64,"High Physical Support","Enrolled",2,0,0,1,"min@ndis-sda.com","","https://www.housinghub.org.au/property-detail/sda/ndis-sda-lifestyle-homes-pty-ltd/kalkie-heights-qld/rp3rk/n1a9v","","","",""
"NDIS/SDA LIFESTYLE HOMES","Bracken Ridge QLD 4017","House, 2 residents",87044.58,"High Physical Support","Enrolled",2,0,0,1,"min@ndis-sda.com","","https://www.housinghub.org.au/property-detail/sda/ndis-sda-lifestyle-homes-pty-ltd/bracken-ridge-qld/rp3rk/uwm82","","","",""
"NDIS/SDA LIFESTYLE HOMES","Kalkie QLD 4670","House, 2 residents",74609.64,"High Physical Support","Enrolled",2,0,0,1,"min@ndis-sda.com","","https://www.housinghub.org.au/property-detail/sda/ndis-sda-lifestyle-homes-pty-ltd/kalkie-heights-qld/rp3rk/5fg1r","","","",""
"NECESSITY HOUSING PTY LTD","Griffin QLD 4503","House, 3 residents",54769.71,"High Physical Support","Enrolled",3,0,0,1,"josh@necessityhousing.com","0434078272","https://www.housinghub.org.au/property-detail/sda/necessity-housing/griffin-qld/20437/1t42t","","","",""
"NECESSITY HOUSING PTY LTD","Strathtulloh VIC 3338","House, 2 residents",81081.33,"Robust","Enrolled",2,0,0,1,"josh@necessityhousing.com","0434078272","https://www.housinghub.org.au/property-detail/sda/necessity-housing/strathtulloh-vic/20437/b5a97","","","",""
"NECESSITY HOUSING PTY LTD","Weir Views VIC 3338","House, 2 residents",92121.87,"Robust","Enrolled",2,0,1,1,"josh@necessityhousing.com","0434078272","https://www.housinghub.org.au/property-detail/sda/necessity-housing/weir-views-vic/20437/tztwy","","","",""
"NECESSITY HOUSING PTY LTD","Wyndham Vale VIC 3024","House, 2 residents",81081.33,"Robust","Enrolled",1,0,0,1,"josh@necessityhousing.com","0434078272","https://www.housinghub.org.au/property-detail/sda/necessity-housing/wyndham-vale-vic/20437/fnn96","","","",""
"NECESSITY HOUSING PTY LTD","Wyndham Vale VIC 3024","House, 2 residents",86398.87,"Robust","Enrolled",2,0,1,1,"josh@necessityhousing.com","0434078272","https://www.housinghub.org.au/property-detail/sda/necessity-housing/wyndham-vale-vic/20437/8mf7c","","","",""
"NECESSITY HOUSING PTY LTD","Mambourin VIC 3024","House, 2 residents",86398.87,"Robust","Enrolled",2,0,1,1,"josh@necessityhousing.com","0434078272","https://www.housinghub.org.au/property-detail/sda/necessity-housing/mambourin-vic/20437/btnqu","","","",""
"NECESSITY HOUSING PTY LTD","Winter Valley VIC 3358","House, 2 residents",74609.64,"High Physical Support","Enrolled",2,0,0,1,"josh@necessityhousing.com","0434078272","https://www.housinghub.org.au/property-detail/sda/necessity-housing/winter-valley-vic/20437/e9pvn","","","",""
"NECESSITY HOUSING PTY LTD","Weir Views VIC 3338","House, 3 residents",63885.17,"Robust","Enrolled",2,0,1,1,"josh@necessityhousing.com","0434078272","https://www.housinghub.org.au/property-detail/sda/necessity-housing/weir-views-vic/20437/9d4fi","","","",""
"NECESSITY HOUSING PTY LTD","Mambourin VIC 3024","House, 2 residents",86398.87,"Robust","Enrolled",2,0,1,1,"josh@necessityhousing.com","0434078272","https://www.housinghub.org.au/property-detail/sda/necessity-housing/mambourin-vic/20437/7xfmt","","","",""
"NECESSITY HOUSING PTY LTD","Beveridge VIC 3753","House, 2 residents",79938.9,"High Physical Support","Enrolled",2,0,0,1,"josh@necessityhousing.com","0434078272","https://www.housinghub.org.au/property-detail/sda/necessity-housing/beveridge-vic/20437/gtrcl","","","",""
"NECESSITY HOUSING PTY LTD","Werribee VIC 3030","House, 3 residents",59692.83,"High Physical Support","Enrolled",1,0,0,1,"Prachi@zionhealthcare.com.au","1300009466","https://www.housinghub.org.au/property-detail/sda/zion-health-care/werribee-vic/jbcd8/qsxyc","","","",""
"NECESSITY HOUSING PTY LTD","Rokeby TAS 7019","House, 2 residents",79938.9,"High Physical Support","Enrolled",2,0,0,1,"josh@necessityhousing.com","0434078272","https://www.housinghub.org.au/property-detail/sda/necessity-housing/rokeby-tas/20437/w7sd9","","","",""
"NECESSITY HOUSING PTY LTD","Bonnie Brook VIC 3335","House, 2 residents",86156.37,"High Physical Support","Enrolled",2,0,0,1,"josh@necessityhousing.com","0434078272","https://www.housinghub.org.au/property-detail/sda/necessity-housing/bonnie-brook-vic/20437/mullz","","","",""
"NECESSITY HOUSING PTY LTD","Melton South VIC 3338","House, 3 residents",59692.83,"High Physical Support","Enrolled",3,0,0,1,"josh@necessityhousing.com","0434078272","https://www.housinghub.org.au/property-detail/sda/necessity-housing/melton-south-vic/20437/ddqpb","","","",""
"NECESSITY HOUSING PTY LTD","Bohle Plains QLD 4817","House, 3 residents",61539,"High Physical Support","Enrolled",3,0,0,1,"shine@brighterliving.com.au","1300 732 252","https://www.housinghub.org.au/property-detail/sda/brighter-living-australia/bohle-plains-qld/sa21p/kxyw9","","","",""
"NECESSITY HOUSING PTY LTD","Thornhill Park VIC 3335","House, 3 residents",59692.83,"High Physical Support","Enrolled",3,0,0,1,"josh@necessityhousing.com","0434078272","https://www.housinghub.org.au/property-detail/sda/necessity-housing/thornhill-park-vic/20437/zncmp","","","",""
"NECESSITY HOUSING PTY LTD","Melton South VIC 3338","House, 3 residents",59692.83,"High Physical Support","Enrolled",2,0,0,1,"josh@necessityhousing.com","0434078272","https://www.housinghub.org.au/property-detail/sda/necessity-housing/melton-south-vic/20437/fe2pf","","","",""
"NECESSITY HOUSING PTY LTD","Armstrong Creek VIC 3217","House, 2 residents",77737.77,"Robust","Enrolled",3,0,0,1,"josh@necessityhousing.com","0434078272","https://www.housinghub.org.au/property-detail/sda/necessity-housing/armstrong-creek-vic/20437/9200","","","",""
"NECESSITY HOUSING PTY LTD","Wyndham Vale VIC 3024","House, 2 residents",86398.87,"Robust","Enrolled",2,0,1,1,"josh@necessityhousing.com","0434078272","https://www.housinghub.org.au/property-detail/sda/necessity-housing/wyndham-vale-vic/20437/8n9f8","","","",""
"NECESSITY HOUSING PTY LTD","Zuccoli NT 0832","House, 2 residents",104808.78,"High Physical Support","Enrolled",2,0,0,1,"josh@necessityhousing.com","0434078272","https://www.housinghub.org.au/property-detail/sda/necessity-housing/zuccoli-nt/20437/4a1jy","","","",""
"NECESSITY HOUSING PTY LTD","Donnybrook VIC 3064","House, 2 residents",79938.9,"High Physical Support","Enrolled",2,0,0,1,"josh@necessityhousing.com","0434078272","https://www.housinghub.org.au/property-detail/sda/necessity-housing/donnybrook-vic/20437/y41hf","","","",""
"NECESSITY HOUSING PTY LTD","Drysdale VIC 3222","House, 2 residents",86553.24,"High Physical Support","Enrolled",2,1,0,1,"josh@necessityhousing.com","0434078272","https://www.housinghub.org.au/property-detail/sda/necessity-housing/drysdale-vic/20437/2drdu","","","",""
"NECESSITY HOUSING PTY LTD","Fraser Rise VIC 3336","House, 2 residents",86398.87,"Robust","Enrolled",2,0,1,1,"josh@necessityhousing.com","0434078272","https://www.housinghub.org.au/property-detail/sda/necessity-housing/fraser-rise-vic/20437/hb8qi","","","",""
"NECESSITY HOUSING PTY LTD","Zuccoli NT 0832","House, 2 residents",104808.78,"High Physical Support","Enrolled",2,0,0,1,"josh@necessityhousing.com","0434078272","https://www.housinghub.org.au/property-detail/sda/necessity-housing/zuccoli-nt/20437/ub4zf","","","",""
"NECESSITY HOUSING PTY LTD","Bonnie Brook VIC 3335","House, 3 residents",59692.83,"High Physical Support","Enrolled",2,0,0,1,"josh@necessityhousing.com","0434078272","https://www.housinghub.org.au/property-detail/sda/necessity-housing/bonnie-brook-vic/20437/2mdtm","","","",""
"NECESSITY HOUSING PTY LTD","Melton South VIC 3338","House, 2 residents",86398.87,"Robust","Enrolled",2,0,1,1,"josh@necessityhousing.com","0434078272","https://www.housinghub.org.au/property-detail/sda/necessity-housing/melton-south-vic/20437/cm9qs","","","",""
"NECESSITY HOUSING PTY LTD","Armstrong Creek VIC 3217","House, 2 residents",77737.77,"Robust","Enrolled",2,0,0,1,"josh@necessityhousing.com","0434078272","https://www.housinghub.org.au/property-detail/sda/necessity-housing/armstrong-creek-vic/20437/ia12f","","","",""
"NECESSITY HOUSING PTY LTD","Armstrong Creek VIC 3217","House, 2 residents",77737.77,"Robust","Enrolled",2,0,0,1,"josh@necessityhousing.com","0434078272","https://www.housinghub.org.au/property-detail/sda/necessity-housing/armstrong-creek-vic/20437/sy6zg","","","",""
"NECESSITY HOUSING PTY LTD","Tarneit VIC 3029","House, 3 residents",59692.83,"High Physical Support","Enrolled",3,0,0,1,"josh@necessityhousing.com","0434078272","https://www.housinghub.org.au/property-detail/sda/necessity-housing/tarneit-vic/20437/x8hxd","","","",""
"NECESSITY HOUSING PTY LTD","Berrimah NT 0828","House, 3 residents",77529.6,"High Physical Support","Enrolled",3,1,0,1,"josh@necessityhousing.com","0434078272","https://www.housinghub.org.au/property-detail/sda/necessity-housing/berrimah-nt/20437/w5snv","","","",""
"NECESSITY HOUSING PTY LTD","Wollert VIC 3750","House, 2 residents",79938.9,"High Physical Support","Enrolled",2,0,0,1,"info@blossomcommunitycare.com.au","03 8007 2000","https://www.housinghub.org.au/property-detail/sda/blossom-community-care/wollert-vic/19584/hl7q6","","","",""
"NECESSITY HOUSING PTY LTD","Beveridge VIC 3753","House, 2 residents",75230.1,"Robust","Enrolled",2,0,0,1,"josh@necessityhousing.com","0434078272","https://www.housinghub.org.au/property-detail/sda/necessity-housing/beveridge-vic/20437/l7bq4","","","",""
"NECESSITY HOUSING PTY LTD","Beveridge VIC 3753","House, 2 residents",75230.1,"Robust","Enrolled",2,0,0,1,"josh@necessityhousing.com","0434078272","https://www.housinghub.org.au/property-detail/sda/necessity-housing/beveridge-vic/20437/t21ie","","","",""
"NECESSITY HOUSING PTY LTD","Beveridge VIC 3753","House, 2 residents",75230.1,"Robust","Enrolled",1,0,0,1,"josh@necessityhousing.com","0434078272","https://www.housinghub.org.au/property-detail/sda/necessity-housing/beveridge-vic/20437/ly2k8","","","",""
"NECESSITY HOUSING PTY LTD","Melton South VIC 3338","House, 2 residents",81081.33,"Robust","Enrolled",2,0,0,1,"josh@necessityhousing.com","0434078272","https://www.housinghub.org.au/property-detail/sda/necessity-housing/melton-south-vic/20437/zw4iw","","","",""
"NECESSITY HOUSING PTY LTD","Eynesbury VIC 3338","House, 2 residents",81081.33,"Robust","Enrolled",2,0,0,1,"josh@necessityhousing.com","0434078272","https://www.housinghub.org.au/property-detail/sda/necessity-housing/eynesbury-vic/20437/rptk9","","","",""
"NECESSITY HOUSING PTY LTD","Beveridge VIC 3753","House, 2 residents",75230.1,"Robust","Enrolled",1,0,0,1,"josh@necessityhousing.com","0434078272","https://www.housinghub.org.au/property-detail/sda/necessity-housing/beveridge-vic/20437/mq6dr","","","",""
"NECESSITY HOUSING PTY LTD","Beveridge VIC 3753","House, 3 residents",58147.2,"High Physical Support","Enrolled",3,1,0,1,"josh@necessityhousing.com","0434078272","https://www.housinghub.org.au/property-detail/sda/necessity-housing/beveridge-vic/20437/ay436","","","",""
"NECESSITY HOUSING PTY LTD","Clyde VIC 3978","House, 2 residents",85622.56,"High Physical Support","Enrolled",1,1,0,1,"josh@necessityhousing.com","0434078272","https://www.housinghub.org.au/property-detail/sda/necessity-housing/clyde-vic/20437/15iy4","","","",""
"NECESSITY HOUSING PTY LTD","Banya QLD 4551","House, 2 residents",76386.06,"High Physical Support","Enrolled",2,0,0,1,"josh@necessityhousing.com","0434078272","https://www.housinghub.org.au/property-detail/sda/necessity-housing/banya-qld/20437/fms8w","","","",""
"NECESSITY HOUSING PTY LTD","Weir Views VIC 3338","House, 3 residents",59692.83,"High Physical Support","Enrolled",2,0,0,1,"josh@necessityhousing.com","0434078272","https://www.housinghub.org.au/property-detail/sda/necessity-housing/weir-views-vic/20437/klbb3","","","",""
"NECESSITY HOUSING PTY LTD","Officer VIC 3809","House, 2 residents",81945.32,"Robust","Enrolled",2,0,1,1,"josh@necessityhousing.com","0434078272","https://www.housinghub.org.au/property-detail/sda/necessity-housing/officer-vic/20437/4lgfe","","","",""
"NECESSITY HOUSING PTY LTD","Zuccoli NT 0832","House, 2 residents",109820.24,"High Physical Support","Enrolled",2,1,0,1,"shine@brighterliving.com.au","1300 732 252","https://www.housinghub.org.au/property-detail/sda/brighter-living-australia/zuccoli-nt/sa21p/gr37u","","","",""
"NECESSITY HOUSING PTY LTD","Zuccoli NT 0832","House, 3 residents",73846.8,"High Physical Support","Enrolled",2,0,0,1,"shine@brighterliving.com.au","1300 732 252","https://www.housinghub.org.au/property-detail/sda/brighter-living-australia/zuccoli-nt/sa21p/fdqi2","","","",""
"NECESSITY HOUSING PTY LTD","Armstrong Creek VIC 3217","House, 2 residents",86553.24,"High Physical Support","Enrolled",2,1,0,1,"josh@necessityhousing.com","0434078272","https://www.housinghub.org.au/property-detail/sda/necessity-housing/armstrong-creek-vic/20437/a8j3a","","","",""
"NECESSITY HOUSING PTY LTD","Beveridge VIC 3753","House, 2 residents",75230.1,"Robust","Enrolled",2,0,0,1,"josh@necessityhousing.com","0434078272","https://www.housinghub.org.au/property-detail/sda/necessity-housing/beveridge-vic/20437/v2tw3","","","",""
"NECESSITY HOUSING PTY LTD","Wyndham Vale VIC 3024","House, 2 residents",72059.36,"Improved Liveability","Enrolled",2,0,0,1,"josh@necessityhousing.com","0434078272","https://www.housinghub.org.au/property-detail/sda/necessity-housing/wyndham-vale-vic/20437/9mxfv","","","",""
"NECESSITY HOUSING PTY LTD","Beveridge VIC 3753","House, 2 residents",80163.9,"Robust","Enrolled",2,0,1,1,"operations@selecthomeliving.com.au","0473074815","https://www.housinghub.org.au/property-detail/sda/select-home-living-pty-ltd/beveridge-vic/20413/n2yag","","","",""
"NECESSITY HOUSING PTY LTD","Beveridge VIC 3753","House, 2 residents",75230.1,"Robust","Enrolled",2,0,0,1,"josh@necessityhousing.com","0434078272","https://www.housinghub.org.au/property-detail/sda/necessity-housing/beveridge-vic/20437/npnjg","","","",""
"NECESSITY HOUSING PTY LTD","Beveridge VIC 3753","House, 2 residents",75230.1,"Robust","Enrolled",2,0,0,1,"josh@necessityhousing.com","0434078272","https://www.housinghub.org.au/property-detail/sda/necessity-housing/beveridge-vic/20437/n2cfz","","","",""
"NECESSITY HOUSING PTY LTD","Beveridge VIC 3753","House, 2 residents",75230.1,"Robust","Enrolled",2,0,0,1,"josh@necessityhousing.com","0434078272","https://www.housinghub.org.au/property-detail/sda/necessity-housing/beveridge-vic/20437/veccj","","","",""
"NECESSITY HOUSING PTY LTD","Bonnie Brook VIC 3335","House, 3 residents",59692.83,"High Physical Support","Enrolled",3,0,0,1,"josh@necessityhousing.com","0434078272","https://www.housinghub.org.au/property-detail/sda/necessity-housing/bonnie-brook-vic/20437/sej27","","","",""
"NECESSITY HOUSING PTY LTD","Weir Views VIC 3338","House, 2 residents",81081.33,"Robust","Enrolled",2,0,0,1,"josh@necessityhousing.com","0434078272","https://www.housinghub.org.au/property-detail/sda/necessity-housing/weir-views-vic/20437/t7nw4","","","",""
"NECESSITY HOUSING PTY LTD","Donnybrook VIC 3064","House, 2 residents",75230.1,"Robust","Enrolled",2,0,0,1,"josh@necessityhousing.com","0434078272","https://www.housinghub.org.au/property-detail/sda/necessity-housing/donnybrook-vic/20437/wel8k","","","",""
"NECESSITY HOUSING PTY LTD","Armstrong Creek VIC 3217","House, 2 residents",86553.24,"High Physical Support","Enrolled",2,1,0,1,"josh@necessityhousing.com","0434078272","https://www.housinghub.org.au/property-detail/sda/necessity-housing/armstrong-creek-vic/20437/a2hcr","","","",""
"NECESSITY HOUSING PTY LTD","Clyde North VIC 3978","House, 2 residents",85622.56,"High Physical Support","Enrolled",2,1,0,1,"josh@necessityhousing.com","0434078272","https://www.housinghub.org.au/property-detail/sda/necessity-housing/clyde-north-vic/20437/weg52","","","",""
"NECESSITY HOUSING PTY LTD","Armstrong Creek VIC 3217","House, 2 residents",77737.77,"Robust","Enrolled",2,0,0,1,"josh@necessityhousing.com","0434078272","https://www.housinghub.org.au/property-detail/sda/necessity-housing/armstrong-creek-vic/20437/qn2jz","","","",""
"NECESSITY HOUSING PTY LTD","Tarneit VIC 3029","House, 2 residents",90275.96,"High Physical Support","Enrolled",2,1,0,1,"josh@necessityhousing.com","0434078272","https://www.housinghub.org.au/property-detail/sda/necessity-housing/tarneit-vic/20437/2ps4h","","","",""
"NECESSITY HOUSING PTY LTD","Winter Valley VIC 3358","House, 2 residents",70214.76,"Robust","Enrolled",2,0,0,1,"josh@necessityhousing.com","0434078272","https://www.housinghub.org.au/property-detail/sda/necessity-housing/winter-valley-vic/20437/attma","","","",""
"NECESSITY HOUSING PTY LTD","Werribee VIC 3030","House, 2 residents",90275.96,"High Physical Support","Enrolled",2,1,0,1,"josh@necessityhousing.com","0434078272","https://www.housinghub.org.au/property-detail/sda/necessity-housing/werribee-vic/20437/hfara","","","",""
"NECESSITY HOUSING PTY LTD","Deanside VIC 3336","House, 2 residents",90275.96,"High Physical Support","Enrolled",2,1,0,1,"josh@necessityhousing.com","0434078272","https://www.housinghub.org.au/property-detail/sda/necessity-housing/deanside-vic/20437/5lt5k","","","",""
"NECESSITY HOUSING PTY LTD","Clyde North VIC 3978","House, 3 residents",47108.6,"Improved Liveability","Enrolled",3,0,0,1,"kalpesh@blueheart.com.au","61 59957709","https://www.housinghub.org.au/property-detail/sda/blue-heart-community-care/clyde-north-vic/16968/v1y1p","","","",""
"NECESSITY HOUSING PTY LTD","Armstrong Creek VIC 3217","House, 2 residents",77737.77,"Robust","Enrolled",2,0,0,1,"josh@necessityhousing.com","0434078272","https://www.housinghub.org.au/property-detail/sda/necessity-housing/armstrong-creek-vic/20437/rr41i","","","",""
"NECESSITY HOUSING PTY LTD","Armstrong Creek VIC 3217","House, 2 residents",82603.53,"High Physical Support","Enrolled",2,0,0,1,"josh@necessityhousing.com","0434078272","https://www.housinghub.org.au/property-detail/sda/necessity-housing/armstrong-creek-vic/20437/rfygs","","","",""
"NECESSITY HOUSING PTY LTD","Old Noarlunga SA 5168","House, 2 residents",92137.32,"High Physical Support","Enrolled",2,1,0,1,"josh@necessityhousing.com","0434078272","https://www.housinghub.org.au/property-detail/sda/necessity-housing/old-noarlunga-sa/20437/mlhy8","","","",""
"NECESSITY HOUSING PTY LTD","Lara VIC 3212","House, 2 residents",86553.24,"High Physical Support","Enrolled",2,1,0,1,"josh@necessityhousing.com","0434078272","https://www.housinghub.org.au/property-detail/sda/necessity-housing/lara-vic/20437/dfewl","","","",""
"NECESSITY HOUSING PTY LTD","Angle Vale SA 5117","House, 3 residents",54888.57,"Fully Accessible","Enrolled",3,1,0,1,"josh@necessityhousing.com","0434078272","https://www.housinghub.org.au/property-detail/sda/necessity-housing/angle-vale-sa/20437/64fk5","","","",""
"NECESSITY HOUSING PTY LTD","Beveridge VIC 3753","House, 2 residents",83761.2,"High Physical Support","Enrolled",2,1,0,1,"josh@necessityhousing.com","0434078272","https://www.housinghub.org.au/property-detail/sda/necessity-housing/beveridge-vic/20437/eqd51","","","",""
"NECESSITY HOUSING PTY LTD","Weir Views VIC 3338","House, 2 residents",90275.96,"High Physical Support","Enrolled",2,1,0,1,"josh@necessityhousing.com","0434078272","https://www.housinghub.org.au/property-detail/sda/necessity-housing/weir-views-vic/20437/xc92g","","","",""
"NECESSITY HOUSING PTY LTD","Old Noarlunga SA 5168","House, 2 residents",84065.85,"High Physical Support","Enrolled",2,0,0,1,"josh@necessityhousing.com","0434078272","https://www.housinghub.org.au/property-detail/sda/necessity-housing/old-noarlunga-sa/20437/qtybh","","","",""
"NECESSITY HOUSING PTY LTD","Wollert VIC 3750","House, 2 residents",83761.2,"High Physical Support","Enrolled",2,1,0,1,"josh@necessityhousing.com","0434078272","https://www.housinghub.org.au/property-detail/sda/necessity-housing/wollert-vic/20437/rabde","","","",""
"NECESSITY HOUSING PTY LTD","Narangba QLD 4504","House, 2 residents",66116.32,"Improved Liveability","Enrolled",1,0,0,1,"josh@necessityhousing.com","0434078272","https://www.housinghub.org.au/property-detail/sda/necessity-housing/narangba-qld/20437/nae2k","","","",""
"NECESSITY HOUSING PTY LTD","Wollert VIC 3750","House, 2 residents",83761.2,"High Physical Support","Enrolled",1,1,0,1,"josh@necessityhousing.com","0434078272","https://www.housinghub.org.au/property-detail/sda/necessity-housing/wollert-vic/20437/avdr1","","","",""
"NECESSITY HOUSING PTY LTD","Truganina VIC 3029","House, 2 residents",90275.96,"High Physical Support","Enrolled",2,1,0,1,"josh@necessityhousing.com","0434078272","https://www.housinghub.org.au/property-detail/sda/necessity-housing/truganina-vic/20437/dx5le","","","",""
"NECESSITY HOUSING PTY LTD","Winter Valley VIC 3358","House, 2 residents",62401.92,"Improved Liveability","Enrolled",2,0,0,1,"josh@necessityhousing.com","0434078272","https://www.housinghub.org.au/property-detail/sda/necessity-housing/winter-valley-vic/20437/w36rg","","","",""
"NECESSITY HOUSING PTY LTD","Magra TAS 7140","House, 2 residents",79938.9,"High Physical Support","Enrolled",2,0,0,1,"josh@necessityhousing.com","0434078272","https://www.housinghub.org.au/property-detail/sda/necessity-housing/magra-tas/20437/bt3bn","","","",""
"NECESSITY HOUSING PTY LTD","Donnybrook VIC 3064","House, 3 residents",58147.2,"High Physical Support","Enrolled",3,1,0,1,"josh@necessityhousing.com","0434078272","https://www.housinghub.org.au/property-detail/sda/necessity-housing/donnybrook-vic/20437/jee56","","","",""
"NECESSITY HOUSING PTY LTD","Wollert VIC 3750","House, 2 residents",80163.9,"Robust","Enrolled",1,0,1,1,"carechoicehomes@carechoice.com.au","1300737942","https://www.housinghub.org.au/property-detail/sda/carechoice/wollert-vic/5653/5klu1","","","",""
"NECESSITY HOUSING PTY LTD","Victoria Point QLD 4165","House, 2 residents",81715.32,"High Physical Support","Enrolled",2,0,0,1,"josh@necessityhousing.com","0434078272","https://www.housinghub.org.au/property-detail/sda/necessity-housing/victoria-point-qld/20437/puqdu","","","",""
"NECESSITY HOUSING PTY LTD","Tarneit VIC 3029","House, 2 residents",86398.87,"Robust","Enrolled",1,0,1,1,"josh@necessityhousing.com","0434078272","https://www.housinghub.org.au/property-detail/sda/necessity-housing/tarneit-vic/20437/66pxs","","","",""
"NECESSITY HOUSING PTY LTD","Melton South VIC 3338","House, 2 residents",81081.33,"Robust","Enrolled",2,0,0,1,"josh@necessityhousing.com","0434078272","https://www.housinghub.org.au/property-detail/sda/necessity-housing/melton-south-vic/20437/biqnb","","","",""
"NECESSITY HOUSING PTY LTD","Victoria Point QLD 4165","House, 2 residents",81715.32,"High Physical Support","Enrolled",2,0,0,1,"josh@necessityhousing.com","0434078272","https://www.housinghub.org.au/property-detail/sda/necessity-housing/victoria-point-qld/20437/a6rx6","","","",""
"NECESSITY HOUSING PTY LTD","Clyde North VIC 3978","House, 3 residents",59439.36,"High Physical Support","Enrolled",3,1,0,1,"josh@necessityhousing.com","0434078272","https://www.housinghub.org.au/property-detail/sda/necessity-housing/clyde-north-vic/20437/u8nzt","","","",""
"NECESSITY HOUSING PTY LTD","Thrumster NSW 2444","House, 2 residents",83761.2,"High Physical Support","Enrolled",2,1,0,1,"josh@necessityhousing.com","0434078272","https://www.housinghub.org.au/property-detail/sda/necessity-housing/thrumster-nsw/20437/q2yfs","","","",""
"NECESSITY HOUSING PTY LTD","Armstrong Creek VIC 3217","House, 2 residents",82780.23,"Robust","Enrolled",2,0,0,1,"josh@necessityhousing.com","0434078272","https://www.housinghub.org.au/property-detail/sda/necessity-housing/armstrong-creek-vic/20437/xq954","","","",""
"NECESSITY HOUSING PTY LTD","Chambers Flat QLD 4133","House, 3 residents",54714.69,"High Physical Support","Enrolled",3,0,0,1,"josh@necessityhousing.com","0434078272","https://www.housinghub.org.au/property-detail/sda/necessity-housing/chambers-flat-qld/20437/f158w","","","",""
"NECESSITY HOUSING PTY LTD","Mount Duneed VIC 3217","House, 2 residents",82836.03,"Robust","Enrolled",2,0,1,1,"josh@necessityhousing.com","0434078272","https://www.housinghub.org.au/property-detail/sda/necessity-housing/mount-duneed-vic/20437/5xxja","","","",""
"NECESSITY HOUSING PTY LTD","Armstrong Creek VIC 3217","House, 2 residents",82836.03,"Robust","Enrolled",2,0,1,1,"josh@necessityhousing.com","0434078272","https://www.housinghub.org.au/property-detail/sda/necessity-housing/armstrong-creek-vic/20437/n54vx","","","",""
"NECESSITY HOUSING PTY LTD","Wollert VIC 3750","House, 2 residents",83761.2,"High Physical Support","Enrolled",2,1,0,1,"josh@necessityhousing.com","0434078272","https://www.housinghub.org.au/property-detail/sda/necessity-housing/wollert-vic/20437/1ume4","","","",""
"NECESSITY HOUSING PTY LTD","Armstrong Creek VIC 3217","House, 2 residents",77737.77,"Robust","Enrolled",2,0,0,1,"josh@necessityhousing.com","0434078272","https://www.housinghub.org.au/property-detail/sda/necessity-housing/armstrong-creek-vic/20437/7sivc","","","",""
"NECESSITY HOUSING PTY LTD","Drouin VIC 3818","House, 2 residents",77246.44,"High Physical Support","Enrolled",2,1,0,1,"josh@necessityhousing.com","0434078272","https://www.housinghub.org.au/property-detail/sda/necessity-housing/drouin-vic/20437/zelhp","","","",""
"NECESSITY HOUSING PTY LTD","Clyde North VIC 3978","House, 2 residents",85622.56,"High Physical Support","Enrolled",2,1,0,1,"josh@necessityhousing.com","0434078272","https://www.housinghub.org.au/property-detail/sda/necessity-housing/clyde-north-vic/20437/1w2tg","","","",""
"NECESSITY HOUSING PTY LTD","Koo Wee Rup VIC 3981","House, 3 residents",59439.36,"High Physical Support","Enrolled",3,1,0,1,"admin@paramounthomes.com.au","","https://www.housinghub.org.au/property-detail/sda/paramount-disability-homes/koo-wee-rup-vic/7kzhn/da865","","","",""
"NECESSITY HOUSING PTY LTD","Armstrong Creek VIC 3217","House, 2 residents",77737.77,"Robust","Enrolled",2,0,0,1,"josh@necessityhousing.com","0434078272","https://www.housinghub.org.au/property-detail/sda/necessity-housing/armstrong-creek-vic/20437/vzpch","","","",""
"NECESSITY HOUSING PTY LTD","Melton South VIC 3338","House, 2 residents",86398.87,"Robust","Enrolled",2,0,1,1,"josh@necessityhousing.com","0434078272","https://www.housinghub.org.au/property-detail/sda/necessity-housing/melton-south-vic/20437/myjup","","","",""
"NECESSITY HOUSING PTY LTD","Armstrong Creek VIC 3217","House, 2 residents",82603.53,"High Physical Support","Enrolled",2,0,0,1,"josh@necessityhousing.com","0434078272","https://www.housinghub.org.au/property-detail/sda/necessity-housing/armstrong-creek-vic/20437/5kbjb","","","",""
"NECESSITY HOUSING PTY LTD","Eynesbury VIC 3338","House, 2 residents",72059.36,"Improved Liveability","Enrolled",2,0,0,1,"josh@necessityhousing.com","0434078272","https://www.housinghub.org.au/property-detail/sda/necessity-housing/eynesbury-vic/20437/76flw","","","",""
"NECESSITY HOUSING PTY LTD","Armstrong Creek VIC 3217","House, 2 residents",86553.24,"High Physical Support","Enrolled",2,1,0,1,"josh@necessityhousing.com","0434078272","https://www.housinghub.org.au/property-detail/sda/necessity-housing/armstrong-creek-vic/20437/iqh3n","","","",""
"NECESSITY HOUSING PTY LTD","Harkness VIC 3337","House, 3 residents",59692.83,"High Physical Support","Enrolled",3,0,0,1,"josh@necessityhousing.com","0434078272","https://www.housinghub.org.au/property-detail/sda/necessity-housing/harkness-vic/20437/8th16","","","",""
"NECESSITY HOUSING PTY LTD","Officer VIC 3809","House, 2 residents",85622.56,"High Physical Support","Enrolled",2,1,0,1,"josh@necessityhousing.com","0434078272","https://www.housinghub.org.au/property-detail/sda/necessity-housing/officer-vic/20437/gyelp","","","",""
"NECESSITY HOUSING PTY LTD","Tarneit VIC 3029","House, 2 residents",90275.96,"High Physical Support","Enrolled",2,1,0,1,"josh@necessityhousing.com","0434078272","https://www.housinghub.org.au/property-detail/sda/necessity-housing/tarneit-vic/20437/89dgc","","","",""
"NECESSITY HOUSING PTY LTD","Sebastopol VIC 3356","House, 2 residents",78177.12,"High Physical Support","Enrolled",3,1,0,1,"josh@necessityhousing.com","0434078272","https://www.housinghub.org.au/property-detail/sda/necessity-housing/sebastopol-vic/20437/5hpd4","","","",""
"NECESSITY HOUSING PTY LTD","Charlemont VIC 3217","House, 2 residents",86553.24,"High Physical Support","Enrolled",2,1,0,1,"admin@mimosacare.com.au","61 03 7300 6132","https://www.housinghub.org.au/property-detail/sda/mimosa-care/charlemont-vic/jqi32/t8nji","","","",""
"NECESSITY HOUSING PTY LTD","Maddingley VIC 3340","House, 2 residents",86398.87,"Robust","Enrolled",2,0,1,1,"josh@necessityhousing.com","0434078272","https://www.housinghub.org.au/property-detail/sda/necessity-housing/maddingley-vic/20437/43gyt","","","",""
"NECESSITY HOUSING PTY LTD","Maddingley VIC 3340","House, 2 residents",81081.33,"Robust","Enrolled",2,0,0,1,"josh@necessityhousing.com","0434078272","https://www.housinghub.org.au/property-detail/sda/necessity-housing/maddingley-vic/20437/4lwtj","","","",""
"NECESSITY HOUSING PTY LTD","Port Augusta SA 5700","House, 2 residents",105166.84,"High Physical Support","Enrolled",2,1,0,1,"josh@necessityhousing.com","0434078272","https://www.housinghub.org.au/property-detail/sda/necessity-housing/port-augusta-sa/20437/qysrj","","","",""
"NECESSITY HOUSING PTY LTD","Maddingley VIC 3340","House, 2 residents",81081.33,"Robust","Enrolled",2,0,0,1,"josh@necessityhousing.com","0434078272","https://www.housinghub.org.au/property-detail/sda/necessity-housing/maddingley-vic/20437/waew1","","","",""
"NECESSITY HOUSING PTY LTD","Corio VIC 3214","House, 2 residents",82836.03,"Robust","Enrolled",2,0,1,1,"josh@necessityhousing.com","0434078272","https://www.housinghub.org.au/property-detail/sda/necessity-housing/corio-vic/20437/3cnqx","","","",""
"NECESSITY HOUSING PTY LTD","East Bendigo VIC 3550","House, 2 residents",79107.8,"High Physical Support","Enrolled",2,1,0,1,"josh@necessityhousing.com","0434078272","https://www.housinghub.org.au/property-detail/sda/necessity-housing/east-bendigo-vic/20437/k661t","","","",""
"NECESSITY HOUSING PTY LTD","Officer VIC 3809","House, 3 residents",59439.36,"High Physical Support","Enrolled",3,1,0,1,"josh@necessityhousing.com","0434078272","https://www.housinghub.org.au/property-detail/sda/necessity-housing/officer-vic/20437/kdljh","","","",""
"NECESSITY HOUSING PTY LTD","Armstrong Creek VIC 3217","House, 2 residents",82603.53,"High Physical Support","Enrolled",2,0,0,1,"josh@necessityhousing.com","0434078272","https://www.housinghub.org.au/property-detail/sda/necessity-housing/armstrong-creek-vic/20437/aypy9","","","",""
"NECESSITY HOUSING PTY LTD","Lara VIC 3212","House, 2 residents",86553.24,"High Physical Support","Enrolled",2,1,0,1,"josh@necessityhousing.com","0434078272","https://www.housinghub.org.au/property-detail/sda/necessity-housing/lara-vic/20437/kn64c","","","",""
"NECESSITY HOUSING PTY LTD","Armstrong Creek VIC 3217","House, 3 residents",59439.36,"High Physical Support","Enrolled",3,1,0,1,"josh@necessityhousing.com","0434078272","https://www.housinghub.org.au/property-detail/sda/necessity-housing/armstrong-creek-vic/20437/6szpu","","","",""
"NECESSITY HOUSING PTY LTD","Armstrong Creek VIC 3217","House, 3 residents",43746.92,"Improved Liveability","Enrolled",3,0,0,0,"josh@necessityhousing.com","0434078272","https://www.housinghub.org.au/property-detail/sda/necessity-housing/armstrong-creek-vic/20437/qxpff","","","",""
"NECESSITY HOUSING PTY LTD","Colac VIC 3250","House, 2 residents",79107.8,"High Physical Support","Enrolled",2,1,0,1,"josh@necessityhousing.com","0434078272","https://www.housinghub.org.au/property-detail/sda/necessity-housing/colac-vic/20437/grst6","","","",""
"NEON SDA HOMES PTY LTD","Brahma Lodge SA 5109","Group home, 4 residents",0,"Multi Design Category","Enrolled",1,0,0,1,"info@aeondisabilityservices.com.au","","https://www.housinghub.org.au/property-detail/sda/aeon-disability-support-services/brahma-lodge-sa/11633/stu37","","","",""
"NEON SDA HOMES PTY LTD","Riverlea Park SA 5120","House, 3 residents",57047.76,"Robust","Enrolled",2,0,0,1,"info@aeondisabilityservices.com.au","","https://www.housinghub.org.au/property-detail/sda/aeon-disability-support-services/riverlea-park-sa/11633/ixz1y","","","",""
"NEON SDA HOMES PTY LTD","Elizabeth Vale SA 5112","House, 2 residents",91507.5,"Robust","Enrolled",2,1,1,1,"info@aeondisabilityservices.com.au","","https://www.housinghub.org.au/property-detail/sda/aeon-disability-support-services/elizabeth-vale-sa/11633/jg5n3","","","",""
"NEW DAWN HOUSING PROPRIETARY LIMITED","Mount Barker SA 5251","House, 3 residents",65759,"High Physical Support","Enrolled",3,0,0,1,"contact@newdawnhousing.com","0881310570","https://www.housinghub.org.au/property-detail/sda/new-dawn-housing/mount-barker-sa/14908/btywc","","","",""
"NEW DAWN HOUSING PROPRIETARY LIMITED","Murray Bridge SA 5253","House, 3 residents",61155.87,"High Physical Support","Enrolled",1,0,0,1,"contact@newdawnhousing.com","0881310570","https://www.housinghub.org.au/property-detail/sda/new-dawn-housing/murray-bridge-sa/14908/nkwi7","","","",""
"NEW DAWN HOUSING PROPRIETARY LIMITED","Angle Vale SA 5117","House, 2 residents",97196.4,"High Physical Support","Enrolled",1,1,0,1,"contact@newdawnhousing.com","0881310570","https://www.housinghub.org.au/property-detail/sda/new-dawn-housing/angle-vale-sa/14908/2mx7z","","","",""
"NEW DAWN HOUSING PROPRIETARY LIMITED","Angle Vale SA 5117","House, 2 residents",97196.4,"High Physical Support","Enrolled",1,1,0,1,"contact@newdawnhousing.com","0881310570","https://www.housinghub.org.au/property-detail/sda/new-dawn-housing/angle-vale-sa/14908/bkwgj","","","",""
"NEW DAWN HOUSING PROPRIETARY LIMITED","Virginia SA 5120","House, 2 residents",97196.4,"High Physical Support","Enrolled",1,1,0,1,"contact@newdawnhousing.com","0881310570","https://www.housinghub.org.au/property-detail/sda/new-dawn-housing/virginia-sa/14908/n69s6","","","",""
"NEW DAWN HOUSING PROPRIETARY LIMITED","Elizabeth South SA 5112","House, 2 residents",97196.4,"High Physical Support","Enrolled",1,1,0,1,"contact@newdawnhousing.com","0881310570","https://www.housinghub.org.au/property-detail/sda/new-dawn-housing/elizabeth-south-sa/14908/pmml3","","","",""
"NEW DAWN HOUSING PROPRIETARY LIMITED","Salisbury North SA 5108","House, 2 residents",97196.4,"High Physical Support","Enrolled",1,1,0,1,"contact@newdawnhousing.com","0881310570","https://www.housinghub.org.au/property-detail/sda/new-dawn-housing/salisbury-north-sa/14908/c4m8a","","","",""
"NEW DAWN HOUSING PROPRIETARY LIMITED","Seaford Meadows SA 5169","House, 2 residents",98188.2,"High Physical Support","Enrolled",1,1,0,1,"contact@newdawnhousing.com","0881310570","https://www.housinghub.org.au/property-detail/sda/new-dawn-housing/seaford-meadows-sa/14908/vi21s","","","",""
"NEW DAWN HOUSING PROPRIETARY LIMITED","Seaford Meadows SA 5169","House, 2 residents",98188.2,"High Physical Support","Enrolled",1,1,0,1,"contact@newdawnhousing.com","0881310570","https://www.housinghub.org.au/property-detail/sda/new-dawn-housing/seaford-meadows-sa/14908/s54sl","","","",""
"NEW DAWN HOUSING PROPRIETARY LIMITED","Mount Barker SA 5251","House, 2 residents",99180,"High Physical Support","Enrolled",1,1,0,1,"contact@newdawnhousing.com","0881310570","https://www.housinghub.org.au/property-detail/sda/new-dawn-housing/mount-barker-sa/14908/syt2c","","","",""
"NEW DAWN HOUSING PROPRIETARY LIMITED","Christies Beach SA 5165","House, 3 residents",68323.86,"High Physical Support","Enrolled",1,1,0,1,"contact@newdawnhousing.com","0881310570","https://www.housinghub.org.au/property-detail/sda/new-dawn-housing/christies-beach-sa/14908/i8kgn","","","",""
"NEW DAWN HOUSING PROPRIETARY LIMITED","Nuriootpa SA 5355","House, 2 residents",99180,"High Physical Support","Enrolled",1,1,0,1,"contact@newdawnhousing.com","0881310570","https://www.housinghub.org.au/property-detail/sda/new-dawn-housing/nuriootpa-sa/14908/r35a8","","","",""
"NEW DAWN HOUSING PROPRIETARY LIMITED","Morphett Vale SA 5162","House, 2 residents",98188.2,"High Physical Support","Enrolled",1,1,0,1,"contact@newdawnhousing.com","0881310570","https://www.housinghub.org.au/property-detail/sda/new-dawn-housing/morphett-vale-sa/14908/jz99w","","","",""
"NEW DAWN HOUSING PROPRIETARY LIMITED","Morphett Vale SA 5162","House, 2 residents",98188.2,"High Physical Support","Enrolled",1,1,0,1,"contact@newdawnhousing.com","0881310570","https://www.housinghub.org.au/property-detail/sda/new-dawn-housing/morphett-vale-sa/14908/chjy3","","","",""
"NEW DAWN HOUSING PROPRIETARY LIMITED","Largs North SA 5016","House, 2 residents",105130.8,"High Physical Support","Enrolled",1,1,0,1,"contact@newdawnhousing.com","0881310570","https://www.housinghub.org.au/property-detail/sda/new-dawn-housing/largs-north-sa/14908/mlw9m","","","",""
"NEW DAWN HOUSING PROPRIETARY LIMITED","Largs North SA 5016","House, 2 residents",105130.8,"High Physical Support","Enrolled",1,1,0,1,"contact@newdawnhousing.com","0881310570","https://www.housinghub.org.au/property-detail/sda/new-dawn-housing/largs-north-sa/14908/gpy8l","","","",""
"NEW DAWN HOUSING PROPRIETARY LIMITED","Mount Barker SA 5251","House, 2 residents",94684,"High Physical Support","Enrolled",1,0,0,1,"contact@newdawnhousing.com","0881310570","https://www.housinghub.org.au/property-detail/sda/new-dawn-housing/mount-barker-sa/14908/yuidm","","","",""
"NEXUS GROWTH CONSULTING PTY LTD","Darley VIC 3340","House, 2 residents",81081.33,"Robust","Enrolled",2,0,0,1,"kiyoshi@nexus-g.com.au","","https://www.housinghub.org.au/property-detail/sda/nexus-growth-consulting-pty-ltd/darley-vic/meujs/2u249","","","",""
"NEXUS GROWTH CONSULTING PTY LTD","Werribee VIC 3030","House, 2 residents",72059.36,"Improved Liveability","Enrolled",2,0,0,1,"kiyoshi@nexus-g.com.au","","https://www.housinghub.org.au/property-detail/sda/nexus-growth-consulting-pty-ltd/werribee-vic/meujs/h2hft","","","",""
"NEXUS GROWTH CONSULTING PTY LTD","Clyde VIC 3978","House, 2 residents",68344.96,"Improved Liveability","Enrolled",2,0,0,1,"kiyoshi@nexus-g.com.au","","https://www.housinghub.org.au/property-detail/sda/nexus-growth-consulting-pty-ltd/clyde-vic/meujs/it9n3","","","",""
"NOVITA HOUSING LTD","Murray Bridge SA 5253","Villa / Duplex / Townhouse, 1 residents",63143.36,"Fully Accessible","Enrolled",1,0,0,1,"enquiries@novitahousing.org.au","08 82438296","https://www.housinghub.org.au/property-detail/sda/novita-housing/murray-bridge-sa/g2a2s/g36bh","","","",""
"NOVITA HOUSING LTD","Murray Bridge SA 5253","House, 2 residents",69763.6,"Fully Accessible","Enrolled",1,0,0,1,"enquiries@novitahousing.org.au","08 82438296","https://www.housinghub.org.au/property-detail/sda/novita-housing/murray-bridge-sa/g2a2s/wbkcu","","","",""
"NOVITA HOUSING LTD","Murray Bridge SA 5253","House, 2 residents",69763.6,"Fully Accessible","Enrolled",2,0,0,1,"enquiries@novitahousing.org.au","08 82438296","https://www.housinghub.org.au/property-detail/sda/novita-housing/murray-bridge-sa/g2a2s/b9tff","","","",""
"Nat Care Australia Pty Ltd","Spotswood VIC 3015","Apartment, 1 bedroom, 1 resident",104634.6,"High Physical Support","Enrolled",1,1,0,1,"info@natcareaustralia.com.au","9561 9000","https://www.housinghub.org.au/property-detail/sda/nat-care-australia/spotswood-vic/f84n7/nksgp","","","",""
"New Haven Farm Home Ltd","Richmond NSW 2753","Group home, 4 residents",40484.86,"Fully Accessible","Enrolled",1,1,0,0,"info@newhavenfarm.org.au","45796131","https://www.housinghub.org.au/property-detail/sda/new-haven-farm-home/richmond-nsw/4xnmf/zrxfq","","","",""
"New Horizons Enterprises Limited","Taree NSW 2430","Villa / Duplex / Townhouse, 1 residents",13452.78,"Basic","Enrolled",1,1,0,0,"mohamadghamraoui@newhorizons.org.au","1300 726 372","https://www.housinghub.org.au/property-detail/sda/new-horizons-enterprises/taree-nsw/18784/84v31","","","",""
"New Horizons Enterprises Limited","Whitebridge NSW 2290","Legacy Stock, 6+ residents",4904.55,"Basic","Enrolled",1,1,0,0,"mohamadghamraoui@newhorizons.org.au","1300 726 372","https://www.housinghub.org.au/property-detail/sda/new-horizons-enterprises/whitebridge-nsw/18784/vmswv","","","",""
"New Horizons Enterprises Limited","Condell Park NSW 2200","Group home, 5 residents",7879.32,"Basic","Enrolled",1,1,0,0,"mohamadghamraoui@newhorizons.org.au","1300 726 372","https://www.housinghub.org.au/property-detail/sda/new-horizons-enterprises/condell-park-nsw/18784/7384","","","",""
"New Horizons Enterprises Limited","Mount Druitt NSW 2770","Group home, 5 residents",6291.24,"Basic","Enrolled",1,1,0,0,"mohamadghamraoui@newhorizons.org.au","1300 726 372","https://www.housinghub.org.au/property-detail/sda/new-horizons-enterprises/mount-druitt-nsw/18784/7405","","","",""
"New Horizons Enterprises Limited","Granville NSW 2142","Group home, 5 residents",7085.28,"Basic","Enrolled",2,1,0,0,"mohamadghamraoui@newhorizons.org.au","1300 726 372","https://www.housinghub.org.au/property-detail/sda/new-horizons-enterprises/granville-nsw/18784/7389","","","",""
"New Horizons Enterprises Limited","Windale NSW 2306","House, 3 residents",6290.96,"Basic","Enrolled",1,0,0,0,"mohamadghamraoui@newhorizons.org.au","1300 726 372","https://www.housinghub.org.au/property-detail/sda/new-horizons-enterprises/windale-nsw/18784/7426","","","",""
"New Horizons Enterprises Limited","Mayfield NSW 2304","Group home, 5 residents",6292.65,"Basic","Enrolled",1,0,0,0,"mohamadghamraoui@newhorizons.org.au","1300 726 372","https://www.housinghub.org.au/property-detail/sda/new-horizons-enterprises/mayfield-nsw/18784/7ljsp","","","",""
"Northcott","Campbelltown NSW 2560","Group home, 4 residents",25191,"High Physical Support","Enrolled",1,0,0,1,"sales@northcott.com.au","","https://www.housinghub.org.au/property-detail/sda/northcott/campbelltown-nsw/12463/5852","","","",""
"Northcott","Merrylands NSW 2160","Villa / Duplex / Townhouse, 1 residents",26929.8,"Fully Accessible","Enrolled",1,0,0,1,"sales@northcott.com.au","","https://www.housinghub.org.au/property-detail/sda/northcott/merrylands-nsw/12463/65djn","","","",""
"OC Connections","Ashwood VIC 3147","Legacy Stock, 6+ residents",5547.58,"Improved Liveability","Enrolled",2,1,0,1,"admin@occonnections.org","03 9569 0603","https://www.housinghub.org.au/property-detail/sda/oc-connections/ashwood-vic/12700/4435","","","",""
"OIKOS LIVING PTY LTD","Elizabeth Park SA 5113","Villa / Duplex / Townhouse, 1 residents",84248.94,"High Physical Support","Enrolled",2,1,0,1,"enquiries@ah.care","0883742444","https://www.housinghub.org.au/property-detail/sda/assured-home-care/elizabeth-sa/21216/qtmbx","","","",""
"ONEJESUS CARE","Kingswood NSW 2747","Villa / Duplex / Townhouse, 1 residents",72104.95,"High Physical Support","Enrolled",6,1,0,0,"intake1@beyondcare.com.au","0286780345","https://www.housinghub.org.au/property-detail/sda/beyond-care/kingswood-nsw/15067/38kkb","","","",""
"OPENING DOORS FOUNDATION LTD","Glenfield Park NSW 2650","Villa / Duplex / Townhouse, 1 residents",54771.42,"Improved Liveability","Enrolled",1,0,0,0,"info@odf.org.au","0269257255","https://www.housinghub.org.au/property-detail/sda/opening-doors-foundation-ltd/glenfield-park-nsw/1ds86/n2cv7","","","",""
"OPENING DOORS FOUNDATION LTD","Glenfield Park NSW 2650","Villa / Duplex / Townhouse, 1 residents",57388.44,"Fully Accessible","Enrolled",1,0,0,0,"info@odf.org.au","0269257255","https://www.housinghub.org.au/property-detail/sda/opening-doors-foundation-ltd/glenfield-park-nsw/1ds86/ksd9p","","","",""
"OPENING DOORS FOUNDATION LTD","Glenfield Park NSW 2650","Villa / Duplex / Townhouse, 1 residents",64363.44,"High Physical Support","Enrolled",1,0,0,0,"info@odf.org.au","0269257255","https://www.housinghub.org.au/property-detail/sda/opening-doors-foundation-ltd/glenfield-park-nsw/1ds86/7wuul","","","",""
"OPENING DOORS FOUNDATION LTD","Glenfield Park NSW 2650","Villa / Duplex / Townhouse, 1 residents",54771.42,"Improved Liveability","Enrolled",1,0,0,0,"info@odf.org.au","0269257255","https://www.housinghub.org.au/property-detail/sda/opening-doors-foundation-ltd/glenfield-park-nsw/1ds86/7wuul","","","",""
"OPENING DOORS FOUNDATION LTD","Glenfield Park NSW 2650","Villa / Duplex / Townhouse, 1 residents",57388.44,"Fully Accessible","Enrolled",1,0,0,0,"info@odf.org.au","0269257255","https://www.housinghub.org.au/property-detail/sda/opening-doors-foundation-ltd/glenfield-park-nsw/1ds86/ksd9p","","","",""
"OPENING DOORS FOUNDATION LTD","Glenfield Park NSW 2650","Villa / Duplex / Townhouse, 1 residents",54771.42,"Improved Liveability","Enrolled",1,0,0,0,"info@odf.org.au","0269257255","https://www.housinghub.org.au/property-detail/sda/opening-doors-foundation-ltd/glenfield-park-nsw/1ds86/u4j5y","","","",""
"OPENING DOORS FOUNDATION LTD","Glenfield Park NSW 2650","Villa / Duplex / Townhouse, 1 residents",57388.44,"Fully Accessible","Enrolled",1,0,0,0,"info@odf.org.au","0269257255","https://www.housinghub.org.au/property-detail/sda/opening-doors-foundation-ltd/glenfield-park-nsw/1ds86/kiacw","","","",""
"OPENING DOORS FOUNDATION LTD","Glenfield Park NSW 2650","Villa / Duplex / Townhouse, 1 residents",64363.44,"High Physical Support","Enrolled",1,0,0,0,"info@odf.org.au","0269257255","https://www.housinghub.org.au/property-detail/sda/opening-doors-foundation-ltd/glenfield-park-nsw/1ds86/22bw9","","","",""
"OPS CARE PTY LTD","Mambourin VIC 3024","House, 2 residents",86340.67,"Robust","Enrolled",2,0,0,1,"info@opscare.com.au","0402560540","https://www.housinghub.org.au/property-detail/sda/ops-care-pty-ltd/mambourin-vic/tnieh/5gwga","","","",""
"OPS CARE PTY LTD","Officer VIC 3809","House, 2 residents",81715.32,"High Physical Support","Enrolled",2,0,0,1,"intake@directcareassistance.com.au","61 1300 493 717","https://www.housinghub.org.au/property-detail/sda/direct-care-assistance/officer-vic/737vd/yemvu","","","",""
"OPS CARE PTY LTD","Berwick VIC 3806","House, 2 residents",91245.6,"High Physical Support","Enrolled",2,1,0,1,"admin@activate.care","1300725045","https://www.housinghub.org.au/property-detail/sda/activate-community-services/berwick-vic/20751/3euqm","","","",""
"OPS CARE PTY LTD","Epping VIC 3076","House, 2 residents",79938.9,"High Physical Support","Enrolled",1,0,0,1,"info@opscare.com.au","0402560540","https://www.housinghub.org.au/property-detail/sda/ops-care-pty-ltd/epping-vic/tnieh/zfnks","","","",""
"OPS CARE PTY LTD","Beveridge VIC 3753","House, 2 residents",89262,"High Physical Support","Enrolled",2,1,0,1,"info@opscare.com.au","0402560540","https://www.housinghub.org.au/property-detail/sda/ops-care-pty-ltd/beveridge-vic/tnieh/k29yc","","","",""
"OPS CARE PTY LTD","Harkness VIC 3337","House, 2 residents",86340.67,"Robust","Enrolled",2,0,0,1,"info@opscare.com.au","0402560540","https://www.housinghub.org.au/property-detail/sda/ops-care-pty-ltd/harkness-vic/tnieh/sf31a","","","",""
"OPS CARE PTY LTD","Wollert VIC 3750","House, 2 residents",89262,"High Physical Support","Enrolled",1,1,0,1,"info@opscare.com.au","0402560540","https://www.housinghub.org.au/property-detail/sda/ops-care-pty-ltd/wollert-vic/tnieh/bqjm2","","","",""
"OPS CARE PTY LTD","Armstrong Creek VIC 3217","House, 2 residents",92237.4,"High Physical Support","Enrolled",1,1,0,1,"info@opscare.com.au","0402560540","https://www.housinghub.org.au/property-detail/sda/ops-care-pty-ltd/armstrong-creek-vic/tnieh/bp91w","","","",""
"OPS CARE PTY LTD","Epping VIC 3076","House, 2 residents",83761.2,"High Physical Support","Enrolled",1,1,0,1,"Enquiries@careiwish.com.au","0370376606","https://www.housinghub.org.au/property-detail/sda/care-i-wish/epping-vic/m949f/stbwp","","","",""
"OPS CARE PTY LTD","Beveridge VIC 3753","House, 2 residents",85473.9,"Robust","Enrolled",3,0,1,1,"josh@necessityhousing.com","0434078272","https://www.housinghub.org.au/property-detail/sda/necessity-housing/beveridge-vic/20437/jnthp","","","",""
"OPS CARE PTY LTD","Officer VIC 3809","House, 2 residents",91245.6,"High Physical Support","Enrolled",1,1,0,1,"info@opscare.com.au","0402560540","https://www.housinghub.org.au/property-detail/sda/ops-care-pty-ltd/officer-vic/tnieh/vmhhi","","","",""
"OPS CARE PTY LTD","Cranbourne East VIC 3977","House, 2 residents",91245.6,"High Physical Support","Enrolled",1,1,0,1,"info@infiniteability.com.au","1300 044 422","https://www.housinghub.org.au/property-detail/sda/infinite-ability/cranbourne-east-vic/16212/xiw2a","","","",""
"OPS CARE PTY LTD","Wollert VIC 3750","House, 2 residents",85473.9,"Robust","Enrolled",2,0,1,1,"info@opscare.com.au","0402560540","https://www.housinghub.org.au/property-detail/sda/ops-care-pty-ltd/wollert-vic/tnieh/f8gk2","","","",""
"OPS CARE PTY LTD","Darley VIC 3340","House, 2 residents",86340.67,"Robust","Enrolled",2,0,0,1,"info@opscare.com.au","0402560540","https://www.housinghub.org.au/property-detail/sda/ops-care-pty-ltd/darley-vic/tnieh/qza77","","","",""
"OPS CARE PTY LTD","Epping VIC 3076","House, 2 residents",89262,"High Physical Support","Enrolled",3,1,0,1,"operations@selecthomeliving.com.au","0473074815","https://www.housinghub.org.au/property-detail/sda/select-home-living-pty-ltd/epping-vic/20413/mlida","","","",""
"OPS CARE PTY LTD","Sunbury VIC 3429","House, 2 residents",83311.2,"High Physical Support","Enrolled",1,1,0,1,"info@opscare.com.au","0402560540","https://www.housinghub.org.au/property-detail/sda/ops-care-pty-ltd/sunbury-vic/tnieh/ebcu4","","","",""
"OPS CARE PTY LTD","Harkness VIC 3337","House, 2 residents",86340.67,"Robust","Enrolled",1,0,0,1,"info@opscare.com.au","0402560540","https://www.housinghub.org.au/property-detail/sda/ops-care-pty-ltd/harkness-vic/tnieh/48q24","","","",""
"OPS CARE PTY LTD","Clyde North VIC 3978","House, 3 residents",63492.88,"High Physical Support","Enrolled",3,1,0,1,"info@opscare.com.au","0402560540","https://www.housinghub.org.au/property-detail/sda/ops-care-pty-ltd/clyde-north-vic/tnieh/xrlst","","","",""
"OPS CARE PTY LTD","Craigieburn VIC 3064","House, 2 residents",83311.2,"High Physical Support","Enrolled",1,1,0,1,"info@opscare.com.au","0402560540","https://www.housinghub.org.au/property-detail/sda/ops-care-pty-ltd/craigieburn-vic/tnieh/5z28x","","","",""
"OPS CARE PTY LTD","Wollert VIC 3750","House, 2 residents",89262,"High Physical Support","Enrolled",2,1,0,1,"info@opscare.com.au","0402560540","https://www.housinghub.org.au/property-detail/sda/ops-care-pty-ltd/wollert-vic/tnieh/841kk","","","",""
"OPS CARE PTY LTD","Armstrong Creek VIC 3217","House, 2 residents",92237.4,"High Physical Support","Enrolled",1,1,0,1,"info@opscare.com.au","0402560540","https://www.housinghub.org.au/property-detail/sda/ops-care-pty-ltd/armstrong-creek-vic/tnieh/j8ezj","","","",""
"OPS CARE PTY LTD","Darley VIC 3340","House, 2 residents",92121.87,"Robust","Enrolled",2,0,1,1,"andrew@sdastrategy.com.au","1300 025 013","https://www.housinghub.org.au/property-detail/sda/sda-strategy/darley-vic/z8v72/5g4ab","","","",""
"OPS CARE PTY LTD","Winter Valley VIC 3358","House, 2 residents",79775.64,"Robust","Enrolled",2,0,1,1,"info@opscare.com.au","0402560540","https://www.housinghub.org.au/property-detail/sda/ops-care-pty-ltd/winter-valley-vic/tnieh/w4hgu","","","",""
"OPS CARE PTY LTD","Clyde VIC 3978","House, 2 residents",91245.6,"High Physical Support","Enrolled",1,1,0,1,"info@opscare.com.au","0402560540","https://www.housinghub.org.au/property-detail/sda/ops-care-pty-ltd/clyde-vic/tnieh/g4umy","","","",""
"OPS CARE PTY LTD","Armstrong Creek VIC 3217","House, 2 residents",92237.4,"High Physical Support","Enrolled",2,1,0,1,"info@opscare.com.au","0402560540","https://www.housinghub.org.au/property-detail/sda/ops-care-pty-ltd/armstrong-creek-vic/tnieh/m48m8","","","",""
"OPS CARE PTY LTD","Wyndham Vale VIC 3024","House, 3 residents",63786.23,"High Physical Support","Enrolled",3,0,0,1,"info@opscare.com.au","0402560540","https://www.housinghub.org.au/property-detail/sda/ops-care-pty-ltd/wyndham-vale-vic/tnieh/3bdbu","","","",""
"ORION CARE","Seaford Meadows SA 5169","Group home, 4 residents",50079.15,"High Physical Support","Enrolled",4,0,0,1,"info@orioncare.com.au","1300871787","https://www.housinghub.org.au/property-detail/sda/orion-care/seaford-meadows-sa/11961/9fnn7","","","",""
"ORION CARE","Para Hills SA 5096","House, 3 residents",65101.41,"High Physical Support","Enrolled",2,0,0,1,"info@orioncare.com.au","1300871787","https://www.housinghub.org.au/property-detail/sda/orion-care/para-hills-sa/11961/lhi8z","","","",""
"ORION CARE","Port Pirie South SA 5540","Group home, 4 residents",54729.88,"High Physical Support","Enrolled",2,0,0,1,"info@orioncare.com.au","1300871787","https://www.housinghub.org.au/property-detail/sda/orion-care/port-pirie-sa/11961/ewntq","","","",""
"ORION CARE","Solomontown SA 5540","Group home, 4 residents",51090.85,"High Physical Support","Enrolled",3,0,0,1,"info@orioncare.com.au","1300871787","https://www.housinghub.org.au/property-detail/sda/orion-care/port-pirie-sa/11961/tcec4","","","",""
"ORION CARE","Port Pirie South SA 5540","Group home, 4 residents",54729.88,"High Physical Support","Enrolled",3,0,0,1,"info@orioncare.com.au","1300871787","https://www.housinghub.org.au/property-detail/sda/orion-care/port-pirie-sa/11961/e25gf","","","",""
"ORION CARE","Goolwa North SA 5214","House, 3 residents",61155.87,"High Physical Support","Enrolled",4,0,0,1,"info@orioncare.com.au","1300871787","https://www.housinghub.org.au/property-detail/sda/orion-care/goolwa-north-sa/11961/7wf77","","","",""
"Oz Comfort Group Homes","Blacktown NSW 2148","Apartment, 2 bedroom, 1 resident",104533,"High Physical Support","Enrolled",9,1,0,0,"intake@nobilitycare.com.au","0246230500","https://www.housinghub.org.au/property-detail/sda/nobility-care-australia-pty-ltd/blacktown-nsw/z6zmi/5pbwb","","","",""
"Ozability Homes","Donnybrook VIC 3064","House, 2 residents",80163.9,"Robust","Enrolled",2,0,1,1,"admin@paramounthomes.com.au","","https://www.housinghub.org.au/property-detail/sda/paramount-disability-homes/donnybrook-vic/7kzhn/7k85u","","","",""
"Ozability Homes","South Nowra NSW 2541","Villa / Duplex / Townhouse, 1 residents",69496.32,"High Physical Support","Enrolled",1,0,0,1,"admin@ozabilityhomes.com.au","","https://www.housinghub.org.au/property-detail/sda/ozability-homes-pty-ltd/south-nowra-nsw/12000/n26zz","","","",""
"Ozability Homes","Chester Hill NSW 2162","Villa / Duplex / Townhouse, 1 residents",79538.45,"High Physical Support","Enrolled",1,1,0,0,"admin@ozabilityhomes.com.au","","https://www.housinghub.org.au/property-detail/sda/ozability-homes-pty-ltd/chester-hill-nsw/12000/unc1y","","","",""
"Ozability Homes","Wentworthville NSW 2145","Apartment, 2 bedroom, 1 resident",102443.29,"Improved Liveability","Enrolled",2,1,0,1,"shirley.nguyen@vastplancare.com.au","0298276032","https://www.housinghub.org.au/property-detail/sda/vastplan-care/wentworthville-nsw/awn59/vxlag","","","",""
"Ozability Homes","Cessnock NSW 2325","Villa / Duplex / Townhouse, 1 residents",64363.44,"High Physical Support","Enrolled",2,0,0,0,"admin@ozabilityhomes.com.au","","https://www.housinghub.org.au/property-detail/sda/ozability-homes-pty-ltd/cessnock-nsw/12000/qjn85","","","",""
"PARAMOUNT DISABILITY HOMES PTY LTD","Mambourin VIC 3024","House, 2 residents",81081.33,"Robust","Enrolled",2,0,0,1,"admin@paramounthomes.com.au","","https://www.housinghub.org.au/property-detail/sda/paramount-disability-homes/mambourin-vic/7kzhn/1xlt1","","","",""
"PARAMOUNT DISABILITY HOMES PTY LTD","Epping VIC 3076","House, 2 residents",79938.9,"High Physical Support","Enrolled",2,0,0,1,"admin@activate.care","1300725045","https://www.housinghub.org.au/property-detail/sda/activate-community-services/epping-vic/20751/9318","","","",""
"PARAMOUNT DISABILITY HOMES PTY LTD","Tarneit VIC 3029","House, 2 residents",86156.37,"High Physical Support","Enrolled",1,0,0,1,"admin@activate.care","1300725045","https://www.housinghub.org.au/property-detail/sda/activate-community-services/tarneit-vic/20751/fhqxd","","","",""
"PARAMOUNT DISABILITY HOMES PTY LTD","Broadmeadows VIC 3047","House, 2 residents",78177.12,"High Physical Support","Enrolled",2,1,0,1,"admin@paramounthomes.com.au","","https://www.housinghub.org.au/property-detail/sda/paramount-disability-homes/broadmeadows-vic/7kzhn/mry2n","","","",""
"PARAMOUNT DISABILITY HOMES PTY LTD","Melton VIC 3337","House, 2 residents",91843.48,"High Physical Support","Enrolled",3,0,0,1,"info@rosmedcare.com.au","1300333103","https://www.housinghub.org.au/property-detail/sda/rosmed-care-pty-ltd/melton-vic/18560/atfvb","","","",""
"PARAMOUNT DISABILITY HOMES PTY LTD","Epping VIC 3076","House, 3 residents",0,"Multi Design Category","Enrolled",3,1,0,1,"operations@selecthomeliving.com.au","0473074815","https://www.housinghub.org.au/property-detail/sda/select-home-living-pty-ltd/epping-vic/20413/qmtcb","","","",""
"PARAMOUNT DISABILITY HOMES PTY LTD","Armstrong Creek VIC 3217","House, 2 residents",73266.33,"Improved Liveability","Enrolled",2,0,0,1,"admin@paramounthomes.com.au","","https://www.housinghub.org.au/property-detail/sda/paramount-disability-homes/geelong-vic/7kzhn/lkhbz","","","",""
"PARAMOUNT DISABILITY HOMES PTY LTD","West Melbourne VIC 3003","Apartment, 2 bedroom, 1 resident",99990.34,"High Physical Support","Enrolled",1,1,0,0,"admin@paramounthomes.com.au","0399997418","www.paramounthomes.com.au","","","",""
"PARAMOUNT DISABILITY HOMES PTY LTD","Preston VIC 3072","Apartment, 2 bedroom, 1 resident",115814.12,"High Physical Support","Enrolled",2,1,0,1,"admin@paramounthomes.com.au","","https://www.housinghub.org.au/property-detail/sda/paramount-disability-homes/preston-vic/7kzhn/7pzu4","","","",""
"PARAMOUNT DISABILITY HOMES PTY LTD","Lalor VIC 3075","House, 3 residents",62112.6,"High Physical Support","Enrolled",2,1,0,1,"admin@paramounthomes.com.au","","https://www.housinghub.org.au/property-detail/sda/paramount-disability-homes/lalor-vic/7kzhn/44ajj","","","",""
"PARAMOUNT DISABILITY HOMES PTY LTD","Clyde VIC 3978","House, 3 residents",50081.12,"Improved Liveability","Enrolled",3,0,0,1,"admin@paramounthomes.com.au","","https://www.housinghub.org.au/property-detail/sda/paramount-disability-homes/clyde-vic/7kzhn/3wb11","","","",""
"PARAMOUNT DISABILITY HOMES PTY LTD","Essendon North VIC 3041","House, 3 residents",94549.18,"High Physical Support","Enrolled",3,1,0,1,"admin@paramounthomes.com.au","","https://www.housinghub.org.au/property-detail/sda/paramount-disability-homes/essendon-north-vic/7kzhn/4kybp","","","",""
"PARAMOUNT DISABILITY HOMES PTY LTD","Pascoe Vale South VIC 3044","House, 3 residents",94549.18,"High Physical Support","Enrolled",3,1,0,1,"admin@paramounthomes.com.au","","https://www.housinghub.org.au/property-detail/sda/paramount-disability-homes/pascoe-vale-south-vic/7kzhn/1gn42","","","",""
"PARAMOUNT DISABILITY HOMES PTY LTD","Winter Valley VIC 3358","House, 2 residents",79775.64,"Robust","Enrolled",2,0,1,1,"admin@paramounthomes.com.au","","https://www.housinghub.org.au/property-detail/sda/paramount-disability-homes/ballarat-vic/7kzhn/5jqfg","","","",""
"PARAMOUNT DISABILITY HOMES PTY LTD","Cranbourne West VIC 3977","House, 2 residents",81890.12,"Robust","Enrolled",2,0,0,1,"admin@paramounthomes.com.au","","https://www.housinghub.org.au/property-detail/sda/paramount-disability-homes/cranbourne-west-vic/7kzhn/u4jcw","","","",""
"PARAMOUNT DISABILITY HOMES PTY LTD","Clyde North VIC 3978","House, 2 residents",72478.52,"Improved Liveability","Enrolled",2,0,0,1,"admin@paramounthomes.com.au","","https://www.housinghub.org.au/property-detail/sda/paramount-disability-homes/clyde-north-vic/7kzhn/b7b6v","","","",""
"PARAMOUNT DISABILITY HOMES PTY LTD","Thomastown VIC 3074","House, 2 residents",83761.2,"High Physical Support","Enrolled",2,1,0,1,"info@opscare.com.au","04 02560540","https://www.opscare.com.au/properties/honniball-dr?utm_campaign=5cc060ed-3b12-4e94-a8c4-03e1d1ceab02&utm_source=so&utm_medium=lp","","","",""
"PARAMOUNT DISABILITY HOMES PTY LTD","Armstrong Creek VIC 3217","House, 2 residents",92237.4,"High Physical Support","Enrolled",2,1,0,1,"admin@paramounthomes.com.au","","https://www.housinghub.org.au/property-detail/sda/paramount-disability-homes/armstrong-creek-vic/7kzhn/tc8de","","","",""
"PARAMOUNT DISABILITY HOMES PTY LTD","Leopold VIC 3224","House, 2 residents",88056.12,"High Physical Support","Enrolled",2,0,0,1,"operations@selecthomeliving.com.au","0473074815","https://www.housinghub.org.au/property-detail/sda/select-home-living-pty-ltd/leopold-vic/20413/vwxbn","","","",""
"PARAMOUNT DISABILITY HOMES PTY LTD","Thomastown VIC 3074","House, 2 residents",89262,"High Physical Support","Enrolled",2,1,0,1,"admin@paramounthomes.com.au","","https://www.housinghub.org.au/property-detail/sda/paramount-disability-homes/thomastown-vic/7kzhn/wrj28","","","",""
"PARAMOUNT DISABILITY HOMES PTY LTD","Craigieburn VIC 3064","Villa / Duplex / Townhouse, 1 residents",68488.17,"High Physical Support","Enrolled",1,0,0,1,"admin@paramounthomes.com.au","","https://www.housinghub.org.au/property-detail/sda/paramount-disability-homes/craigieburn-vic/7kzhn/56e42","","","",""
"PARAMOUNT DISABILITY HOMES PTY LTD","Craigieburn VIC 3064","Villa / Duplex / Townhouse, 1 residents",68488.17,"High Physical Support","Enrolled",1,0,0,1,"admin@paramounthomes.com.au","0399997418","www.paramounthomes.com.au","","","",""
"PARAMOUNT DISABILITY HOMES PTY LTD","Kingsbury VIC 3083","Villa / Duplex / Townhouse, 1 residents",76815.21,"High Physical Support","Enrolled",1,1,0,1,"admin@paramounthomes.com.au","","https://www.housinghub.org.au/property-detail/sda/paramount-disability-homes/kingsbury-vic/7kzhn/mh8h3","","","",""
"PARAMOUNT DISABILITY HOMES PTY LTD","Kingsbury VIC 3083","Villa / Duplex / Townhouse, 1 residents",76815.21,"High Physical Support","Enrolled",1,1,0,1,"admin@paramounthomes.com.au","0399997418","www.paramounthomes.com.au","","","",""
"PARAMOUNT DISABILITY HOMES PTY LTD","Berwick VIC 3806","Villa / Duplex / Townhouse, 1 residents",69541.9,"Robust","Enrolled",1,1,0,1,"admin@paramounthomes.com.au","","https://www.housinghub.org.au/property-detail/sda/paramount-disability-homes/berwick-vic/7kzhn/s9xur","","","",""
"PARAMOUNT DISABILITY HOMES PTY LTD","Glenroy VIC 3046","House, 3 residents",57971.76,"High Physical Support","Enrolled",3,1,0,1,"admin@paramounthomes.com.au","","https://www.housinghub.org.au/property-detail/sda/paramount-disability-homes/glenroy-vic/7kzhn/tq7r8","","","",""
"PARAMOUNT DISABILITY HOMES PTY LTD","Epping VIC 3076","House, 3 residents",62112.6,"High Physical Support","Enrolled",1,1,0,1,"admin@paramounthomes.com.au","","https://www.housinghub.org.au/property-detail/sda/paramount-disability-homes/epping-vic/7kzhn/suliy","","","",""
"PARAMOUNT DISABILITY HOMES PTY LTD","Belmont VIC 3216","House, 3 residents",63492.88,"High Physical Support","Enrolled",3,1,0,1,"admin@paramounthomes.com.au","","https://www.housinghub.org.au/property-detail/sda/paramount-disability-homes/belmont-vic/7kzhn/iwm49","","","",""
"PARAMOUNT DISABILITY HOMES PTY LTD","Keilor Park VIC 3042","House, 3 residents",57971.76,"High Physical Support","Enrolled",1,1,0,1,"admin@paramounthomes.com.au","","https://www.housinghub.org.au/property-detail/sda/paramount-disability-homes/keilor-park-vic/7kzhn/4sfn2","","","",""
"PARAMOUNT DISABILITY HOMES PTY LTD","Greenvale VIC 3059","House, 2 residents",67537.68,"Fully Accessible","Enrolled",2,0,0,1,"sunny@altinbas.com.au","","https://www.housinghub.org.au/property-detail/sda/kulcon-enterprises/greenvale-vic/cfq4d/6yclq","","","",""
"PARAMOUNT DISABILITY HOMES PTY LTD","Reservoir VIC 3073","House, 2 residents",64547.1,"Improved Liveability","Enrolled",2,0,0,0,"admin@paramounthomes.com.au","","https://www.housinghub.org.au/property-detail/sda/paramount-disability-homes/reservoir-vic/7kzhn/ys57a","","","",""
"PARAMOUNT DISABILITY HOMES PTY LTD","Sunshine North VIC 3020","House, 2 residents",91843.48,"High Physical Support","Enrolled",2,0,0,1,"admin@paramounthomes.com.au","","https://www.housinghub.org.au/property-detail/sda/paramount-disability-homes/sunshine-north-vic/7kzhn/h4w92","","","",""
"PARAMOUNT DISABILITY HOMES PTY LTD","Beaconsfield VIC 3807","House, 3 residents",60498.28,"High Physical Support","Enrolled",3,0,0,1,"admin@paramounthomes.com.au","","https://www.housinghub.org.au/property-detail/sda/paramount-disability-homes/beaconsfield-vic/7kzhn/f4xtw","","","",""
"PARAMOUNT DISABILITY HOMES PTY LTD","Frankston VIC 3199","House, 3 residents",62112.6,"High Physical Support","Enrolled",3,1,0,1,"admin@paramounthomes.com.au","","https://www.housinghub.org.au/property-detail/sda/paramount-disability-homes/frankston-vic/7kzhn/hfisw","","","",""
"PARAMOUNT DISABILITY HOMES PTY LTD","Ferntree Gully VIC 3156","House, 3 residents",60732.32,"High Physical Support","Enrolled",2,1,0,1,"admin@paramounthomes.com.au","","https://www.housinghub.org.au/property-detail/sda/paramount-disability-homes/ferntree-gully-vic/7kzhn/sx38c","","","",""
"PEOPLEKIND GROUP LTD","Mandurah WA 6210","Apartment, 2 bedroom, 1 resident",120616.09,"High Physical Support","Enrolled",2,0,0,1,"hello@nesti.org.au","08 6325 7700","https://www.housinghub.org.au/property-detail/sda/nesti-housing/mandurah-wa/1f29y/f8jdv","","","",""
"PEOPLEKIND GROUP LTD","Balga WA 6061","Villa / Duplex / Townhouse, 1 residents",73115.92,"High Physical Support","Enrolled",1,0,0,1,"hello@nesti.org.au","08 6325 7700","https://www.housinghub.org.au/property-detail/sda/nesti-housing/balga-wa/1f29y/4hdtu","","","",""
"PEOPLEKIND GROUP LTD","Karnup WA 6176","House, 3 residents",67074.18,"High Physical Support","Enrolled",1,0,0,1,"hello@nesti.org.au","08 6325 7700","https://www.housinghub.org.au/property-detail/sda/nesti-housing/karnup-wa/1f29y/y17f3","","","",""
"PEOPLEKIND GROUP LTD","Midvale WA 6056","House, 2 residents",82603.53,"High Physical Support","Enrolled",3,0,0,1,"shine@brighterliving.com.au","1300 732 252","https://www.housinghub.org.au/property-detail/sda/brighter-living-australia/midvale-wa/sa21p/khta7","","","",""
"PEOPLEKIND GROUP LTD","Haynes WA 6112","House, 3 residents",65846.73,"High Physical Support","Enrolled",2,0,0,1,"support@sdaresidential.com","03 9002 0300","https://www.housinghub.org.au/property-detail/sda/sda-residential/haynes-wa/nc5s3/pu745","","","",""
"PEOPLEKIND GROUP LTD","Carlisle WA 6101","House, 3 residents",59324.01,"Fully Accessible","Enrolled",2,1,0,1,"hello@nesti.org.au","08 6325 7700","https://www.housinghub.org.au/property-detail/sda/nesti-housing/carlisle-wa/1f29y/7lvhd","","","",""
"PERSON CENTRED PTY LTD","Revesby NSW 2212","House, 3 residents",57861.65,"Improved Liveability","Enrolled",2,0,0,1,"rm@homecaring.com.au","1300 694 182","https://www.housinghub.org.au/property-detail/sda/homecaring/revesby-nsw/vgq2p/x9vjj","","","",""
"PHILIPS HOME CARE PTY LTD","Blacktown NSW 2148","Group home, 4 residents",51596.7,"High Physical Support","Enrolled",2,0,0,1,"admin@phomecare.com.au","","https://www.housinghub.org.au/property-detail/sda/philips-homecare-pty-ltd/blacktown-nsw/14473/5tksq","","","",""
"PLATINUM SUPPORT AUSTRALIA PTY LTD","Kippa-ring QLD 4021","House, 2 residents",84268.76,"High Physical Support","Enrolled",1,0,0,1,"enquiries@sdaaustraliagroup.com.au","1300869203","","","","",""
"PYR Building Services","Elizabeth Grove SA 5112","Villa / Duplex / Townhouse, 1 residents",69066.24,"Robust","Enrolled",2,0,0,1,"info@resicaresa.com.au","08 7085 063","https://www.housinghub.org.au/property-detail/sda/resicaresa/elizabeth-grove-sa/16169/repju","","","",""
"Park Lane Consulting Investment Pty Ltd","Wilson WA 6107","Villa / Duplex / Townhouse, 2 residents",42853.35,"Fully Accessible","Enrolled",2,0,0,1,"enquiries.sil@adelphiliving.com.au","0863316888","https://www.housinghub.org.au/property-detail/sda/adelphi-living/wilson-wa/5719/2i885","","","",""
"Park Lane Consulting Investment Pty Ltd","Wilson WA 6107","Villa / Duplex / Townhouse, 2 residents",42853.35,"Fully Accessible","Enrolled",2,0,0,1,"operations@parklaneinvestments.com.au","04 33949186","https://parklaneinvestments.com.au/","","","",""
"Park Lane Consulting Investment Pty Ltd","Thornlie WA 6108","House, 3 residents",56135.41,"Fully Accessible","Enrolled",1,0,0,1,"enquiries.sil@adelphiliving.com.au","0863316888","https://www.housinghub.org.au/property-detail/sda/adelphi-living/thornlie-wa/5719/en87x","","","",""
"Property Friends","Kirwan QLD 4817","House, 2 residents",87932.79,"High Physical Support","Enrolled",1,0,0,1,"uwe@propertyfriends.com.au","61 40041704","www.propertyfriends.com.au","","","",""
"Rising Able Homes","Kyabram VIC 3620","House, 3 residents",51077.37,"High Physical Support","Enrolled",1,0,0,1,"bd@risingablehomes.com.au","","https://www.housinghub.org.au/property-detail/sda/rising-able-homes/kyabram-vic/bm6yb/esdim","","","",""
"Rosmed Care","Thornhill Park VIC 3335","House, 2 residents",81081.33,"Robust","Enrolled",2,0,0,1,"info@rosmedcare.com.au","1300333103","https://www.housinghub.org.au/property-detail/sda/rosmed-care-pty-ltd/thornhill-park-vic/18560/hrpmh","","","",""
"Rosmed Care","Bonnie Brook VIC 3335","House, 3 residents",63786.23,"High Physical Support","Enrolled",3,0,0,1,"info@rosmedcare.com.au","1300333103","https://www.housinghub.org.au/property-detail/sda/rosmed-care-pty-ltd/bonnie-brook-vic/18560/4fh8t","","","",""
"Rosmed Care","Tarneit VIC 3029","House, 2 residents",90275.96,"High Physical Support","Enrolled",2,1,0,1,"info@rosmedcare.com.au","1300333103","https://www.housinghub.org.au/property-detail/sda/rosmed-care-pty-ltd/tarneit-vic/18560/ge7bk","","","",""
"Royal Rehab","Ryde NSW 2112","Villa / Duplex / Townhouse, 2 residents",53380.5,"High Physical Support","Enrolled",1,1,0,1,"qarms@royalrehab.com.au","0298089222","www.royalrehab.com.au","","","",""
"S.T.I.L HOMES (Supporting Tenants Indepe","Gulfview Heights SA 5096","House, 2 residents",78793.96,"Fully Accessible","Enrolled",4,0,0,1,"info@careandconnects.com.au","0883185000","https://www.housinghub.org.au/property-detail/sda/care-and-connects/gulfview-heights-sa/2sm8u/kz1jq","","","",""
"SACARE","Salisbury SA 5108","Villa / Duplex / Townhouse, 1 residents",73839.84,"High Physical Support","Enrolled",2,0,0,1,"referrals@sacare.com.au","1300145622","https://www.housinghub.org.au/property-detail/sda/sacare/salisbury-sa/v5pfu/5ulpa","","","",""
"SANA LIVING","Wanneroo WA 6065","House, 3 residents",64608,"High Physical Support","Enrolled",1,1,0,1,"info@sanaliving.com.au","1800 951 420","https://www.housinghub.org.au/property-detail/sda/sana-living/wanneroo-wa/5667/1730","","","",""
"SANA LIVING","East Cannington WA 6107","Villa / Duplex / Townhouse, 1 residents",84841.24,"High Physical Support","Enrolled",2,1,0,1,"info@sanaliving.com.au","1800 951 420","https://www.housinghub.org.au/property-detail/sda/sana-living/east-cannington-wa/5667/1731","","","",""
"SANA LIVING","Greenwood WA 6024","Group home, 4 residents",53005,"High Physical Support","Enrolled",1,1,0,1,"info@sanaliving.com.au","1800 951 420","https://www.housinghub.org.au/property-detail/sda/sana-living/greenwood-wa/5667/2185","","","",""
"SANA LIVING","Booragoon WA 6154","Apartment, 2 bedroom, 1 resident",122014.2,"High Physical Support","Enrolled",5,1,0,1,"info@sanaliving.com.au","1800 951 420","https://www.housinghub.org.au/property-detail/sda/sana-living/booragoon-wa/5667/2187","","","",""
"SANA LIVING","Spearwood WA 6163","House, 2 residents",93998.68,"High Physical Support","Enrolled",1,1,0,1,"info@sanaliving.com.au","1800 951 420","https://www.housinghub.org.au/property-detail/sda/sana-living/spearwood-wa/5667/5143","","","",""
"SANA LIVING","Gosnells WA 6110","House, 3 residents",69130.56,"High Physical Support","Enrolled",1,1,0,1,"admin@sanaliving.com.au","0401088992","www.sanaliving.com.au","","","",""
"SANA LIVING","Morley WA 6062","Group home, 4 residents",49294.65,"High Physical Support","Enrolled",1,1,0,1,"info@sanaliving.com.au","1800 951 420","https://www.housinghub.org.au/property-detail/sda/sana-living/morley-wa/5667/4ipgm","","","",""
"SANA LIVING","Morley WA 6062","House, 3 residents",60085.44,"High Physical Support","Enrolled",1,1,0,1,"info@sanaliving.com.au","1800 951 420","https://www.housinghub.org.au/property-detail/sda/sana-living/morley-wa/5667/qd5nb","","","",""
"SANA LIVING","Morley WA 6062","House, 3 residents",60085.44,"High Physical Support","Enrolled",1,1,0,1,"info@sanaliving.com.au","1800 951 420","https://www.housinghub.org.au/property-detail/sda/sana-living/morley-wa/5667/8igz7","","","",""
"SANA LIVING","Rockingham WA 6168","Villa / Duplex / Townhouse, 1 residents",80171.08,"High Physical Support","Enrolled",2,1,0,1,"info@sanaliving.com.au","1800 951 420","https://www.housinghub.org.au/property-detail/sda/sana-living/rockingham-wa/5667/2268","","","",""
"SANA LIVING","Salisbury Downs SA 5108","House, 3 residents",63961.92,"High Physical Support","Enrolled",3,1,0,1,"info@sanaliving.com.au","1800 951 420","https://www.housinghub.org.au/property-detail/sda/sana-living/salisbury-downs-sa/5667/gum54","","","",""
"SANA LIVING","Floreat WA 6014","House, 3 residents",80760,"High Physical Support","Enrolled",2,1,0,1,"info@sanaliving.com.au","1800 951 420","https://www.housinghub.org.au/property-detail/sda/sana-living/floreat-wa/5667/5701","","","",""
"SANA LIVING","Silkstone QLD 4304","House, 2 residents",78177.12,"High Physical Support","Enrolled",2,1,0,1,"info@sanaliving.com.au","1800 951 420","https://www.housinghub.org.au/property-detail/sda/sana-living/silkstone-ipswich-qld/5667/4783","","","",""
"SANA LIVING","Pearsall WA 6065","Villa / Duplex / Townhouse, 1 residents",78614.36,"High Physical Support","Enrolled",1,1,0,1,"info@sanaliving.com.au","1800 951 420","https://www.housinghub.org.au/property-detail/sda/sana-living/pearsall-wa/5667/2383","","","",""
"SANA LIVING","Spearwood WA 6163","House, 2 residents",93998.68,"High Physical Support","Enrolled",2,1,0,1,"info@sanaliving.com.au","1800 951 420","https://www.housinghub.org.au/property-detail/sda/sana-living/spearwood-wa/5667/5146","","","",""
"SANA LIVING","Salisbury Downs SA 5108","House, 2 residents",91206.64,"High Physical Support","Enrolled",1,1,0,1,"info@sanaliving.com.au","1800 951 420","https://www.housinghub.org.au/property-detail/sda/sana-living/salisbury-downs-sa/5667/8433","","","",""
"SANA LIVING","Craigie WA 6025","House, 2 residents",92137.32,"High Physical Support","Enrolled",1,1,0,1,"info@sanaliving.com.au","1800 951 420","https://www.housinghub.org.au/property-detail/sda/sana-living/craigie-wa/5667/5147","","","",""
"SANA LIVING","Success WA 6164","House, 3 residents",65900.16,"High Physical Support","Enrolled",1,1,0,1,"info@sanaliving.com.au","1800 951 420","https://www.housinghub.org.au/property-detail/sda/sana-living/success-wa/5667/5702","","","",""
"SANA LIVING","Midland WA 6056","Villa / Duplex / Townhouse, 1 residents",75500.92,"High Physical Support","Enrolled",1,1,0,1,"info@sanaliving.com.au","1800 951 420","https://www.housinghub.org.au/property-detail/sda/sana-living/midland-wa/5667/2267","","","",""
"SANA LIVING","Strathalbyn SA 5255","House, 3 residents",60085.44,"High Physical Support","Enrolled",2,1,0,1,"info@sanaliving.com.au","1800 951 420","https://www.housinghub.org.au/property-detail/sda/sana-living/strathalbyn-sa/5667/pqbik","","","",""
"SANA LIVING","Pooraka SA 5095","House, 2 residents",91206.64,"High Physical Support","Enrolled",2,1,0,1,"info@sanaliving.com.au","1800 951 420","https://www.housinghub.org.au/property-detail/sda/sana-living/pooraka-sa/5667/is791","","","",""
"SANA LIVING","Chiton SA 5211","House, 3 residents",60085.44,"High Physical Support","Enrolled",3,1,0,1,"info@sanaliving.com.au","1800 951 420","https://www.housinghub.org.au/property-detail/sda/sana-living/victor-harbor-sa/5667/ph6cm","","","",""
"SANA LIVING","Wanneroo WA 6065","House, 3 residents",64608,"High Physical Support","Enrolled",3,1,0,1,"info@sanaliving.com.au","1800 951 420","https://www.housinghub.org.au/property-detail/sda/sana-living/wanneroo-wa/5667/be4qa","","","",""
"SANA LIVING","Wanneroo WA 6065","House, 3 residents",64608,"High Physical Support","Enrolled",1,1,0,1,"info@sanaliving.com.au","1800 951 420","https://www.housinghub.org.au/property-detail/sda/sana-living/wanneroo-wa/5667/f62r4","","","",""
"SANA LIVING","Hamersley WA 6022","Group home, 4 residents",53005,"High Physical Support","Enrolled",1,1,0,1,"info@sanaliving.com.au","1800 951 420","https://www.housinghub.org.au/property-detail/sda/sana-living/hamersley-wa/5667/4905","","","",""
"SANA LIVING","Dudley Park WA 6210","House, 2 residents",83761.2,"High Physical Support","Enrolled",1,1,0,1,"info@sanaliving.com.au","1800 951 420","https://www.housinghub.org.au/property-detail/sda/sana-living/mandurah-wa/5667/2318","","","",""
"SANSKRUTI NET PTY. LTD.","Ellen Grove QLD 4078","House, 2 residents",74819.64,"Robust","Enrolled",2,0,1,1,"hspurani1920@gmail.com","04 22114009","","","","",""
"SCARLET HOMECARE","Ridgehaven SA 5097","House, 3 residents",65101.41,"High Physical Support","Enrolled",1,0,0,1,"matthew.johnson@scarlethomecare.com.au","432028519","https://www.housinghub.org.au/property-detail/sda/scarlet-homecare/ridgehaven-sa/m1wkb/h4bsm","","","",""
"SDA CUSTOMISED PTY LTD","Woy Woy NSW 2256","Villa / Duplex / Townhouse, 2 residents",40075,"High Physical Support","Enrolled",1,0,0,0,"choppy64@gmail.com","0415430953","","","","",""
"SDA Care Australia","Kalkallo VIC 3064","House, 2 residents",79775.64,"Robust","Enrolled",2,0,1,1,"info@sdacareaus.com.au","","https://www.housinghub.org.au/property-detail/sda/sda-care-australia/kalkallo-vic/6e1rm/zszjn","","","",""
"SDA Care Australia","Weir Views VIC 3338","House, 2 residents",92121.87,"Robust","Enrolled",2,0,1,1,"info@sdacareaus.com.au","","https://www.housinghub.org.au/property-detail/sda/sda-care-australia/weir-views-vic/6e1rm/ikfpi","","","",""
"SDA Care Australia","Fraser Rise VIC 3336","House, 3 residents",52802.92,"Improved Liveability","Enrolled",2,0,0,1,"info@sdacareaus.com.au","","https://www.housinghub.org.au/property-detail/sda/sda-care-australia/fraser-rise-vic/6e1rm/pj116","","","",""
"SDA Care Australia","Beveridge VIC 3753","House, 2 residents",85473.9,"Robust","Enrolled",2,0,1,1,"info@sdacareaus.com.au","","https://www.housinghub.org.au/property-detail/sda/sda-care-australia/beveridge-vic/6e1rm/up1xu","","","",""
"SDA Care Australia","Kalkallo VIC 3064","House, 2 residents",79775.64,"Robust","Enrolled",2,0,1,1,"info@sdacareaus.com.au","","https://www.housinghub.org.au/property-detail/sda/sda-care-australia/kalkallo-vic/6e1rm/jgtu7","","","",""
"SDA Care Australia","Tarneit VIC 3029","House, 2 residents",92121.87,"Robust","Enrolled",2,0,1,1,"andrew@sdastrategy.com.au","1300 025 013","https://www.housinghub.org.au/property-detail/sda/sda-strategy/tarneit-vic/z8v72/qqlsl","","","",""
"SDA Care Australia","Kalkallo VIC 3064","House, 2 residents",79775.64,"Robust","Enrolled",2,0,1,1,"info@sdacareaus.com.au","","https://www.housinghub.org.au/property-detail/sda/sda-care-australia/kalkallo-vic/6e1rm/d1lmp","","","",""
"SDA Care Australia","Kalkallo VIC 3064","House, 2 residents",79775.64,"Robust","Enrolled",2,0,1,1,"info@sdacareaus.com.au","","https://www.housinghub.org.au/property-detail/sda/sda-care-australia/kalkallo-vic/6e1rm/migcb","","","",""
"SDA Care Australia","Kalkallo VIC 3064","House, 2 residents",79775.64,"Robust","Enrolled",2,0,1,1,"info@sdacareaus.com.au","","https://www.housinghub.org.au/property-detail/sda/sda-care-australia/kalkallo-vic/6e1rm/d1lmp","","","",""
"SDA Care Australia","Kalkallo VIC 3064","House, 2 residents",66176.04,"Improved Liveability","Enrolled",2,0,0,1,"info@sdacareaus.com.au","","https://www.housinghub.org.au/property-detail/sda/sda-care-australia/kalkallo-vic/6e1rm/zw3ca","","","",""
"SDA Care Australia","Truganina VIC 3029","House, 2 residents",92121.87,"Robust","Enrolled",2,0,1,1,"info@sdacareaus.com.au","","https://www.housinghub.org.au/property-detail/sda/sda-care-australia/truganina-vic/6e1rm/a18lr","","","",""
"SDA Care Australia","Wyndham Vale VIC 3024","House, 2 residents",92121.87,"Robust","Enrolled",2,0,1,1,"info@sdacareaus.com.au","","https://www.housinghub.org.au/property-detail/sda/sda-care-australia/wyndham-vale-vic/6e1rm/zhr77","","","",""
"SDA Care Australia","Tarneit VIC 3029","House, 3 residents",52802.92,"Improved Liveability","Enrolled",3,0,0,1,"info@sdacareaus.com.au","","https://www.housinghub.org.au/property-detail/sda/sda-care-australia/tarneit-vic/6e1rm/8uh6z","","","",""
"SDA Care Australia","Werribee VIC 3030","House, 2 residents",92121.87,"Robust","Enrolled",2,0,1,1,"info@sdacareaus.com.au","","https://www.housinghub.org.au/property-detail/sda/sda-care-australia/werribee-vic/6e1rm/k5nwf","","","",""
"SDA Care Australia","Clyde North VIC 3978","House, 3 residents",50081.12,"Improved Liveability","Enrolled",3,0,0,1,"info@sdacareaus.com.au","","https://www.housinghub.org.au/property-detail/sda/sda-care-australia/clyde-north-vic/6e1rm/9fauc","","","",""
"SDA Care Australia","Mount Duneed VIC 3217","House, 2 residents",92237.4,"High Physical Support","Enrolled",2,1,0,1,"andrew@sdastrategy.com.au","1300 025 013","https://www.housinghub.org.au/property-detail/sda/sda-strategy/mount-duneed-vic/z8v72/hpl6i","","","",""
"SDA Care Australia","Sunshine North VIC 3020","House, 3 residents",63786.23,"High Physical Support","Enrolled",3,0,0,1,"Enquiries@careiwish.com.au","0370376606","https://www.housinghub.org.au/property-detail/sda/care-i-wish/sunshine-north-vic/m949f/3z716","","","",""
"SDA Care Australia","Winter Valley VIC 3358","House, 2 residents",79929.36,"Robust","Enrolled",2,1,1,1,"info@sdacareaus.com.au","","https://www.housinghub.org.au/property-detail/sda/sda-care-australia/winter-valley-vic/6e1rm/gewin","","","",""
"SDA Care Australia","Winter Valley VIC 3358","House, 2 residents",79929.36,"Robust","Enrolled",2,1,1,1,"info@sdacareaus.com.au","","https://www.housinghub.org.au/property-detail/sda/sda-care-australia/winter-valley-vic/6e1rm/gluyn","","","",""
"SDA Care Australia","Bonshaw VIC 3352","House, 2 residents",79775.64,"Robust","Enrolled",2,0,1,1,"operations@selecthomeliving.com.au","0473074815","https://www.housinghub.org.au/property-detail/sda/select-home-living-pty-ltd/bonshaw-vic/20413/pzunr","","","",""
"SDA FUND AUSTRALIA PTY LTD","Highton VIC 3216","Apartment, 1 bedroom, 1 resident",91069.44,"High Physical Support","Enrolled",1,1,0,0,"info@emergeliving.com.au","1300 10 30 50","https://www.housinghub.org.au/property-detail/sda/emerge-living/highton-vic/16511/gfp33","","","",""
"SDA FUND AUSTRALIA PTY LTD","St Albans Park Geelong VIC 3219","Villa / Duplex / Townhouse, 1 residents",73794.1,"Robust","Enrolled",1,1,0,1,"info@emergeliving.com.au","1300 10 30 50","https://www.housinghub.org.au/property-detail/sda/emerge-living/st-albans-park-vic/16511/4qja7","","","",""
"SDA HOMES WA PTY LTD","Success WA 6164","House, 3 residents",62769.78,"High Physical Support","Enrolled",1,0,0,1,"ldholariya@accessfoundation.com.au","08 6243 9569","https://www.housinghub.org.au/property-detail/sda/access-foundation/success-wa/19691/8113","","","",""
"SDA HOMES WA PTY LTD","Maddington WA 6109","House, 3 residents",56135.41,"Fully Accessible","Enrolled",1,0,0,1,"ldholariya@accessfoundation.com.au","08 6243 9569","https://www.housinghub.org.au/property-detail/sda/access-foundation/maddington-wa/19691/8590","","","",""
"SDA Homes Australia","Grovedale VIC 3216","House, 3 residents",59439.36,"High Physical Support","Enrolled",1,1,0,1,"admin@mvpropertygroup.com.au","1300 282 797","https://www.housinghub.org.au/property-detail/sda/sda-homes-australia/grovedale-vic/13906/4100","","","",""
"SDA Homes Australia","Armstrong Creek VIC 3217","House, 2 residents",86553.24,"High Physical Support","Enrolled",1,1,0,1,"admin@mvpropertygroup.com.au","1300 282 797","https://www.housinghub.org.au/property-detail/sda/sda-homes-australia/armstrong-creek-vic/13906/6864","","","",""
"SDA Homes Australia","Inverloch VIC 3996","House, 2 residents",61659.04,"Improved Liveability","Enrolled",1,0,0,1,"admin@mvpropertygroup.com.au","1300 282 797","https://www.housinghub.org.au/property-detail/sda/sda-homes-australia/inverloch-vic/13906/tal83","","","",""
"SDA LIFE","Landsdale WA 6065","House, 3 residents",61539,"High Physical Support","Enrolled",1,0,0,1,"reach@moonlightcare.com.au","","https://www.housinghub.org.au/property-detail/sda/moonlight-care/landsdale-wa/a1j41/32us6","","","",""
"SDA LIFE","Landsdale WA 6065","House, 3 residents",61539,"High Physical Support","Enrolled",1,0,0,1,"info@sdalife.com.au","","https://www.housinghub.org.au/property-detail/sda/sda-life/landsdale-wa/4edcq/57gdl","","","",""
"SDA LIFE","Landsdale WA 6065","House, 3 residents",61539,"High Physical Support","Enrolled",2,0,0,1,"info@sdalife.com.au","","https://www.housinghub.org.au/property-detail/sda/sda-life/landsdale-wa/4edcq/1i8t4","","","",""
"SDA LIFE","Landsdale WA 6065","House, 3 residents",61539,"High Physical Support","Enrolled",2,0,0,1,"info@sdalife.com.au","","https://www.housinghub.org.au/property-detail/sda/sda-life/landsdale-wa/4edcq/6y1mx","","","",""
"SDA LIVING AUSTRALIA","Old Beach TAS 7017","House, 2 residents",89262,"High Physical Support","Enrolled",2,1,0,1,"contact@sdalivingaustralia.com.au","0411182917","https://www.housinghub.org.au/property-detail/sda/sda-living-australia/old-beach-tas/majkm/2hhk3","","","",""
"SDA LIVING AUSTRALIA","Wyndham Vale VIC 3024","Villa / Duplex / Townhouse, 1 residents",76124.44,"Robust","Enrolled",1,1,0,1,"contact@sdalivingaustralia.com.au","0411182917","https://www.housinghub.org.au/property-detail/sda/sda-living-australia/wyndham-vale-vic/majkm/jg5kq","","","",""
"SDA LIVING AUSTRALIA","Morphett Vale SA 5162","House, 2 residents",93737.16,"High Physical Support","Enrolled",1,0,0,1,"contact@sdalivingaustralia.com.au","0411182917","https://www.housinghub.org.au/property-detail/sda/sda-living-australia/morphett-vale-sa/majkm/99zg9","","","",""
"SDA LIVING AUSTRALIA","Midway Point TAS 7171","House, 2 residents",89262,"High Physical Support","Enrolled",2,1,0,1,"contact@sdalivingaustralia.com.au","0411182917","https://www.housinghub.org.au/property-detail/sda/sda-living-australia/midway-point-tas/majkm/mfq2s","","","",""
"SDA LIVING AUSTRALIA","Midway Point TAS 7171","House, 2 residents",89262,"High Physical Support","Enrolled",2,1,0,1,"contact@sdalivingaustralia.com.au","0411182917","https://www.housinghub.org.au/property-detail/sda/sda-living-australia/midway-point-tas/majkm/8mfl3","","","",""
"SDA LIVING AUSTRALIA","Sorell TAS 7172","House, 2 residents",89262,"High Physical Support","Enrolled",2,1,0,1,"contact@sdalivingaustralia.com.au","0411182917","https://www.housinghub.org.au/property-detail/sda/sda-living-australia/sorell-tas/majkm/1wzif","","","",""
"SDA LIVING AUSTRALIA","Sorell TAS 7172","House, 2 residents",89262,"High Physical Support","Enrolled",2,1,0,1,"contact@sdalivingaustralia.com.au","0411182917","https://www.housinghub.org.au/property-detail/sda/sda-living-australia/sorell-tas/majkm/hcdp3","","","",""
"SDA LIVING AUSTRALIA","Midway Point TAS 7171","House, 2 residents",85215.6,"High Physical Support","Enrolled",2,0,0,1,"contact@sdalivingaustralia.com.au","0411182917","https://www.housinghub.org.au/property-detail/sda/sda-living-australia/midway-point-tas/majkm/v448u","","","",""
"SDA LIVING AUSTRALIA","Epsom VIC 3551","House, 3 residents",58661.9,"High Physical Support","Enrolled",3,1,0,1,"contact@sdalivingaustralia.com.au","0411182917","https://www.housinghub.org.au/property-detail/sda/sda-living-australia/epsom-vic/majkm/uf2v2","","","",""
"SDA LIVING AUSTRALIA","Waurn Ponds VIC 3216","House, 2 residents",82780.23,"Robust","Enrolled",1,0,0,1,"contact@sdalivingaustralia.com.au","0411182917","https://www.housinghub.org.au/property-detail/sda/sda-living-australia/waurn-ponds-vic/majkm/7wur2","","","",""
"SDA LIVING AUSTRALIA","Clyde North VIC 3978","House, 2 residents",91245.6,"High Physical Support","Enrolled",2,1,0,1,"contact@sdalivingaustralia.com.au","04 11182917","www.sdalivingaustralia.com.au","","","",""
"SDA LIVING AUSTRALIA","Berwick VIC 3806","House, 3 residents",63492.88,"High Physical Support","Enrolled",2,1,0,1,"hello@aretecare.com.au","0383531837","https://www.housinghub.org.au/property-detail/sda/arete-care/berwick-vic/12470/w1r1c","","","",""
"SDA LIVING AUSTRALIA","Sale VIC 3850","House, 2 residents",82319.4,"High Physical Support","Enrolled",1,1,0,1,"contact@sdalivingaustralia.com.au","0411182917","https://www.housinghub.org.au/property-detail/sda/sda-living-australia/sale-vic/majkm/gusbf","","","",""
"SDA LIVING AUSTRALIA","Murray Bridge SA 5253","House, 2 residents",87109.28,"High Physical Support","Enrolled",1,0,0,1,"contact@sdalivingaustralia.com.au","0411182917","https://www.housinghub.org.au/property-detail/sda/sda-living-australia/murray-bridge-sa/majkm/qhwzx","","","",""
"SDA LIVING AUSTRALIA","Sale VIC 3850","House, 2 residents",82319.4,"High Physical Support","Enrolled",2,1,0,1,"contact@sdalivingaustralia.com.au","0411182917","https://www.housinghub.org.au/property-detail/sda/sda-living-australia/sale-vic/majkm/lqfl1","","","",""
"SDA LIVING AUSTRALIA","Armstrong Creek VIC 3217","House, 2 residents",87022.89,"Robust","Enrolled",1,1,0,1,"contact@sdalivingaustralia.com.au","0411182917","https://www.housinghub.org.au/property-detail/sda/sda-living-australia/armstrong-creek-vic/majkm/j4q8x","","","",""
"SDA Management Australia","Park Ridge QLD 4125","House, 2 residents",70521.9,"Fully Accessible","Enrolled",1,0,0,1,"enquiries@accordcare.com.au","0427074952","https://www.housinghub.org.au/property-detail/sda/accord-care/park-ridge-qld/19586/9530","","","",""
"SDA Management Australia","Johnston NT 0832","Villa / Duplex / Townhouse, 1 residents",87099.43,"Robust","Enrolled",4,0,0,1,"sarah.thompson@experiencesocialgrowth.com","","https://www.housinghub.org.au/property-detail/sda/esg-inclusive-homes/johnston-nt/stkkt/v2qhl","","","",""
"SDA Management Australia","Gleneagle QLD 4285","Villa / Duplex / Townhouse, 1 residents",70543.34,"Robust","Enrolled",2,0,0,1,"admin@horizonsda.com.au","1300 421 068","https://www.housinghub.org.au/property-detail/sda/horizon-sda-care/gleneagle-qld/5724/lckek","","","",""
"SDA New Build","Heidelberg West VIC 3081","Group home, 4 residents",48227.32,"High Physical Support","Enrolled",2,0,0,1,"info@adaptivehousing.com.au","","https://www.housinghub.org.au/property-detail/sda/adaptive-housing/heidelberg-west-vic/5784/vjmdx","","","",""
"SDA Options Pty Ltd","Mount Duneed VIC 3217","House, 2 residents",86553.24,"High Physical Support","Enrolled",2,1,0,1,"info@sdaoptions.com.au","0390344646","https://www.housinghub.org.au/property-detail/sda/sda-options-pty-ltd/mount-duneed-vic/7wnx1/zak75","","","",""
"SDA Options Pty Ltd","Carrum Downs VIC 3201","Villa / Duplex / Townhouse, 1 residents",67119.96,"Robust","Enrolled",1,1,0,0,"info@sdaoptions.com.au","0390344646","https://www.housinghub.org.au/property-detail/sda/sda-options-pty-ltd/carrum-downs-vic/7wnx1/ff54s","","","",""
"SDA Options Pty Ltd","Bendigo VIC 3550","House, 2 residents",72056.2,"Fully Accessible","Enrolled",2,1,0,1,"info@sdaoptions.com.au","0390344646","https://www.housinghub.org.au/property-detail/sda/sda-options-pty-ltd/north-bendigo-vic/7wnx1/sjz66","","","",""
"SDA RESIDENTIAL PTY LTD","Schofields NSW 2762","Apartment, 1 bedroom, 1 resident",91248,"High Physical Support","Enrolled",1,0,0,0,"support@sdaresidential.com","61390020300","https://www.housinghub.org.au/property-detail/sda/sda-residential/schofields-nsw/nc5s3/xaqq1","","","",""
"SDA RESIDENTIAL PTY LTD","Strathtulloh VIC 3338","House, 3 residents",55895.28,"Robust","Enrolled",3,0,0,1,"support@sdaresidential.com","61390020300","https://www.housinghub.org.au/property-detail/sda/sda-residential/strathtulloh-vic/nc5s3/wm3th","","","",""
"SDA RESIDENTIAL PTY LTD","Mildura VIC 3500","House, 2 residents",62401.92,"Improved Liveability","Enrolled",2,0,0,1,"support@sdaresidential.com","61390020300","https://www.housinghub.org.au/property-detail/sda/sda-residential/mildura-vic/nc5s3/ikupq","","","",""
"SDA RESIDENTIAL PTY LTD","Mildura VIC 3500","House, 2 residents",62401.92,"Improved Liveability","Enrolled",2,0,0,1,"support@sdaresidential.com","61390020300","https://www.housinghub.org.au/property-detail/sda/sda-residential/mildura-vic/nc5s3/qa2he","","","",""
"SDA RESIDENTIAL PTY LTD","Mildura VIC 3500","House, 2 residents",66176.04,"Improved Liveability","Enrolled",3,0,0,1,"support@sdaresidential.com","61390020300","https://www.housinghub.org.au/property-detail/sda/sda-residential/mildura-vic/nc5s3/133r3","","","",""
"SDA RESIDENTIAL PTY LTD","Mildura VIC 3500","House, 2 residents",62401.92,"Improved Liveability","Enrolled",4,0,0,1,"support@sdaresidential.com","61390020300","https://www.housinghub.org.au/property-detail/sda/sda-residential/mildura-vic/nc5s3/wi4r4","","","",""
"SDA RESIDENTIAL PTY LTD","Mildura VIC 3500","House, 2 residents",62401.92,"Improved Liveability","Enrolled",2,0,0,1,"support@sdaresidential.com","61390020300","https://www.housinghub.org.au/property-detail/sda/sda-residential/mildura-vic/nc5s3/hjimt","","","",""
"SDA RESIDENTIAL PTY LTD","Hilbert WA 6112","House, 2 residents",98652.08,"High Physical Support","Enrolled",2,1,0,1,"support@sdaresidential.com","61390020300","https://www.housinghub.org.au/property-detail/sda/sda-residential/hilbert-wa/nc5s3/mjn45","","","",""
"SDA RESIDENTIAL PTY LTD","Hilbert WA 6112","House, 2 residents",98652.08,"High Physical Support","Enrolled",2,1,0,1,"support@sdaresidential.com","61390020300","https://www.housinghub.org.au/property-detail/sda/sda-residential/hilbert-wa/nc5s3/72lrl","","","",""
"SDA RESIDENTIAL PTY LTD","Haynes WA 6112","House, 2 residents",98652.08,"High Physical Support","Enrolled",2,1,0,1,"support@sdaresidential.com","61390020300","https://www.housinghub.org.au/property-detail/sda/sda-residential/haynes-wa/nc5s3/pu745","","","",""
"SDA RESIDENTIAL PTY LTD","Mildura VIC 3500","House, 2 residents",62401.92,"Improved Liveability","Enrolled",2,0,0,1,"support@sdaresidential.com","61390020300","https://www.housinghub.org.au/property-detail/sda/sda-residential/mildura-vic/nc5s3/kw644","","","",""
"SDA RESIDENTIAL PTY LTD","Hilbert WA 6112","House, 2 residents",83507.86,"Improved Liveability","Enrolled",2,0,0,1,"support@sdaresidential.com","61390020300","https://www.housinghub.org.au/property-detail/sda/sda-residential/hilbert-wa/nc5s3/u6k5i","","","",""
"SDA RESIDENTIAL PTY LTD","Toogoom QLD 4655","House, 2 residents",74819.64,"Robust","Enrolled",2,0,1,1,"support@sdaresidential.com","61390020300","https://www.housinghub.org.au/property-detail/sda/sda-residential/toogoom-qld/nc5s3/m39by","","","",""
"SDA RESIDENTIAL PTY LTD","Port Kennedy WA 6172","House, 3 residents",62769.78,"High Physical Support","Enrolled",3,0,0,1,"support@sdaresidential.com","61390020300","https://www.housinghub.org.au/property-detail/sda/sda-residential/port-kennedy-wa/nc5s3/ig17x","","","",""
"SDA RESIDENTIAL PTY LTD","Mildura VIC 3500","House, 2 residents",62401.92,"Improved Liveability","Enrolled",2,0,0,1,"support@sdaresidential.com","61390020300","https://www.housinghub.org.au/property-detail/sda/sda-residential/mildura-vic/nc5s3/adkwf","","","",""
"SDA RESIDENTIAL PTY LTD","Mildura VIC 3500","House, 3 residents",57971.76,"High Physical Support","Enrolled",3,1,0,1,"support@sdaresidential.com","61390020300","https://www.housinghub.org.au/property-detail/sda/sda-residential/mildura-vic/nc5s3/pvn54","","","",""
"SDA RESIDENTIAL PTY LTD","Cobblebank VIC 3338","House, 3 residents",59692.83,"High Physical Support","Enrolled",3,0,0,1,"support@sdaresidential.com","61390020300","https://www.housinghub.org.au/property-detail/sda/sda-residential/cobblebank-vic/nc5s3/kiq24","","","",""
"SDA RESIDENTIAL PTY LTD","Westminster WA 6061","Villa / Duplex / Townhouse, 1 residents",73934.02,"Robust","Enrolled",1,1,0,1,"support@sdaresidential.com","61390020300","https://www.housinghub.org.au/property-detail/sda/sda-residential/westminster-wa/nc5s3/rhfm2","","","",""
"SDA RESIDENTIAL PTY LTD","Winter Valley VIC 3358","House, 2 residents",78177.12,"High Physical Support","Enrolled",2,1,0,1,"support@sdaresidential.com","61390020300","https://www.housinghub.org.au/property-detail/sda/sda-residential/winter-valley-vic/nc5s3/rmie8","","","",""
"SDA RESIDENTIAL PTY LTD","Winter Valley VIC 3358","House, 2 residents",78177.12,"High Physical Support","Enrolled",2,1,0,1,"support@sdaresidential.com","61390020300","https://www.housinghub.org.au/property-detail/sda/sda-residential/winter-valley-vic/nc5s3/t6jgd","","","",""
"SDA RESIDENTIAL PTY LTD","Winter Valley VIC 3358","House, 2 residents",78177.12,"High Physical Support","Enrolled",2,1,0,1,"support@sdaresidential.com","61390020300","https://www.housinghub.org.au/property-detail/sda/sda-residential/winter-valley-vic/nc5s3/xk14w","","","",""
"SDA RESIDENTIAL PTY LTD","Winter Valley VIC 3358","House, 2 residents",78177.12,"High Physical Support","Enrolled",2,1,0,1,"support@sdaresidential.com","61390020300","https://www.housinghub.org.au/property-detail/sda/sda-residential/winter-valley-vic/nc5s3/d2sd9","","","",""
"SDA RESIDENTIAL PTY LTD","Winter Valley VIC 3358","House, 2 residents",78177.12,"High Physical Support","Enrolled",2,1,0,1,"support@sdaresidential.com","61390020300","https://www.housinghub.org.au/property-detail/sda/sda-residential/winter-valley-vic/nc5s3/8h91s","","","",""
"SDA RESIDENTIAL PTY LTD","Winter Valley VIC 3358","House, 2 residents",78177.12,"High Physical Support","Enrolled",2,1,0,1,"support@sdaresidential.com","61390020300","https://www.housinghub.org.au/property-detail/sda/sda-residential/winter-valley-vic/nc5s3/7fvix","","","",""
"SDA Smarthomes","Urraween QLD 4655","Group home, 4 residents",42491.4,"High Physical Support","Enrolled",2,0,0,1,"enquiries@thedisabilityhousingcentre.com.au","0738993873","https://www.housinghub.org.au/property-detail/sda/the-disability-housing-centre/urraween-qld/5672/1507","","","",""
"SDA Smarthomes","Maryborough QLD 4650","House, 3 residents",51692.76,"High Physical Support","Enrolled",1,0,0,1,"enquiries@thedisabilityhousingcentre.com.au","0738993873","https://www.housinghub.org.au/property-detail/sda/the-disability-housing-centre/maryborough-qld/5672/1802","","","",""
"SDA Smarthomes","Murrumba Downs QLD 4503","House, 2 residents",79050.69,"High Physical Support","Enrolled",1,0,0,1,"enquiries@thedisabilityhousingcentre.com.au","0738993873","https://www.housinghub.org.au/property-detail/sda/the-disability-housing-centre/murrumba-downs-qld/5672/2189","","","",""
"SDA Smarthomes","Brassall QLD 4305","House, 3 residents",51692.76,"High Physical Support","Enrolled",1,0,0,1,"enquiries@thedisabilityhousingcentre.com.au","0738993873","https://www.housinghub.org.au/property-detail/sda/the-disability-housing-centre/brassall-qld/5672/1812","","","",""
"SDA Smarthomes","Loganholme QLD 4129","House, 3 residents",57231.27,"High Physical Support","Enrolled",1,0,0,1,"enquiries@thedisabilityhousingcentre.com.au","0738993873","https://www.housinghub.org.au/property-detail/sda/the-disability-housing-centre/loganholme-qld/5672/1808","","","",""
"SDA Smarthomes","Ripley QLD 4306","House, 3 residents",51692.76,"High Physical Support","Enrolled",1,0,0,1,"enquiries@thedisabilityhousingcentre.com.au","0738993873","https://www.housinghub.org.au/property-detail/sda/the-disability-housing-centre/ripley-qld/5672/1804","","","",""
"SDA Smarthomes","Ellen Grove QLD 4078","House, 3 residents",51692.76,"High Physical Support","Enrolled",2,0,0,1,"enquiries@thedisabilityhousingcentre.com.au","0738993873","https://www.housinghub.org.au/property-detail/sda/the-disability-housing-centre/ellen-grove-qld/5672/1805","","","",""
"SDA Smarthomes","Caboolture South QLD 4510","Group home, 4 residents",45020.65,"High Physical Support","Enrolled",1,0,0,1,"enquiries@thedisabilityhousingcentre.com.au","0738993873","https://www.housinghub.org.au/property-detail/sda/the-disability-housing-centre/caboolture-south-qld/5672/1811","","","",""
"SDA Smarthomes","Tewantin QLD 4565","Group home, 4 residents",42997.25,"High Physical Support","Enrolled",1,0,0,1,"enquiries@thedisabilityhousingcentre.com.au","0738993873","https://www.housinghub.org.au/property-detail/sda/the-disability-housing-centre/tewantin-qld/5672/2232","","","",""
"SDA Smarthomes","Maryborough QLD 4650","House, 2 residents",74609.64,"High Physical Support","Enrolled",1,0,0,1,"silhomesc@justbettercare.com","07 5353 5111","https://www.housinghub.org.au/property-detail/sda/just-better-care/maryborough-qld/14380/6qfrr","","","",""
"SDA Smarthomes","Heritage Park QLD 4118","Group home, 4 residents",47044.05,"High Physical Support","Enrolled",3,0,0,1,"enquiries@thedisabilityhousingcentre.com.au","0738993873","https://www.housinghub.org.au/property-detail/sda/the-disability-housing-centre/heritage-park-qld/5672/5755","","","",""
"SDA Smarthomes","Loganlea QLD 4131","House, 3 residents",57231.27,"High Physical Support","Enrolled",1,0,0,1,"enquiries@thedisabilityhousingcentre.com.au","0738993873","https://www.housinghub.org.au/property-detail/sda/the-disability-housing-centre/loganlea-qld/5672/2554","","","",""
"SDA Smarthomes","Leichhardt QLD 4305","House, 3 residents",51692.76,"High Physical Support","Enrolled",1,0,0,1,"enquiries@thedisabilityhousingcentre.com.au","0738993873","https://www.housinghub.org.au/property-detail/sda/the-disability-housing-centre/leichhardt-qld/5672/3010","","","",""
"SDA Smarthomes","Park Ridge QLD 4125","House, 3 residents",57231.27,"High Physical Support","Enrolled",1,0,0,1,"enquiries@thedisabilityhousingcentre.com.au","0738993873","https://www.housinghub.org.au/property-detail/sda/the-disability-housing-centre/park-ridge-qld/5672/5788","","","",""
"SDA Smarthomes","Lawnton QLD 4501","House, 3 residents",54769.71,"High Physical Support","Enrolled",1,0,0,1,"enquiries@thedisabilityhousingcentre.com.au","0738993873","https://www.housinghub.org.au/property-detail/sda/the-disability-housing-centre/lawnton-qld/5672/2549","","","",""
"SDA Smarthomes","Bethania QLD 4205","House, 3 residents",57231.27,"High Physical Support","Enrolled",1,0,0,1,"enquiries@thedisabilityhousingcentre.com.au","0738993873","https://www.housinghub.org.au/property-detail/sda/the-disability-housing-centre/bethania-qld/5672/4ivdb","","","",""
"SDA Smarthomes","Marsden QLD 4132","House, 3 residents",57231.27,"High Physical Support","Enrolled",1,0,0,1,"enquiries@thedisabilityhousingcentre.com.au","0738993873","https://www.housinghub.org.au/property-detail/sda/the-disability-housing-centre/marsden-qld/5672/2902","","","",""
"SDA Smarthomes","Narangba QLD 4504","House, 3 residents",54769.71,"High Physical Support","Enrolled",1,0,0,1,"enquiries@accordcare.com.au","0427074952","https://www.housinghub.org.au/property-detail/sda/accord-care/narangba-qld/19586/ym33r","","","",""
"SDA Smarthomes","Belivah QLD 4207","House, 3 residents",57231.27,"High Physical Support","Enrolled",2,0,0,1,"enquiries@thedisabilityhousingcentre.com.au","0738993873","https://www.housinghub.org.au/property-detail/sda/the-disability-housing-centre/belivah-qld/5672/6581","","","",""
"SDA Smarthomes","Gleneagle QLD 4285","House, 3 residents",57231.27,"High Physical Support","Enrolled",1,0,0,1,"enquiries@thedisabilityhousingcentre.com.au","0738993873","https://www.housinghub.org.au/property-detail/sda/the-disability-housing-centre/gleneagle-qld/5672/4668","","","",""
"SDA Smarthomes","Bray Park QLD 4500","House, 3 residents",54769.71,"High Physical Support","Enrolled",1,0,0,1,"enquiries@thedisabilityhousingcentre.com.au","0738993873","https://www.housinghub.org.au/property-detail/sda/the-disability-housing-centre/bray-park-qld/5672/5752","","","",""
"SDA Smarthomes","Riverview QLD 4303","House, 3 residents",51692.76,"High Physical Support","Enrolled",3,0,0,1,"enquiries@thedisabilityhousingcentre.com.au","0738993873","https://www.housinghub.org.au/property-detail/sda/the-disability-housing-centre/riverview-qld/5672/6592","","","",""
"SDA Smarthomes","Caboolture QLD 4510","House, 3 residents",54769.71,"High Physical Support","Enrolled",1,0,0,1,"enquiries@thedisabilityhousingcentre.com.au","0738993873","https://www.housinghub.org.au/property-detail/sda/the-disability-housing-centre/caboolture-qld/5672/2555","","","",""
"SDA Smarthomes","Caboolture QLD 4510","House, 3 residents",54769.71,"High Physical Support","Enrolled",2,0,0,1,"enquiries@thedisabilityhousingcentre.com.au","0738993873","https://www.housinghub.org.au/property-detail/sda/the-disability-housing-centre/caboolture-qld/5672/6626","","","",""
"SDA Smarthomes","Branyan QLD 4670","House, 3 residents",51692.76,"High Physical Support","Enrolled",1,0,0,1,"enquiries@thedisabilityhousingcentre.com.au","0738993873","https://www.housinghub.org.au/property-detail/sda/the-disability-housing-centre/branyan-qld/5672/6625","","","",""
"SDA Smarthomes","Branyan QLD 4670","House, 3 residents",51692.76,"High Physical Support","Enrolled",1,0,0,1,"enquiries@thedisabilityhousingcentre.com.au","0738993873","https://www.housinghub.org.au/property-detail/sda/the-disability-housing-centre/branyan-qld/5672/6621","","","",""
"SDA Smarthomes","Deception Bay QLD 4508","House, 3 residents",54769.71,"High Physical Support","Enrolled",1,0,0,1,"enquiries@thedisabilityhousingcentre.com.au","0738993873","https://www.housinghub.org.au/property-detail/sda/the-disability-housing-centre/deception-bay-qld/5672/6597","","","",""
"SDA Smarthomes","Urraween QLD 4655","House, 3 residents",51692.76,"High Physical Support","Enrolled",3,0,0,1,"enquiries@thedisabilityhousingcentre.com.au","0738993873","https://www.housinghub.org.au/property-detail/sda/the-disability-housing-centre/urraween-qld/5672/7343","","","",""
"SDA Smarthomes","Marsden QLD 4132","House, 3 residents",57231.27,"High Physical Support","Enrolled",1,0,0,1,"enquiries@thedisabilityhousingcentre.com.au","0738993873","https://www.housinghub.org.au/property-detail/sda/the-disability-housing-centre/marsden-qld/5672/6595","","","",""
"SDA Smarthomes","Narangba QLD 4504","House, 2 residents",79050.69,"High Physical Support","Enrolled",1,0,0,1,"enquiries@thedisabilityhousingcentre.com.au","0738993873","https://www.housinghub.org.au/property-detail/sda/the-disability-housing-centre/narangba-qld/5672/hy5ug","","","",""
"SDA Smarthomes","Cleveland QLD 4163","House, 2 residents",81715.32,"High Physical Support","Enrolled",1,0,0,1,"enquiries@thedisabilityhousingcentre.com.au","0738993873","https://www.housinghub.org.au/property-detail/sda/the-disability-housing-centre/cleveland-qld/5672/8092","","","",""
"SDA Smarthomes","Marsden QLD 4132","House, 2 residents",82603.53,"High Physical Support","Enrolled",2,0,0,1,"enquiries@thedisabilityhousingcentre.com.au","0738993873","https://www.housinghub.org.au/property-detail/sda/the-disability-housing-centre/marsden-qld/5672/7646","","","",""
"SDA Smarthomes","Marsden QLD 4132","House, 2 residents",82603.53,"High Physical Support","Enrolled",1,0,0,1,"enquiries@thedisabilityhousingcentre.com.au","0738993873","https://www.housinghub.org.au/property-detail/sda/the-disability-housing-centre/marsden-qld/5672/7352","","","",""
"SDA Smarthomes","Beenleigh QLD 4207","Group home, 4 residents",47044.05,"High Physical Support","Enrolled",2,0,0,1,"enquiries@thedisabilityhousingcentre.com.au","0738993873","https://www.housinghub.org.au/property-detail/sda/the-disability-housing-centre/beenleigh-qld/5672/bsams","","","",""
"SDA Smarthomes","Goodna QLD 4300","House, 3 residents",51692.76,"High Physical Support","Enrolled",2,0,0,1,"enquiries@thedisabilityhousingcentre.com.au","0738993873","https://www.housinghub.org.au/property-detail/sda/the-disability-housing-centre/goodna-qld/5672/7lq43","","","",""
"SDA Smarthomes","Greenbank QLD 4124","House, 3 residents",57231.27,"High Physical Support","Enrolled",1,0,0,1,"enquiries@thedisabilityhousingcentre.com.au","0738993873","https://www.housinghub.org.au/property-detail/sda/the-disability-housing-centre/greenbank-qld/5672/9534","","","",""
"SDA Smarthomes","Redbank Plains QLD 4301","House, 2 residents",74609.64,"High Physical Support","Enrolled",1,0,0,1,"enquiries@thedisabilityhousingcentre.com.au","0738993873","https://www.housinghub.org.au/property-detail/sda/the-disability-housing-centre/redbank-plains-qld/5672/8850","","","",""
"SDA Smarthomes","Sunnybank QLD 4109","House, 3 residents",62154.39,"High Physical Support","Enrolled",1,0,0,1,"enquiries@thedisabilityhousingcentre.com.au","0738993873","https://www.housinghub.org.au/property-detail/sda/the-disability-housing-centre/sunnybank-qld/5672/9648","","","",""
"SDA Smarthomes","Branyan QLD 4670","House, 2 residents",74769.24,"Robust","Enrolled",1,0,0,1,"enquiries@thedisabilityhousingcentre.com.au","0738993873","https://www.housinghub.org.au/property-detail/sda/the-disability-housing-centre/branyan-qld/5672/l856s","","","",""
"SDA Smarthomes","Thornlands QLD 4164","House, 2 residents",81715.32,"High Physical Support","Enrolled",1,0,0,1,"enquiries@thedisabilityhousingcentre.com.au","0738993873","https://www.housinghub.org.au/property-detail/sda/the-disability-housing-centre/thornlands-qld/5672/9537","","","",""
"SDA Smarthomes","Acacia Ridge QLD 4110","House, 3 residents",62154.39,"High Physical Support","Enrolled",1,0,0,1,"enquiries@thedisabilityhousingcentre.com.au","0738993873","https://www.housinghub.org.au/property-detail/sda/the-disability-housing-centre/acacia-ridge-qld/5672/rkiq7","","","",""
"SDA Smarthomes","Redland Bay QLD 4165","House, 3 residents",56615.88,"High Physical Support","Enrolled",1,0,0,1,"enquiries@thedisabilityhousingcentre.com.au","0738993873","https://www.housinghub.org.au/property-detail/sda/the-disability-housing-centre/redland-bay-qld/5672/hv5ip","","","",""
"SDA Smarthomes","Holmview QLD 4207","House, 2 residents",82780.23,"Robust","Enrolled",1,0,0,1,"enquiries@thedisabilityhousingcentre.com.au","0738993873","https://www.housinghub.org.au/property-detail/sda/the-disability-housing-centre/holmview-qld/5672/hybbx","","","",""
"SDA Smarthomes","Loganlea QLD 4131","House, 3 residents",57231.27,"High Physical Support","Enrolled",1,0,0,1,"enquiries@thedisabilityhousingcentre.com.au","0738993873","https://www.housinghub.org.au/property-detail/sda/the-disability-housing-centre/loganlea-qld/5672/gpj1g","","","",""
"SDA Smarthomes","Nirimba QLD 4551","House, 3 residents",52923.54,"High Physical Support","Enrolled",1,0,0,1,"enquiries@thedisabilityhousingcentre.com.au","0738993873","https://www.housinghub.org.au/property-detail/sda/the-disability-housing-centre/nirimba-qld/5672/2be8j","","","",""
"SDA Smarthomes","Heritage Park QLD 4118","House, 2 residents",82603.53,"High Physical Support","Enrolled",1,0,0,1,"enquiries@thedisabilityhousingcentre.com.au","0738993873","https://www.housinghub.org.au/property-detail/sda/the-disability-housing-centre/heritage-park-qld/5672/6fjyl","","","",""
"SDA Smarthomes","Kallangur QLD 4503","House, 3 residents",58525.51,"High Physical Support","Enrolled",1,0,0,1,"enquiries@thedisabilityhousingcentre.com.au","0738993873","https://www.housinghub.org.au/property-detail/sda/the-disability-housing-centre/kallangur-qld/5672/85qh9","","","",""
"SDA Smarthomes","One Mile QLD 4305","House, 3 residents",55237.56,"High Physical Support","Enrolled",4,0,0,1,"enquiries@thedisabilityhousingcentre.com.au","0738993873","https://www.housinghub.org.au/property-detail/sda/the-disability-housing-centre/one-mile-qld/5672/j75bm","","","",""
"SDA Smarthomes","Palmview QLD 4553","House, 3 residents",56552.74,"High Physical Support","Enrolled",1,0,0,1,"enquiries@thedisabilityhousingcentre.com.au","0738993873","https://www.housinghub.org.au/property-detail/sda/the-disability-housing-centre/palmview-qld/5672/3gitg","","","",""
"SDA Smarthomes","Gleneagle QLD 4285","House, 2 residents",77737.77,"Robust","Enrolled",2,0,0,1,"enquiries@thedisabilityhousingcentre.com.au","0738993873","https://www.housinghub.org.au/property-detail/sda/the-disability-housing-centre/gleneagle-qld/5672/282jk","","","",""
"SDA Smarthomes","Strathpine QLD 4500","House, 3 residents",54769.71,"High Physical Support","Enrolled",2,0,0,1,"enquiries@thedisabilityhousingcentre.com.au","0738993873","https://www.housinghub.org.au/property-detail/sda/the-disability-housing-centre/strathpine-qld/5672/5fwfz","","","",""
"SDA Smarthomes","Loganlea QLD 4131","House, 2 residents",82603.53,"High Physical Support","Enrolled",2,0,0,1,"enquiries@thedisabilityhousingcentre.com.au","0738993873","https://www.housinghub.org.au/property-detail/sda/the-disability-housing-centre/loganlea-qld/5672/zq7w2","","","",""
"SDA Smarthomes","Sunnybank Hills QLD 4109","House, 3 residents",62154.39,"High Physical Support","Enrolled",2,0,0,1,"enquiries@thedisabilityhousingcentre.com.au","0738993873","https://www.housinghub.org.au/property-detail/sda/the-disability-housing-centre/sunnybank-hills-qld/5672/glwlu","","","",""
"SDA Smarthomes","Thornlands QLD 4164","House, 3 residents",60498.28,"High Physical Support","Enrolled",3,0,0,1,"enquiries@thedisabilityhousingcentre.com.au","0738993873","https://www.housinghub.org.au/property-detail/sda/the-disability-housing-centre/thornlands-qld/5672/4vwwr","","","",""
"SDA Smarthomes","Nirimba QLD 4551","House, 3 residents",59352.04,"High Physical Support","Enrolled",2,1,0,1,"enquiries@thedisabilityhousingcentre.com.au","0738993873","https://www.housinghub.org.au/property-detail/sda/the-disability-housing-centre/nirimba-qld/5672/qfufp","","","",""
"SDA Smarthomes","Banya QLD 4551","House, 3 residents",56552.74,"High Physical Support","Enrolled",1,0,0,1,"enquiries@thedisabilityhousingcentre.com.au","0738993873","https://www.housinghub.org.au/property-detail/sda/the-disability-housing-centre/banya-qld/5672/duax2","","","",""
"SDA Smarthomes","Algester QLD 4115","House, 3 residents",62154.39,"High Physical Support","Enrolled",1,0,0,1,"enquiries@thedisabilityhousingcentre.com.au","0738993873","https://www.housinghub.org.au/property-detail/sda/the-disability-housing-centre/algester-qld/5672/r62ul","","","",""
"SDA Smarthomes","Banya QLD 4551","House, 3 residents",56552.74,"High Physical Support","Enrolled",2,0,0,1,"enquiries@thedisabilityhousingcentre.com.au","0738993873","https://www.housinghub.org.au/property-detail/sda/the-disability-housing-centre/banya-qld/5672/rmyl9","","","",""
"SDA Smarthomes","Banya QLD 4551","House, 3 residents",56552.74,"High Physical Support","Enrolled",1,0,0,1,"enquiries@thedisabilityhousingcentre.com.au","0738993873","https://www.housinghub.org.au/property-detail/sda/the-disability-housing-centre/banya-qld/5672/3x6wd","","","",""
"SDA Smarthomes","Loganlea QLD 4131","House, 3 residents",61155.87,"High Physical Support","Enrolled",2,0,0,1,"enquiries@thedisabilityhousingcentre.com.au","0738993873","https://www.housinghub.org.au/property-detail/sda/the-disability-housing-centre/loganlea-qld/5672/lu86t","","","",""
"SDA Smarthomes","Coomera QLD 4209","House, 2 residents",85215.6,"High Physical Support","Enrolled",1,0,0,1,"enquiries@thedisabilityhousingcentre.com.au","0738993873","https://www.housinghub.org.au/property-detail/sda/the-disability-housing-centre/coomera-qld/5672/6j4j9","","","",""
"SDA Smarthomes","Heathwood QLD 4110","House, 3 residents",66416.59,"High Physical Support","Enrolled",1,0,0,1,"enquiries@thedisabilityhousingcentre.com.au","0738993873","https://www.housinghub.org.au/property-detail/sda/the-disability-housing-centre/heathwood-qld/5672/cvajq","","","",""
"SDA Smarthomes","Boondall QLD 4034","House, 3 residents",60308.22,"High Physical Support","Enrolled",1,0,0,1,"enquiries@thedisabilityhousingcentre.com.au","0738993873","https://www.housinghub.org.au/property-detail/sda/the-disability-housing-centre/boondall-qld/5672/gtle4","","","",""
"SDA Smarthomes","Heathwood QLD 4110","House, 3 residents",66416.59,"High Physical Support","Enrolled",2,0,0,1,"enquiries@thedisabilityhousingcentre.com.au","0738993873","https://www.housinghub.org.au/property-detail/sda/the-disability-housing-centre/heathwood-qld/5672/2yct8","","","",""
"SDA Smarthomes","Slacks Creek QLD 4127","House, 3 residents",57231.27,"High Physical Support","Enrolled",3,0,0,1,"enquiries@thedisabilityhousingcentre.com.au","0738993873","https://www.housinghub.org.au/property-detail/sda/the-disability-housing-centre/slacks-creek-qld/5672/vkkjb","","","",""
"SDA Smarthomes","Pallara QLD 4110","House, 3 residents",66416.59,"High Physical Support","Enrolled",2,0,0,1,"enquiries@thedisabilityhousingcentre.com.au","0738993873","https://www.housinghub.org.au/property-detail/sda/the-disability-housing-centre/pallara-qld/5672/x7qxt","","","",""
"SDA Smarthomes","Boondall QLD 4034","House, 3 residents",60308.22,"High Physical Support","Enrolled",1,0,0,1,"enquiries@thedisabilityhousingcentre.com.au","0738993873","https://www.housinghub.org.au/property-detail/sda/the-disability-housing-centre/boondall-qld/5672/7dcs6","","","",""
"SDA Smarthomes","Heathwood QLD 4110","House, 3 residents",62154.39,"High Physical Support","Enrolled",2,0,0,1,"enquiries@thedisabilityhousingcentre.com.au","0738993873","https://www.housinghub.org.au/property-detail/sda/the-disability-housing-centre/heathwood-qld/5672/sdcxl","","","",""
"SDA Smarthomes","Birkdale QLD 4159","House, 3 residents",60498.28,"High Physical Support","Enrolled",2,0,0,1,"enquiries@thedisabilityhousingcentre.com.au","0738993873","https://www.housinghub.org.au/property-detail/sda/the-disability-housing-centre/birkdale-qld/5672/qkcyf","","","",""
"SDA Smarthomes","Slacks Creek QLD 4127","House, 3 residents",61155.87,"High Physical Support","Enrolled",1,0,0,1,"enquiries@thedisabilityhousingcentre.com.au","0738993873","https://www.housinghub.org.au/property-detail/sda/the-disability-housing-centre/slacks-creek-qld/5672/f9v3j","","","",""
"SDA Smarthomes","Capalaba QLD 4157","House, 3 residents",56615.88,"High Physical Support","Enrolled",2,0,0,1,"enquiries@thedisabilityhousingcentre.com.au","0738993873","https://www.housinghub.org.au/property-detail/sda/the-disability-housing-centre/capalaba-qld/5672/tc57f","","","",""
"SDA Smarthomes","Heathwood QLD 4110","House, 3 residents",62154.39,"High Physical Support","Enrolled",2,0,0,1,"enquiries@thedisabilityhousingcentre.com.au","0738993873","https://www.housinghub.org.au/property-detail/sda/the-disability-housing-centre/heathwood-qld/5672/q9w6b","","","",""
"SDA Smarthomes","Maryborough QLD 4650","House, 2 residents",74769.24,"Robust","Enrolled",2,0,0,1,"property@sdaconsulting.com.au","1300 832 373","https://www.housinghub.org.au/property-detail/sda/sda-consulting/maryborough-qld/16847/9badu","","","",""
"SDA Smarthomes","Burleigh Heads QLD 4220","House, 3 residents",59183.1,"High Physical Support","Enrolled",1,0,0,1,"enquiries@thedisabilityhousingcentre.com.au","0738993873","https://www.housinghub.org.au/property-detail/sda/the-disability-housing-centre/burleigh-heads-qld/5672/2neh2","","","",""
"SDA Smarthomes","Underwood QLD 4119","House, 3 residents",61155.87,"High Physical Support","Enrolled",2,0,0,1,"enquiries@thedisabilityhousingcentre.com.au","0738993873","https://www.housinghub.org.au/property-detail/sda/the-disability-housing-centre/underwood-qld/5672/e3wyk","","","",""
"SDA Smarthomes","Cleveland QLD 4163","House, 3 residents",56615.88,"High Physical Support","Enrolled",2,0,0,1,"enquiries@thedisabilityhousingcentre.com.au","0738993873","https://www.housinghub.org.au/property-detail/sda/the-disability-housing-centre/cleveland-qld/5672/z4pf1","","","",""
"SDA Smarthomes","Calamvale QLD 4116","House, 3 residents",62154.39,"High Physical Support","Enrolled",2,0,0,1,"enquiries@thedisabilityhousingcentre.com.au","0738993873","https://www.housinghub.org.au/property-detail/sda/the-disability-housing-centre/calamvale-qld/5672/q219g","","","",""
"SDA Smarthomes","Ormiston QLD 4160","House, 3 residents",59439.36,"High Physical Support","Enrolled",3,1,0,1,"sda@propertydirect.com.au","0738993873","http://www.sdasmarthomes.com.au/","","","",""
"SDA Smarthomes","Geebung QLD 4034","House, 3 residents",64443.82,"High Physical Support","Enrolled",3,0,0,1,"mitchell.spoel@thrive365.com.au","1300 555 365","https://www.housinghub.org.au/property-detail/sda/thrive365/geebung-qld/13547/nhcth","","","",""
"SDA Smarthomes","Labrador QLD 4215","House, 3 residents",62112.6,"High Physical Support","Enrolled",3,1,0,1,"enquiries@thedisabilityhousingcentre.com.au","0738993873","https://www.housinghub.org.au/property-detail/sda/the-disability-housing-centre/labrador-qld/5672/rlbur","","","",""
"SDA Smarthomes","Everton Park QLD 4053","House, 3 residents",64443.82,"High Physical Support","Enrolled",3,0,0,1,"mitchell.spoel@thrive365.com.au","1300 555 365","https://www.housinghub.org.au/property-detail/sda/thrive365/everton-park-qld/13547/wptf4","","","",""
"SDA Strategy Pty Ltd","Wyndham Vale VIC 3024","House, 2 residents",86340.67,"Robust","Enrolled",2,0,0,1,"andrew@sdastrategy.com.au","1300 025 013","https://www.housinghub.org.au/property-detail/sda/sda-strategy/wyndham-vale-vic/z8v72/prz44","","","",""
"SDA Strategy Pty Ltd","Beveridge VIC 3753","House, 2 residents",85215.6,"High Physical Support","Enrolled",2,0,0,1,"andrew@sdastrategy.com.au","1300 025 013","https://www.housinghub.org.au/property-detail/sda/sda-strategy/beveridge-vic/z8v72/rfyid","","","",""
"SDA Strategy Pty Ltd","Botanic Ridge VIC 3977","House, 2 residents",81715.32,"High Physical Support","Enrolled",2,0,0,1,"andrew@sdastrategy.com.au","1300 025 013","https://www.housinghub.org.au/property-detail/sda/sda-strategy/botanic-ridge-vic/z8v72/tm12u","","","",""
"SDA Strategy Pty Ltd","Clyde VIC 3978","House, 2 residents",72478.52,"Improved Liveability","Enrolled",1,0,0,1,"andrew@sdastrategy.com.au","1300 025 013","https://www.housinghub.org.au/property-detail/sda/sda-strategy/clyde-vic/z8v72/87rpy","","","",""
"SDA Strategy Pty Ltd","Winter Valley VIC 3358","House, 2 residents",74769.24,"Robust","Enrolled",2,0,0,1,"andrew@sdastrategy.com.au","1300 025 013","https://www.housinghub.org.au/property-detail/sda/sda-strategy/winter-valley-vic/z8v72/cjp24","","","",""
"SDA Strategy Pty Ltd","Winter Valley VIC 3358","House, 2 residents",79534.56,"High Physical Support","Enrolled",2,0,0,1,"andrew@sdastrategy.com.au","1300 025 013","https://www.housinghub.org.au/property-detail/sda/sda-strategy/winter-valley-vic/z8v72/r5ckp","","","",""
"SDA Strategy Pty Ltd","Old Beach TAS 7017","House, 2 residents",79938.9,"High Physical Support","Enrolled",2,0,0,1,"andrew@sdastrategy.com.au","1300 025 013","https://www.housinghub.org.au/property-detail/sda/sda-strategy/old-beach-tas/z8v72/wb69d","","","",""
"SDA Strategy Pty Ltd","Ivanhoe VIC 3079","Apartment, 2 bedroom, 1 resident",89397.14,"Improved Liveability","Enrolled",1,0,0,0,"andrew@sdastrategy.com.au","1300 025 013","https://www.housinghub.org.au/property-detail/sda/sda-strategy/ivanhoe-vic/z8v72/2kagl","","","",""
"SDA Strategy Pty Ltd","Magra TAS 7140","House, 2 residents",79938.9,"High Physical Support","Enrolled",2,0,0,1,"andrew@sdastrategy.com.au","1300 025 013","https://www.housinghub.org.au/property-detail/sda/sda-strategy/magra-tas/z8v72/7pysw","","","",""
"SDA Strategy Pty Ltd","Darley VIC 3340","House, 2 residents",92121.87,"Robust","Enrolled",2,0,1,1,"andrew@sdastrategy.com.au","1300 025 013","https://www.housinghub.org.au/property-detail/sda/sda-strategy/darley-vic/z8v72/ut9uy","","","",""
"SDA Strategy Pty Ltd","Winter Valley VIC 3358","House, 2 residents",74769.24,"Robust","Enrolled",2,0,0,1,"andrew@sdastrategy.com.au","1300 025 013","https://www.housinghub.org.au/property-detail/sda/sda-strategy/winter-valley-vic/z8v72/1w66r","","","",""
"SDA Strategy Pty Ltd","Winter Valley VIC 3358","House, 2 residents",79775.64,"Robust","Enrolled",2,0,1,1,"andrew@sdastrategy.com.au","1300 025 013","https://www.housinghub.org.au/property-detail/sda/sda-strategy/winter-valley-vic/z8v72/bumy2","","","",""
"SDA Strategy Pty Ltd","Lyndhurst VIC 3975","House, 2 residents",85622.56,"High Physical Support","Enrolled",2,1,0,1,"andrew@sdastrategy.com.au","1300 025 013","https://www.housinghub.org.au/property-detail/sda/sda-strategy/lyndhurst-vic/z8v72/zz1n9","","","",""
"SDA Strategy Pty Ltd","Mount Duneed VIC 3217","House, 2 residents",92237.4,"High Physical Support","Enrolled",2,1,0,1,"andrew@sdastrategy.com.au","1300 025 013","https://www.housinghub.org.au/property-detail/sda/sda-strategy/mount-duneed-vic/z8v72/a64f1","","","",""
"SDA Strategy Pty Ltd","Chadstone VIC 3148","Apartment, 1 bedroom, 1 resident",94962.98,"Improved Liveability","Enrolled",2,1,0,1,"andrew@sdastrategy.com.au","1300 025 013","https://www.housinghub.org.au/property-detail/sda/sda-strategy/chadstone-vic/z8v72/66nlh","","","",""
"SDA Strategy Pty Ltd","Winter Valley VIC 3358","House, 2 residents",78177.12,"High Physical Support","Enrolled",2,1,0,1,"andrew@sdastrategy.com.au","1300 025 013","https://www.housinghub.org.au/property-detail/sda/sda-strategy/winter-valley-vic/z8v72/fw3ag","","","",""
"SDA Strategy Pty Ltd","Armstrong Creek VIC 3217","House, 3 residents",59439.36,"High Physical Support","Enrolled",2,1,0,1,"andrew@sdastrategy.com.au","1300 025 013","https://www.housinghub.org.au/property-detail/sda/sda-strategy/armstrongs-creek-vic/z8v72/e3pk8","","","",""
"SDA Strategy Pty Ltd","St Albans VIC 3021","House, 2 residents",90275.96,"High Physical Support","Enrolled",2,1,0,1,"andrew@sdastrategy.com.au","1300 025 013","https://www.housinghub.org.au/property-detail/sda/sda-strategy/st-albans-vic/z8v72/6f2dk","","","",""
"SDA Strategy Pty Ltd","Clyde North VIC 3978","House, 2 residents",87109.28,"High Physical Support","Enrolled",2,0,0,1,"andrew@sdastrategy.com.au","1300 025 013","https://www.housinghub.org.au/property-detail/sda/sda-strategy/clyde-north-vic/z8v72/z7mls","","","",""
"SDA Strategy Pty Ltd","Harkness VIC 3337","House, 2 residents",92121.87,"Robust","Enrolled",2,0,1,1,"andrew@sdastrategy.com.au","1300 025 013","https://www.housinghub.org.au/property-detail/sda/sda-strategy/harkness-vic/z8v72/35k4p","","","",""
"SDA Strategy Pty Ltd","Strathfieldsaye VIC 3551","House, 2 residents",70678.35,"Improved Liveability","Enrolled",1,1,0,1,"andrew@sdastrategy.com.au","1300 025 013","https://www.housinghub.org.au/property-detail/sda/sda-strategy/strathfieldsaye-vic/z8v72/zjlpb","","","",""
"SDA Strategy Pty Ltd","Manor Lakes VIC 3024","House, 2 residents",91843.48,"High Physical Support","Enrolled",2,0,0,1,"andrew@sdastrategy.com.au","1300 025 013","https://www.housinghub.org.au/property-detail/sda/sda-strategy/manor-lakes-vic/z8v72/li93a","","","",""
"SDACCOM. PTY LTD","Coomera QLD 4209","House, 3 residents",55385.1,"High Physical Support","Enrolled",3,0,0,1,"enquiries@housingservicesaustralia.com.au","1300869203","https://housingservicesaustralia.com.au/property/high-physical-support-coomera-gold-coast/","","","",""
"SDACCOM. PTY LTD","North Ipswich QLD 4305","House, 2 residents",74609.64,"High Physical Support","Enrolled",2,0,0,1,"enquiries@sdaaustraliagroup.com.au","1300869203","https://sdaaustraliagroup.com.au/properties/high-physical-support-north-ipswich/","","","",""
"SDACCOM. PTY LTD","Middle Ridge QLD 4350","House, 3 residents",51692.76,"High Physical Support","Enrolled",1,0,0,1,"enquiries@sdaaustraliagroup.com.au","1300869203","https://sdaaustraliagroup.com.au/properties/high-physical-support-shared-toowoomba/","","","",""
"SDACCOM. PTY LTD","Middle Ridge QLD 4350","House, 2 residents",74819.64,"Robust","Enrolled",1,0,1,1,"enquiries@sdaaustraliagroup.com.au","1300869203","https://sdaaustraliagroup.com.au/properties/robust-toowoomba-2/","","","",""
"SDACCOM. PTY LTD","Deception Bay QLD 4508","House, 3 residents",54769.71,"High Physical Support","Enrolled",1,0,0,1,"enquiries@sdaaustraliagroup.com.au","1300869203","https://sdaaustraliagroup.com.au/properties/high-physical-support-deception-bay/","","","",""
"SDACCOM. PTY LTD","Bray Park QLD 4305","House, 2 residents",84524.19,"Robust","Enrolled",1,0,1,1,"enquiries@sdaaustraliagroup.com.au","1300869203","Properties | SDA Australia Group","","","",""
"SDACCOM. PTY LTD","Oxenford QLD 4201","House, 3 residents",55385.1,"High Physical Support","Enrolled",1,0,0,1,"enquiries@sdaaustraliagroup.com.au","1300869203","https://housingservicesaustralia.com.au/property/high-physical-support-gold-coast/","","","",""
"SDACCOM. PTY LTD","Burpengary QLD 4505","Villa / Duplex / Townhouse, 1 residents",62972.16,"Robust","Enrolled",1,0,0,1,"enquiries@sdaaustraliagroup.com.au","1300869203","https://sdaaustraliagroup.com.au/properties/fullyaccessible-burpengary/","","","",""
"SDACCOM. PTY LTD","Nerang QLD 4211","Villa / Duplex / Townhouse, 1 residents",67324.56,"High Physical Support","Enrolled",1,0,0,1,"enquiries@sdaaustraliagroup.com.au","1300869203","https://sdaaustraliagroup.com.au/properties/high-physical-support-gold-coast/","","","",""
"SDACCOM. PTY LTD","Slacks Creek QLD 4127","Villa / Duplex / Townhouse, 1 residents",70944.16,"High Physical Support","Enrolled",1,0,0,1,"enquiries@sdaaustraliagroup.com.au","1300869203","https://sdaaustraliagroup.com.au/properties/high-physical-support-villa-logan-2/","","","",""
"SDACCOM. PTY LTD","Slacks Creek QLD 4127","Villa / Duplex / Townhouse, 1 residents",70944.16,"High Physical Support","Enrolled",1,0,0,1,"enquiries@sdaaustraliagroup.com.au","1300869203","https://sdaaustraliagroup.com.au/properties/high-physical-support-villa-logan-2/","","","",""
"SDACCOM. PTY LTD","Slacks Creek QLD 4127","Villa / Duplex / Townhouse, 1 residents",70944.16,"High Physical Support","Enrolled",1,0,0,1,"enquiries@sdaaustraliagroup.com.au","1300869203","https://sdaaustraliagroup.com.au/properties/high-physical-support-villa-logan-2/","","","",""
"SDACCOM. PTY LTD","Meadowbrook QLD 4131","Villa / Duplex / Townhouse, 1 residents",70944.16,"High Physical Support","Enrolled",1,0,0,1,"enquiries@sdaaustraliagroup.com.au","1300869203","https://sdaaustraliagroup.com.au/properties/fully-accessible-logan-meadowbrook/","","","",""
"SDACCOM. PTY LTD","Rural View QLD 4740","House, 2 residents",95630.84,"High Physical Support","Enrolled",1,0,0,1,"enquiries@sdaaustraliagroup.com.au","1300869203","https://housingservicesaustralia.com.au/property/high-physical-support-rural-view/","","","",""
"SDACCOM. PTY LTD","Eagleby QLD 4207","Villa / Duplex / Townhouse, 1 residents",80945.06,"High Physical Support","Enrolled",1,1,0,1,"enquiries@sdaaustraliagroup.com.au","1300869203","HPS | Eagleby, Logan | SDA Australia Group","","","",""
"SDACCOM. PTY LTD","Drayton QLD 4350","Villa / Duplex / Townhouse, 1 residents",69133.42,"Robust","Enrolled",1,1,0,1,"enquiries@sdaaustraliagroup.com.au","1300869203","https://sdaaustraliagroup.com.au/properties/robust-villa-drayton-toowoomba/","","","",""
"SDACCOM. PTY LTD","Drayton QLD 4305","Villa / Duplex / Townhouse, 1 residents",69133.42,"Robust","Enrolled",1,1,0,1,"enquiries@sdaaustraliagroup.com.au","1300869203","https://sdaaustraliagroup.com.au/properties/robust-villa-drayton-toowoomba/","","","",""
"SDACCOM. PTY LTD","Drayton QLD 4305","Villa / Duplex / Townhouse, 1 residents",69133.42,"Robust","Enrolled",1,1,0,1,"enquiries@sdaaustraliagroup.com.au","1300869203","https://sdaaustraliagroup.com.au/properties/robust-villa-drayton-toowoomba/","","","",""
"SDACCOM. PTY LTD","Drayton QLD 4305","Villa / Duplex / Townhouse, 1 residents",69133.42,"Robust","Enrolled",1,1,0,1,"enquiries@sdaaustraliagroup.com.au","1300869203","https://sdaaustraliagroup.com.au/properties/robust-villa-drayton-toowoomba/","","","",""
"SDACCOM. PTY LTD","Drayton QLD 4305","Villa / Duplex / Townhouse, 1 residents",69133.42,"Robust","Enrolled",1,1,0,1,"enquiries@sdaaustraliagroup.com.au","1300869203","https://sdaaustraliagroup.com.au/properties/robust-villa-drayton-toowoomba/","","","",""
"SDACCOM. PTY LTD","Murrumba Downs QLD 4503","Villa / Duplex / Townhouse, 1 residents",75989.24,"High Physical Support","Enrolled",1,1,0,1,"enquiries@sdaaustraliagroup.com.au","1300869203","https://sdaaustraliagroup.com.au/properties/high-physical-support-moretonbay/","","","",""
"SDACCOM. PTY LTD","Murrumba Downs QLD 4503","Villa / Duplex / Townhouse, 1 residents",75989.24,"High Physical Support","Enrolled",1,1,0,1,"enquiries@sdaaustraliagroup.com.au","1300869203","https://sdaaustraliagroup.com.au/properties/high-physical-support-moretonbay/","","","",""
"SDACCOM. PTY LTD","Murrumba Downs QLD 4503","Villa / Duplex / Townhouse, 1 residents",75989.24,"High Physical Support","Enrolled",1,1,0,1,"enquiries@sdaaustraliagroup.com.au","1300869203","https://sdaaustraliagroup.com.au/properties/high-physical-support-moretonbay/","","","",""
"SDACCOM. PTY LTD","Murrumba Downs QLD 4503","Villa / Duplex / Townhouse, 1 residents",75989.24,"High Physical Support","Enrolled",1,1,0,1,"enquiries@sdaaustraliagroup.com.au","1300869203","https://sdaaustraliagroup.com.au/properties/high-physical-support-moretonbay/","","","",""
"SDACCOM. PTY LTD","Murrumba Downs QLD 4503","Villa / Duplex / Townhouse, 1 residents",75989.24,"High Physical Support","Enrolled",1,1,0,1,"enquiries@sdaaustraliagroup.com.au","1300869203","https://sdaaustraliagroup.com.au/properties/high-physical-support-moretonbay/","","","",""
"SDACCOM. PTY LTD","Murray Bridge SA 5253","Villa / Duplex / Townhouse, 1 residents",80945.06,"High Physical Support","Enrolled",1,1,0,1,"enquiries@sdaaustraliagroup.com.au","1300869203","https://sdaaustraliagroup.com.au/properties/high-physical-support-villa-murray-bridge/","","","",""
"SDACCOM. PTY LTD","Murray Bridge SA 5253","Villa / Duplex / Townhouse, 1 residents",80945.06,"High Physical Support","Enrolled",1,1,0,1,"enquiries@sdaaustraliagroup.com.au","1300869203","https://sdaaustraliagroup.com.au/properties/high-physical-support-villa-murray-bridge/","","","",""
"SDACCOM. PTY LTD","Murray Bridge SA 5253","Villa / Duplex / Townhouse, 1 residents",80945.06,"High Physical Support","Enrolled",1,1,0,1,"enquiries@sdaaustraliagroup.com.au","1300869203","https://sdaaustraliagroup.com.au/properties/high-physical-support-villa-murray-bridge/","","","",""
"SDACCOM. PTY LTD","Murray Bridge SA 5253","Villa / Duplex / Townhouse, 1 residents",80945.06,"High Physical Support","Enrolled",1,1,0,1,"enquiries@sdaaustraliagroup.com.au","1300869203","https://sdaaustraliagroup.com.au/properties/high-physical-support-villa-murray-bridge/","","","",""
"SELECT HOME LIVING PTY LTD","Mambourin VIC 3024","House, 3 residents",59692.83,"High Physical Support","Enrolled",1,0,0,1,"operations@selecthomeliving.com.au","0473074815","https://www.housinghub.org.au/property-detail/sda/select-home-living-pty-ltd/mambourin-vic/20413/92b9i","","","",""
"SELECT HOME LIVING PTY LTD","Wyndham Vale VIC 3024","House, 3 residents",59692.83,"High Physical Support","Enrolled",2,0,0,1,"operations@selecthomeliving.com.au","0473074815","https://www.housinghub.org.au/property-detail/sda/select-home-living-pty-ltd/wyndham-vale-vic/20413/9595","","","",""
"SELECT HOME LIVING PTY LTD","Wyndham Vale VIC 3024","House, 3 residents",59692.83,"High Physical Support","Enrolled",2,0,0,1,"operations@selecthomeliving.com.au","0473074815","https://www.housinghub.org.au/property-detail/sda/select-home-living-pty-ltd/wyndham-vale-vic/20413/izl46","","","",""
"SELECT HOME LIVING PTY LTD","Beveridge VIC 3753","House, 3 residents",55385.1,"High Physical Support","Enrolled",2,0,0,1,"operations@selecthomeliving.com.au","0473074815","https://www.housinghub.org.au/property-detail/sda/select-home-living-pty-ltd/beveridge-vic/20413/auqau","","","",""
"SELECT HOME LIVING PTY LTD","Truganina VIC 3029","House, 3 residents",63786.23,"High Physical Support","Enrolled",2,0,0,1,"operations@selecthomeliving.com.au","0473074815","https://www.housinghub.org.au/property-detail/sda/select-home-living-pty-ltd/truganina-vic/20413/9xlsy","","","",""
"SELECT HOME LIVING PTY LTD","Truganina VIC 3029","House, 3 residents",59692.83,"High Physical Support","Enrolled",3,0,0,1,"operations@selecthomeliving.com.au","0473074815","https://www.housinghub.org.au/property-detail/sda/select-home-living-pty-ltd/truganina-vic/20413/3a4i4","","","",""
"SELECT HOME LIVING PTY LTD","Beveridge VIC 3753","House, 3 residents",59183.1,"High Physical Support","Enrolled",1,0,0,1,"operations@selecthomeliving.com.au","0473074815","https://www.housinghub.org.au/property-detail/sda/select-home-living-pty-ltd/beveridge-vic/20413/9204","","","",""
"SELECT HOME LIVING PTY LTD","Wyndham Vale VIC 3024","House, 3 residents",59692.83,"High Physical Support","Enrolled",2,0,0,1,"operations@selecthomeliving.com.au","0473074815","https://www.housinghub.org.au/property-detail/sda/select-home-living-pty-ltd/wyndham-vale-vic/20413/m7l28","","","",""
"SELECT HOME LIVING PTY LTD","Deanside VIC 3336","House, 3 residents",59692.83,"High Physical Support","Enrolled",1,0,0,1,"operations@selecthomeliving.com.au","0473074815","https://www.housinghub.org.au/property-detail/sda/select-home-living-pty-ltd/deanside-vic/20413/7851a","","","",""
"SELECT HOME LIVING PTY LTD","Deanside VIC 3336","House, 3 residents",59692.83,"High Physical Support","Enrolled",2,0,0,1,"operations@selecthomeliving.com.au","0473074815","https://www.housinghub.org.au/property-detail/sda/select-home-living-pty-ltd/deanside-vic/20413/vphuv","","","",""
"SELECT HOME LIVING PTY LTD","Tarneit VIC 3029","House, 3 residents",59692.83,"High Physical Support","Enrolled",3,0,0,1,"operations@selecthomeliving.com.au","0473074815","https://www.housinghub.org.au/property-detail/sda/select-home-living-pty-ltd/tarneit-vic/20413/v5uph","","","",""
"SELECT HOME LIVING PTY LTD","Shepparton VIC 3630","House, 3 residents",42500.15,"Improved Liveability","Enrolled",1,0,0,1,"operations@selecthomeliving.com.au","0473074815","https://www.housinghub.org.au/property-detail/sda/select-home-living-pty-ltd/shepparton-vic/20413/mewlq","","","",""
"SELECT HOME LIVING PTY LTD","Rockbank VIC 3335","House, 3 residents",59692.83,"High Physical Support","Enrolled",3,0,0,1,"operations@selecthomeliving.com.au","0473074815","https://www.housinghub.org.au/property-detail/sda/select-home-living-pty-ltd/rockbank-vic/20413/5mig5","","","",""
"SELECT HOME LIVING PTY LTD","Officer VIC 3809","House, 3 residents",56615.88,"High Physical Support","Enrolled",3,0,0,1,"operations@selecthomeliving.com.au","0473074815","https://www.housinghub.org.au/property-detail/sda/select-home-living-pty-ltd/officer-vic/20413/acnuh","","","",""
"SELECT HOME LIVING PTY LTD","Cobblebank VIC 3338","House, 3 residents",59692.83,"High Physical Support","Enrolled",3,0,0,1,"operations@selecthomeliving.com.au","0473074815","https://www.housinghub.org.au/property-detail/sda/select-home-living-pty-ltd/cobblebank-vic/20413/kxyqv","","","",""
"SELECT HOME LIVING PTY LTD","Mambourin VIC 3024","House, 3 residents",59692.83,"High Physical Support","Enrolled",3,0,0,1,"operations@selecthomeliving.com.au","0473074815","https://www.housinghub.org.au/property-detail/sda/select-home-living-pty-ltd/mambourin-vic/20413/vldbr","","","",""
"SELECT HOME LIVING PTY LTD","Truganina VIC 3029","House, 2 residents",92121.87,"Robust","Enrolled",2,0,1,1,"operations@selecthomeliving.com.au","0473074815","https://www.housinghub.org.au/property-detail/sda/select-home-living-pty-ltd/truganina-vic/20413/mk3iv","","","",""
"SELECT HOME LIVING PTY LTD","Beveridge VIC 3753","House, 3 residents",59183.1,"High Physical Support","Enrolled",3,0,0,1,"operations@selecthomeliving.com.au","0473074815","https://www.housinghub.org.au/property-detail/sda/select-home-living-pty-ltd/beveridge-vic/20413/cbr88","","","",""
"SELECT HOME LIVING PTY LTD","Tarneit VIC 3029","House, 2 residents",92121.87,"Robust","Enrolled",2,0,1,1,"operations@selecthomeliving.com.au","0473074815","https://www.housinghub.org.au/property-detail/sda/select-home-living-pty-ltd/tarneit-vic/20413/guwnj","","","",""
"SELECT HOME LIVING PTY LTD","New Norfolk TAS 7140","House, 3 residents",59183.1,"High Physical Support","Enrolled",1,0,0,1,"operations@selecthomeliving.com.au","0473074815","https://www.housinghub.org.au/property-detail/sda/select-home-living-pty-ltd/new-norfolk-tas/20413/5d9be","","","",""
"SELECT HOME LIVING PTY LTD","Beveridge VIC 3753","House, 3 residents",59183.1,"High Physical Support","Enrolled",2,0,0,1,"operations@selecthomeliving.com.au","0473074815","https://www.housinghub.org.au/property-detail/sda/select-home-living-pty-ltd/beveridge-vic/20413/yjsmf","","","",""
"SELECT HOME LIVING PTY LTD","Bonshaw VIC 3352","House, 2 residents",79775.64,"Robust","Enrolled",1,0,1,1,"operations@selecthomeliving.com.au","0473074815","https://www.housinghub.org.au/property-detail/sda/select-home-living-pty-ltd/bonshaw-vic/20413/g9qed","","","",""
"SELECT HOME LIVING PTY LTD","Donnybrook VIC 3064","House, 2 residents",85215.6,"High Physical Support","Enrolled",1,0,0,1,"operations@selecthomeliving.com.au","0473074815","https://www.housinghub.org.au/property-detail/sda/select-home-living-pty-ltd/donnybrook-vic/20413/gb7up","","","",""
"SELECT HOME LIVING PTY LTD","Armstrong Creek VIC 3217","House, 3 residents",60498.28,"High Physical Support","Enrolled",2,0,0,1,"operations@selecthomeliving.com.au","0473074815","https://www.housinghub.org.au/property-detail/sda/select-home-living-pty-ltd/armstrong-creek-vic/20413/tlzty","","","",""
"SELECT HOME LIVING PTY LTD","Clyde VIC 3978","House, 3 residents",60498.28,"High Physical Support","Enrolled",3,0,0,1,"operations@selecthomeliving.com.au","0473074815","https://www.housinghub.org.au/property-detail/sda/select-home-living-pty-ltd/clyde-north-vic/20413/fujvk","","","",""
"SELECT HOME LIVING PTY LTD","Epping VIC 3076","House, 2 residents",89262,"High Physical Support","Enrolled",1,1,0,1,"operations@selecthomeliving.com.au","0473074815","https://www.housinghub.org.au/property-detail/sda/select-home-living-pty-ltd/epping-vic/20413/tdd8i","","","",""
"SELECT HOME LIVING PTY LTD","Mambourin VIC 3024","House, 2 residents",96204.6,"High Physical Support","Enrolled",1,1,0,1,"operations@selecthomeliving.com.au","0473074815","https://www.housinghub.org.au/property-detail/sda/select-home-living-pty-ltd/mambourin-vic/20413/cqyd5","","","",""
"SELECT HOME LIVING PTY LTD","Springvale South VIC 3172","House, 2 residents",87109.28,"High Physical Support","Enrolled",2,0,0,1,"operations@selecthomeliving.com.au","0473074815","https://www.housinghub.org.au/property-detail/sda/select-home-living-pty-ltd/springvale-south-vic/20413/h98d7","","","",""
"SELECT HOME LIVING PTY LTD","Clyde North VIC 3978","House, 2 residents",87373.32,"Robust","Enrolled",2,0,1,1,"operations@selecthomeliving.com.au","0473074815","https://www.housinghub.org.au/property-detail/sda/select-home-living-pty-ltd/clyde-north-vic/20413/nratc","","","",""
"SGCH","Jannali NSW 2226","Group home, 5 residents",41897.95,"Improved Liveability","Enrolled",1,1,0,1,"contactus@sylvanvale.com.au","1300244577","https://www.housinghub.org.au/property-detail/sda/sylvanvale/jannali-nsw/5797/6467","","","",""
"SINGLETON EQUITY HOUSING LTD.","Myrtleford VIC 3737","Villa / Duplex / Townhouse, 2 residents",6417,"Basic","Enrolled",1,1,0,0,"sdainfo@hcau.org.au","1300 312 447","https://www.housinghub.org.au/property-detail/sda/housing-choices-australia/myrtleford-vic/5711/7055","","","",""
"SINGLETON EQUITY HOUSING LTD.","West Wodonga VIC 3690","Villa / Duplex / Townhouse, 2 residents",6417,"Basic","Enrolled",2,1,0,0,"sdainfo@hcau.org.au","1300 312 447","https://www.housinghub.org.au/property-detail/sda/housing-choices-australia/wodonga-vic/5711/8758","","","",""
"SINGLETON EQUITY HOUSING LTD.","Bairnsdale VIC 3875","Group home, 4 residents",6691.52,"Basic","Enrolled",1,1,0,0,"sdainfo@hcau.org.au","1300 312 447","https://www.housinghub.org.au/property-detail/sda/housing-choices-australia/bairnsdale-vic/5711/6992","","","",""
"SMARTCHOICE DISABILITY CARE PTY LTD","Darley VIC 3340","House, 2 residents",86340.67,"Robust","Enrolled",2,0,0,1,"property@sdaconsulting.com.au","1300 832 373","https://www.housinghub.org.au/property-detail/sda/sda-consulting/darley-vic/16847/wgrtm","","","",""
"SOLVE CARE PTY LTD","Sorell TAS 7172","House, 2 residents",79938.9,"High Physical Support","Enrolled",2,0,0,1,"operations@selecthomeliving.com.au","0473074815","https://www.housinghub.org.au/property-detail/sda/select-home-living-pty-ltd/sorell-tas/20413/r347p","","","",""
"SOLVE CARE PTY LTD","Sorell TAS 7172","House, 2 residents",83761.2,"High Physical Support","Enrolled",2,1,0,1,"hello@solvecare.com.au","02 8358 7682","https://www.housinghub.org.au/property-detail/sda/solve-care-pty-ltd/sorell-tas/zvqau/an241","","","",""
"SOLVE CARE PTY LTD","Sorell TAS 7172","House, 2 residents",89262,"High Physical Support","Enrolled",2,1,0,1,"operations@selecthomeliving.com.au","0473074815","https://www.housinghub.org.au/property-detail/sda/select-home-living-pty-ltd/sorell-tas/20413/vpmhc","","","",""
"SOLVE CARE PTY LTD","Blackstone Heights TAS 7250","House, 3 residents",61422.46,"High Physical Support","Enrolled",3,1,0,1,"hello@solvecare.com.au","02 8358 7682","https://www.housinghub.org.au/property-detail/sda/solve-care-pty-ltd/blackstone-heights-tas/zvqau/kdsjs","","","",""
"SOLVE CARE PTY LTD","Rocherlea TAS 7248","House, 3 residents",57501.12,"High Physical Support","Enrolled",3,1,0,1,"hello@solvecare.com.au","02 8358 7682","https://www.housinghub.org.au/property-detail/sda/solve-care-pty-ltd/rocherlea-tas/zvqau/95yr8","","","",""
"SOLVE CARE PTY LTD","Tarneit VIC 3029","House, 2 residents",90275.96,"High Physical Support","Enrolled",2,1,0,1,"operations@solvecare.com.au","02 83587682","https://www.housinghub.org.au/property-detail/non-sda/solve-care-pty-ltd/tarneit-vic/ZVQAU/SFTFG","","","",""
"SOVEREIGN LIVES VICTORIA","Strathtulloh VIC 3338","House, 2 residents",81081.33,"Robust","Enrolled",2,0,0,1,"andrew@sdastrategy.com.au","1300 025 013","https://www.housinghub.org.au/property-detail/sda/sda-strategy/strathtulloh-vic-3338-vic/z8v72/gaul2","","","",""
"SPECIALIST DISABILITY ACCOMMODATION AUST","Wallan VIC 3756","Villa / Duplex / Townhouse, 2 residents",43079,"High Physical Support","Enrolled",1,1,0,1,"andrew@sdaaus.com.au","0400 808 461","sdaaus.com.au","","","",""
"SPECIALIST DISABILITY ACCOMMODATION AUST","Wallan VIC 3756","Villa / Duplex / Townhouse, 1 residents",69131.55,"High Physical Support","Enrolled",1,1,0,0,"andrew@sdaaus.com.au","0400 808 461","sdaaus.com.au","","","",""
"SPECIALIST DISABILITY ACCOMMODATION AUST","Wallan VIC 3756","Villa / Duplex / Townhouse, 1 residents",69131.55,"High Physical Support","Enrolled",1,1,0,0,"andrew@sdaaus.com.au","0400 808 461","sdaaus.com.au","","","",""
"SPECIALIST DISABILITY PROPERTY 28 PTY LT","Joondalup WA 6027","Villa / Duplex / Townhouse, 2 residents",39185,"Improved Liveability","Enrolled",2,0,0,1,"sdaproperty28@gmail.com","","https://www.housinghub.org.au/property-detail/sda/specialist-disability-property-28-pty-ltd/joondalup-wa/ua527/4php7","","","",""
"STRIVE AUSTRALIA PTY LTD","Rockbank VIC 3335","House, 2 residents",92121.87,"Robust","Enrolled",3,0,1,1,"hello@striveaus.com.au","0435016347","https://www.housinghub.org.au/property-detail/sda/strive/rockbank-vic/fwdhj/qr3va","","","",""
"SUNCARE","Tarneit VIC 3029","House, 2 residents",72059.36,"Improved Liveability","Enrolled",1,0,0,1,"info@realcarecommunityservices.com.au","0399746943","https://www.housinghub.org.au/property-detail/sda/realcare-community-support-services/tarneit-vic/5740/2812","","","",""
"SUNRISE DISABILITY ACCOMMODATION PTY LTD","Lalor Park NSW 2147","Group home, 5 residents",40810.2,"Robust","Enrolled",5,0,1,1,"nikhil@sunnydaycarers.com.au","","https://www.housinghub.org.au/property-detail/sda/sunnyday-carers/blacktownh-nsw/18610/yxcnk","","","",""
"SYLVANVALE LIMITED","Sutherland NSW 2232","Group home, 5 residents",7696.08,"Basic","Enrolled",1,1,0,0,"customers@sylvanvale.com.au","13 00244577","https://www.sylvanvale.com.au/","","","",""
"SYLVANVALE LIMITED","West Pennant Hills NSW 2125","Group home, 5 residents",6992.44,"Improved Liveability","Enrolled",1,0,0,0,"contactus@sylvanvale.com.au","1300244577","https://www.housinghub.org.au/property-detail/sda/sylvanvale/west-pennant-hills-nsw/5797/pxl4a","","","",""
"SYLVANVALE LIMITED","Caringbah NSW 2229","Villa / Duplex / Townhouse, 3 residents",7111.44,"Basic","Enrolled",1,1,0,0,"contactus@sylvanvale.com.au","1300244577","https://www.housinghub.org.au/property-detail/sda/sylvanvale/caringbah-nsw/5797/2565","","","",""
"SYLVANVALE LIMITED","Guildford NSW 2161","Villa / Duplex / Townhouse, 1 residents",14244.12,"Basic","Enrolled",1,1,0,0,"contactus@sylvanvale.com.au","1300244577","https://www.housinghub.org.au/property-detail/sda/sylvanvale/guildford-nsw/5797/3123","","","",""
"SYNERGY HOUSING","Parafield Gardens SA 5107","House, 2 residents",72802.24,"Improved Liveability","Enrolled",2,0,0,1,"jonathan@lardnersda.com.au","","https://www.housinghub.org.au/property-detail/sda/lardner-sda/parafield-gardens-sa/p5ssy/q4q5a","","","",""
"SYNERGY HOUSING","Northfield SA 5085","House, 2 residents",87044.58,"High Physical Support","Enrolled",1,0,0,1,"info@careandconnects.com.au","0883185000","https://www.housinghub.org.au/property-detail/sda/care-and-connects/northfield-sa/2sm8u/4rviy","","","",""
"SYNERGY HOUSING","Gillman SA 5013","House, 2 residents",100365.04,"High Physical Support","Enrolled",2,0,0,1,"info@resicaresa.com.au","08 7085 063","https://www.housinghub.org.au/property-detail/sda/resicaresa/gillman-sa/16169/rrjne","","","",""
"SYNERGY HOUSING","Glenelg North SA 5045","House, 2 residents",94150.26,"High Physical Support","Enrolled",2,0,0,1,"robert@synergyhousing.com.au","","https://www.housinghub.org.au/property-detail/sda/synergy-housing-pty-ltd-on-behalf-of-my-care-assist/glenelg-north-sa/17827/466ze","","","",""
"SYNERGY HOUSING","Gillman SA 5013","House, 3 residents",65231.34,"High Physical Support","Enrolled",1,0,0,1,"info@resicaresa.com.au","08 7085 063","https://www.housinghub.org.au/property-detail/sda/resicaresa/gillman-sa/16169/2cwvd","","","",""
"SYNERGY HOUSING","Seaton SA 5023","House, 2 residents",94150.26,"High Physical Support","Enrolled",2,0,0,1,"info@nurseaidaustralia.com.au","1300 413 663","https://www.housinghub.org.au/property-detail/sda/nurse-aid-australia/seaton-sa/17122/z4mvd","","","",""
"Samaritans Housing","Wyong NSW 2259","Apartment, 2 bedroom, 2 resident",11326.64,"Basic","Enrolled",1,0,0,0,"sdavacancy@homeinplace.org","1300 333 733","https://www.housinghub.org.au/property-detail/sda/home-in-place/wyong-nsw/5730/s9a5v","","","",""
"Scope (Aust) Ltd","Glen Waverley VIC 3150","Group home, 5 residents",7087.43,"Improved Liveability","Enrolled",1,1,0,1,"contact@scopeaust.org.au","0490296363","https://www.housinghub.org.au/property-detail/sda/scope/glen-waverley-vic/12010/6069","","","",""
"Scope (Aust) Ltd","Bentleigh VIC 3204","Group home, 5 residents",7981.96,"Improved Liveability","Enrolled",1,1,0,1,"contact@scopeaust.org.au","0490296363","https://www.housinghub.org.au/property-detail/sda/scope/bentleigh-vic/12010/qkcn5","","","",""
"Scope (Aust) Ltd","Malvern East VIC 3145","Group home, 4 residents",29263.8,"High Physical Support","Enrolled",2,1,0,1,"contact@scopeaust.org.au","0490296363","https://www.housinghub.org.au/property-detail/sda/scope/malvern-east-vic/12010/9759","","","",""
"Scope (Aust) Ltd","South Morang VIC 3752","Group home, 5 residents",21253.4,"High Physical Support","Enrolled",1,1,0,1,"contact@scopeaust.org.au","0490296363","https://www.housinghub.org.au/property-detail/sda/scope/south-morang-vic/12010/mluk5","","","",""
"Seton Villa","Marsfield NSW 2122","Group home, 4 residents",53122.8,"Improved Liveability","Enrolled",4,1,0,1,"info@setonvilla.org.au","02 98885244","www.setonvilla.org.au","","","",""
"Seton Villa","Ryde NSW 2112","Group home, 5 residents",43719.6,"Improved Liveability","Enrolled",2,1,0,1,"info@setonvilla.org.au","02 98885244","www.setonvilla.org.au","","","",""
"Shift Accessible Homes","Girrawheen WA 6064","Villa / Duplex / Townhouse, 3 residents",30201,"Fully Accessible","Enrolled",1,0,0,0,"info@shifthomes.org.au","08 6399 4100","https://www.housinghub.org.au/property-detail/sda/shift-accessible-homes/girrawheen-wa/12362/zqsa5","","","",""
"Shift Accessible Homes","Yangebup WA 6164","Villa / Duplex / Townhouse, 3 residents",36498.66,"High Physical Support","Enrolled",1,1,0,0,"info@shifthomes.org.au","08 6399 4100","https://www.housinghub.org.au/property-detail/sda/shift-accessible-homes/yangebup-wa/12362/6urah","","","",""
"Shift Accessible Homes","Pearsall WA 6065","House, 3 residents",64608,"High Physical Support","Enrolled",1,1,0,1,"info@shifthomes.org.au","08 6399 4100","https://www.housinghub.org.au/property-detail/sda/shift-accessible-homes/pearsall-wa/12362/vky4c","","","",""
"Shift Accessible Homes","Gosnells WA 6110","House, 3 residents",59324.01,"Fully Accessible","Enrolled",1,1,0,1,"info@shifthomes.org.au","08 6399 4100","https://www.housinghub.org.au/property-detail/sda/shift-accessible-homes/gosnells-wa/12362/ita91","","","",""
"Shift Accessible Homes","Gosnells WA 6110","Villa / Duplex / Townhouse, 2 residents",46129.89,"Fully Accessible","Enrolled",1,1,0,1,"info@shifthomes.org.au","08 6399 4100","https://www.housinghub.org.au/property-detail/sda/shift-accessible-homes/gosnells-wa/12362/bmp15","","","",""
"Shift Accessible Homes","Gosnells WA 6110","Villa / Duplex / Townhouse, 3 residents",34901.28,"Fully Accessible","Enrolled",1,1,0,0,"info@shifthomes.org.au","08 6399 4100","https://www.housinghub.org.au/property-detail/sda/shift-accessible-homes/gosnells-wa/12362/yuukp","","","",""
"Shift Accessible Homes","Gosnells WA 6110","Villa / Duplex / Townhouse, 2 residents",46129.89,"Fully Accessible","Enrolled",1,1,0,1,"info@shifthomes.org.au","08 6399 4100","https://www.housinghub.org.au/property-detail/sda/shift-accessible-homes/gosnells-wa/12362/8677","","","",""
"Shift Accessible Homes","Gosnells WA 6110","Villa / Duplex / Townhouse, 2 residents",42504.55,"Fully Accessible","Enrolled",1,1,0,0,"info@shifthomes.org.au","08 6399 4100","https://www.housinghub.org.au/property-detail/sda/shift-accessible-homes/gosnells-wa/12362/cukfp","","","",""
"Shift Accessible Homes","Gosnells WA 6110","Villa / Duplex / Townhouse, 1 residents",72765.13,"Fully Accessible","Enrolled",1,1,0,0,"info@shifthomes.org.au","08 6399 4100","https://www.housinghub.org.au/property-detail/sda/shift-accessible-homes/gosnells-wa/12362/qe27h","","","",""
"Shift Accessible Homes","Rockingham WA 6168","House, 3 residents",65900.16,"High Physical Support","Enrolled",1,1,0,1,"info@shifthomes.org.au","08 6399 4100","https://www.housinghub.org.au/property-detail/sda/shift-accessible-homes/rockingham-wa/12362/vsxkx","","","",""
"Shift Accessible Homes","Rockingham WA 6168","Villa / Duplex / Townhouse, 3 residents",39516.84,"High Physical Support","Enrolled",1,1,0,1,"info@shifthomes.org.au","08 6399 4100","https://www.housinghub.org.au/property-detail/sda/shift-accessible-homes/rockingham-wa/12362/4pg18","","","",""
"Shift Accessible Homes","Balcatta WA 6021","House, 3 residents",64608,"High Physical Support","Enrolled",1,1,0,1,"info@shifthomes.org.au","08 6399 4100","https://www.housinghub.org.au/property-detail/sda/shift-accessible-homes/balcatta-wa/12362/es9kt","","","",""
"Shift Accessible Homes","Balcatta WA 6021","House, 3 residents",64608,"High Physical Support","Enrolled",1,1,0,1,"info@shifthomes.org.au","08 6399 4100","https://www.housinghub.org.au/property-detail/sda/shift-accessible-homes/balcatta-wa/12362/vfa1f","","","",""
"Shift Accessible Homes","Balcatta WA 6021","House, 3 residents",64608,"High Physical Support","Enrolled",1,1,0,1,"info@shifthomes.org.au","08 6399 4100","https://www.housinghub.org.au/property-detail/sda/shift-accessible-homes/balcatta-wa/12362/fwyzz","","","",""
"Shift Accessible Homes","Duncraig WA 6023","House, 3 residents",64608,"High Physical Support","Enrolled",1,1,0,1,"info@shifthomes.org.au","08 6399 4100","https://www.housinghub.org.au/property-detail/sda/shift-accessible-homes/duncraig-wa/12362/dstfx","","","",""
"Shift Accessible Homes","Rockingham WA 6168","Group home, 4 residents",54065.1,"High Physical Support","Enrolled",1,1,0,1,"info@shifthomes.org.au","08 6399 4100","https://www.housinghub.org.au/property-detail/sda/shift-accessible-homes/rockingham-wa/12362/t13ar","","","",""
"Shift Accessible Homes","Rockingham WA 6168","House, 3 residents",65900.16,"High Physical Support","Enrolled",3,1,0,1,"info@shifthomes.org.au","08 6399 4100","https://www.housinghub.org.au/property-detail/sda/shift-accessible-homes/rockingham-wa/12362/a8avr","","","",""
"Skyring SDA PTY LTD","Berrimah NT 0828","House, 2 residents",104808.78,"High Physical Support","Enrolled",2,0,0,1,"support@skyringsda.com.au","1300737274","https://www.housinghub.org.au/property-detail/sda/skyring-sda/berrimah-nt/qxsey/2aet2","","","",""
"Skyring SDA PTY LTD","Newtown QLD 4350","House, 2 residents",74819.64,"Robust","Enrolled",1,0,1,1,"cheyne@uhagroup.com.au","07 56 4761 87","https://www.housinghub.org.au/property-detail/sda/united-housing-pty-ltd/newtown-qld/16448/16qmb","","","",""
"Skyring SDA PTY LTD","Woolloongabba QLD 4102","Apartment, 2 bedroom, 1 resident",108703.56,"High Physical Support","Enrolled",2,1,0,1,"mitchell.spoel@thrive365.com.au","1300 555 365","https://www.housinghub.org.au/property-detail/sda/thrive365/woolloongabba-qld/13547/xnk5l","","","",""
"Skyring SDA PTY LTD","Boondall QLD 4034","House, 3 residents",53347.28,"Improved Liveability","Enrolled",2,0,0,1,"info@guardianliving.com.au","1300452732","https://www.housinghub.org.au/property-detail/sda/guardian-living/boondall-qld/5659/bl63c","","","",""
"St John of God Marillac","Ardeer VIC 3022","House, 3 residents",50133.48,"Fully Accessible","Enrolled",1,1,0,0,"admin.marillac@sjog.org.au","1300 010 200","https://www.housinghub.org.au/property-detail/sda/st-john-of-god-marillac/ardeer-vic/12951/9686","","","",""
"St John of God Marillac","Ardeer VIC 3022","House, 3 residents",53779.71,"Fully Accessible","Enrolled",3,1,0,1,"admin.marillac@sjog.org.au","1300 010 200","https://www.housinghub.org.au/property-detail/sda/st-john-of-god-marillac/ardeer-vic/12951/9693","","","",""
"St John of God Marillac","Altona VIC 3018","Villa / Duplex / Townhouse, 3 residents",34211.9,"Fully Accessible","Enrolled",1,1,0,1,"admin.marillac@sjog.org.au","1300 010 200","https://www.housinghub.org.au/property-detail/sda/st-john-of-god-marillac/atona-vic/12951/eqyag","","","",""
"St John of God Marillac","Altona VIC 3018","Villa / Duplex / Townhouse, 3 residents",31346.52,"Fully Accessible","Enrolled",3,1,0,0,"admin.marillac@sjog.org.au","1300 010 200","https://www.housinghub.org.au/property-detail/sda/st-john-of-god-marillac/altona-vic/12951/4tvdc","","","",""
"St Vincent de Paul Society (SVdP) Housin","Woolooware NSW 2230","Group home, 4 residents",9178.26,"Basic","Enrolled",1,0,0,0,"serviceenquiries@achieveaustralia.org.au","1300224438","https://www.housinghub.org.au/property-detail/sda/achieve-australia/woolooware-nsw/5682/7lpyp","","","",""
"Super Community Care PTY LTD","Ivanhoe East VIC 3079","Apartment, 2 bedroom, 1 resident",83160.04,"Improved Liveability","Enrolled",1,0,0,0,"referral@cosyhomecare.com.au","03 9457 5968","https://www.housinghub.org.au/property-detail/sda/cosy-home-care/ivanhoe-vic/14298/477wp","","","",""
"Super Community Care PTY LTD","Ivanhoe East VIC 3079","Apartment, 2 bedroom, 1 resident",83160.04,"Improved Liveability","Enrolled",2,0,0,0,"admin@paramounthomes.com.au","","https://www.housinghub.org.au/property-detail/sda/paramount-disability-homes/ivanhoe-east-vic/7kzhn/6sezm","","","",""
"Synapse","Narangba QLD 4504","Group home, 4 residents",12240.9,"Fully Accessible","Enrolled",1,0,0,1,"info@synapse.org.au","0731377400","https://www.housinghub.org.au/property-detail/sda/synapse-australia/narangba-qld/eczkj/83qvw","","","",""
"T/a Darebin Lodge, Darebin Support Servi","Preston VIC 3072","Apartment, 1 bedroom, 1 resident",101958.22,"Improved Liveability","Enrolled",1,1,0,1,"support@dss.com.au","0384140166","https://www.housinghub.org.au/property-detail/sda/darebin-support-services/preston-vic/b1bmt/w9t7n","","","",""
"T/a Darebin Lodge, Darebin Support Servi","Preston VIC 3072","Apartment, 2 bedroom, 2 resident",46952.85,"Improved Liveability","Enrolled",2,1,0,1,"support@dss.com.au","0384140166","https://www.housinghub.org.au/property-detail/sda/darebin-support-services/preston-vic/b1bmt/bg6jb","","","",""
"T/a Darebin Lodge, Darebin Support Servi","Preston VIC 3072","Apartment, 2 bedroom, 2 resident",46952.85,"Improved Liveability","Enrolled",2,1,0,1,"support@dss.com.au","0384140166","https://www.housinghub.org.au/property-detail/sda/darebin-support-services/preston-vic/b1bmt/qg6c8","","","",""
"THE ANGELS DISABILITY SUPPORT SERVICES","Hackham West SA 5163","House, 3 residents",65101.41,"High Physical Support","Enrolled",2,0,0,1,"info@theangelsdisability.com.au","0410007788","https://www.housinghub.org.au/property-detail/sda/the-angels-disability-support-services/hackham-west-sa/dmj48/1m87b","","","",""
"THE ANGELS DISABILITY SUPPORT SERVICES","Elizabeth Downs SA 5113","House, 2 residents",87230.78,"Robust","Enrolled",2,0,0,1,"info@theangelsdisability.com.au","0410007788","https://www.housinghub.org.au/property-detail/sda/the-angels-disability-support-services/elizabeth-downs-sa/dmj48/27j7h","","","",""
"THE ANGELS DISABILITY SUPPORT SERVICES","Davoren Park SA 5113","House, 3 residents",65101.41,"High Physical Support","Enrolled",2,0,0,1,"info@theangelsdisability.com.au","0410007788","https://www.housinghub.org.au/property-detail/sda/the-angels-disability-support-services/davoren-park-sa/dmj48/cel84","","","",""
"THE ANGELS DISABILITY SUPPORT SERVICES","Davoren Park SA 5113","House, 2 residents",92790.32,"High Physical Support","Enrolled",2,0,0,1,"shine@brighterliving.com.au","1300 732 252","https://www.housinghub.org.au/property-detail/sda/brighter-living-australia/daveron-park-sa/sa21p/5hr8m","","","",""
"THE ANGELS DISABILITY SUPPORT SERVICES","Blakeview SA 5114","House, 2 residents",92790.32,"High Physical Support","Enrolled",2,0,0,1,"info@theangelsdisability.com.au","0410007788","https://www.housinghub.org.au/property-detail/sda/the-angels-disability-support-services/blakeview-sa/dmj48/q3hgg","","","",""
"THE ANGELS DISABILITY SUPPORT SERVICES","Salisbury North SA 5108","House, 2 residents",92790.32,"High Physical Support","Enrolled",2,0,0,1,"info@theangelsdisability.com.au","0410007788","https://www.housinghub.org.au/property-detail/sda/the-angels-disability-support-services/salisbury-north-sa/dmj48/fh4i6","","","",""
"THE INDEPENDENT LIVING COMPANY PTY LTD","Narangba QLD 4504","House, 2 residents",82830.52,"High Physical Support","Enrolled",1,1,0,1,"hello@tilc.com.au","07 34728029","www.tilc.com.au","","","",""
"THE INDEPENDENT LIVING COMPANY PTY LTD","Narangba QLD 4504","House, 2 residents",82830.52,"High Physical Support","Enrolled",1,1,0,1,"hello@tilc.com.au","07 34728029","www.tilc.com.au","","","",""
"THE INDEPENDENT LIVING COMPANY PTY LTD","Urraween QLD 4655","House, 3 residents",51692.76,"High Physical Support","Enrolled",1,0,0,1,"hello@tilc.com.au","07 34728029","www.tilc.com.au","","","",""
"THE INDEPENDENT LIVING COMPANY PTY LTD","Spring Mountain QLD 4300","House, 3 residents",51657.48,"Robust","Enrolled",2,0,0,1,"hello@tilc.com.au","07 34728029","www.tilc.com.au","","","",""
"THE INDEPENDENT LIVING COMPANY PTY LTD","Ripley QLD 4306","House, 2 residents",70214.76,"Robust","Enrolled",1,0,0,1,"peter@tilc.com.au","0734728029","https://www.tilc.com.au/","","","",""
"THE INDEPENDENT LIVING COMPANY PTY LTD","Banya QLD 4551","House, 2 residents",63887.68,"Improved Liveability","Enrolled",1,0,0,1,"hello@tilc.com.au","07 34728029","www.tilc.com.au","","","",""
"THE INDEPENDENT LIVING COMPANY PTY LTD","Lawnton QLD 4501","House, 2 residents",84268.76,"High Physical Support","Enrolled",1,0,0,1,"hello@tilc.com.au","07 34728029","www.tilc.com.au","","","",""
"THE INDEPENDENT LIVING COMPANY PTY LTD","Redland Bay QLD 4165","House, 3 residents",56615.88,"High Physical Support","Enrolled",2,0,0,1,"hello@tilc.com.au","07 34728029","www.tilc.com.au","","","",""
"THE INDEPENDENT LIVING COMPANY PTY LTD","Caboolture QLD 4510","House, 2 residents",66116.32,"Improved Liveability","Enrolled",1,0,0,1,"hello@tilc.com.au","07 34728029","www.tilc.com.au","","","",""
"THE INDEPENDENT LIVING COMPANY PTY LTD","Loganlea QLD 4131","Villa / Duplex / Townhouse, 1 residents",60216.1,"Improved Liveability","Enrolled",1,0,0,1,"hello@tilc.com.au","07 34728029","www.tilc.com.au","","","",""
"THE INDEPENDENT LIVING COMPANY PTY LTD","Loganlea QLD 4131","Villa / Duplex / Townhouse, 1 residents",57716.12,"Improved Liveability","Enrolled",1,0,0,0,"hello@tilc.com.au","07 34728029","www.tilc.com.au","","","",""
"TIPS SDA","Davoren Park SA 5113","House, 2 residents",92790.32,"High Physical Support","Enrolled",2,0,0,1,"support@amityhousing.com.au","0493302569","https://www.housinghub.org.au/property-detail/sda/amity-housing-pty-ltd/davoren-park-sa/bqbg1/manwe","","","",""
"TIPS SDA","Prospect SA 5082","Apartment, 2 bedroom, 1 resident",110053.64,"Improved Liveability","Enrolled",4,1,0,1,"hello@careassure.com.au","08 7071 9276","https://www.housinghub.org.au/property-detail/sda/care-assure/adelaide-sa/16380/76354","","","",""
"TIPS SDA","Prospect SA 5082","Apartment, 2 bedroom, 1 resident",110053.64,"Improved Liveability","Enrolled",1,1,0,1,"enquiries@tipssda.au","1300719412","","","","",""
"TIPS SDA","Salisbury East SA 5109","House, 2 residents",87044.58,"High Physical Support","Enrolled",2,0,0,1,"enquiries@tipssda.au","1300719412","https://www.housinghub.org.au/property-detail/sda/tips-sda/salisbury-east-sa/exuci/e9gbk","","","",""
"Tea-cup Cottage Pty Ltd","Capalaba QLD 4157","House, 3 residents",0,"Multi Design Category","Enrolled",2,0,0,1,"hello@forcare.net.au","1800 367 227","https://www.housinghub.org.au/property-detail/sda/for-care/capalaba-qld/fjd47/1g1us","","","",""
"The Bridge Connects","Noble Park VIC 3174","Villa / Duplex / Townhouse, 2 residents",32053.06,"Improved Liveability","Enrolled",2,0,0,0,"enquiries@thebridgeinc.org.au","0387108525","https://www.housinghub.org.au/property-detail/sda/the-bridge-incorporated/noble-park-vic/dux6p/mm99i","","","",""
"The Bridge Connects","Noble Park VIC 3174","House, 2 residents",81715.32,"High Physical Support","Enrolled",2,0,0,1,"enquiries@thebridgeinc.org.au","0387108525","https://www.housinghub.org.au/property-detail/sda/the-bridge-incorporated/noble-park-vic/dux6p/bh1yt","","","",""
"The Bridge Connects","Noble Park VIC 3174","Villa / Duplex / Townhouse, 3 residents",25926.54,"Improved Liveability","Enrolled",2,0,0,0,"enquiries@thebridgeinc.org.au","0387108525","https://www.housinghub.org.au/property-detail/sda/the-bridge-incorporated/noble-park-vic/dux6p/81ia1","","","",""
"The Cerebral Palsy Foundation Pty Limite","Terrey Hills NSW 2084","Group home, 4 residents",10280.88,"Improved Liveability","Enrolled",1,1,0,0,"ask@cerebralpalsy.org.au","1300 888 378","https://www.housinghub.org.au/property-detail/sda/cerebral-palsy-alliance/terrey-hills-nsw/11706/5951","","","",""
"The Trustee For SDA Unit Trust","Belmont WA 6104","House, 2 residents",88604.34,"Robust","Enrolled",1,0,0,1,"admin@uniquesupport.com.au","0861878347","https://www.housinghub.org.au/property-detail/sda/unique-support-services/belmont-wa/ljgj7/zshng","","","",""
"The Trustee for 11A Petrie Street Unit T","Frankston VIC 3199","Apartment, 2 bedroom, 2 resident",102862.68,"Multi Design Category","Enrolled",1,1,0,1,"info@inhab.com.au","1800 464 222","https://www.housinghub.org.au/property-detail/sda/inhab-australia/frankston-vic/11835/uq86i","","","",""
"The Trustee for Abid Family Trust","Davoren Park SA 5113","Group home, 4 residents",50079.15,"High Physical Support","Enrolled",2,0,0,1,"hello@careassure.com.au","08 7071 9276","https://www.housinghub.org.au/property-detail/sda/care-assure/davoren-park-sa/16380/9094","","","",""
"The Trustee for Abid Family Trust","Davoren Park SA 5113","Group home, 5 residents",42164,"High Physical Support","Enrolled",3,0,0,1,"hello@careassure.com.au","08 7071 9276","https://www.housinghub.org.au/property-detail/sda/care-assure/davoren-park-sa/16380/5776","","","",""
"The Trustee for Abid Family Trust","Smithfield SA 5114","House, 2 residents",87044.58,"High Physical Support","Enrolled",1,0,0,1,"hello@careassure.com.au","08 7071 9276","https://www.housinghub.org.au/property-detail/sda/care-assure/smithfield-sa/16380/cniaw","","","",""
"The Trustee for Abid Family Trust","Reynella SA 5161","House, 2 residents",88180.29,"Robust","Enrolled",1,0,1,1,"hello@careassure.com.au","08 7071 9276","https://www.housinghub.org.au/property-detail/sda/care-assure/reynella-sa/16380/176jn","","","",""
"The Trustee for Abid Family Trust","Reynella SA 5161","House, 3 residents",51938.37,"Fully Accessible","Enrolled",3,0,0,1,"hello@careassure.com.au","08 7071 9276","https://www.housinghub.org.au/property-detail/sda/care-assure/reynella-sa/16380/2svb8","","","",""
"The Trustee for Abid Family Trust","Old Beach TAS 7017","House, 2 residents",85215.6,"High Physical Support","Enrolled",2,0,0,1,"hello@careassure.com.au","08 7071 9276","https://www.housinghub.org.au/property-detail/sda/care-assure/old-beach-tas/16380/rz5gi","","","",""
"The Trustee for Abid Family Trust","Magra TAS 7140","House, 2 residents",85215.6,"High Physical Support","Enrolled",2,0,0,1,"hello@careassure.com.au","08 7071 9276","https://www.housinghub.org.au/property-detail/sda/care-assure/magra-tas/16380/yvffq","","","",""
"The Trustee for Abid Family Trust","Prospect Vale TAS 7250","House, 2 residents",83321.92,"High Physical Support","Enrolled",1,0,0,1,"hello@careassure.com.au","08 7071 9276","https://www.housinghub.org.au/property-detail/sda/care-assure/prospect-vale-tas/16380/m1yj1","","","",""
"The Trustee for Enliven Housing SDA Trus","Joondalup WA 6027","Apartment, 1 bedroom, 1 resident",112108.5,"High Physical Support","Enrolled",1,1,0,1,"hello@enlivenhousing.com.au","0296351034","https://enlivenhousing.com.au/individual/joondalup/","","","",""
"The Trustee for Enliven Housing SDA Trus","Joondalup WA 6027","Apartment, 1 bedroom, 1 resident",112108.5,"High Physical Support","Enrolled",1,1,0,1,"hello@enlivenhousing.com.au","0296351034","https://enlivenhousing.com.au/individual/joondalup/","","","",""
"The Trustee for Enliven Housing SDA Trus","Joondalup WA 6027","Apartment, 1 bedroom, 1 resident",112108.5,"High Physical Support","Enrolled",1,1,0,1,"hello@enlivenhousing.com.au","0296351034","https://enlivenhousing.com.au/individual/joondalup/","","","",""
"The Trustee for Enliven Housing SDA Trus","Westmead NSW 2145","Apartment, 1 bedroom, 1 resident",107837.7,"High Physical Support","Enrolled",1,1,0,1,"hello@enlivenhousing.com.au","0296351034","https://enlivenhousing.com.au/individual/westmead/","","","",""
"The Trustee for Enliven Housing SDA Trus","Westmead NSW 2145","Apartment, 1 bedroom, 1 resident",107837.7,"High Physical Support","Enrolled",1,1,0,1,"hello@enlivenhousing.com.au","0296351034","https://enlivenhousing.com.au/individual/westmead/","","","",""
"The Trustee for Enliven Housing SDA Trus","Westmead NSW 2145","Apartment, 1 bedroom, 1 resident",107837.7,"High Physical Support","Enrolled",1,1,0,1,"hello@enlivenhousing.com.au","1300365483","https://www.housinghub.org.au/property-detail/sda/enliven-housing/westmead-nsw/5664/jreb1","","","",""
"The Trustee for Enliven Housing SDA Trus","Westmead NSW 2145","Apartment, 1 bedroom, 1 resident",107837.7,"High Physical Support","Enrolled",1,1,0,1,"hello@enlivenhousing.com.au","0296351034","https://enlivenhousing.com.au/individual/westmead/","","","",""
"The Trustee for Enliven Housing SDA Trus","Westmead NSW 2145","Apartment, 1 bedroom, 1 resident",107837.7,"High Physical Support","Enrolled",1,1,0,1,"hello@enlivenhousing.com.au","0296351034","https://enlivenhousing.com.au/individual/westmead/","","","",""
"The Trustee for Enliven Housing SDA Trus","Westmead NSW 2145","Apartment, 1 bedroom, 1 resident",107837.7,"High Physical Support","Enrolled",1,1,0,1,"hello@enlivenhousing.com.au","0296351034","https://enlivenhousing.com.au/individual/westmead/","","","",""
"The Trustee for Enliven Housing SDA Trus","Fairfield VIC 3078","Apartment, 1 bedroom, 1 resident",108905.4,"High Physical Support","Enrolled",1,1,0,1,"hello@enlivenhousing.com.au","0296351034","https://enlivenhousing.com.au/individual/fairfield/","","","",""
"The Trustee for Enliven Housing SDA Trus","Adelaide SA 5000","Apartment, 1 bedroom, 1 resident",107837.7,"High Physical Support","Enrolled",1,1,0,1,"hello@enlivenhousing.com.au","0296351034","https://enlivenhousing.com.au/individual/adelaide-penny-place/","","","",""
"The Trustee for Enliven Housing SDA Trus","Adelaide SA 5000","Apartment, 1 bedroom, 1 resident",107837.7,"High Physical Support","Enrolled",1,1,0,1,"hello@enlivenhousing.com.au","0296351034","https://enlivenhousing.com.au/individual/adelaide-penny-place/","","","",""
"The Trustee for Enliven Housing SDA Trus","Clayton South VIC 3169","Apartment, 1 bedroom, 1 resident",104634.6,"High Physical Support","Enrolled",1,1,0,1,"hello@enlivenhousing.com.au","0296351034","https://enlivenhousing.com.au/individual/clayton-south/","","","",""
"The Trustee for Enliven Housing SDA Trus","Clayton South VIC 3169","Apartment, 1 bedroom, 1 resident",104634.6,"High Physical Support","Enrolled",1,1,0,1,"hello@enlivenhousing.com.au","0296351034","https://enlivenhousing.com.au/individual/clayton-south/","","","",""
"The Trustee for Enliven Housing SDA Trus","Clayton South VIC 3169","Apartment, 1 bedroom, 1 resident",104634.6,"High Physical Support","Enrolled",1,1,0,1,"hello@enlivenhousing.com.au","1300365483","https://www.housinghub.org.au/property-detail/sda/enliven-housing/clayton-south-vic/5664/t4twp","","","",""
"The Trustee for Enliven Housing SDA Trus","Fremantle WA 6160","Apartment, 1 bedroom, 1 resident",117447,"High Physical Support","Enrolled",1,1,0,1,"hello@enlivenhousing.com.au","1300365483","https://www.housinghub.org.au/property-detail/sda/enliven-housing/fremantle-wa/5664/f232f","","","",""
"The Trustee for Enliven Housing SDA Trus","Fremantle WA 6160","Apartment, 1 bedroom, 1 resident",117447,"High Physical Support","Enrolled",1,1,0,1,"hello@enlivenhousing.com.au","0296351034","https://enlivenhousing.com.au/individual/fremantle/","","","",""
"The Trustee for Enliven Housing SDA Trus","Fremantle WA 6160","Apartment, 1 bedroom, 1 resident",117447,"High Physical Support","Enrolled",1,1,0,1,"hello@enlivenhousing.com.au","0296351034","https://enlivenhousing.com.au/individual/fremantle/","","","",""
"The Trustee for Enliven Housing SDA Trus","Broadbeach QLD 4218","Apartment, 1 bedroom, 1 resident",103566.9,"High Physical Support","Enrolled",1,1,0,1,"hello@enlivenhousing.com.au","0296351034","https://enlivenhousing.com.au/individual/broadbeach/","","","",""
"The Trustee for Enliven Housing SDA Trus","Glenelg North SA 5045","Apartment, 1 bedroom, 1 resident",112108.5,"High Physical Support","Enrolled",1,1,0,1,"hello@enlivenhousing.com.au","0296351034","https://enlivenhousing.com.au/individual/glenelg-north/","","","",""
"The Trustee for Enliven Housing SDA Trus","Glenelg North SA 5045","Apartment, 1 bedroom, 1 resident",112108.5,"High Physical Support","Enrolled",1,1,0,1,"hello@enlivenhousing.com.au","0296351034","https://enlivenhousing.com.au/individual/glenelg-north/","","","",""
"The Trustee for Enliven Housing SDA Trus","Glenelg North SA 5045","Apartment, 1 bedroom, 1 resident",112108.5,"High Physical Support","Enrolled",1,1,0,1,"hello@enlivenhousing.com.au","1300365483","https://www.housinghub.org.au/property-detail/sda/enliven-housing/glenelg-north-sa/5664/wnt4w","","","",""
"The Trustee for Enliven Housing SDA Trus","Glenelg North SA 5045","Apartment, 1 bedroom, 1 resident",112108.5,"High Physical Support","Enrolled",1,1,0,1,"hello@enlivenhousing.com.au","0296351034","https://enlivenhousing.com.au/individual/glenelg-north/","","","",""
"The Trustee for Enliven Housing SDA Trus","Malvern VIC 3144","Apartment, 1 bedroom, 1 resident",106770,"High Physical Support","Enrolled",1,1,0,1,"hello@enlivenhousing.com.au","0296351034","https://enlivenhousing.com.au/individual/malvern/","","","",""
"The Trustee for Enliven Housing SDA Trus","Malvern VIC 3144","Apartment, 1 bedroom, 1 resident",106770,"High Physical Support","Enrolled",1,1,0,1,"hello@enlivenhousing.com.au","0296351034","https://enlivenhousing.com.au/individual/malvern/","","","",""
"The Trustee for Enliven Housing SDA Trus","Malvern VIC 3144","Apartment, 1 bedroom, 1 resident",106770,"High Physical Support","Enrolled",1,1,0,1,"hello@enlivenhousing.com.au","0296351034","https://enlivenhousing.com.au/individual/malvern/","","","",""
"The Trustee for Enliven Housing SDA Trus","Malvern VIC 3144","Apartment, 1 bedroom, 1 resident",106770,"High Physical Support","Enrolled",1,1,0,1,"hello@enlivenhousing.com.au","0296351034","https://enlivenhousing.com.au/individual/malvern/","","","",""
"The Trustee for HJK Sterrett Family Trus","Armadale WA 6112","House, 3 residents",65846.73,"High Physical Support","Enrolled",3,0,0,1,"enquiries.sil@adelphiliving.com.au","0863316888","https://www.housinghub.org.au/property-detail/sda/adelphi-living/armadale-wa/5719/7711","","","",""
"The Trustee for HORIZON SDA CARE UNIT TR","Brassall QLD 4305","House, 2 residents",74609.64,"High Physical Support","Enrolled",2,0,0,1,"admin@horizonsda.com.au","1300 421 068","https://www.housinghub.org.au/property-detail/sda/horizon-sda-care/brassall-qld/5724/31n34","","","",""
"The Trustee for HORIZON SDA CARE UNIT TR","Ripley QLD 4306","House, 3 residents",51692.76,"High Physical Support","Enrolled",3,0,0,1,"admin@horizonsda.com.au","1300 421 068","https://www.housinghub.org.au/property-detail/sda/horizon-sda-care/ripley-qld/5724/abrdg","","","",""
"The Trustee for HORIZON SDA CARE UNIT TR","Avenell QLD 4670","House, 2 residents",74609.64,"High Physical Support","Enrolled",2,0,0,1,"admin@horizonsda.com.au","1300 421 068","https://www.housinghub.org.au/property-detail/sda/horizon-sda-care/avenell-heights-qld/5724/bx2fr","","","",""
"The Trustee for HORIZON SDA CARE UNIT TR","Blacks Beach QLD 4740","House, 2 residents",89709.21,"High Physical Support","Enrolled",2,0,0,1,"admin@horizonsda.com.au","1300 421 068","https://www.housinghub.org.au/property-detail/sda/horizon-sda-care/blacks-beach-qld/5724/9muig","","","",""
"The Trustee for HORIZON SDA CARE UNIT TR","Andergrove QLD 4740","House, 2 residents",89709.21,"High Physical Support","Enrolled",2,0,0,1,"admin@horizonsda.com.au","1300 421 068","https://www.housinghub.org.au/property-detail/sda/horizon-sda-care/andergrove-qld/5724/9rv2r","","","",""
"The Trustee for HORIZON SDA CARE UNIT TR","Andergrove QLD 4740","House, 2 residents",89709.21,"High Physical Support","Enrolled",2,0,0,1,"admin@horizonsda.com.au","1300 421 068","https://www.housinghub.org.au/property-detail/sda/horizon-sda-care/andergrove-qld/5724/y7thr","","","",""
"The Trustee for HORIZON SDA CARE UNIT TR","Bakers Creek QLD 4740","House, 2 residents",89709.21,"High Physical Support","Enrolled",2,0,0,1,"admin@horizonsda.com.au","1300 421 068","https://www.housinghub.org.au/property-detail/sda/horizon-sda-care/bakers-creek-qld/5724/kbtcw","","","",""
"The Trustee for HORIZON SDA CARE UNIT TR","Mount Low QLD 4818","House, 3 residents",61539,"High Physical Support","Enrolled",3,0,0,1,"admin@horizonsda.com.au","1300 421 068","https://www.housinghub.org.au/property-detail/sda/horizon-sda-care/mount-low-qld/5724/cr1tb","","","",""
"The Trustee for HORIZON SDA CARE UNIT TR","Rasmussen QLD 4815","House, 2 residents",87932.79,"High Physical Support","Enrolled",2,0,0,1,"admin@horizonsda.com.au","1300 421 068","https://www.housinghub.org.au/property-detail/sda/horizon-sda-care/rasmussen-qld/5724/f9rv4","","","",""
"The Trustee for HORIZON SDA CARE UNIT TR","Eli Waters QLD 4655","Villa / Duplex / Townhouse, 2 residents",37177.36,"Robust","Enrolled",3,0,0,1,"admin@horizonsda.com.au","1300 421 068","https://www.housinghub.org.au/property-detail/sda/horizon-sda-care/eli-waters-qld/5724/lilhq","","","",""
"The Trustee for HORIZON SDA CARE UNIT TR","Point Vernon QLD 4655","House, 3 residents",48404.16,"Robust","Enrolled",2,0,0,1,"admin@horizonsda.com.au","1300 421 068","https://www.housinghub.org.au/property-detail/sda/horizon-sda-care/point-vernon-qld/5724/nfc16","","","",""
"The Trustee for HORIZON SDA CARE UNIT TR","Cosgrove QLD 4818","Villa / Duplex / Townhouse, 1 residents",75287.68,"High Physical Support","Enrolled",1,0,0,1,"admin@horizonsda.com.au","1300 421 068","https://www.housinghub.org.au/property-detail/sda/horizon-sda-care/cosgrove-qld/5724/sfeuj","","","",""
"The Trustee for HORIZON SDA CARE UNIT TR","Burrum Heads QLD 4659","House, 3 residents",43012.2,"Improved Liveability","Enrolled",3,0,0,1,"admin@horizonsda.com.au","1300 421 068","https://www.housinghub.org.au/property-detail/sda/horizon-sda-care/burrum-heads-qld/5724/qpnpt","","","",""
"The Trustee for HORIZON SDA CARE UNIT TR","Burrum Heads QLD 4659","House, 2 residents",74609.64,"High Physical Support","Enrolled",3,0,0,1,"admin@horizonsda.com.au","1300 421 068","https://www.housinghub.org.au/property-detail/sda/horizon-sda-care/burrum-heads-qld/5724/lp4se","","","",""
"The Trustee for HORIZON SDA CARE UNIT TR","Torquay QLD 4655","House, 3 residents",43012.2,"Improved Liveability","Enrolled",3,0,0,1,"admin@horizonsda.com.au","1300 421 068","https://www.housinghub.org.au/property-detail/sda/horizon-sda-care/torquay-qld/5724/y13lm","","","",""
"The Trustee for HORIZON SDA CARE UNIT TR","Shaw QLD 4818","House, 3 residents",61539,"High Physical Support","Enrolled",3,0,0,1,"shine@brighterliving.com.au","1300 732 252","https://www.housinghub.org.au/property-detail/sda/brighter-living-australia/shaw-qld/sa21p/yxk94","","","",""
"The Trustee for HORIZON SDA CARE UNIT TR","Goodna QLD 4300","House, 2 residents",62401.92,"Improved Liveability","Enrolled",2,0,0,1,"admin@horizonsda.com.au","1300 421 068","https://www.housinghub.org.au/property-detail/sda/horizon-sda-care/goodna-qld/5724/sxezb","","","",""
"The Trustee for LX Family Trust","Baldivis WA 6171","House, 3 residents",53512.26,"Fully Accessible","Enrolled",2,0,0,1,"lxholdingspl@gmail.com","0418901808","","","","",""
"The Trustee for Livable Housing Solution","Urraween QLD 4655","House, 2 residents",78177.12,"High Physical Support","Enrolled",2,1,0,1,"admin@livablehousingsolution.com.au","04 18486996","https://livablehousingsolutions.com.au/","","","",""
"The Trustee for Livable Housing Solution","Kawungan QLD 4655","House, 3 residents",51692.76,"High Physical Support","Enrolled",3,0,0,1,"admin@livablehousingsolutions.com.au","04 18486996","","","","",""
"The Trustee for Livable Housing Solution","Urraween QLD 4655","House, 2 residents",78177.12,"High Physical Support","Enrolled",2,1,0,1,"admin@livablehousingsolutions.com.au","04 18486996","","","","",""
"The Trustee for Project Friday Unit Trus","Truganina VIC 3029","Villa / Duplex / Townhouse, 2 residents",42119.42,"High Physical Support","Enrolled",2,1,0,0,"sda@projectfriday.com.au","1300 885 272","https://www.housinghub.org.au/property-detail/sda/sda-by-project-friday/truganina-vic/18291/3ie86","","","",""
"The Trustee for Project Friday Unit Trus","Truganina VIC 3029","Villa / Duplex / Townhouse, 1 residents",76279.28,"High Physical Support","Enrolled",3,1,0,1,"admin@paramounthomes.com.au","","https://www.housinghub.org.au/property-detail/sda/paramount-disability-homes/truganina-vic/7kzhn/yah3h","","","",""
"The Trustee for REAL Support Care Unit T","Officer VIC 3809","House, 2 residents",81715.32,"High Physical Support","Enrolled",2,0,0,1,"admin@realsupportcare.com.au","1300401661","https://www.housinghub.org.au/property-detail/sda/real-support-care/officer-vic/amakn/2bht1","","","",""
"The Trustee for REAL Support Care Unit T","Clyde North VIC 3978","House, 2 residents",81715.32,"High Physical Support","Enrolled",2,0,0,1,"admin@realsupportcare.com.au","1300401661","https://www.housinghub.org.au/property-detail/sda/real-support-care/clyde-north-vic/amakn/wafh9","","","",""
"The Trustee for REAL Support Care Unit T","Clyde North VIC 3978","House, 3 residents",47108.6,"Improved Liveability","Enrolled",3,0,0,1,"admin@realsupportcare.com.au","1300401661","https://www.housinghub.org.au/property-detail/sda/real-support-care/clyde-north-vic/amakn/9d23x","","","",""
"The Trustee for REAL Support Care Unit T","Clyde North VIC 3978","House, 2 residents",85622.56,"High Physical Support","Enrolled",2,1,0,1,"admin@realsupportcare.com.au","1300401661","https://www.housinghub.org.au/property-detail/sda/real-support-care/clyde-north-vic/amakn/xgwga","","","",""
"The Trustee for REAL Support Care Unit T","Clyde VIC 3978","House, 3 residents",56615.88,"High Physical Support","Enrolled",3,0,0,1,"admin@realsupportcare.com.au","1300401661","https://www.housinghub.org.au/property-detail/sda/real-support-care/clyde-vic/amakn/91xkj","","","",""
"The Trustee for Roberts SDA Homes","Pakenham VIC 3810","Villa / Duplex / Townhouse, 1 residents",64326.4,"Robust","Enrolled",1,0,0,1,"enquiries@robertssdahomes.au","","https://www.housinghub.org.au/property-detail/sda/roberts-sda-homes/pakenham-vic/3dj79/b4e3f","","","",""
"The Trustee for Roberts SDA Homes","Pakenham VIC 3810","Villa / Duplex / Townhouse, 1 residents",64326.4,"Robust","Enrolled",1,0,0,1,"enquiries@robertssdahomes.au","","https://www.housinghub.org.au/property-detail/sda/roberts-sda-homes/pakenham-vic/3dj79/9zd26","","","",""
"The Trustee for Seymour Property Trust","Sebastopol VIC 3356","Villa / Duplex / Townhouse, 1 residents",69274.04,"High Physical Support","Enrolled",1,1,0,1,"hello@ahvic.com.au","1300 605 980","https://www.housinghub.org.au/property-detail/sda/accessible-housing-(victoria)/sebastopol-vic/5787/kdvav","","","",""
"The Trustee for Seymour Property Trust","Colac VIC 3250","House, 2 residents",79107.8,"High Physical Support","Enrolled",1,1,0,1,"hello@ahvic.com.au","1300 605 980","https://www.housinghub.org.au/property-detail/sda/accessible-housing-(victoria)/colac-vic/5787/y4mg7","","","",""
"The Trustee for Seymour Property Trust","Colac VIC 3250","House, 2 residents",79107.8,"High Physical Support","Enrolled",1,1,0,1,"hello@ahvic.com.au","1300 605 980","https://www.housinghub.org.au/property-detail/sda/accessible-housing-(victoria)/colac-vic/5787/shrsb","","","",""
"The Trustee for Summer Housing Impact SD","Maribyrnong VIC 3032","Apartment, 1 bedroom, 1 resident",91069.44,"High Physical Support","Enrolled",1,1,0,0,"info@liverty.org.au","03 9916 7939","https://www.housinghub.org.au/property-detail/sda/liverty-housing/maribyrnong-vic/5662/an4bw","","","",""
"The Trustee for Summer Housing Impact SD","Blackburn VIC 3130","Apartment, 1 bedroom, 1 resident",83059,"Improved Liveability","Enrolled",1,1,0,0,"info@liverty.org.au","03 9916 7939","https://www.housinghub.org.au/property-detail/sda/liverty-housing/blackburn-vic/5662/3590","","","",""
"The Trustee for Summer Housing Impact SD","Glen Iris VIC 3146","Apartment, 1 bedroom, 1 resident",106770,"High Physical Support","Enrolled",1,1,0,1,"info@liverty.org.au","03 9916 7939","https://www.housinghub.org.au/property-detail/sda/liverty-housing/glen-iris-vic/5662/6klgn","","","",""
"The Trustee for Summer Housing Impact SD","Milton QLD 4064","Apartment, 1 bedroom, 1 resident",106770,"High Physical Support","Enrolled",1,1,0,1,"info@liverty.org.au","03 9916 7939","https://www.housinghub.org.au/property-detail/sda/liverty-housing/milton-qld/5662/4339","","","",""
"The Trustee for Summer Housing Impact SD","Norwood SA 5067","Apartment, 1 bedroom, 1 resident",107837.7,"High Physical Support","Enrolled",1,1,0,1,"info@liverty.org.au","03 9916 7939","https://www.housinghub.org.au/property-detail/sda/liverty-housing/norwood-sa/5662/nq61f","","","",""
"The Trustee for Summer Housing Impact SD","West Melbourne VIC 3003","Apartment, 1 bedroom, 1 resident",108905.4,"High Physical Support","Enrolled",1,1,0,1,"info@liverty.org.au","03 9916 7939","https://www.housinghub.org.au/property-detail/sda/liverty-housing/west-melbourne-vic/5662/4881","","","",""
"The Trustee for Summer Housing Pavilions","Rockdale NSW 2216","Apartment, 1 bedroom, 1 resident",107837.7,"High Physical Support","Enrolled",1,1,0,1,"info@liverty.org.au","03 9916 7939","https://www.housinghub.org.au/property-detail/sda/liverty-housing/rockdale-nsw/5662/i6yxb","","","",""
"The Trustee for Summer Housing Pavilions","Oakleigh VIC 3166","Apartment, 1 bedroom, 1 resident",104634.6,"High Physical Support","Enrolled",1,1,0,1,"info@liverty.org.au","03 9916 7939","https://www.housinghub.org.au/property-detail/sda/liverty-housing/oakleigh-vic/5662/pyfe6","","","",""
"The Trustee for Summer Housing Pavilions","Southbank VIC 3006","Apartment, 1 bedroom, 1 resident",108905.4,"High Physical Support","Enrolled",1,1,0,1,"info@liverty.org.au","03 9916 7939","https://www.housinghub.org.au/property-detail/sda/liverty-housing/southbank-vic/5662/ip9cy","","","",""
"The Trustee for Summer Housing Pavilions","Woolloongabba QLD 4102","Apartment, 1 bedroom, 1 resident",104634.6,"High Physical Support","Enrolled",1,1,0,1,"info@liverty.org.au","03 9916 7939","https://www.housinghub.org.au/property-detail/sda/liverty-housing/woolloongabba-qld/5662/4v5db","","","",""
"The Trustee for Summer Housing Pavilions","Belconnen ACT 2617","Apartment, 1 bedroom, 1 resident",105702.3,"High Physical Support","Enrolled",4,1,0,1,"info@liverty.org.au","03 9916 7939","https://www.housinghub.org.au/property-detail/sda/liverty-housing/belconnen-act/5662/734","","","",""
"The Trustee for Summer Housing Pavilions","Edmondson Park NSW 2174","Apartment, 1 bedroom, 1 resident",106770,"High Physical Support","Enrolled",2,1,0,1,"info@liverty.org.au","03 9916 7939","https://www.housinghub.org.au/property-detail/sda/liverty-housing/edmondson-park-nsw/5662/766","","","",""
"The Trustee for Yaran SDA Trust","Coolbinia WA 6050","Apartment, 2 bedroom, 1 resident",104844.24,"High Physical Support","Enrolled",1,1,0,0,"caio@yaran.com.au","08 9466 8888","https://www.housinghub.org.au/property-detail/sda/yaran-ndis/coolbinia-wa/5794/nilje","","","",""
"The Trustee for Yaran SDA Trust","North Coogee WA 6163","Apartment, 2 bedroom, 1 resident",119606.3,"High Physical Support","Enrolled",1,0,0,1,"caio@yaran.com.au","08 9466 8888","https://www.housinghub.org.au/property-detail/sda/yaran-ndis/north-coogee-wa/5794/2w998","","","",""
"The Trustee for Yaran SDA Trust","Mandurah WA 6210","Villa / Duplex / Townhouse, 1 residents",68772.4,"High Physical Support","Enrolled",1,0,0,1,"caio@yaran.com.au","08 9466 8888","https://www.housinghub.org.au/property-detail/sda/yaran-ndis/mandurah-wa/5794/91p52","","","",""
"The Trustee for Yaran SDA Trust","Gosnells WA 6110","Apartment, 1 bedroom, 1 resident",124732.23,"High Physical Support","Enrolled",1,0,0,1,"caio@yaran.com.au","08 9466 8888","https://www.housinghub.org.au/property-detail/sda/yaran-ndis/gosnells-wa/5794/j6c69","","","",""
"The Trustee for Yaran SDA Trust","Midland WA 6056","Apartment, 1 bedroom, 1 resident",109009.68,"High Physical Support","Enrolled",1,0,0,1,"caio@yaran.com.au","08 9466 8888","https://www.housinghub.org.au/property-detail/sda/yaran-ndis/midland-wa/5794/dnzbb","","","",""
"The Trustee for Yaran SDA Trust","Midland WA 6056","Apartment, 1 bedroom, 1 resident",109009.68,"High Physical Support","Enrolled",2,0,0,1,"info@wabluesky.com.au","0466027366","https://www.housinghub.org.au/property-detail/sda/wa-blue-sky/midland-wa/18237/y1669","","","",""
"The Trustee for Yaran SDA Trust","Maddington WA 6109","Villa / Duplex / Townhouse, 1 residents",78907.28,"High Physical Support","Enrolled",1,0,0,1,"caio@yaran.com.au","08 9466 8888","https://www.housinghub.org.au/property-detail/sda/yaran-ndis/maddington-wa/5794/e9mmi","","","",""
"The Trustee for Yaran SDA Trust","Midland WA 6056","Apartment, 1 bedroom, 1 resident",109009.68,"High Physical Support","Enrolled",1,0,0,1,"caio@yaran.com.au","08 9466 8888","https://www.housinghub.org.au/property-detail/sda/yaran-ndis/midland-wa/5794/diput","","","",""
"The Trustee for Yaran SDA Trust","Armadale WA 6112","Villa / Duplex / Townhouse, 1 residents",78907.28,"High Physical Support","Enrolled",3,0,0,1,"","","https://www.housinghub.org.au/property-detail/sda/weston-sda/armadale-wa/5688/wk2dc","","","",""
"The Trustee for Yaran SDA Trust","Gosnells WA 6110","Villa / Duplex / Townhouse, 1 residents",78907.28,"High Physical Support","Enrolled",1,0,0,1,"caio@yaran.com.au","08 9466 8888","https://www.housinghub.org.au/property-detail/sda/yaran-ndis/gosnells-wa/5794/eqy51","","","",""
"Thorndale Foundation","Kingswood NSW 2747","Group home, 5 residents",6046.92,"Basic","Enrolled",1,1,0,0,"info@thorndale.com.au","0299127800","https://www.housinghub.org.au/property-detail/sda/thorndale-foundation/kingswood-nsw/zggxq/wciyd","","","",""
"Thorndale Foundation","Kingswood NSW 2747","Group home, 4 residents",8332.83,"Improved Liveability","Enrolled",1,0,0,1,"info@thorndale.com.au","0299127800","https://www.housinghub.org.au/property-detail/sda/thorndale-foundation/kingswood-nsw/zggxq/75ll6","","","",""
"Trh Psychology And Cultural Consultancy","Thornton NSW 2322","Villa / Duplex / Townhouse, 2 residents",36869,"High Physical Support","Enrolled",1,0,0,0,"admin@classylife.com.au","0243924466","https://www.housinghub.org.au/property-detail/sda/classy-life/thornton-nsw/d63m5/jzc8u","","","",""
"Truehome","Loganlea QLD 4131","Villa / Duplex / Townhouse, 1 residents",66357.76,"Robust","Enrolled",2,0,0,1,"joed@dotproperty.com.au","","https://www.housinghub.org.au/property-detail/sda/truehome/loganlea-qld/jcqrl/gtwvw","","","",""
"UCONNEX Community Services","Beveridge VIC 3753","House, 2 residents",80163.9,"Robust","Enrolled",2,0,1,1,"info@uconnexservices.com.au","0391231155","https://www.housinghub.org.au/property-detail/sda/uconnex/beveridge-vic/17849/eaxq5","","","",""
"Unify SDA Housing Pty Ltd","Latrobe TAS 7307","Villa / Duplex / Townhouse, 1 residents",58305.06,"Improved Liveability","Enrolled",1,0,0,0,"tom@unifysda.com.au","04 34529379","unifysda.com.au","","","",""
"Unify SDA Housing Pty Ltd","Newnham TAS 7248","Villa / Duplex / Townhouse, 2 residents",43079,"High Physical Support","Enrolled",1,1,0,1,"tom@unifysda.com.au","04 34529379","unifysda.com.au","","","",""
"Unify SDA Housing Pty Ltd","Youngtown TAS 7249","Villa / Duplex / Townhouse, 1 residents",74072,"High Physical Support","Enrolled",1,1,0,0,"connect@genu.org.au","1300 558 368","https://www.housinghub.org.au/property-detail/sda/genu/youngtown-tas/5816/6zun8","","","",""
"Unify SDA Housing Pty Ltd","Youngtown TAS 7249","House, 2 residents",87278.4,"High Physical Support","Enrolled",2,1,0,1,"hello@careassure.com.au","08 7071 9276","https://www.housinghub.org.au/property-detail/sda/care-assure/youngtown-tas/16380/3h1bx","","","",""
"United for Care","Liverpool NSW 2170","Apartment, 2 bedroom, 1 resident",110922,"High Physical Support","Enrolled",2,1,0,1,"info@unitedforcare.com.au","1300405260","https://www.housinghub.org.au/property-detail/sda/united-for-care/liverpool-nsw/13718/4048","","","",""
"Unity Housing Company Ltd","Elizabeth Vale SA 5112","Group home, 4 residents",7163.52,"Basic","Enrolled",1,0,0,0,"g.lee@unityhousing.org.au","0882378761","https://www.housinghub.org.au/property-detail/sda/unity-housing-company/elizabeth-vale-sa/u4pjb/vyrpz","","","",""
"Unity Housing Company Ltd","Mccracken SA 5211","Group home, 4 residents",6566.56,"Basic","Enrolled",1,0,0,0,"g.lee@unityhousing.org.au","0882378761","https://www.housinghub.org.au/property-detail/sda/unity-housing-company/mccracken-sa/u4pjb/35agg","","","",""
"Unity Housing Company Ltd","Port Pirie SA 5540","Group home, 4 residents",6566.56,"Basic","Enrolled",1,0,0,0,"g.lee@unityhousing.org.au","0882378761","https://www.housinghub.org.au/property-detail/sda/unity-housing-company/port-pirie-south-sa/u4pjb/yb977","","","",""
"Unity Housing Company Ltd","Ferryden Park SA 5010","Group home, 4 residents",7387.38,"Basic","Enrolled",1,0,0,0,"g.lee@unityhousing.org.au","0882378761","https://www.housinghub.org.au/property-detail/sda/unity-housing-company/ferryden-park-sa/u4pjb/avm1q","","","",""
"Unity Housing Company Ltd","Edwardstown SA 5039","Group home, 5 residents",5573.49,"Basic","Enrolled",1,0,0,0,"intake@ldssa.org.au","08 8212 7766","https://www.housinghub.org.au/property-detail/sda/lutheran-disability-services/edwardstown-sa/13197/pxih7","","","",""
"Unity Housing Company Ltd","Blair Athol SA 5084","House, 3 residents",50692.95,"Improved Liveability","Enrolled",1,0,0,1,"g.lee@unityhousing.org.au","0882378761","https://www.housinghub.org.au/property-detail/sda/unity-housing-company/blair-athol-sa/u4pjb/7rxev","","","",""
"Unity Housing Company Ltd","Port Pirie SA 5540","Villa / Duplex / Townhouse, 2 residents",6092.05,"Basic","Enrolled",1,0,0,0,"g.lee@unityhousing.org.au","0882378761","https://www.housinghub.org.au/property-detail/sda/unity-housing-company/port-pirie-south-sa/u4pjb/yyg2c","","","",""
"Unity Housing Company Ltd","Wallaroo SA 5556","House, 3 residents",58200.24,"Robust","Enrolled",2,0,0,1,"g.lee@unityhousing.org.au","0882378761","https://www.housinghub.org.au/property-detail/sda/unity-housing-company/wallaroo-sa/u4pjb/51uw3","","","",""
"Unity Housing Company Ltd","Seaton SA 5023","House, 3 residents",61081.44,"Robust","Enrolled",1,0,0,1,"g.lee@unityhousing.org.au","0882378761","https://www.housinghub.org.au/property-detail/sda/unity-housing-company/seaton-sa/u4pjb/3t12r","","","",""
"Unity Housing Company Ltd","Woodville West SA 5011","Villa / Duplex / Townhouse, 3 residents",38051.34,"Robust","Enrolled",1,0,0,1,"g.lee@unityhousing.org.au","0882378761","https://www.housinghub.org.au/property-detail/sda/unity-housing-company/woodville-west-sa/u4pjb/9vjyb","","","",""
"Unity Housing Company Ltd","Dover Gardens SA 5048","Villa / Duplex / Townhouse, 2 residents",13085.74,"Fully Accessible","Enrolled",1,0,0,1,"A.BrianOBrien@unityhousing.org.au","08 8351 8466","https://www.housinghub.org.au/property-detail/sda/yourplace-housing-ltd/dover-gardens-sa/13181/6lcz6","","","",""
"Unity Housing Company Ltd","Salisbury North SA 5108","Villa / Duplex / Townhouse, 2 residents",12096,"Fully Accessible","Enrolled",1,0,0,0,"g.lee@unityhousing.org.au","0882378761","https://www.housinghub.org.au/property-detail/sda/unity-housing-company/salisbury-north-sa/u4pjb/hfpnc","","","",""
"Unity Housing Company Ltd","Salisbury Downs SA 5108","Group home, 4 residents",13056.96,"Fully Accessible","Enrolled",2,0,0,1,"g.lee@unityhousing.org.au","0882378761","https://www.housinghub.org.au/property-detail/sda/unity-housing-company/salisbury-downs-sa/u4pjb/5a1qd","","","",""
"Unity Housing Company Ltd","Holden Hill SA 5088","Group home, 4 residents",12332.16,"Fully Accessible","Enrolled",1,0,0,0,"g.lee@unityhousing.org.au","0882378761","https://www.housinghub.org.au/property-detail/sda/unity-housing-company/holden-hill-sa/u4pjb/r7vh7","","","",""
"Unity Housing Company Ltd","Parafield Gardens SA 5107","House, 2 residents",7646.51,"Basic","Enrolled",1,0,0,0,"g.lee@unityhousing.org.au","0882378761","https://www.housinghub.org.au/property-detail/sda/unity-housing-company/parafield-gardens-sa/u4pjb/114hq","","","",""
"Unity Housing Company Ltd","Klemzig SA 5087","House, 2 residents",7646.51,"Basic","Enrolled",2,0,0,0,"g.lee@unityhousing.org.au","0882378761","https://www.housinghub.org.au/property-detail/sda/unity-housing-company/klemzig-sa/u4pjb/dv2qp","","","",""
"VALUE CARE LIMITED","Mildura VIC 3500","House, 3 residents",54270.72,"High Physical Support","Enrolled",3,1,0,1,"shine@brighterliving.com.au","1300 732 252","https://www.housinghub.org.au/property-detail/sda/brighter-living-australia/mildura-vic/sa21p/2jrlb","","","",""
"VERITY GROUP AUSTRALIA","Hilbert WA 6112","House, 2 residents",100365.04,"High Physical Support","Enrolled",2,0,0,1,"support@sdaresidential.com","03 9002 0300","https://www.housinghub.org.au/property-detail/sda/sda-residential/hilbert-wa/nc5s3/mjn45","","","",""
"VERITY GROUP AUSTRALIA","Meadow Springs WA 6210","House, 3 residents",59183.1,"High Physical Support","Enrolled",3,0,0,1,"info@safeplaceliving.com.au","","https://www.housinghub.org.au/property-detail/sda/safe-place-living/meadow-springs-wa/16e8v/yzrl3","","","",""
"VMCH","Lysterfield VIC 3156","Group home, 5 residents",33704.67,"Fully Accessible","Enrolled",1,1,0,1,"hello@vmch.com.au","1300 698 624","https://www.housinghub.org.au/property-detail/sda/vmch/lysterfield-vic/12097/3344","","","",""
"Vera Living Pty Ltd","Macleod VIC 3085","Group home, 4 residents",7147.76,"Basic","Enrolled",1,1,0,0,"engagement@veraliving.com.au","0432839032","https://www.housinghub.org.au/property-detail/sda/vera-living/macleod-vic/12449/mmbm5","","","",""
"Vera Living Pty Ltd","Pallara QLD 4110","House, 3 residents",65254.08,"High Physical Support","Enrolled",1,1,0,1,"enquiries@aruma.com.au","1300 538 746","https://www.housinghub.org.au/property-detail/sda/aruma/pallara-qld/5708/jjv9c","","","",""
"Vera Living Pty Ltd","Coomera QLD 4209","House, 3 residents",58147.2,"High Physical Support","Enrolled",1,1,0,1,"admin@headwayabi.org","61755744311","https://www.housinghub.org.au/property-detail/sda/headway-abi-australia/coomera-qld/20110/zg9ys","","","",""
"Vera Living Pty Ltd","West Ballina NSW 2478","House, 3 residents",62023.68,"High Physical Support","Enrolled",3,1,0,1,"engagement@veraliving.com.au","0432839032","https://www.housinghub.org.au/property-detail/sda/vera-living/west-ballina-nsw/12449/tvecd","","","",""
"Vera Living Pty Ltd","Alstonville NSW 2477","House, 3 residents",66253.44,"High Physical Support","Enrolled",1,1,0,1,"engagement@veraliving.com.au","0432839032","https://www.housinghub.org.au/property-detail/sda/vera-living/alstonville-nsw/12449/xpktw","","","",""
"Vera Living Pty Ltd","Alstonville NSW 2477","House, 3 residents",66253.44,"High Physical Support","Enrolled",1,1,0,1,"engagement@veraliving.com.au","0432839032","https://www.housinghub.org.au/property-detail/sda/vera-living/alstonville-nsw/12449/xpktw","","","",""
"Vera Living Pty Ltd","Coffs Harbour NSW 2450","House, 3 residents",62802.74,"High Physical Support","Enrolled",2,1,0,1,"engagement@veraliving.com.au","0432839032","https://www.housinghub.org.au/property-detail/sda/vera-living/coffs-harbour-nsw/12449/tx92d","","","",""
"Vera Living Pty Ltd","Spring Farm NSW 2570","House, 3 residents",60891.32,"Robust","Enrolled",1,1,1,1,"accommodation@abilityoptions.org.au","1300422454","https://www.housinghub.org.au/property-detail/sda/ability-options/spring-farm-nsw/el84u/qdkt7","","","",""
"Vera Living Pty Ltd","Spring Farm NSW 2570","House, 2 residents",92563.83,"Robust","Enrolled",2,1,1,1,"accommodation@abilityoptions.org.au","1300422454","https://www.housinghub.org.au/property-detail/sda/ability-options/spring-farm-nsw/el84u/gthy4","","","",""
"Vera Living Pty Ltd","Spring Farm NSW 2570","Group home, 4 residents",52448.28,"Robust","Enrolled",1,1,1,1,"engagement@veraliving.com.au","0432839032","https://www.housinghub.org.au/property-detail/sda/vera-living/spring-farm-nsw/12449/6cmeg","","","",""
"Vera Living Pty Ltd","Wollert VIC 3750","House, 3 residents",58147.2,"High Physical Support","Enrolled",1,1,0,1,"engagement@veraliving.com.au","0432839032","https://www.housinghub.org.au/property-detail/sda/vera-living/wollert-vic/12449/9d1ja","","","",""
"Vera Living Pty Ltd","Caboolture QLD 4510","Apartment, 2 bedroom, 1 resident",109812.78,"High Physical Support","Enrolled",2,1,0,1,"info@disabilityhousingsolutions.com.au","13 00419819","https://disabilityhousingsolutions.com.au/","","","",""
"Vera Living Pty Ltd","Caboolture QLD 4510","Apartment, 2 bedroom, 1 resident",109812.78,"High Physical Support","Enrolled",1,1,0,1,"engagement@veraliving.com.au","0432839032","https://www.housinghub.org.au/property-detail/sda/vera-living/caboolture-qld/12449/s9sde","","","",""
"Vera Living Pty Ltd","Kippa-ring QLD 4021","Apartment, 2 bedroom, 1 resident",109812.78,"High Physical Support","Enrolled",2,1,0,1,"engagement@veraliving.com.au","0432839032","https://www.housinghub.org.au/property-detail/sda/vera-living/kippa-ring-qld/12449/25a7p","","","",""
"Vera Living Pty Ltd","Newport QLD 4020","House, 3 residents",57501.12,"High Physical Support","Enrolled",1,1,0,1,"engagement@veraliving.com.au","0432839032","https://www.housinghub.org.au/property-detail/sda/vera-living/newport-qld/12449/mc87t","","","",""
"Vera Living Pty Ltd","Coomera QLD 4209","House, 3 residents",58147.2,"High Physical Support","Enrolled",1,1,0,1,"engagement@veraliving.com.au","0432839032","https://www.housinghub.org.au/property-detail/sda/vera-living/coomera-qld/12449/yi3s8","","","",""
"Vera Living Pty Ltd","Rothwell QLD 4022","House, 3 residents",57501.12,"High Physical Support","Enrolled",3,1,0,1,"engagement@veraliving.com.au","0432839032","https://www.housinghub.org.au/property-detail/sda/vera-living/rothwell-qld/12449/drgaj","","","",""
"Vera Living Pty Ltd","Pallara QLD 4110","House, 3 residents",65254.08,"High Physical Support","Enrolled",1,1,0,1,"engagement@veraliving.com.au","0432839032","https://www.housinghub.org.au/property-detail/sda/vera-living/pallara-qld/12449/5pt8x","","","",""
"Vera Living Pty Ltd","Croydon Park NSW 2133","Apartment, 1 bedroom, 1 resident",112108.5,"High Physical Support","Enrolled",1,1,0,1,"engagement@veraliving.com.au","0432839032","https://www.housinghub.org.au/property-detail/sda/vera-living/croydon-park-nsw/12449/ef5zy","","","",""
"Vera Living Pty Ltd","Dudley Park WA 6210","House, 3 residents",58147.2,"High Physical Support","Enrolled",1,1,0,1,"engagement@veraliving.com.au","0432839032","https://www.housinghub.org.au/property-detail/sda/vera-living/dudley-park-wa/12449/ewgtl","","","",""
"Vera Living Pty Ltd","Dudley Park WA 6210","House, 3 residents",58147.2,"High Physical Support","Enrolled",2,1,0,1,"engagement@veraliving.com.au","0432839032","https://www.housinghub.org.au/property-detail/sda/vera-living/dudley-park-wa/12449/jzsef","","","",""
"Vera Living Pty Ltd","Camberwell VIC 3124","Apartment, 2 bedroom, 1 resident",112031.22,"High Physical Support","Enrolled",1,1,0,1,"engagement@veraliving.com.au","0432839032","https://www.housinghub.org.au/property-detail/sda/vera-living/camberwell-vic/12449/27e4s","","","",""
"Vera Living Pty Ltd","Beechboro WA 6063","House, 3 residents",60085.44,"High Physical Support","Enrolled",1,1,0,1,"engagement@veraliving.com.au","0432839032","https://www.housinghub.org.au/property-detail/sda/vera-living/beechboro-wa/12449/37unv","","","",""
"Vera Living Pty Ltd","Aitkenvale QLD 4814","Apartment, 2 bedroom, 1 resident",139693.32,"High Physical Support","Enrolled",1,1,0,1,"engagement@veraliving.com.au","0432839032","https://www.housinghub.org.au/property-detail/sda/vera-living/aitkenvale-qld/12449/4jc1q","","","",""
"Vera Living Pty Ltd","Point Frederick NSW 2250","Apartment, 1 bedroom, 1 resident",112108.5,"High Physical Support","Enrolled",1,1,0,1,"engagement@veraliving.com.au","0432839032","https://www.housinghub.org.au/property-detail/sda/vera-living/point-frederick-nsw/12449/9641","","","",""
"Vera Living Pty Ltd","South Windsor NSW 2756","House, 2 residents",93559.14,"Robust","Enrolled",2,1,1,1,"accommodation@abilityoptions.org.au","1300422454","https://www.housinghub.org.au/property-detail/sda/ability-options/south-windsor-nsw/el84u/j9qgi","","","",""
"Vera Living Pty Ltd","Beechboro WA 6063","House, 3 residents",60085.44,"High Physical Support","Enrolled",3,1,0,1,"engagement@veraliving.com.au","0432839032","https://www.housinghub.org.au/property-detail/sda/vera-living/beechboro-wa/12449/h78cu","","","",""
"Vera Living Pty Ltd","Highfields QLD 4352","House, 3 residents",54270.72,"High Physical Support","Enrolled",1,1,0,1,"engagement@veraliving.com.au","0432839032","https://www.housinghub.org.au/property-detail/sda/vera-living/highfields-qld/12449/7hlcu","","","",""
"Vera Living Pty Ltd","Andrews Farm SA 5114","House, 3 residents",63961.92,"High Physical Support","Enrolled",3,1,0,1,"engagement@veraliving.com.au","0432839032","https://www.housinghub.org.au/property-detail/sda/vera-living/andrews-farm-sa/12449/4y6mn","","","",""
"Vera Living Pty Ltd","Taree NSW 2430","House, 3 residents",62112.6,"High Physical Support","Enrolled",3,1,0,1,"engagement@veraliving.com.au","0432839032","https://www.housinghub.org.au/property-detail/sda/vera-living/taree-nsw/12449/85pua","","","",""
"Vera Living Pty Ltd","Logan Central QLD 4114","Apartment, 2 bedroom, 1 resident",118686.54,"High Physical Support","Enrolled",1,1,0,1,"engagement@veraliving.com.au","0432839032","https://www.housinghub.org.au/property-detail/sda/vera-living/logan-central-qld/12449/wpq55","","","",""
"Vera Living Pty Ltd","Manjimup WA 6258","House, 3 residents",67838.4,"High Physical Support","Enrolled",3,1,0,1,"engagement@veraliving.com.au","0432839032","https://www.housinghub.org.au/property-detail/sda/vera-living/manjimup-wa/12449/3g5fm","","","",""
"Vera Living Pty Ltd","Warrnambool VIC 3280","Villa / Duplex / Townhouse, 2 residents",44601.92,"Robust","Enrolled",1,1,1,1,"engagement@veraliving.com.au","0432839032","https://www.housinghub.org.au/property-detail/sda/vera-living/warrnambool-vic/12449/h28rj","","","",""
"Vera Living Pty Ltd","Morwell VIC 3840","House, 2 residents",82319.4,"High Physical Support","Enrolled",2,1,0,1,"engagement@veraliving.com.au","0432839032","https://www.housinghub.org.au/property-detail/sda/vera-living/morwell-vic/12449/4n7bu","","","",""
"Vera Living Pty Ltd","Evanston Gardens SA 5116","House, 3 residents",68323.86,"High Physical Support","Enrolled",2,1,0,1,"engagement@veraliving.com.au","0432839032","https://www.housinghub.org.au/property-detail/sda/vera-living/evanston-gardens-sa/12449/tl2h1","","","",""
"Vera Living Pty Ltd","Shoalwater WA 6169","House, 2 residents",100171.8,"High Physical Support","Enrolled",2,1,0,1,"connect@genu.org.au","1300 558 368","https://www.housinghub.org.au/property-detail/sda/genu/shoalwater-wa/5816/5qi9e","","","",""
"Vera Living Pty Ltd","Newborough VIC 3825","House, 3 residents",57281.62,"High Physical Support","Enrolled",3,1,0,1,"engagement@veraliving.com.au","0432839032","https://www.housinghub.org.au/property-detail/sda/vera-living/newborough-vic/12449/g9h9n","","","",""
"Vera Living Pty Ltd","Nundah QLD 4012","Group home, 4 residents",55621.86,"High Physical Support","Enrolled",4,1,0,1,"engagement@veraliving.com.au","0432839032","https://www.housinghub.org.au/property-detail/sda/vera-living/nundah-qld/12449/ik837","","","",""
"Vera Living Pty Ltd","West Croydon SA 5008","House, 2 residents",105130.8,"High Physical Support","Enrolled",2,1,0,1,"engagement@veraliving.com.au","0432839032","https://www.housinghub.org.au/property-detail/sda/vera-living/west-croydon-sa/12449/3kvcz","","","",""
"Vera Living Pty Ltd","Moe VIC 3825","House, 3 residents",57281.62,"High Physical Support","Enrolled",1,1,0,1,"hcsenquiries@dffh.vic.gov.au","","https://www.housinghub.org.au/property-detail/sda/department-of-families-fairness-and-housing/moe-vic/5651/siqx9","","","",""
"Vera Living Pty Ltd","Bundaberg South QLD 4670","Apartment, 2 bedroom, 1 resident",119396,"High Physical Support","Enrolled",1,1,0,1,"engagement@veraliving.com.au","0432839032","https://www.housinghub.org.au/property-detail/sda/vera-living/bundaberg-south-qld/12449/iygb4","","","",""
"Vera Living Pty Ltd","Gosnells WA 6110","Villa / Duplex / Townhouse, 1 residents",84841.24,"High Physical Support","Enrolled",1,1,0,1,"caio@yaran.com.au","08 9466 8888","https://www.housinghub.org.au/property-detail/sda/yaran-ndis/gosnells-wa/5794/dset5","","","",""
"Vera Living Pty Ltd","Gosnells WA 6110","Villa / Duplex / Townhouse, 1 residents",84841.24,"High Physical Support","Enrolled",2,1,0,1,"engagement@veraliving.com.au","0432839032","https://www.housinghub.org.au/property-detail/sda/vera-living/gosnells-wa/12449/uzfvw","","","",""
"Vera Living Pty Ltd","Mount Barker SA 5251","House, 2 residents",99180,"High Physical Support","Enrolled",2,1,0,1,"engagement@veraliving.com.au","0432839032","https://www.housinghub.org.au/property-detail/sda/vera-living/mount-barker-sa/12449/t499j","","","",""
"Vera Living Pty Ltd","Bracken Ridge QLD 4017","House, 2 residents",92790.32,"High Physical Support","Enrolled",2,0,0,1,"sdavacancy@homeinplace.org","1300 333 733","https://www.housinghub.org.au/property-detail/sda/home-in-place/bracken-ridge-qld/5730/na8uu","","","",""
"Vera Living Pty Ltd","Waratah NSW 2298","Villa / Duplex / Townhouse, 1 residents",74335,"High Physical Support","Enrolled",1,1,0,0,"engagement@veraliving.com.au","0432839032","https://www.housinghub.org.au/property-detail/sda/vera-living/waratah-nsw/12449/7x5tf","","","",""
"WESLEY MISSION QUEENSLAND","Coomera QLD 4209","Villa / Duplex / Townhouse, 1 residents",39163.75,"High Physical Support","Enrolled",1,1,0,1,"ServiceNavigator@wmq.org.au","1300 865 306","https://www.housinghub.org.au/property-detail/sda/wesley-mission-queensland/coomera-qld/j7j9v/2jqqa","","","",""
"WESLEY MISSION QUEENSLAND","Coomera QLD 4209","Villa / Duplex / Townhouse, 1 residents",35700.05,"High Physical Support","Enrolled",2,1,0,0,"enquiries@thedisabilityhousingcentre.com.au","0738993873","https://www.housinghub.org.au/property-detail/sda/the-disability-housing-centre/coomera-qld/5672/z6lqf","","","",""
"WESLEY MISSION QUEENSLAND","Maroochydore QLD 4558","Group home, 5 residents",37532.6,"High Physical Support","Enrolled",1,1,0,1,"ServiceNavigator@wmq.org.au","1300 865 306","https://www.housinghub.org.au/property-detail/sda/wesley-mission-queensland/maroochydore-qld/j7j9v/b6rn7","","","",""
"WESLEY MISSION QUEENSLAND","Mount Gravatt QLD 4122","Apartment, 2 bedroom, 1 resident",108703.56,"High Physical Support","Enrolled",1,1,0,1,"ServiceNavigator@wmq.org.au","1300 865 306","https://www.housinghub.org.au/property-detail/sda/wesley-mission-queensland/mount-gravatt-qld/j7j9v/k2qy9","","","",""
"WESTERN CARE SUPPORT PTY LTD","Ascot Park SA 5043","House, 2 residents",93737.16,"High Physical Support","Enrolled",2,0,0,1,"info@westerncare.com.au","0426652020","https://www.housinghub.org.au/property-detail/sda/western-care-support-pty-ltd/ascot-park-sa/18288/nq4gz","","","",""
"WESTERN CARE SUPPORT PTY LTD","Sturt SA 5047","House, 2 residents",93737.16,"High Physical Support","Enrolled",2,0,0,1,"info@westerncare.com.au","0426652020","https://www.housinghub.org.au/property-detail/sda/western-care-support-pty-ltd/sturt-sa/18288/s27kk","","","",""
"WITHCARE SUPPORT SERVICES PTY LTD","Wollert VIC 3750","House, 2 residents",85215.6,"High Physical Support","Enrolled",1,0,0,1,"info@withcaress.com.au","04 26888044","www.withcaress.com.au","","","",""
"WITHCARE SUPPORT SERVICES PTY LTD","Tarneit VIC 3029","House, 2 residents",86398.87,"Robust","Enrolled",2,0,1,1,"property@sdaconsulting.com.au","1300 832 373","https://www.housinghub.org.au/property-detail/sda/sda-consulting/tarneit-vic/16847/vy28f","","","",""
"WOODBINE INC","Echuca VIC 3564","Group home, 5 residents",6124.09,"Improved Liveability","Enrolled",1,1,0,1,"jason.minter@woodbine.org.au","03 5398 2166","https://www.housinghub.org.au/property-detail/sda/woodbine-inc-/echuca-vic/13806/vs6w4","","","",""
"Wesley Community Services Limited","Punchbowl NSW 2196","Group home, 5 residents",7879.32,"Basic","Enrolled",1,1,0,0,"ndis@wesleymission.org.au","1300 086 906","https://www.housinghub.org.au/property-detail/sda/wesley-mission/punchbowl-nsw/qkdie/pp1bl","","","",""
"Wesley Community Services Limited","Glenmore Park NSW 2745","Group home, 4 residents",39403.86,"Improved Liveability","Enrolled",1,0,0,1,"ndis@wesleymission.org.au","1300 086 906","https://www.housinghub.org.au/property-detail/sda/wesley-mission/glenmore-park-nsw/qkdie/c432r","","","",""
"Wesley Community Services Limited","Smithfield NSW 2164","Villa / Duplex / Townhouse, 2 residents",7353.84,"Improved Liveability","Enrolled",4,0,0,0,"ndis@wesleymission.org.au","1300 086 906","https://www.housinghub.org.au/property-detail/sda/wesley-mission/smithfield-nsw/qkdie/su3i6","","","",""
"West End Support Services","Smythes Creek VIC 3351","Group home, 5 residents",28634.17,"Improved Liveability","Enrolled",2,0,0,1,"admin@westendss.com.au","03 5336 4876","https://www.housinghub.org.au/property-detail/sda/west-end-support-services/smythes-creek-vic/5808/6453","","","",""
"West End Support Services","Smythes Creek VIC 3351","Group home, 5 residents",28634.17,"Improved Liveability","Enrolled",1,0,0,1,"admin@westendss.com.au","03 5336 4876","https://www.housinghub.org.au/property-detail/sda/west-end-support-services/smythes-creek-vic/5808/2023","","","",""
"West End Support Services","Delacombe VIC 3356","Villa / Duplex / Townhouse, 2 residents",41206,"High Physical Support","Enrolled",1,1,0,1,"admin@westendss.com.au","03 5336 4876","https://www.housinghub.org.au/property-detail/sda/west-end-support-services/delacombe-vic/5808/7906","","","",""
"West End Support Services","Delacombe VIC 3356","Villa / Duplex / Townhouse, 1 residents",60263.68,"Robust","Enrolled",1,0,0,1,"admin@westendss.com.au","03 5336 4876","https://www.housinghub.org.au/property-detail/sda/west-end-support-services/delacombe-vic/5808/tr8q5","","","",""
"West End Support Services","Nerang QLD 4211","House, 3 residents",46084.5,"Improved Liveability","Enrolled",3,0,0,1,"admin@westendss.com.au","03 5336 4876","https://www.housinghub.org.au/property-detail/sda/west-end-support-services/nerang-qld/5808/3z2ud","","","",""
"Weston Property Developments Pty Ltd","Armadale WA 6112","Villa / Duplex / Townhouse, 2 residents",42853.35,"Fully Accessible","Enrolled",1,0,0,1,"caio@yaran.com.au","08 9466 8888","https://www.housinghub.org.au/property-detail/sda/yaran-ndis/armadale-wa/5794/2944b","","","",""
"YOORALLA","Box Hill VIC 3128","Group home, 5 residents",6963.12,"Basic","Enrolled",1,1,0,0,"sda@yooralla.com.au","0396664500","https://www.housinghub.org.au/property-detail/sda/yooralla/box-hill-vic/12115/pmfge","","","",""
"YOUR EASY CARE PTY LTD","St Albans VIC 3021","Villa / Duplex / Townhouse, 2 residents",36264.9,"Improved Liveability","Enrolled",1,0,0,1,"sdm.vic@eihc.com.au","04 80598756","https://www.housinghub.org.au/property-detail/sda/eih-care/st-albans-vic/KEQLC/8KP6H","","","",""
"Youngcare Ltd","Helensvale QLD 4212","House, 3 residents",58147.2,"High Physical Support","Enrolled",1,1,0,1,"vacancymanagement@cpl.org.au","0434947692","https://www.housinghub.org.au/property-detail/sda/cpl-choice-passion-life/helensvale-qld/5699/2k9xh","","","",""
"Youngcare Ltd","Newmarket QLD 4051","House, 3 residents",76237.44,"High Physical Support","Enrolled",3,1,0,1,"SDAhousing@youngcare.com.au","1800 844 727","https://www.housinghub.org.au/property-detail/sda/youngcare/newmarket-qld/5737/icuma","","","",""
"Your Home SDA","East Side NT 0870","Villa / Duplex / Townhouse, 2 residents",71784.02,"High Physical Support","Enrolled",1,0,0,1,"info@yourhomesda.com.au","1800371172","https://www.housinghub.org.au/property-detail/sda/your-home-sda/east-side-nt/i9jvm/73nb1","","","",""
"Your Home SDA","East Side NT 0870","Villa / Duplex / Townhouse, 2 residents",71784.02,"High Physical Support","Enrolled",1,0,0,1,"info@yourhomesda.com.au","1800371172","https://www.housinghub.org.au/property-detail/sda/your-home-sda/east-side-nt/i9jvm/8z81s","","","",""
"Your Home SDA","Renmark SA 5341","House, 2 residents",81715.32,"High Physical Support","Enrolled",2,0,0,1,"info@yourhomesda.com.au","1800371172","www.yourhomesda.com.au","","","",""
"Your Home SDA","Renmark SA 5341","House, 2 residents",81715.32,"High Physical Support","Enrolled",2,0,0,1,"info@yourhomesda.com.au","1800371172","www.yourhomesda.com.au","","","",""
"Your Home SDA","Renmark SA 5341","House, 2 residents",81715.32,"High Physical Support","Enrolled",2,0,0,1,"info@yourhomesda.com.au","1800371172","www.yourhomesda.com.au","","","",""
"Your Home SDA","Renmark SA 5341","Villa / Duplex / Townhouse, 1 residents",70944.16,"High Physical Support","Enrolled",1,0,0,1,"info@yourhomesda.com.au","1800371172","www.yourhomesda.com.au","","","",""
"Your Home SDA","Renmark SA 5341","House, 2 residents",81715.32,"High Physical Support","Enrolled",1,0,0,1,"info@yourhomesda.com.au","1800371172","www.yourhomesda.com.au","","","",""
"Your Home SDA","Munno Para SA 5115","House, 2 residents",92790.32,"High Physical Support","Enrolled",1,0,0,1,"info@yourhomesda.com.au","1800371172","https://www.housinghub.org.au/property-detail/sda/your-home-sda/munno-para-sa/i9jvm/5pb82","","","",""
"Your Home SDA","Munno Para SA 5115","House, 2 residents",92790.32,"High Physical Support","Enrolled",1,0,0,1,"info@yourhomesda.com.au","1800371172","https://www.housinghub.org.au/property-detail/sda/your-home-sda/munno-para-downs-sa/i9jvm/1wes8","","","",""
"Your Home SDA","The Gap NT 0870","Villa / Duplex / Townhouse, 1 residents",111483.68,"High Physical Support","Enrolled",1,0,0,1,"info@yourhomesda.com.au","1800371172","https://www.housinghub.org.au/property-detail/sda/your-home-sda/the-gap-nt/i9jvm/9i56z","","","",""
"Your Home SDA","The Gap NT 0870","Villa / Duplex / Townhouse, 2 residents",67387.32,"High Physical Support","Enrolled",1,0,0,1,"info@yourhomesda.com.au","1800371172","https://www.housinghub.org.au/property-detail/sda/your-home-sda/the-gap-nt/i9jvm/ex6qg","","","",""
"Your Home SDA","Kilburn SA 5084","House, 2 residents",78793.96,"Fully Accessible","Enrolled",1,0,0,1,"info@yourhomesda.com.au","1800371172","https://www.housinghub.org.au/property-detail/sda/your-home-sda/kilburn-sa/i9jvm/74srn","","","",""
"Your Home SDA","Mount Barker SA 5251","House, 2 residents",94684,"High Physical Support","Enrolled",2,0,0,1,"info@yourhomesda.com.au","1800371172","https://www.housinghub.org.au/property-detail/sda/your-home-sda/mount-barker-sa/i9jvm/1x5dq","","","",""
"Your Home SDA","Berri SA 5343","House, 2 residents",85622.56,"High Physical Support","Enrolled",2,1,0,1,"info@yourhomesda.com.au","1800371172","www.yourhomesda.com.au","","","",""
"Your Home SDA","Berri SA 5343","House, 2 residents",85622.56,"High Physical Support","Enrolled",2,1,0,1,"info@yourhomesda.com.au","1800371172","www.yourhomesda.com.au","","","",""
"Your Home SDA","Berri SA 5343","House, 2 residents",85622.56,"High Physical Support","Enrolled",2,1,0,1,"info@yourhomesda.com.au","1800371172","https://www.housinghub.org.au/property-detail/sda/your-home-sda/berri-sa/i9jvm/px7mx","","","",""
"Your Home SDA","Berri SA 5343","House, 2 residents",85622.56,"High Physical Support","Enrolled",2,1,0,1,"info@yourhomesda.com.au","1800371172","www.yourhomesda.com.au","","","",""
"Your Home SDA","Port Lincoln SA 5606","House, 3 residents",79366.1,"High Physical Support","Enrolled",3,1,0,1,"info@yourhomesda.com.au","1800371172","https://www.housinghub.org.au/property-detail/sda/your-home-sda/port-lincoln-sa/i9jvm/m41sx","","","",""
"Your Home SDA","Port Lincoln SA 5606","House, 2 residents",112073.4,"High Physical Support","Enrolled",2,1,0,1,"info@yourhomesda.com.au","1800371172","https://www.housinghub.org.au/property-detail/sda/your-home-sda/port-lincoln-sa/i9jvm/wcvbm","","","",""
"Your Home SDA","Salisbury North SA 5108","House, 2 residents",97196.4,"High Physical Support","Enrolled",2,1,0,1,"info@yourhomesda.com.au","1800371172","https://www.housinghub.org.au/property-detail/sda/your-home-sda/salisbury-north-sa/i9jvm/3srhm","","","",""
"Yumba-Meta Limited","Mount Louisa QLD 4814","House, 2 residents",87932.79,"High Physical Support","Enrolled",1,0,0,1,"enquiries@yumbameta.com.au","0747235611","https://www.housinghub.org.au/property-detail/sda/yumba-meta-limited/mount-louisa-townsville-qld/5821/beib8","","","",""
"Yumba-Meta Limited","Bundall QLD 4217","Apartment, 1 bedroom, 1 resident",103566.9,"High Physical Support","Enrolled",1,1,0,1,"info@activesupportaustralia.com.au","","https://www.housinghub.org.au/property-detail/sda/active-support-australia/bundall-qld/imkfr/qz64p","","","",""
"Yumba-Meta Limited","Rosslea QLD 4812","House, 2 residents",87932.79,"High Physical Support","Enrolled",1,0,0,1,"enquiries@yumbameta.com.au","0747235611","https://www.housinghub.org.au/property-detail/sda/yumba-meta-limited/rosslea-qld/5821/f5kk8","","","",""
"ZION HEALTH GROUP PTY LTD","Fraser Rise VIC 3336","House, 3 residents",59692.83,"High Physical Support","Enrolled",3,0,0,1,"Prachi@zionhealthcare.com.au","1300009466","https://www.housinghub.org.au/property-detail/sda/zion-health-care/fraser-rise-vic/jbcd8/ealz4","","","",""
"ZION HEALTH GROUP PTY LTD","Fraser Rise VIC 3336","House, 3 residents",63786.23,"High Physical Support","Enrolled",3,0,0,1,"info@blossomcommunitycare.com.au","03 8007 2000","https://www.housinghub.org.au/property-detail/sda/blossom-community-care/fraser-rise-vic/19584/d7nxh","","","",""
"ZION HEALTH GROUP PTY LTD","Cranbourne East VIC 3977","House, 3 residents",63492.88,"High Physical Support","Enrolled",2,1,0,1,"Prachi@zionhealthcare.com.au","1300009466","https://www.housinghub.org.au/property-detail/sda/zion-health-care/cranbourne-vic/jbcd8/wqv4c","","","",""
"ZION HEALTH GROUP PTY LTD","Melton South VIC 3338","House, 3 residents",63786.23,"High Physical Support","Enrolled",3,0,0,1,"Prachi@zionhealthcare.com.au","1300009466","https://www.housinghub.org.au/property-detail/sda/zion-health-care/melton-vic/jbcd8/uh2ck","","","",""
"ZION HEALTH GROUP PTY LTD","Beveridge VIC 3753","House, 2 residents",85473.9,"Robust","Enrolled",3,0,1,1,"Prachi@zionhealthcare.com.au","1300009466","https://www.housinghub.org.au/property-detail/sda/zion-health-care/beveridge-vic/jbcd8/lvuv3","","","",""
"ZION HEALTH GROUP PTY LTD","Beveridge VIC 3753","House, 3 residents",59183.1,"High Physical Support","Enrolled",3,0,0,1,"Prachi@zionhealthcare.com.au","1300009466","https://www.housinghub.org.au/property-detail/sda/zion-health-care/beveridge-vic/jbcd8/648is","","","",""
"ZION HEALTH GROUP PTY LTD","Koo Wee Rup VIC 3981","House, 3 residents",63492.88,"High Physical Support","Enrolled",3,1,0,1,"Prachi@zionhealthcare.com.au","1300009466","https://www.housinghub.org.au/property-detail/sda/zion-health-care/koo-wee-rup-vic/jbcd8/ndjem","","","",""
"ZION HEALTH GROUP PTY LTD","Clyde North VIC 3978","House, 2 residents",91245.6,"High Physical Support","Enrolled",2,1,0,1,"contact@dfhomes.com.au","1300 425 486","https://www.housinghub.org.au/property-detail/sda/disability-forever-homes/clyde-north-vic/2rmp2/zvxbf","","","",""
"for life care","Chipping Norton NSW 2170","Villa / Duplex / Townhouse, 1 residents",69208,"High Physical Support","Enrolled",1,0,0,0,"enquiries@cawarraresidential.com.au","","https://www.housinghub.org.au/property-detail/sda/cawarra-residential/chipping-norton-nsw/r5usj/xs2rc","","","",""
"genU Karingal St Laurence","Frankston VIC 3199","Villa / Duplex / Townhouse, 3 residents",34867.8,"High Physical Support","Enrolled",1,1,0,1,"connect@genu.org.au","1300 558 368","https://www.housinghub.org.au/property-detail/sda/genu/frankston-vic/5816/x7179","","","",""
"genU Karingal St Laurence","Ocean Grove VIC 3226","Group home, 4 residents",48764.6,"High Physical Support","Enrolled",1,1,0,1,"connect@genu.org.au","1300 558 368","https://www.housinghub.org.au/property-detail/sda/genu/ocean-grove-vic/5816/4483","","","",""
"inhousing","Park Holme SA 5043","Villa / Duplex / Townhouse, 2 residents",22893.7,"High Physical Support","Enrolled",1,0,0,1,"intake@inhousing.org.au","08 83738318","https://www.housinghub.org.au/property-detail/sda/inhousing/park-holme-sa/12156/1nmwp","","","",""
"inhousing","Christies Beach SA 5165","House, 2 residents",24556.55,"High Physical Support","Enrolled",1,0,0,1,"intake@inhousing.org.au","08 83738318","https://www.housinghub.org.au/property-detail/sda/inhousing/christies-beach-sa/12156/nkiba","","","",""
"inhousing","Elizabeth Grove SA 5112","Villa / Duplex / Townhouse, 1 residents",36509.22,"High Physical Support","Enrolled",1,0,0,0,"intake@inhousing.org.au","08 83738318","https://www.housinghub.org.au/property-detail/sda/inhousing/elizabeth-grove-sa/12156/wnrb1","","","",""
"inhousing","Hendon SA 5014","Villa / Duplex / Townhouse, 2 residents",13781.79,"Fully Accessible","Enrolled",1,0,0,1,"intake@inhousing.org.au","08 83738318","https://www.housinghub.org.au/property-detail/sda/inhousing/hendon-sa/12156/k98ri","","","",""
"inhousing","Salisbury SA 5108","House, 2 residents",80131.66,"High Physical Support","Enrolled",1,0,0,0,"intake@inhousing.org.au","08 83738318","https://www.housinghub.org.au/property-detail/sda/inhousing/salisbury-sa/12156/p94jd","","","",""
"inhousing","Gawler South SA 5118","Villa / Duplex / Townhouse, 1 residents",73839.84,"High Physical Support","Enrolled",1,0,0,1,"intake@inhousing.org.au","08 83738318","https://www.housinghub.org.au/property-detail/sda/inhousing/gawler-south-sa/12156/yk1m6","","","",""
"inhousing","Payneham SA 5070","Villa / Duplex / Townhouse, 1 residents",69208,"High Physical Support","Enrolled",1,0,0,0,"referrals@dli.org.au","08 8132 5400","https://www.housinghub.org.au/property-detail/sda/dli/payneham-south-sa/18520/qtyit","","","",""
"inhousing","Salisbury SA 5108","Villa / Duplex / Townhouse, 1 residents",73839.84,"High Physical Support","Enrolled",1,0,0,1,"intake@inhousing.org.au","08 83738318","https://www.housinghub.org.au/property-detail/sda/inhousing/salisbury-sa/12156/et5lg","","","",""
"ultimate disability services","Blakeview SA 5114","House, 2 residents",87289.58,"Robust","Enrolled",2,0,1,1,"hello@findmysda.com","0400 839 046","https://www.housinghub.org.au/property-detail/sda/find-my-sda/blakeview-sa/6dkb8/fswv7","","","",""